2026-08-25T22:24:41.562+08:00  INFO 99498 --- [ptidss-server] [main] com.ptidss.PtidssApplication             : Starting PtidssApplication v1.0.0 using Java 21.0.12.1 with PID 99498 (/home/odoo/workspace/PTIDSS/ptidss-server/target/ptidss-server.jar started by odoo in /home/odoo/workspace/PTIDSS)
2026-08-25T22:24:41.564+08:00  INFO 99498 --- [ptidss-server] [main] com.ptidss.PtidssApplication             : The following 1 profile is active: "prod"
2026-08-25T22:24:43.429+08:00  INFO 99498 --- [ptidss-server] [main] o.s.b.w.embedded.tomcat.TomcatWebServer  : Tomcat initialized with port 9080 (http)
2026-08-25T22:24:43.449+08:00  INFO 99498 --- [ptidss-server] [main] o.apache.catalina.core.StandardService   : Starting service [Tomcat]
2026-08-25T22:24:43.449+08:00  INFO 99498 --- [ptidss-server] [main] o.apache.catalina.core.StandardEngine    : Starting Servlet engine: [Apache Tomcat/10.1.55]
2026-08-25T22:24:43.483+08:00  INFO 99498 --- [ptidss-server] [main] o.a.c.c.C.[.[localhost].[/ptidss]        : Initializing Spring embedded WebApplicationContext
2026-08-25T22:24:43.484+08:00  INFO 99498 --- [ptidss-server] [main] w.s.c.ServletWebServerApplicationContext : Root WebApplicationContext: initialization completed in 1865 ms
2026-08-25T22:24:44.508+08:00  WARN 99498 --- [ptidss-server] [main] c.b.m.core.metadata.TableInfoHelper      : Can not find table primary key in Class: "com.ptidss.system.domain.SysUserRegion".
2026-08-25T22:24:44.508+08:00  WARN 99498 --- [ptidss-server] [main] c.b.m.core.injector.DefaultSqlInjector   : class com.ptidss.system.domain.SysUserRegion Not found @TableId annotation, Cannot use Mybatis-Plus 'xxById' Method.
2026-08-25T22:24:44.532+08:00  WARN 99498 --- [ptidss-server] [main] c.b.m.core.metadata.TableInfoHelper      : Can not find table primary key in Class: "com.ptidss.system.domain.SysRoleRegion".
2026-08-25T22:24:44.532+08:00  WARN 99498 --- [ptidss-server] [main] c.b.m.core.injector.DefaultSqlInjector   : class com.ptidss.system.domain.SysRoleRegion Not found @TableId annotation, Cannot use Mybatis-Plus 'xxById' Method.
2026-08-25T22:24:44.595+08:00  INFO 99498 --- [ptidss-server] [main] c.ptidss.common.security.TokenService    : TokenService 初始化完成：expire=120min, refreshThreshold=10min
2026-08-25T22:24:44.654+08:00  INFO 99498 --- [ptidss-server] [main] c.ptidss.auth.service.SysLoginService    : 登录失败锁定已启用：连续 5 次失败锁定 10 分钟
2026-08-25T22:24:44.759+08:00  INFO 99498 --- [ptidss-server] [main] com.zaxxer.hikari.HikariDataSource       : HikariPool-1 - Starting...
2026-08-25T22:24:44.990+08:00  INFO 99498 --- [ptidss-server] [main] com.zaxxer.hikari.pool.HikariPool        : HikariPool-1 - Added connection org.postgresql.jdbc.PgConnection@2dd8a273
2026-08-25T22:24:44.993+08:00  INFO 99498 --- [ptidss-server] [main] com.zaxxer.hikari.HikariDataSource       : HikariPool-1 - Start completed.
2026-08-25T22:24:45.006+08:00 DEBUG 99498 --- [ptidss-server] [main] c.p.s.m.SysRoleMapper.selectWithCursor   : ==>  Preparing: SELECT id,role_code,role_name,description,status,version,deleted,created_at,updated_at FROM sys_role WHERE deleted=false AND (role_code = ?)
2026-08-25T22:24:45.039+08:00 DEBUG 99498 --- [ptidss-server] [main] c.p.s.m.SysRoleMapper.selectWithCursor   : ==> Parameters: analyst(String)
2026-08-25T22:24:45.073+08:00 DEBUG 99498 --- [ptidss-server] [main] c.p.s.m.SysRoleMapper.selectWithCursor   : <==      Total: 1
2026-08-25T22:24:45.084+08:00 DEBUG 99498 --- [ptidss-server] [main] c.p.s.m.SysPermissionMapper.selectList   : ==>  Preparing: SELECT id,perm_code,perm_name,resource_type,resource_pattern,status,version,deleted,created_at,updated_at FROM sys_permission WHERE deleted=false AND (perm_code IN (?,?) AND status = ?)
2026-08-25T22:24:45.085+08:00 DEBUG 99498 --- [ptidss-server] [main] c.p.s.m.SysPermissionMapper.selectList   : ==> Parameters: menu:market(String), menu:policy(String), active(String)
2026-08-25T22:24:45.090+08:00 DEBUG 99498 --- [ptidss-server] [main] c.p.s.m.SysPermissionMapper.selectList   : <==      Total: 2
2026-08-25T22:24:45.099+08:00 DEBUG 99498 --- [ptidss-server] [main] c.p.s.m.S.selectPermissionIdsByRole      : ==>  Preparing: SELECT permission_id FROM sys_role_permission WHERE role_id = ? ORDER BY permission_id
2026-08-25T22:24:45.102+08:00 DEBUG 99498 --- [ptidss-server] [main] c.p.s.m.S.selectPermissionIdsByRole      : ==> Parameters: 2(Long)
2026-08-25T22:24:45.106+08:00 DEBUG 99498 --- [ptidss-server] [main] c.p.s.m.S.selectPermissionIdsByRole      : <==      Total: 8
2026-08-25T22:24:45.110+08:00 DEBUG 99498 --- [ptidss-server] [main] c.p.s.mapper.SysUserMapper.selectList    : ==>  Preparing: SELECT id,username,display_name,password_hash,role_ids,org_code,phone,email,status,last_login_at,version,deleted,created_at,updated_at FROM sys_user WHERE deleted=false AND (password_hash LIKE ?)
2026-08-25T22:24:45.111+08:00 DEBUG 99498 --- [ptidss-server] [main] c.p.s.mapper.SysUserMapper.selectList    : ==> Parameters: %PLACEHOLDER%(String)
2026-08-25T22:24:45.113+08:00 DEBUG 99498 --- [ptidss-server] [main] c.p.s.mapper.SysUserMapper.selectList    : <==      Total: 0
2026-08-25T22:24:45.638+08:00  INFO 99498 --- [ptidss-server] [main] c.ptidss.model.spi.AlgorithmSpiRegistry  : 算法 SPI 执行器已注册：forecast（特征序列预测（96 点价格））
2026-08-25T22:24:45.638+08:00  INFO 99498 --- [ptidss-server] [main] c.ptidss.model.spi.AlgorithmSpiRegistry  : 算法 SPI 执行器已注册：market_analysis（情报舆情情感加权分析）
2026-08-25T22:24:45.638+08:00  INFO 99498 --- [ptidss-server] [main] c.ptidss.model.spi.AlgorithmSpiRegistry  : 算法 SPI 执行器已注册：optimize（混合整数规划联合优化）
2026-08-25T22:24:45.638+08:00  INFO 99498 --- [ptidss-server] [main] c.ptidss.model.spi.AlgorithmSpiRegistry  : 算法 SPI 执行器已注册：quote_strategy（分段聚合报价策略）
2026-08-25T22:24:45.639+08:00  INFO 99498 --- [ptidss-server] [main] c.ptidss.model.spi.AlgorithmSpiRegistry  : 算法 SPI 执行器已注册：review（复盘知识库四段式归纳）
2026-08-25T22:24:45.639+08:00  INFO 99498 --- [ptidss-server] [main] c.ptidss.model.spi.AlgorithmSpiRegistry  : 算法 SPI 执行器已注册：risk_measure（蒙特卡洛 CVaR 风险度量）
2026-08-25T22:24:45.639+08:00  INFO 99498 --- [ptidss-server] [main] c.ptidss.model.spi.AlgorithmSpiRegistry  : 算法 SPI 执行器已注册：rule_engine（合规规则引擎仲裁）
2026-08-25T22:24:45.639+08:00  INFO 99498 --- [ptidss-server] [main] c.ptidss.model.spi.AlgorithmSpiRegistry  : 算法 SPI 执行器已注册：settlement（偏差考核结算测算）
2026-08-25T22:24:47.157+08:00  INFO 99498 --- [ptidss-server] [main] b.m.s.MybatisPlusApplicationContextAware : Register ApplicationContext instances org.springframework.boot.web.servlet.context.AnnotationConfigServletWebServerApplicationContext@765f05af
2026-08-25T22:24:47.369+08:00  INFO 99498 --- [ptidss-server] [main] o.s.b.w.embedded.tomcat.TomcatWebServer  : Tomcat started on port 9080 (http) with context path '/ptidss'
2026-08-25T22:24:47.385+08:00  INFO 99498 --- [ptidss-server] [main] com.ptidss.PtidssApplication             : Started PtidssApplication in 6.464 seconds (process running for 6.987)
2026-08-25T22:24:48.536+08:00  INFO 99498 --- [ptidss-server] [http-nio-9080-exec-1] o.a.c.c.C.[.[localhost].[/ptidss]        : Initializing Spring DispatcherServlet 'dispatcherServlet'
2026-08-25T22:24:48.536+08:00  INFO 99498 --- [ptidss-server] [http-nio-9080-exec-1] o.s.web.servlet.DispatcherServlet        : Initializing Servlet 'dispatcherServlet'
2026-08-25T22:24:48.538+08:00  INFO 99498 --- [ptidss-server] [http-nio-9080-exec-1] o.s.web.servlet.DispatcherServlet        : Completed initialization in 2 ms
2026-08-25T22:24:57.522+08:00 DEBUG 99498 --- [ptidss-server] [ptidss-sched-1] c.p.s.mapper.SysRoleMapper.selectList    : ==>  Preparing: SELECT id,role_code,role_name,description,status,version,deleted,created_at,updated_at FROM sys_role WHERE deleted=false
2026-08-25T22:24:57.522+08:00 DEBUG 99498 --- [ptidss-server] [ptidss-sched-1] c.p.s.mapper.SysRoleMapper.selectList    : ==> Parameters: 
2026-08-25T22:24:57.531+08:00 DEBUG 99498 --- [ptidss-server] [ptidss-sched-1] c.p.s.mapper.SysRoleMapper.selectList    : <==      Total: 7
2026-08-25T22:24:57.534+08:00 DEBUG 99498 --- [ptidss-server] [ptidss-sched-1] c.p.s.mapper.SysUserMapper.selectList    : ==>  Preparing: SELECT id,username,display_name,password_hash,role_ids,org_code,phone,email,status,last_login_at,version,deleted,created_at,updated_at FROM sys_user WHERE deleted=false AND (role_ids @> ANY (ARRAY['[1]','[2]','[3]','[4]','[5]','[6]','[7]']::jsonb[]))
2026-08-25T22:24:57.534+08:00 DEBUG 99498 --- [ptidss-server] [ptidss-sched-1] c.p.s.mapper.SysUserMapper.selectList    : ==> Parameters: 
2026-08-25T22:24:57.709+08:00 DEBUG 99498 --- [ptidss-server] [ptidss-sched-1] c.p.s.mapper.SysUserMapper.selectList    : <==      Total: 4
2026-08-25T22:24:57.760+08:00  INFO 99498 --- [ptidss-server] [ptidss-sched-1] com.ptidss.intel.service.IntelService    : 情报推送执行完成：匹配情报 0 条，派发消息 0 条，触发决策会话情报重评 0 个
2026-08-25T22:25:17.440+08:00  INFO 99498 --- [ptidss-server] [ptidss-sched-3] c.p.intel.service.IntelFetchService      : 情报源模拟采集：INTL-SD-SD 生成模拟情报
2026-08-25T22:25:17.448+08:00  INFO 99498 --- [ptidss-server] [ptidss-sched-3] c.p.intel.service.IntelFetchService      : 情报源模拟采集：INTL-SD-MX 生成模拟情报
2026-08-25T22:25:17.458+08:00  INFO 99498 --- [ptidss-server] [ptidss-sched-3] c.p.intel.service.IntelFetchService      : 情报源模拟采集：INTL-PRICE-GS 生成模拟情报
2026-08-25T22:25:17.466+08:00  INFO 99498 --- [ptidss-server] [ptidss-sched-3] c.p.intel.service.IntelFetchService      : 情报源模拟采集：INTL-PRICE-SX 生成模拟情报
2026-08-25T22:25:17.474+08:00  INFO 99498 --- [ptidss-server] [ptidss-sched-3] c.p.intel.service.IntelFetchService      : 情报源模拟采集：INTL-PRICE-MX 生成模拟情报
2026-08-25T22:25:17.481+08:00  INFO 99498 --- [ptidss-server] [ptidss-sched-3] c.p.intel.service.IntelFetchService      : 情报源模拟采集：INTL-PRICE-GD 生成模拟情报
2026-08-25T22:25:17.488+08:00  INFO 99498 --- [ptidss-server] [ptidss-sched-3] c.p.intel.service.IntelFetchService      : 情报源模拟采集：INTL-PRICE-SD 生成模拟情报
2026-08-25T22:25:17.496+08:00  INFO 99498 --- [ptidss-server] [ptidss-sched-3] c.p.intel.service.IntelFetchService      : 情报源模拟采集：INTL-PRICE-SC 生成模拟情报
2026-08-25T22:25:17.496+08:00  INFO 99498 --- [ptidss-server] [ptidss-sched-3] c.p.intel.service.IntelFetchService      : 行情采集执行完成：到期 8 个（成功 8 / 失败 0 / 跳过未到期 12）
2026-08-25T22:25:27.806+08:00 DEBUG 99498 --- [ptidss-server] [ptidss-sched-1] c.p.s.mapper.SysRoleMapper.selectList    : ==>  Preparing: SELECT id,role_code,role_name,description,status,version,deleted,created_at,updated_at FROM sys_role WHERE deleted=false
2026-08-25T22:25:27.806+08:00 DEBUG 99498 --- [ptidss-server] [ptidss-sched-1] c.p.s.mapper.SysRoleMapper.selectList    : ==> Parameters: 
2026-08-25T22:25:27.808+08:00 DEBUG 99498 --- [ptidss-server] [ptidss-sched-1] c.p.s.mapper.SysRoleMapper.selectList    : <==      Total: 7
2026-08-25T22:25:27.809+08:00 DEBUG 99498 --- [ptidss-server] [ptidss-sched-1] c.p.s.mapper.SysUserMapper.selectList    : ==>  Preparing: SELECT id,username,display_name,password_hash,role_ids,org_code,phone,email,status,last_login_at,version,deleted,created_at,updated_at FROM sys_user WHERE deleted=false AND (role_ids @> ANY (ARRAY['[1]','[2]','[3]','[4]','[5]','[6]','[7]']::jsonb[]))
2026-08-25T22:25:27.809+08:00 DEBUG 99498 --- [ptidss-server] [ptidss-sched-1] c.p.s.mapper.SysUserMapper.selectList    : ==> Parameters: 
2026-08-25T22:25:27.812+08:00 DEBUG 99498 --- [ptidss-server] [ptidss-sched-1] c.p.s.mapper.SysUserMapper.selectList    : <==      Total: 4
2026-08-25T22:25:27.829+08:00  INFO 99498 --- [ptidss-server] [ptidss-sched-1] com.ptidss.intel.service.IntelService    : 情报推送执行完成：匹配情报 0 条，派发消息 0 条，触发决策会话情报重评 0 个
2026-08-25T22:25:48.029+08:00 DEBUG 99498 --- [ptidss-server] [http-nio-9080-exec-2] c.p.s.m.SysUserMapper.selectWithCursor   : ==>  Preparing: SELECT id,username,display_name,password_hash,role_ids,org_code,phone,email,status,last_login_at,version,deleted,created_at,updated_at FROM sys_user WHERE deleted=false AND (username = ?)
2026-08-25T22:25:48.030+08:00 DEBUG 99498 --- [ptidss-server] [http-nio-9080-exec-2] c.p.s.m.SysUserMapper.selectWithCursor   : ==> Parameters: admin(String)
2026-08-25T22:25:48.031+08:00 DEBUG 99498 --- [ptidss-server] [http-nio-9080-exec-2] c.p.s.m.SysUserMapper.selectWithCursor   : <==      Total: 1
2026-08-25T22:25:48.126+08:00 DEBUG 99498 --- [ptidss-server] [http-nio-9080-exec-2] c.p.s.mapper.SysRoleMapper.selectByIds   : ==>  Preparing: SELECT id,role_code,role_name,description,status,version,deleted,created_at,updated_at FROM sys_role WHERE id IN ( ? ) AND deleted=false
2026-08-25T22:25:48.126+08:00 DEBUG 99498 --- [ptidss-server] [http-nio-9080-exec-2] c.p.s.mapper.SysRoleMapper.selectByIds   : ==> Parameters: 4(Long)
2026-08-25T22:25:48.127+08:00 DEBUG 99498 --- [ptidss-server] [http-nio-9080-exec-2] c.p.s.mapper.SysRoleMapper.selectByIds   : <==      Total: 1
2026-08-25T22:25:48.129+08:00 DEBUG 99498 --- [ptidss-server] [http-nio-9080-exec-2] c.p.s.m.SysPermissionMapper.selectList   : ==>  Preparing: SELECT id,perm_code,perm_name,resource_type,resource_pattern,status,version,deleted,created_at,updated_at FROM sys_permission WHERE deleted=false AND (status = ? AND EXISTS (SELECT 1 FROM sys_role_permission rp WHERE rp.permission_id = sys_permission.id AND rp.role_id = ?))
2026-08-25T22:25:48.129+08:00 DEBUG 99498 --- [ptidss-server] [http-nio-9080-exec-2] c.p.s.m.SysPermissionMapper.selectList   : ==> Parameters: active(String), 4(Long)
2026-08-25T22:25:48.132+08:00 DEBUG 99498 --- [ptidss-server] [http-nio-9080-exec-2] c.p.s.m.SysPermissionMapper.selectList   : <==      Total: 18
2026-08-25T22:25:48.133+08:00 DEBUG 99498 --- [ptidss-server] [http-nio-9080-exec-2] c.p.s.m.SysUserRegionMapper.selectList   : ==>  Preparing: SELECT user_id,region_code FROM sys_user_region WHERE (user_id = ?)
2026-08-25T22:25:48.133+08:00 DEBUG 99498 --- [ptidss-server] [http-nio-9080-exec-2] c.p.s.m.SysUserRegionMapper.selectList   : ==> Parameters: 1(Long)
2026-08-25T22:25:48.135+08:00 DEBUG 99498 --- [ptidss-server] [http-nio-9080-exec-2] c.p.s.m.SysUserRegionMapper.selectList   : <==      Total: 4
2026-08-25T22:25:48.137+08:00 DEBUG 99498 --- [ptidss-server] [http-nio-9080-exec-2] c.p.s.m.S.selectWithCursor               : ==>  Preparing: SELECT id,region_code,region_name,market_support,exchange_channel,settlement_period,status,launch_order,version,deleted,created_at,updated_at FROM sys_region WHERE deleted=false AND (region_code = ? AND status = ?)
2026-08-25T22:25:48.138+08:00 DEBUG 99498 --- [ptidss-server] [http-nio-9080-exec-2] c.p.s.m.S.selectWithCursor               : ==> Parameters: CN-31(String), enabled(String)
2026-08-25T22:25:48.141+08:00 DEBUG 99498 --- [ptidss-server] [http-nio-9080-exec-2] c.p.s.m.S.selectWithCursor               : <==      Total: 1
2026-08-25T22:25:48.227+08:00 DEBUG 99498 --- [ptidss-server] [http-nio-9080-exec-2] c.p.s.mapper.SysUserMapper.updateById    : ==>  Preparing: UPDATE sys_user SET last_login_at=?, updated_at=? WHERE id=? AND deleted=false
2026-08-25T22:25:48.229+08:00 DEBUG 99498 --- [ptidss-server] [http-nio-9080-exec-2] c.p.s.mapper.SysUserMapper.updateById    : ==> Parameters: 2026-08-25 22:25:48.224(Timestamp), 2026-08-25 22:25:48.227(Timestamp), 1(Long)
2026-08-25T22:25:48.232+08:00 DEBUG 99498 --- [ptidss-server] [http-nio-9080-exec-2] c.p.s.mapper.SysUserMapper.updateById    : <==    Updates: 1
2026-08-25T22:25:48.237+08:00 DEBUG 99498 --- [ptidss-server] [http-nio-9080-exec-2] c.p.system.mapper.AuditLogMapper.insert  : ==>  Preparing: INSERT INTO audit_log ( id, trace_id, user_id, username, action, target_type, target_id, ip, user_agent, result, created_at ) VALUES ( ?, ?, ?, ?, ?, ?, ?, ?, ?, ?, ? )
2026-08-25T22:25:48.238+08:00 DEBUG 99498 --- [ptidss-server] [http-nio-9080-exec-2] c.p.system.mapper.AuditLogMapper.insert  : ==> Parameters: 218012993911394304(Long), ab825e600a4746d6(String), 0(Long), admin(String), login(String), auth(String), LoginBody(username=admin, password=Ptidss@2026, captchaKey=null,(String), 127.0.0.1(String), python-requests/2.31.0(String), success(String), 2026-08-25 22:25:48.234(Timestamp)
2026-08-25T22:25:48.241+08:00 DEBUG 99498 --- [ptidss-server] [http-nio-9080-exec-2] c.p.system.mapper.AuditLogMapper.insert  : <==    Updates: 1
2026-08-25T22:25:48.250+08:00 DEBUG 99498 --- [ptidss-server] [http-nio-9080-exec-4] c.p.s.m.SysUserMapper.selectWithCursor   : ==>  Preparing: SELECT id,username,display_name,password_hash,role_ids,org_code,phone,email,status,last_login_at,version,deleted,created_at,updated_at FROM sys_user WHERE deleted=false AND (username = ?)
2026-08-25T22:25:48.251+08:00 DEBUG 99498 --- [ptidss-server] [http-nio-9080-exec-4] c.p.s.m.SysUserMapper.selectWithCursor   : ==> Parameters: trader01(String)
2026-08-25T22:25:48.252+08:00 DEBUG 99498 --- [ptidss-server] [http-nio-9080-exec-4] c.p.s.m.SysUserMapper.selectWithCursor   : <==      Total: 1
2026-08-25T22:25:48.333+08:00 DEBUG 99498 --- [ptidss-server] [http-nio-9080-exec-4] c.p.s.mapper.SysRoleMapper.selectByIds   : ==>  Preparing: SELECT id,role_code,role_name,description,status,version,deleted,created_at,updated_at FROM sys_role WHERE id IN ( ? , ? ) AND deleted=false
2026-08-25T22:25:48.333+08:00 DEBUG 99498 --- [ptidss-server] [http-nio-9080-exec-4] c.p.s.mapper.SysRoleMapper.selectByIds   : ==> Parameters: 1(Long), 7(Long)
2026-08-25T22:25:48.334+08:00 DEBUG 99498 --- [ptidss-server] [http-nio-9080-exec-4] c.p.s.mapper.SysRoleMapper.selectByIds   : <==      Total: 2
2026-08-25T22:25:48.336+08:00 DEBUG 99498 --- [ptidss-server] [http-nio-9080-exec-4] c.p.s.m.SysPermissionMapper.selectList   : ==>  Preparing: SELECT id,perm_code,perm_name,resource_type,resource_pattern,status,version,deleted,created_at,updated_at FROM sys_permission WHERE deleted=false AND (status = ? AND EXISTS (SELECT 1 FROM sys_role_permission rp WHERE rp.permission_id = sys_permission.id AND rp.role_id = ?))
2026-08-25T22:25:48.336+08:00 DEBUG 99498 --- [ptidss-server] [http-nio-9080-exec-4] c.p.s.m.SysPermissionMapper.selectList   : ==> Parameters: active(String), 1(Long)
2026-08-25T22:25:48.337+08:00 DEBUG 99498 --- [ptidss-server] [http-nio-9080-exec-4] c.p.s.m.SysPermissionMapper.selectList   : <==      Total: 9
2026-08-25T22:25:48.339+08:00 DEBUG 99498 --- [ptidss-server] [http-nio-9080-exec-4] c.p.s.m.SysPermissionMapper.selectList   : ==>  Preparing: SELECT id,perm_code,perm_name,resource_type,resource_pattern,status,version,deleted,created_at,updated_at FROM sys_permission WHERE deleted=false AND (status = ? AND EXISTS (SELECT 1 FROM sys_role_permission rp WHERE rp.permission_id = sys_permission.id AND rp.role_id = ?))
2026-08-25T22:25:48.339+08:00 DEBUG 99498 --- [ptidss-server] [http-nio-9080-exec-4] c.p.s.m.SysPermissionMapper.selectList   : ==> Parameters: active(String), 7(Long)
2026-08-25T22:25:48.341+08:00 DEBUG 99498 --- [ptidss-server] [http-nio-9080-exec-4] c.p.s.m.SysPermissionMapper.selectList   : <==      Total: 5
2026-08-25T22:25:48.342+08:00 DEBUG 99498 --- [ptidss-server] [http-nio-9080-exec-4] c.p.s.m.SysUserRegionMapper.selectList   : ==>  Preparing: SELECT user_id,region_code FROM sys_user_region WHERE (user_id = ?)
2026-08-25T22:25:48.342+08:00 DEBUG 99498 --- [ptidss-server] [http-nio-9080-exec-4] c.p.s.m.SysUserRegionMapper.selectList   : ==> Parameters: 2(Long)
2026-08-25T22:25:48.343+08:00 DEBUG 99498 --- [ptidss-server] [http-nio-9080-exec-4] c.p.s.m.SysUserRegionMapper.selectList   : <==      Total: 1
2026-08-25T22:25:48.344+08:00 DEBUG 99498 --- [ptidss-server] [http-nio-9080-exec-4] c.p.s.m.SysRoleRegionMapper.selectList   : ==>  Preparing: SELECT role_id,region_code FROM sys_role_region WHERE (role_id = ?)
2026-08-25T22:25:48.345+08:00 DEBUG 99498 --- [ptidss-server] [http-nio-9080-exec-4] c.p.s.m.SysRoleRegionMapper.selectList   : ==> Parameters: 1(Long)
2026-08-25T22:25:48.346+08:00 DEBUG 99498 --- [ptidss-server] [http-nio-9080-exec-4] c.p.s.m.SysRoleRegionMapper.selectList   : <==      Total: 0
2026-08-25T22:25:48.347+08:00 DEBUG 99498 --- [ptidss-server] [http-nio-9080-exec-4] c.p.s.m.SysRoleRegionMapper.selectList   : ==>  Preparing: SELECT role_id,region_code FROM sys_role_region WHERE (role_id = ?)
2026-08-25T22:25:48.347+08:00 DEBUG 99498 --- [ptidss-server] [http-nio-9080-exec-4] c.p.s.m.SysRoleRegionMapper.selectList   : ==> Parameters: 7(Long)
2026-08-25T22:25:48.348+08:00 DEBUG 99498 --- [ptidss-server] [http-nio-9080-exec-4] c.p.s.m.SysRoleRegionMapper.selectList   : <==      Total: 0
2026-08-25T22:25:48.349+08:00 DEBUG 99498 --- [ptidss-server] [http-nio-9080-exec-4] c.p.s.m.S.selectWithCursor               : ==>  Preparing: SELECT id,region_code,region_name,market_support,exchange_channel,settlement_period,status,launch_order,version,deleted,created_at,updated_at FROM sys_region WHERE deleted=false AND (region_code = ? AND status = ?)
2026-08-25T22:25:48.349+08:00 DEBUG 99498 --- [ptidss-server] [http-nio-9080-exec-4] c.p.s.m.S.selectWithCursor               : ==> Parameters: CN-32(String), enabled(String)
2026-08-25T22:25:48.350+08:00 DEBUG 99498 --- [ptidss-server] [http-nio-9080-exec-4] c.p.s.m.S.selectWithCursor               : <==      Total: 1
2026-08-25T22:25:48.352+08:00 DEBUG 99498 --- [ptidss-server] [http-nio-9080-exec-4] c.p.s.mapper.SysUserMapper.updateById    : ==>  Preparing: UPDATE sys_user SET last_login_at=?, updated_at=? WHERE id=? AND deleted=false
2026-08-25T22:25:48.352+08:00 DEBUG 99498 --- [ptidss-server] [http-nio-9080-exec-4] c.p.s.mapper.SysUserMapper.updateById    : ==> Parameters: 2026-08-25 22:25:48.351(Timestamp), 2026-08-25 22:25:48.352(Timestamp), 2(Long)
2026-08-25T22:25:48.355+08:00 DEBUG 99498 --- [ptidss-server] [http-nio-9080-exec-4] c.p.s.mapper.SysUserMapper.updateById    : <==    Updates: 1
2026-08-25T22:25:48.356+08:00 DEBUG 99498 --- [ptidss-server] [http-nio-9080-exec-4] c.p.system.mapper.AuditLogMapper.insert  : ==>  Preparing: INSERT INTO audit_log ( id, trace_id, user_id, username, action, target_type, target_id, ip, user_agent, result, created_at ) VALUES ( ?, ?, ?, ?, ?, ?, ?, ?, ?, ?, ? )
2026-08-25T22:25:48.357+08:00 DEBUG 99498 --- [ptidss-server] [http-nio-9080-exec-4] c.p.system.mapper.AuditLogMapper.insert  : ==> Parameters: 218012994423099392(Long), 3dfb093aad634e07(String), 0(Long), trader01(String), login(String), auth(String), LoginBody(username=trader01, password=Ptidss@2026, captchaKey=nu(String), 127.0.0.1(String), python-requests/2.31.0(String), success(String), 2026-08-25 22:25:48.356(Timestamp)
2026-08-25T22:25:48.358+08:00 DEBUG 99498 --- [ptidss-server] [http-nio-9080-exec-4] c.p.system.mapper.AuditLogMapper.insert  : <==    Updates: 1
2026-08-25T22:25:48.365+08:00 DEBUG 99498 --- [ptidss-server] [http-nio-9080-exec-6] c.p.s.m.SysUserMapper.selectWithCursor   : ==>  Preparing: SELECT id,username,display_name,password_hash,role_ids,org_code,phone,email,status,last_login_at,version,deleted,created_at,updated_at FROM sys_user WHERE deleted=false AND (username = ?)
2026-08-25T22:25:48.365+08:00 DEBUG 99498 --- [ptidss-server] [http-nio-9080-exec-6] c.p.s.m.SysUserMapper.selectWithCursor   : ==> Parameters: settle01(String)
2026-08-25T22:25:48.366+08:00 DEBUG 99498 --- [ptidss-server] [http-nio-9080-exec-6] c.p.s.m.SysUserMapper.selectWithCursor   : <==      Total: 1
2026-08-25T22:25:48.451+08:00 DEBUG 99498 --- [ptidss-server] [http-nio-9080-exec-6] c.p.s.mapper.SysRoleMapper.selectByIds   : ==>  Preparing: SELECT id,role_code,role_name,description,status,version,deleted,created_at,updated_at FROM sys_role WHERE id IN ( ? ) AND deleted=false
2026-08-25T22:25:48.451+08:00 DEBUG 99498 --- [ptidss-server] [http-nio-9080-exec-6] c.p.s.mapper.SysRoleMapper.selectByIds   : ==> Parameters: 3(Long)
2026-08-25T22:25:48.452+08:00 DEBUG 99498 --- [ptidss-server] [http-nio-9080-exec-6] c.p.s.mapper.SysRoleMapper.selectByIds   : <==      Total: 1
2026-08-25T22:25:48.453+08:00 DEBUG 99498 --- [ptidss-server] [http-nio-9080-exec-6] c.p.s.m.SysPermissionMapper.selectList   : ==>  Preparing: SELECT id,perm_code,perm_name,resource_type,resource_pattern,status,version,deleted,created_at,updated_at FROM sys_permission WHERE deleted=false AND (status = ? AND EXISTS (SELECT 1 FROM sys_role_permission rp WHERE rp.permission_id = sys_permission.id AND rp.role_id = ?))
2026-08-25T22:25:48.454+08:00 DEBUG 99498 --- [ptidss-server] [http-nio-9080-exec-6] c.p.s.m.SysPermissionMapper.selectList   : ==> Parameters: active(String), 3(Long)
2026-08-25T22:25:48.455+08:00 DEBUG 99498 --- [ptidss-server] [http-nio-9080-exec-6] c.p.s.m.SysPermissionMapper.selectList   : <==      Total: 4
2026-08-25T22:25:48.456+08:00 DEBUG 99498 --- [ptidss-server] [http-nio-9080-exec-6] c.p.s.m.SysUserRegionMapper.selectList   : ==>  Preparing: SELECT user_id,region_code FROM sys_user_region WHERE (user_id = ?)
2026-08-25T22:25:48.457+08:00 DEBUG 99498 --- [ptidss-server] [http-nio-9080-exec-6] c.p.s.m.SysUserRegionMapper.selectList   : ==> Parameters: 3(Long)
2026-08-25T22:25:48.458+08:00 DEBUG 99498 --- [ptidss-server] [http-nio-9080-exec-6] c.p.s.m.SysUserRegionMapper.selectList   : <==      Total: 1
2026-08-25T22:25:48.459+08:00 DEBUG 99498 --- [ptidss-server] [http-nio-9080-exec-6] c.p.s.m.SysRoleRegionMapper.selectList   : ==>  Preparing: SELECT role_id,region_code FROM sys_role_region WHERE (role_id = ?)
2026-08-25T22:25:48.459+08:00 DEBUG 99498 --- [ptidss-server] [http-nio-9080-exec-6] c.p.s.m.SysRoleRegionMapper.selectList   : ==> Parameters: 3(Long)
2026-08-25T22:25:48.460+08:00 DEBUG 99498 --- [ptidss-server] [http-nio-9080-exec-6] c.p.s.m.SysRoleRegionMapper.selectList   : <==      Total: 0
2026-08-25T22:25:48.461+08:00 DEBUG 99498 --- [ptidss-server] [http-nio-9080-exec-6] c.p.s.m.S.selectWithCursor               : ==>  Preparing: SELECT id,region_code,region_name,market_support,exchange_channel,settlement_period,status,launch_order,version,deleted,created_at,updated_at FROM sys_region WHERE deleted=false AND (region_code = ? AND status = ?)
2026-08-25T22:25:48.461+08:00 DEBUG 99498 --- [ptidss-server] [http-nio-9080-exec-6] c.p.s.m.S.selectWithCursor               : ==> Parameters: CN-32(String), enabled(String)
2026-08-25T22:25:48.463+08:00 DEBUG 99498 --- [ptidss-server] [http-nio-9080-exec-6] c.p.s.m.S.selectWithCursor               : <==      Total: 1
2026-08-25T22:25:48.464+08:00 DEBUG 99498 --- [ptidss-server] [http-nio-9080-exec-6] c.p.s.mapper.SysUserMapper.updateById    : ==>  Preparing: UPDATE sys_user SET last_login_at=?, updated_at=? WHERE id=? AND deleted=false
2026-08-25T22:25:48.465+08:00 DEBUG 99498 --- [ptidss-server] [http-nio-9080-exec-6] c.p.s.mapper.SysUserMapper.updateById    : ==> Parameters: 2026-08-25 22:25:48.464(Timestamp), 2026-08-25 22:25:48.464(Timestamp), 3(Long)
2026-08-25T22:25:48.468+08:00 DEBUG 99498 --- [ptidss-server] [http-nio-9080-exec-6] c.p.s.mapper.SysUserMapper.updateById    : <==    Updates: 1
2026-08-25T22:25:48.469+08:00 DEBUG 99498 --- [ptidss-server] [http-nio-9080-exec-6] c.p.system.mapper.AuditLogMapper.insert  : ==>  Preparing: INSERT INTO audit_log ( id, trace_id, user_id, username, action, target_type, target_id, ip, user_agent, result, created_at ) VALUES ( ?, ?, ?, ?, ?, ?, ?, ?, ?, ?, ? )
2026-08-25T22:25:48.470+08:00 DEBUG 99498 --- [ptidss-server] [http-nio-9080-exec-6] c.p.system.mapper.AuditLogMapper.insert  : ==> Parameters: 218012994892861440(Long), 392750a80a46464c(String), 0(Long), settle01(String), login(String), auth(String), LoginBody(username=settle01, password=Ptidss@2026, captchaKey=nu(String), 127.0.0.1(String), python-requests/2.31.0(String), success(String), 2026-08-25 22:25:48.469(Timestamp)
2026-08-25T22:25:48.471+08:00 DEBUG 99498 --- [ptidss-server] [http-nio-9080-exec-6] c.p.system.mapper.AuditLogMapper.insert  : <==    Updates: 1
2026-08-25T22:25:48.478+08:00 DEBUG 99498 --- [ptidss-server] [http-nio-9080-exec-8] c.p.s.m.SysUserMapper.selectWithCursor   : ==>  Preparing: SELECT id,username,display_name,password_hash,role_ids,org_code,phone,email,status,last_login_at,version,deleted,created_at,updated_at FROM sys_user WHERE deleted=false AND (username = ?)
2026-08-25T22:25:48.478+08:00 DEBUG 99498 --- [ptidss-server] [http-nio-9080-exec-8] c.p.s.m.SysUserMapper.selectWithCursor   : ==> Parameters: manager01(String)
2026-08-25T22:25:48.479+08:00 DEBUG 99498 --- [ptidss-server] [http-nio-9080-exec-8] c.p.s.m.SysUserMapper.selectWithCursor   : <==      Total: 1
2026-08-25T22:25:48.565+08:00 DEBUG 99498 --- [ptidss-server] [http-nio-9080-exec-8] c.p.s.mapper.SysRoleMapper.selectByIds   : ==>  Preparing: SELECT id,role_code,role_name,description,status,version,deleted,created_at,updated_at FROM sys_role WHERE id IN ( ? ) AND deleted=false
2026-08-25T22:25:48.565+08:00 DEBUG 99498 --- [ptidss-server] [http-nio-9080-exec-8] c.p.s.mapper.SysRoleMapper.selectByIds   : ==> Parameters: 5(Long)
2026-08-25T22:25:48.566+08:00 DEBUG 99498 --- [ptidss-server] [http-nio-9080-exec-8] c.p.s.mapper.SysRoleMapper.selectByIds   : <==      Total: 1
2026-08-25T22:25:48.568+08:00 DEBUG 99498 --- [ptidss-server] [http-nio-9080-exec-8] c.p.s.m.SysPermissionMapper.selectList   : ==>  Preparing: SELECT id,perm_code,perm_name,resource_type,resource_pattern,status,version,deleted,created_at,updated_at FROM sys_permission WHERE deleted=false AND (status = ? AND EXISTS (SELECT 1 FROM sys_role_permission rp WHERE rp.permission_id = sys_permission.id AND rp.role_id = ?))
2026-08-25T22:25:48.568+08:00 DEBUG 99498 --- [ptidss-server] [http-nio-9080-exec-8] c.p.s.m.SysPermissionMapper.selectList   : ==> Parameters: active(String), 5(Long)
2026-08-25T22:25:48.570+08:00 DEBUG 99498 --- [ptidss-server] [http-nio-9080-exec-8] c.p.s.m.SysPermissionMapper.selectList   : <==      Total: 8
2026-08-25T22:25:48.571+08:00 DEBUG 99498 --- [ptidss-server] [http-nio-9080-exec-8] c.p.s.m.SysUserRegionMapper.selectList   : ==>  Preparing: SELECT user_id,region_code FROM sys_user_region WHERE (user_id = ?)
2026-08-25T22:25:48.571+08:00 DEBUG 99498 --- [ptidss-server] [http-nio-9080-exec-8] c.p.s.m.SysUserRegionMapper.selectList   : ==> Parameters: 4(Long)
2026-08-25T22:25:48.572+08:00 DEBUG 99498 --- [ptidss-server] [http-nio-9080-exec-8] c.p.s.m.SysUserRegionMapper.selectList   : <==      Total: 1
2026-08-25T22:25:48.573+08:00 DEBUG 99498 --- [ptidss-server] [http-nio-9080-exec-8] c.p.s.m.SysRoleRegionMapper.selectList   : ==>  Preparing: SELECT role_id,region_code FROM sys_role_region WHERE (role_id = ?)
2026-08-25T22:25:48.573+08:00 DEBUG 99498 --- [ptidss-server] [http-nio-9080-exec-8] c.p.s.m.SysRoleRegionMapper.selectList   : ==> Parameters: 5(Long)
2026-08-25T22:25:48.575+08:00 DEBUG 99498 --- [ptidss-server] [http-nio-9080-exec-8] c.p.s.m.SysRoleRegionMapper.selectList   : <==      Total: 0
2026-08-25T22:25:48.576+08:00 DEBUG 99498 --- [ptidss-server] [http-nio-9080-exec-8] c.p.s.m.S.selectWithCursor               : ==>  Preparing: SELECT id,region_code,region_name,market_support,exchange_channel,settlement_period,status,launch_order,version,deleted,created_at,updated_at FROM sys_region WHERE deleted=false AND (region_code = ? AND status = ?)
2026-08-25T22:25:48.576+08:00 DEBUG 99498 --- [ptidss-server] [http-nio-9080-exec-8] c.p.s.m.S.selectWithCursor               : ==> Parameters: CN-32(String), enabled(String)
2026-08-25T22:25:48.577+08:00 DEBUG 99498 --- [ptidss-server] [http-nio-9080-exec-8] c.p.s.m.S.selectWithCursor               : <==      Total: 1
2026-08-25T22:25:48.578+08:00 DEBUG 99498 --- [ptidss-server] [http-nio-9080-exec-8] c.p.s.mapper.SysUserMapper.updateById    : ==>  Preparing: UPDATE sys_user SET last_login_at=?, updated_at=? WHERE id=? AND deleted=false
2026-08-25T22:25:48.579+08:00 DEBUG 99498 --- [ptidss-server] [http-nio-9080-exec-8] c.p.s.mapper.SysUserMapper.updateById    : ==> Parameters: 2026-08-25 22:25:48.578(Timestamp), 2026-08-25 22:25:48.578(Timestamp), 4(Long)
2026-08-25T22:25:48.582+08:00 DEBUG 99498 --- [ptidss-server] [http-nio-9080-exec-8] c.p.s.mapper.SysUserMapper.updateById    : <==    Updates: 1
2026-08-25T22:25:48.583+08:00 DEBUG 99498 --- [ptidss-server] [http-nio-9080-exec-8] c.p.system.mapper.AuditLogMapper.insert  : ==>  Preparing: INSERT INTO audit_log ( id, trace_id, user_id, username, action, target_type, target_id, ip, user_agent, result, created_at ) VALUES ( ?, ?, ?, ?, ?, ?, ?, ?, ?, ?, ? )
2026-08-25T22:25:48.583+08:00 DEBUG 99498 --- [ptidss-server] [http-nio-9080-exec-8] c.p.system.mapper.AuditLogMapper.insert  : ==> Parameters: 218012995371012096(Long), 2f152e50d9494031(String), 0(Long), manager01(String), login(String), auth(String), LoginBody(username=manager01, password=Ptidss@2026, captchaKey=n(String), 127.0.0.1(String), python-requests/2.31.0(String), success(String), 2026-08-25 22:25:48.582(Timestamp)
2026-08-25T22:25:48.585+08:00 DEBUG 99498 --- [ptidss-server] [http-nio-9080-exec-8] c.p.system.mapper.AuditLogMapper.insert  : <==    Updates: 1
2026-08-25T22:25:49.427+08:00 DEBUG 99498 --- [ptidss-server] [http-nio-9080-exec-4] c.p.s.mapper.AuditLogMapper.selectById   : ==>  Preparing: SELECT id,trace_id,user_id,username,action,target_type,target_id,before_snapshot,after_snapshot,ip,user_agent,result,region_code,created_at FROM audit_log WHERE id=?
2026-08-25T22:25:49.427+08:00 DEBUG 99498 --- [ptidss-server] [http-nio-9080-exec-4] c.p.s.mapper.AuditLogMapper.selectById   : ==> Parameters: 1(Long)
2026-08-25T22:25:49.431+08:00 DEBUG 99498 --- [ptidss-server] [http-nio-9080-exec-4] c.p.s.mapper.AuditLogMapper.selectById   : <==      Total: 0
2026-08-25T22:25:49.441+08:00 DEBUG 99498 --- [ptidss-server] [http-nio-9080-exec-6] c.p.s.mapper.SysConfigMapper.selectById  : ==>  Preparing: SELECT id,config_key,config_name,description,config_group,config_type,enum_values,value,is_sensitive,is_builtin,status,sort_order,version,deleted,created_at,updated_at FROM sys_config WHERE id=? AND deleted=false
2026-08-25T22:25:49.441+08:00 DEBUG 99498 --- [ptidss-server] [http-nio-9080-exec-6] c.p.s.mapper.SysConfigMapper.selectById  : ==> Parameters: 1(Long)
2026-08-25T22:25:49.443+08:00 DEBUG 99498 --- [ptidss-server] [http-nio-9080-exec-6] c.p.s.mapper.SysConfigMapper.selectById  : <==      Total: 0
2026-08-25T22:25:49.450+08:00 DEBUG 99498 --- [ptidss-server] [http-nio-9080-exec-8] c.p.s.mapper.SysRegionMapper.selectById  : ==>  Preparing: SELECT id,region_code,region_name,market_support,exchange_channel,settlement_period,status,launch_order,version,deleted,created_at,updated_at FROM sys_region WHERE id=? AND deleted=false
2026-08-25T22:25:49.451+08:00 DEBUG 99498 --- [ptidss-server] [http-nio-9080-exec-8] c.p.s.mapper.SysRegionMapper.selectById  : ==> Parameters: 1(Long)
2026-08-25T22:25:49.452+08:00 DEBUG 99498 --- [ptidss-server] [http-nio-9080-exec-8] c.p.s.mapper.SysRegionMapper.selectById  : <==      Total: 1
2026-08-25T22:25:49.459+08:00 DEBUG 99498 --- [ptidss-server] [http-nio-9080-exec-10] c.p.s.mapper.SysRoleMapper.selectById    : ==>  Preparing: SELECT id,role_code,role_name,description,status,version,deleted,created_at,updated_at FROM sys_role WHERE id=? AND deleted=false
2026-08-25T22:25:49.459+08:00 DEBUG 99498 --- [ptidss-server] [http-nio-9080-exec-10] c.p.s.mapper.SysRoleMapper.selectById    : ==> Parameters: 1(Long)
2026-08-25T22:25:49.460+08:00 DEBUG 99498 --- [ptidss-server] [http-nio-9080-exec-10] c.p.s.mapper.SysRoleMapper.selectById    : <==      Total: 1
2026-08-25T22:25:49.461+08:00 DEBUG 99498 --- [ptidss-server] [http-nio-9080-exec-10] c.p.s.m.SysRoleRegionMapper.selectList   : ==>  Preparing: SELECT role_id,region_code FROM sys_role_region WHERE (role_id = ?)
2026-08-25T22:25:49.462+08:00 DEBUG 99498 --- [ptidss-server] [http-nio-9080-exec-10] c.p.s.m.SysRoleRegionMapper.selectList   : ==> Parameters: 1(Long)
2026-08-25T22:25:49.462+08:00 DEBUG 99498 --- [ptidss-server] [http-nio-9080-exec-10] c.p.s.m.SysRoleRegionMapper.selectList   : <==      Total: 0
2026-08-25T22:25:49.470+08:00 DEBUG 99498 --- [ptidss-server] [http-nio-9080-exec-2] c.p.s.mapper.SysUserMapper.selectById    : ==>  Preparing: SELECT id,username,display_name,password_hash,role_ids,org_code,phone,email,status,last_login_at,version,deleted,created_at,updated_at FROM sys_user WHERE id=? AND deleted=false
2026-08-25T22:25:49.470+08:00 DEBUG 99498 --- [ptidss-server] [http-nio-9080-exec-2] c.p.s.mapper.SysUserMapper.selectById    : ==> Parameters: 1(Long)
2026-08-25T22:25:49.471+08:00 DEBUG 99498 --- [ptidss-server] [http-nio-9080-exec-2] c.p.s.mapper.SysUserMapper.selectById    : <==      Total: 1
2026-08-25T22:25:49.479+08:00 DEBUG 99498 --- [ptidss-server] [http-nio-9080-exec-4] c.p.s.m.SysUserRegionMapper.selectList   : ==>  Preparing: SELECT user_id,region_code FROM sys_user_region WHERE (user_id = ?)
2026-08-25T22:25:49.479+08:00 DEBUG 99498 --- [ptidss-server] [http-nio-9080-exec-4] c.p.s.m.SysUserRegionMapper.selectList   : ==> Parameters: 1(Long)
2026-08-25T22:25:49.480+08:00 DEBUG 99498 --- [ptidss-server] [http-nio-9080-exec-4] c.p.s.m.SysUserRegionMapper.selectList   : <==      Total: 4
2026-08-25T22:25:49.485+08:00 DEBUG 99498 --- [ptidss-server] [http-nio-9080-exec-6] c.p.s.m.S.selectPermissionIdsByRole      : ==>  Preparing: SELECT permission_id FROM sys_role_permission WHERE role_id = ? ORDER BY permission_id
2026-08-25T22:25:49.486+08:00 DEBUG 99498 --- [ptidss-server] [http-nio-9080-exec-6] c.p.s.m.S.selectPermissionIdsByRole      : ==> Parameters: 1(Long)
2026-08-25T22:25:49.487+08:00 DEBUG 99498 --- [ptidss-server] [http-nio-9080-exec-6] c.p.s.m.S.selectPermissionIdsByRole      : <==      Total: 9
2026-08-25T22:25:49.493+08:00 DEBUG 99498 --- [ptidss-server] [http-nio-9080-exec-8] c.p.s.m.SysRoleRegionMapper.selectList   : ==>  Preparing: SELECT role_id,region_code FROM sys_role_region WHERE (role_id = ?)
2026-08-25T22:25:49.493+08:00 DEBUG 99498 --- [ptidss-server] [http-nio-9080-exec-8] c.p.s.m.SysRoleRegionMapper.selectList   : ==> Parameters: 1(Long)
2026-08-25T22:25:49.494+08:00 DEBUG 99498 --- [ptidss-server] [http-nio-9080-exec-8] c.p.s.m.SysRoleRegionMapper.selectList   : <==      Total: 0
2026-08-25T22:25:49.658+08:00 DEBUG 99498 --- [ptidss-server] [http-nio-9080-exec-2] c.p.system.mapper.AuditLogMapper.insert  : ==>  Preparing: INSERT INTO audit_log ( id, trace_id, user_id, username, action, target_type, target_id, after_snapshot, ip, user_agent, result, region_code, created_at ) VALUES ( ?, ?, ?, ?, ?, ?, ?, ?, ?, ?, ?, ?, ? )
2026-08-25T22:25:49.659+08:00 DEBUG 99498 --- [ptidss-server] [http-nio-9080-exec-2] c.p.system.mapper.AuditLogMapper.insert  : ==> Parameters: 218012999758254080(Long), 18c6ec6ffad54521(String), 1(Long), admin(String), decision_session_create(String), decision_session(String), DecisionSessionRequest(sessionType=spot_quote, tradeDate=Tue Aug(String), [{"scenario":"baseline","sessionType":"spot_quote","tradeDate":"2026-08-25"}](String), 127.0.0.1(String), python-requests/2.31.0(String), success(String), CN-32(String), 2026-08-25 22:25:49.628(Timestamp)
2026-08-25T22:25:49.661+08:00 DEBUG 99498 --- [ptidss-server] [http-nio-9080-exec-2] c.p.system.mapper.AuditLogMapper.insert  : <==    Updates: 1
2026-08-25T22:25:49.969+08:00 DEBUG 99498 --- [ptidss-server] [http-nio-9080-exec-8] c.p.system.mapper.AuditLogMapper.insert  : ==>  Preparing: INSERT INTO audit_log ( id, trace_id, user_id, username, action, target_type, target_id, after_snapshot, ip, user_agent, result, region_code, created_at ) VALUES ( ?, ?, ?, ?, ?, ?, ?, ?, ?, ?, ?, ?, ? )
2026-08-25T22:25:49.969+08:00 DEBUG 99498 --- [ptidss-server] [http-nio-9080-exec-8] c.p.system.mapper.AuditLogMapper.insert  : ==> Parameters: 218013001180123136(Long), 467caa5d10854b26(String), 1(Long), admin(String), review_strategy_feedback(String), strategy_feedback(String), {strategyCode=S_V31_47929, feedback=effective, updatedParams={}}(String), [{"strategyCode":"S_V31_47929","feedback":"effective","updatedParams":{}}](String), 127.0.0.1(String), python-requests/2.31.0(String), success(String), CN-32(String), 2026-08-25 22:25:49.967(Timestamp)
2026-08-25T22:25:49.971+08:00 DEBUG 99498 --- [ptidss-server] [http-nio-9080-exec-8] c.p.system.mapper.AuditLogMapper.insert  : <==    Updates: 1
2026-08-25T22:25:49.997+08:00 DEBUG 99498 --- [ptidss-server] [http-nio-9080-exec-10] c.p.s.mapper.SysRoleMapper.selectList    : ==>  Preparing: SELECT id,role_code,role_name,description,status,version,deleted,created_at,updated_at FROM sys_role WHERE deleted=false
2026-08-25T22:25:49.998+08:00 DEBUG 99498 --- [ptidss-server] [http-nio-9080-exec-10] c.p.s.mapper.SysRoleMapper.selectList    : ==> Parameters: 
2026-08-25T22:25:49.999+08:00 DEBUG 99498 --- [ptidss-server] [http-nio-9080-exec-10] c.p.s.mapper.SysRoleMapper.selectList    : <==      Total: 7
2026-08-25T22:25:49.999+08:00 DEBUG 99498 --- [ptidss-server] [http-nio-9080-exec-10] c.p.s.mapper.SysUserMapper.selectList    : ==>  Preparing: SELECT id,username,display_name,password_hash,role_ids,org_code,phone,email,status,last_login_at,version,deleted,created_at,updated_at FROM sys_user WHERE deleted=false AND (role_ids @> ANY (ARRAY['[1]','[2]','[3]','[4]','[5]','[6]','[7]']::jsonb[]))
2026-08-25T22:25:50.000+08:00 DEBUG 99498 --- [ptidss-server] [http-nio-9080-exec-10] c.p.s.mapper.SysUserMapper.selectList    : ==> Parameters: 
2026-08-25T22:25:50.001+08:00 DEBUG 99498 --- [ptidss-server] [http-nio-9080-exec-10] c.p.s.mapper.SysUserMapper.selectList    : <==      Total: 4
2026-08-25T22:25:50.006+08:00  INFO 99498 --- [ptidss-server] [http-nio-9080-exec-10] com.ptidss.intel.service.IntelService    : 情报推送执行完成：匹配情报 0 条，派发消息 0 条，触发决策会话情报重评 0 个
2026-08-25T22:25:50.014+08:00  INFO 99498 --- [ptidss-server] [http-nio-9080-exec-2] c.p.intel.service.IntelFetchService      : 行情采集执行完成：到期 0 个（成功 0 / 失败 0 / 跳过未到期 20）
2026-08-25T22:25:50.015+08:00 DEBUG 99498 --- [ptidss-server] [http-nio-9080-exec-2] c.p.system.mapper.AuditLogMapper.insert  : ==>  Preparing: INSERT INTO audit_log ( id, trace_id, user_id, username, action, target_type, target_id, after_snapshot, ip, user_agent, result, region_code, created_at ) VALUES ( ?, ?, ?, ?, ?, ?, ?, ?, ?, ?, ?, ?, ? )
2026-08-25T22:25:50.016+08:00 DEBUG 99498 --- [ptidss-server] [http-nio-9080-exec-2] c.p.system.mapper.AuditLogMapper.insert  : ==> Parameters: 218013001381449728(Long), 28fd3c98d02f4204(String), 1(Long), admin(String), intel_fetch(String), intel_source(String), {force=false}(String), [{"force":false}](String), 127.0.0.1(String), python-requests/2.31.0(String), success(String), CN-32(String), 2026-08-25 22:25:50.015(Timestamp)
2026-08-25T22:25:50.018+08:00 DEBUG 99498 --- [ptidss-server] [http-nio-9080-exec-2] c.p.system.mapper.AuditLogMapper.insert  : <==    Updates: 1
2026-08-25T22:25:50.027+08:00 DEBUG 99498 --- [ptidss-server] [http-nio-9080-exec-4] c.p.system.mapper.AuditLogMapper.insert  : ==>  Preparing: INSERT INTO audit_log ( id, trace_id, user_id, username, action, target_type, target_id, before_snapshot, ip, user_agent, result, region_code, created_at ) VALUES ( ?, ?, ?, ?, ?, ?, ?, ?, ?, ?, ?, ?, ? )
2026-08-25T22:25:50.027+08:00 DEBUG 99498 --- [ptidss-server] [http-nio-9080-exec-4] c.p.system.mapper.AuditLogMapper.insert  : ==> Parameters: 218013001427587072(Long), 52394e79cd69447b(String), 2(Long), trader01(String), agent_status_update(String), agent_registry(String), 1(String), [1,{"status":"active"}](String), 127.0.0.1(String), python-requests/2.31.0(String), fail(String), CN-32(String), 2026-08-25 22:25:50.026(Timestamp)
2026-08-25T22:25:50.029+08:00 DEBUG 99498 --- [ptidss-server] [http-nio-9080-exec-4] c.p.system.mapper.AuditLogMapper.insert  : <==    Updates: 1
2026-08-25T22:25:50.037+08:00 DEBUG 99498 --- [ptidss-server] [http-nio-9080-exec-6] c.p.system.mapper.AuditLogMapper.insert  : ==>  Preparing: INSERT INTO audit_log ( id, trace_id, user_id, username, action, target_type, target_id, before_snapshot, ip, user_agent, result, region_code, created_at ) VALUES ( ?, ?, ?, ?, ?, ?, ?, ?, ?, ?, ?, ?, ? )
2026-08-25T22:25:50.037+08:00 DEBUG 99498 --- [ptidss-server] [http-nio-9080-exec-6] c.p.system.mapper.AuditLogMapper.insert  : ==> Parameters: 218013001469530112(Long), 9b0fe8c906c6497e(String), 3(Long), settle01(String), agent_status_update(String), agent_registry(String), 1(String), [1,{"status":"active"}](String), 127.0.0.1(String), python-requests/2.31.0(String), fail(String), CN-32(String), 2026-08-25 22:25:50.036(Timestamp)
2026-08-25T22:25:50.039+08:00 DEBUG 99498 --- [ptidss-server] [http-nio-9080-exec-6] c.p.system.mapper.AuditLogMapper.insert  : <==    Updates: 1
2026-08-25T22:25:50.047+08:00 DEBUG 99498 --- [ptidss-server] [http-nio-9080-exec-8] c.p.system.mapper.AuditLogMapper.insert  : ==>  Preparing: INSERT INTO audit_log ( id, trace_id, user_id, username, action, target_type, target_id, before_snapshot, ip, user_agent, result, region_code, created_at ) VALUES ( ?, ?, ?, ?, ?, ?, ?, ?, ?, ?, ?, ?, ? )
2026-08-25T22:25:50.047+08:00 DEBUG 99498 --- [ptidss-server] [http-nio-9080-exec-8] c.p.system.mapper.AuditLogMapper.insert  : ==> Parameters: 218013001511473152(Long), a6f9fe6e4a244a22(String), 4(Long), manager01(String), agent_status_update(String), agent_registry(String), 1(String), [1,{"status":"active"}](String), 127.0.0.1(String), python-requests/2.31.0(String), fail(String), CN-32(String), 2026-08-25 22:25:50.046(Timestamp)
2026-08-25T22:25:50.048+08:00 DEBUG 99498 --- [ptidss-server] [http-nio-9080-exec-8] c.p.system.mapper.AuditLogMapper.insert  : <==    Updates: 1
2026-08-25T22:25:50.057+08:00 DEBUG 99498 --- [ptidss-server] [http-nio-9080-exec-10] c.p.system.mapper.AuditLogMapper.insert  : ==>  Preparing: INSERT INTO audit_log ( id, trace_id, user_id, username, action, target_type, target_id, before_snapshot, ip, user_agent, result, region_code, created_at ) VALUES ( ?, ?, ?, ?, ?, ?, ?, ?, ?, ?, ?, ?, ? )
2026-08-25T22:25:50.057+08:00 DEBUG 99498 --- [ptidss-server] [http-nio-9080-exec-10] c.p.system.mapper.AuditLogMapper.insert  : ==> Parameters: 218013001557610496(Long), 7951d138e6274bb1(String), 1(Long), admin(String), agent_status_update(String), agent_registry(String), 1(String), [1,{"status":"active"}](String), 127.0.0.1(String), python-requests/2.31.0(String), fail(String), CN-32(String), 2026-08-25 22:25:50.057(Timestamp)
2026-08-25T22:25:50.059+08:00 DEBUG 99498 --- [ptidss-server] [http-nio-9080-exec-10] c.p.system.mapper.AuditLogMapper.insert  : <==    Updates: 1
2026-08-25T22:25:50.067+08:00 DEBUG 99498 --- [ptidss-server] [http-nio-9080-exec-2] c.p.system.mapper.AuditLogMapper.insert  : ==>  Preparing: INSERT INTO audit_log ( id, trace_id, user_id, username, action, target_type, target_id, before_snapshot, ip, user_agent, result, region_code, created_at ) VALUES ( ?, ?, ?, ?, ?, ?, ?, ?, ?, ?, ?, ?, ? )
2026-08-25T22:25:50.067+08:00 DEBUG 99498 --- [ptidss-server] [http-nio-9080-exec-2] c.p.system.mapper.AuditLogMapper.insert  : ==> Parameters: 218013001595359232(Long), 77fc843291fe4cd8(String), 2(Long), trader01(String), agent_model_bind(String), agent_registry(String), 1(String), [1,{"modelCode":"M1"}](String), 127.0.0.1(String), python-requests/2.31.0(String), fail(String), CN-32(String), 2026-08-25 22:25:50.066(Timestamp)
2026-08-25T22:25:50.069+08:00 DEBUG 99498 --- [ptidss-server] [http-nio-9080-exec-2] c.p.system.mapper.AuditLogMapper.insert  : <==    Updates: 1
2026-08-25T22:25:50.076+08:00 DEBUG 99498 --- [ptidss-server] [http-nio-9080-exec-4] c.p.system.mapper.AuditLogMapper.insert  : ==>  Preparing: INSERT INTO audit_log ( id, trace_id, user_id, username, action, target_type, target_id, before_snapshot, ip, user_agent, result, region_code, created_at ) VALUES ( ?, ?, ?, ?, ?, ?, ?, ?, ?, ?, ?, ?, ? )
2026-08-25T22:25:50.076+08:00 DEBUG 99498 --- [ptidss-server] [http-nio-9080-exec-4] c.p.system.mapper.AuditLogMapper.insert  : ==> Parameters: 218013001633107968(Long), a543616af61846e7(String), 3(Long), settle01(String), agent_model_bind(String), agent_registry(String), 1(String), [1,{"modelCode":"M1"}](String), 127.0.0.1(String), python-requests/2.31.0(String), fail(String), CN-32(String), 2026-08-25 22:25:50.075(Timestamp)
2026-08-25T22:25:50.078+08:00 DEBUG 99498 --- [ptidss-server] [http-nio-9080-exec-4] c.p.system.mapper.AuditLogMapper.insert  : <==    Updates: 1
2026-08-25T22:25:50.085+08:00 DEBUG 99498 --- [ptidss-server] [http-nio-9080-exec-6] c.p.system.mapper.AuditLogMapper.insert  : ==>  Preparing: INSERT INTO audit_log ( id, trace_id, user_id, username, action, target_type, target_id, before_snapshot, ip, user_agent, result, region_code, created_at ) VALUES ( ?, ?, ?, ?, ?, ?, ?, ?, ?, ?, ?, ?, ? )
2026-08-25T22:25:50.086+08:00 DEBUG 99498 --- [ptidss-server] [http-nio-9080-exec-6] c.p.system.mapper.AuditLogMapper.insert  : ==> Parameters: 218013001675051008(Long), 33ca2688564c4b63(String), 4(Long), manager01(String), agent_model_bind(String), agent_registry(String), 1(String), [1,{"modelCode":"M1"}](String), 127.0.0.1(String), python-requests/2.31.0(String), fail(String), CN-32(String), 2026-08-25 22:25:50.085(Timestamp)
2026-08-25T22:25:50.088+08:00 DEBUG 99498 --- [ptidss-server] [http-nio-9080-exec-6] c.p.system.mapper.AuditLogMapper.insert  : <==    Updates: 1
2026-08-25T22:25:50.095+08:00 DEBUG 99498 --- [ptidss-server] [http-nio-9080-exec-8] c.p.system.mapper.AuditLogMapper.insert  : ==>  Preparing: INSERT INTO audit_log ( id, trace_id, user_id, username, action, target_type, target_id, before_snapshot, ip, user_agent, result, region_code, created_at ) VALUES ( ?, ?, ?, ?, ?, ?, ?, ?, ?, ?, ?, ?, ? )
2026-08-25T22:25:50.096+08:00 DEBUG 99498 --- [ptidss-server] [http-nio-9080-exec-8] c.p.system.mapper.AuditLogMapper.insert  : ==> Parameters: 218013001716994048(Long), 492f61b30fb84e12(String), 1(Long), admin(String), agent_model_bind(String), agent_registry(String), 1(String), [1,{"modelCode":"M1"}](String), 127.0.0.1(String), python-requests/2.31.0(String), fail(String), CN-32(String), 2026-08-25 22:25:50.095(Timestamp)
2026-08-25T22:25:50.097+08:00 DEBUG 99498 --- [ptidss-server] [http-nio-9080-exec-8] c.p.system.mapper.AuditLogMapper.insert  : <==    Updates: 1
2026-08-25T22:25:50.123+08:00 DEBUG 99498 --- [ptidss-server] [http-nio-9080-exec-8] c.p.system.mapper.AuditLogMapper.insert  : ==>  Preparing: INSERT INTO audit_log ( id, trace_id, user_id, username, action, target_type, target_id, before_snapshot, ip, user_agent, result, region_code, created_at ) VALUES ( ?, ?, ?, ?, ?, ?, ?, ?, ?, ?, ?, ?, ? )
2026-08-25T22:25:50.124+08:00 DEBUG 99498 --- [ptidss-server] [http-nio-9080-exec-8] c.p.system.mapper.AuditLogMapper.insert  : ==> Parameters: 218013001834434560(Long), 9b380a63e6144154(String), 2(Long), trader01(String), trade_gateway_save(String), trade_gateway_config(String), {host=h, secret=s}(String), [{"host":"h","secret":"s"}](String), 127.0.0.1(String), python-requests/2.31.0(String), fail(String), CN-32(String), 2026-08-25 22:25:50.123(Timestamp)
2026-08-25T22:25:50.125+08:00 DEBUG 99498 --- [ptidss-server] [http-nio-9080-exec-8] c.p.system.mapper.AuditLogMapper.insert  : <==    Updates: 1
2026-08-25T22:25:50.131+08:00 DEBUG 99498 --- [ptidss-server] [http-nio-9080-exec-10] c.p.system.mapper.AuditLogMapper.insert  : ==>  Preparing: INSERT INTO audit_log ( id, trace_id, user_id, username, action, target_type, target_id, before_snapshot, ip, user_agent, result, region_code, created_at ) VALUES ( ?, ?, ?, ?, ?, ?, ?, ?, ?, ?, ?, ?, ? )
2026-08-25T22:25:50.132+08:00 DEBUG 99498 --- [ptidss-server] [http-nio-9080-exec-10] c.p.system.mapper.AuditLogMapper.insert  : ==> Parameters: 218013001863794688(Long), f830a60c5c404cf0(String), 3(Long), settle01(String), trade_gateway_save(String), trade_gateway_config(String), {host=h, secret=s}(String), [{"host":"h","secret":"s"}](String), 127.0.0.1(String), python-requests/2.31.0(String), fail(String), CN-32(String), 2026-08-25 22:25:50.13(Timestamp)
2026-08-25T22:25:50.133+08:00 DEBUG 99498 --- [ptidss-server] [http-nio-9080-exec-10] c.p.system.mapper.AuditLogMapper.insert  : <==    Updates: 1
2026-08-25T22:25:50.139+08:00 DEBUG 99498 --- [ptidss-server] [http-nio-9080-exec-2] c.p.system.mapper.AuditLogMapper.insert  : ==>  Preparing: INSERT INTO audit_log ( id, trace_id, user_id, username, action, target_type, target_id, before_snapshot, ip, user_agent, result, region_code, created_at ) VALUES ( ?, ?, ?, ?, ?, ?, ?, ?, ?, ?, ?, ?, ? )
2026-08-25T22:25:50.140+08:00 DEBUG 99498 --- [ptidss-server] [http-nio-9080-exec-2] c.p.system.mapper.AuditLogMapper.insert  : ==> Parameters: 218013001901543424(Long), dc0fd23a0c4a4759(String), 4(Long), manager01(String), trade_gateway_save(String), trade_gateway_config(String), {host=h, secret=s}(String), [{"host":"h","secret":"s"}](String), 127.0.0.1(String), python-requests/2.31.0(String), fail(String), CN-32(String), 2026-08-25 22:25:50.139(Timestamp)
2026-08-25T22:25:50.141+08:00 DEBUG 99498 --- [ptidss-server] [http-nio-9080-exec-2] c.p.system.mapper.AuditLogMapper.insert  : <==    Updates: 1
2026-08-25T22:25:50.147+08:00 DEBUG 99498 --- [ptidss-server] [http-nio-9080-exec-4] c.p.system.mapper.AuditLogMapper.insert  : ==>  Preparing: INSERT INTO audit_log ( id, trace_id, user_id, username, action, target_type, target_id, before_snapshot, ip, user_agent, result, region_code, created_at ) VALUES ( ?, ?, ?, ?, ?, ?, ?, ?, ?, ?, ?, ?, ? )
2026-08-25T22:25:50.148+08:00 DEBUG 99498 --- [ptidss-server] [http-nio-9080-exec-4] c.p.system.mapper.AuditLogMapper.insert  : ==> Parameters: 218013001935097856(Long), e8e66552d0664e20(String), 1(Long), admin(String), trade_gateway_save(String), trade_gateway_config(String), {host=h, secret=s}(String), [{"host":"h","secret":"s"}](String), 127.0.0.1(String), python-requests/2.31.0(String), fail(String), CN-32(String), 2026-08-25 22:25:50.147(Timestamp)
2026-08-25T22:25:50.149+08:00 DEBUG 99498 --- [ptidss-server] [http-nio-9080-exec-4] c.p.system.mapper.AuditLogMapper.insert  : <==    Updates: 1
2026-08-25T22:25:50.155+08:00 DEBUG 99498 --- [ptidss-server] [http-nio-9080-exec-6] c.p.system.mapper.AuditLogMapper.insert  : ==>  Preparing: INSERT INTO audit_log ( id, trace_id, user_id, username, action, target_type, target_id, before_snapshot, ip, user_agent, result, region_code, created_at ) VALUES ( ?, ?, ?, ?, ?, ?, ?, ?, ?, ?, ?, ?, ? )
2026-08-25T22:25:50.155+08:00 DEBUG 99498 --- [ptidss-server] [http-nio-9080-exec-6] c.p.system.mapper.AuditLogMapper.insert  : ==> Parameters: 218013001964457984(Long), 2362b814a46740f1(String), 2(Long), trader01(String), trade_gateway_test(String), trade_gateway_config(String), -(String), [](String), 127.0.0.1(String), python-requests/2.31.0(String), fail(String), CN-32(String), 2026-08-25 22:25:50.154(Timestamp)
2026-08-25T22:25:50.157+08:00 DEBUG 99498 --- [ptidss-server] [http-nio-9080-exec-6] c.p.system.mapper.AuditLogMapper.insert  : <==    Updates: 1
2026-08-25T22:25:50.162+08:00 DEBUG 99498 --- [ptidss-server] [http-nio-9080-exec-8] c.p.system.mapper.AuditLogMapper.insert  : ==>  Preparing: INSERT INTO audit_log ( id, trace_id, user_id, username, action, target_type, target_id, before_snapshot, ip, user_agent, result, region_code, created_at ) VALUES ( ?, ?, ?, ?, ?, ?, ?, ?, ?, ?, ?, ?, ? )
2026-08-25T22:25:50.163+08:00 DEBUG 99498 --- [ptidss-server] [http-nio-9080-exec-8] c.p.system.mapper.AuditLogMapper.insert  : ==> Parameters: 218013001998012416(Long), 548483db8af74958(String), 3(Long), settle01(String), trade_gateway_test(String), trade_gateway_config(String), -(String), [](String), 127.0.0.1(String), python-requests/2.31.0(String), fail(String), CN-32(String), 2026-08-25 22:25:50.162(Timestamp)
2026-08-25T22:25:50.164+08:00 DEBUG 99498 --- [ptidss-server] [http-nio-9080-exec-8] c.p.system.mapper.AuditLogMapper.insert  : <==    Updates: 1
2026-08-25T22:25:50.171+08:00 DEBUG 99498 --- [ptidss-server] [http-nio-9080-exec-10] c.p.system.mapper.AuditLogMapper.insert  : ==>  Preparing: INSERT INTO audit_log ( id, trace_id, user_id, username, action, target_type, target_id, before_snapshot, ip, user_agent, result, region_code, created_at ) VALUES ( ?, ?, ?, ?, ?, ?, ?, ?, ?, ?, ?, ?, ? )
2026-08-25T22:25:50.171+08:00 DEBUG 99498 --- [ptidss-server] [http-nio-9080-exec-10] c.p.system.mapper.AuditLogMapper.insert  : ==> Parameters: 218013002031566848(Long), db0c87af1b7647cb(String), 4(Long), manager01(String), trade_gateway_test(String), trade_gateway_config(String), -(String), [](String), 127.0.0.1(String), python-requests/2.31.0(String), fail(String), CN-32(String), 2026-08-25 22:25:50.17(Timestamp)
2026-08-25T22:25:50.172+08:00 DEBUG 99498 --- [ptidss-server] [http-nio-9080-exec-10] c.p.system.mapper.AuditLogMapper.insert  : <==    Updates: 1
2026-08-25T22:25:50.179+08:00 DEBUG 99498 --- [ptidss-server] [http-nio-9080-exec-2] c.p.system.mapper.AuditLogMapper.insert  : ==>  Preparing: INSERT INTO audit_log ( id, trace_id, user_id, username, action, target_type, target_id, after_snapshot, ip, user_agent, result, region_code, created_at ) VALUES ( ?, ?, ?, ?, ?, ?, ?, ?, ?, ?, ?, ?, ? )
2026-08-25T22:25:50.180+08:00 DEBUG 99498 --- [ptidss-server] [http-nio-9080-exec-2] c.p.system.mapper.AuditLogMapper.insert  : ==> Parameters: 218013002069315584(Long), 8f369d24fdc84386(String), 1(Long), admin(String), trade_gateway_test(String), trade_gateway_config(String), -(String), [](String), 127.0.0.1(String), python-requests/2.31.0(String), success(String), CN-32(String), 2026-08-25 22:25:50.179(Timestamp)
2026-08-25T22:25:50.181+08:00 DEBUG 99498 --- [ptidss-server] [http-nio-9080-exec-2] c.p.system.mapper.AuditLogMapper.insert  : <==    Updates: 1
2026-08-25T22:25:50.187+08:00 DEBUG 99498 --- [ptidss-server] [http-nio-9080-exec-4] c.p.system.mapper.AuditLogMapper.insert  : ==>  Preparing: INSERT INTO audit_log ( id, trace_id, user_id, username, action, target_type, target_id, before_snapshot, ip, user_agent, result, region_code, created_at ) VALUES ( ?, ?, ?, ?, ?, ?, ?, ?, ?, ?, ?, ?, ? )
2026-08-25T22:25:50.187+08:00 DEBUG 99498 --- [ptidss-server] [http-nio-9080-exec-4] c.p.system.mapper.AuditLogMapper.insert  : ==> Parameters: 218013002098675712(Long), c6b7c93ecefc438c(String), 2(Long), trader01(String), intel_fetch(String), intel_source(String), {force=true}(String), [{"force":true}](String), 127.0.0.1(String), python-requests/2.31.0(String), fail(String), CN-32(String), 2026-08-25 22:25:50.186(Timestamp)
2026-08-25T22:25:50.188+08:00 DEBUG 99498 --- [ptidss-server] [http-nio-9080-exec-4] c.p.system.mapper.AuditLogMapper.insert  : <==    Updates: 1
2026-08-25T22:25:50.195+08:00 DEBUG 99498 --- [ptidss-server] [http-nio-9080-exec-6] c.p.system.mapper.AuditLogMapper.insert  : ==>  Preparing: INSERT INTO audit_log ( id, trace_id, user_id, username, action, target_type, target_id, before_snapshot, ip, user_agent, result, region_code, created_at ) VALUES ( ?, ?, ?, ?, ?, ?, ?, ?, ?, ?, ?, ?, ? )
2026-08-25T22:25:50.195+08:00 DEBUG 99498 --- [ptidss-server] [http-nio-9080-exec-6] c.p.system.mapper.AuditLogMapper.insert  : ==> Parameters: 218013002132230144(Long), 4735fc10d33e428a(String), 3(Long), settle01(String), intel_fetch(String), intel_source(String), {force=true}(String), [{"force":true}](String), 127.0.0.1(String), python-requests/2.31.0(String), fail(String), CN-32(String), 2026-08-25 22:25:50.194(Timestamp)
2026-08-25T22:25:50.196+08:00 DEBUG 99498 --- [ptidss-server] [http-nio-9080-exec-6] c.p.system.mapper.AuditLogMapper.insert  : <==    Updates: 1
2026-08-25T22:25:50.202+08:00 DEBUG 99498 --- [ptidss-server] [http-nio-9080-exec-8] c.p.system.mapper.AuditLogMapper.insert  : ==>  Preparing: INSERT INTO audit_log ( id, trace_id, user_id, username, action, target_type, target_id, before_snapshot, ip, user_agent, result, region_code, created_at ) VALUES ( ?, ?, ?, ?, ?, ?, ?, ?, ?, ?, ?, ?, ? )
2026-08-25T22:25:50.203+08:00 DEBUG 99498 --- [ptidss-server] [http-nio-9080-exec-8] c.p.system.mapper.AuditLogMapper.insert  : ==> Parameters: 218013002165784576(Long), eb48a90b4e0b4fb8(String), 4(Long), manager01(String), intel_fetch(String), intel_source(String), {force=true}(String), [{"force":true}](String), 127.0.0.1(String), python-requests/2.31.0(String), fail(String), CN-32(String), 2026-08-25 22:25:50.202(Timestamp)
2026-08-25T22:25:50.205+08:00 DEBUG 99498 --- [ptidss-server] [http-nio-9080-exec-8] c.p.system.mapper.AuditLogMapper.insert  : <==    Updates: 1
2026-08-25T22:25:50.219+08:00  INFO 99498 --- [ptidss-server] [http-nio-9080-exec-10] c.p.intel.service.IntelFetchService      : 情报源模拟采集：INTL-MET-CMA 生成模拟情报
2026-08-25T22:25:50.222+08:00  INFO 99498 --- [ptidss-server] [http-nio-9080-exec-10] c.p.intel.service.IntelFetchService      : 情报源模拟采集：INTL-PRICE-GS 生成模拟情报
2026-08-25T22:25:50.225+08:00  INFO 99498 --- [ptidss-server] [http-nio-9080-exec-10] c.p.intel.service.IntelFetchService      : 情报源模拟采集：INTL-PRICE-SX 生成模拟情报
2026-08-25T22:25:50.231+08:00  INFO 99498 --- [ptidss-server] [http-nio-9080-exec-10] c.p.intel.service.IntelFetchService      : 情报源模拟采集：INTL-GRID-JS 生成模拟情报
2026-08-25T22:25:50.236+08:00  INFO 99498 --- [ptidss-server] [http-nio-9080-exec-10] c.p.intel.service.IntelFetchService      : 情报源模拟采集：INTL-POL-PROV 生成模拟情报
2026-08-25T22:25:50.242+08:00  INFO 99498 --- [ptidss-server] [http-nio-9080-exec-10] c.p.intel.service.IntelFetchService      : 情报源模拟采集：INTL-ANN-GRID 生成模拟情报
2026-08-25T22:25:50.247+08:00  INFO 99498 --- [ptidss-server] [http-nio-9080-exec-10] c.p.intel.service.IntelFetchService      : 情报源模拟采集：INTL-PRICE-PROV 生成模拟情报
2026-08-25T22:25:50.250+08:00  INFO 99498 --- [ptidss-server] [http-nio-9080-exec-10] c.p.intel.service.IntelFetchService      : 情报源模拟采集：INTL-PRICE-GD 生成模拟情报
2026-08-25T22:25:50.256+08:00  INFO 99498 --- [ptidss-server] [http-nio-9080-exec-10] c.p.intel.service.IntelFetchService      : 情报源模拟采集：INTL-POL-ENERGY 生成模拟情报
2026-08-25T22:25:50.261+08:00  INFO 99498 --- [ptidss-server] [http-nio-9080-exec-10] c.p.intel.service.IntelFetchService      : 情报源模拟采集：INTL-NEA 生成模拟情报
2026-08-25T22:25:50.267+08:00  INFO 99498 --- [ptidss-server] [http-nio-9080-exec-10] c.p.intel.service.IntelFetchService      : 情报源模拟采集：INTL-OPI-MEDIA 生成模拟情报
2026-08-25T22:25:50.272+08:00  INFO 99498 --- [ptidss-server] [http-nio-9080-exec-10] c.p.intel.service.IntelFetchService      : 情报源模拟采集：INTL-PRICE-NEM 生成模拟情报
2026-08-25T22:25:50.277+08:00  INFO 99498 --- [ptidss-server] [http-nio-9080-exec-10] c.p.intel.service.IntelFetchService      : 情报源模拟采集：INTL-ANN-SD 生成模拟情报
2026-08-25T22:25:50.280+08:00  INFO 99498 --- [ptidss-server] [http-nio-9080-exec-10] c.p.intel.service.IntelFetchService      : 情报源模拟采集：INTL-PRICE-SD 生成模拟情报
2026-08-25T22:25:50.286+08:00  INFO 99498 --- [ptidss-server] [http-nio-9080-exec-10] c.p.intel.service.IntelFetchService      : 情报源模拟采集：INTL-SD-DEMAND 生成模拟情报
2026-08-25T22:25:50.289+08:00  INFO 99498 --- [ptidss-server] [http-nio-9080-exec-10] c.p.intel.service.IntelFetchService      : 情报源模拟采集：INTL-PRICE-SC 生成模拟情报
2026-08-25T22:25:50.293+08:00  INFO 99498 --- [ptidss-server] [http-nio-9080-exec-10] c.p.intel.service.IntelFetchService      : 情报源模拟采集：INTL-SD-SD 生成模拟情报
2026-08-25T22:25:50.296+08:00  INFO 99498 --- [ptidss-server] [http-nio-9080-exec-10] c.p.intel.service.IntelFetchService      : 情报源模拟采集：INTL-SD-MX 生成模拟情报
2026-08-25T22:25:50.301+08:00  INFO 99498 --- [ptidss-server] [http-nio-9080-exec-10] c.p.intel.service.IntelFetchService      : 情报源模拟采集：INTL-PROV-JS 生成模拟情报
2026-08-25T22:25:50.305+08:00  INFO 99498 --- [ptidss-server] [http-nio-9080-exec-10] c.p.intel.service.IntelFetchService      : 情报源模拟采集：INTL-PRICE-MX 生成模拟情报
2026-08-25T22:25:50.305+08:00  INFO 99498 --- [ptidss-server] [http-nio-9080-exec-10] c.p.intel.service.IntelFetchService      : 行情采集执行完成：到期 20 个（成功 20 / 失败 0 / 跳过未到期 0）
2026-08-25T22:25:50.306+08:00 DEBUG 99498 --- [ptidss-server] [http-nio-9080-exec-10] c.p.system.mapper.AuditLogMapper.insert  : ==>  Preparing: INSERT INTO audit_log ( id, trace_id, user_id, username, action, target_type, target_id, after_snapshot, ip, user_agent, result, region_code, created_at ) VALUES ( ?, ?, ?, ?, ?, ?, ?, ?, ?, ?, ?, ?, ? )
2026-08-25T22:25:50.306+08:00 DEBUG 99498 --- [ptidss-server] [http-nio-9080-exec-10] c.p.system.mapper.AuditLogMapper.insert  : ==> Parameters: 218013002597797888(Long), decaad49f2294bd9(String), 1(Long), admin(String), intel_fetch(String), intel_source(String), {force=true}(String), [{"force":true}](String), 127.0.0.1(String), python-requests/2.31.0(String), success(String), CN-32(String), 2026-08-25 22:25:50.305(Timestamp)
2026-08-25T22:25:50.308+08:00 DEBUG 99498 --- [ptidss-server] [http-nio-9080-exec-10] c.p.system.mapper.AuditLogMapper.insert  : <==    Updates: 1
2026-08-25T22:25:50.314+08:00 DEBUG 99498 --- [ptidss-server] [http-nio-9080-exec-2] c.p.system.mapper.AuditLogMapper.insert  : ==>  Preparing: INSERT INTO audit_log ( id, trace_id, user_id, username, action, target_type, target_id, before_snapshot, ip, user_agent, result, region_code, created_at ) VALUES ( ?, ?, ?, ?, ?, ?, ?, ?, ?, ?, ?, ?, ? )
2026-08-25T22:25:50.315+08:00 DEBUG 99498 --- [ptidss-server] [http-nio-9080-exec-2] c.p.system.mapper.AuditLogMapper.insert  : ==> Parameters: 218013002635546624(Long), 0b8ef8b0ba9741f1(String), 2(Long), trader01(String), user_create(String), sys_user(String), {username=x1, displayName=x}(String), [{"username":"x1","displayName":"x"}](String), 127.0.0.1(String), python-requests/2.31.0(String), fail(String), CN-32(String), 2026-08-25 22:25:50.314(Timestamp)
2026-08-25T22:25:50.316+08:00 DEBUG 99498 --- [ptidss-server] [http-nio-9080-exec-2] c.p.system.mapper.AuditLogMapper.insert  : <==    Updates: 1
2026-08-25T22:25:50.321+08:00 DEBUG 99498 --- [ptidss-server] [http-nio-9080-exec-4] c.p.system.mapper.AuditLogMapper.insert  : ==>  Preparing: INSERT INTO audit_log ( id, trace_id, user_id, username, action, target_type, target_id, before_snapshot, ip, user_agent, result, region_code, created_at ) VALUES ( ?, ?, ?, ?, ?, ?, ?, ?, ?, ?, ?, ?, ? )
2026-08-25T22:25:50.322+08:00 DEBUG 99498 --- [ptidss-server] [http-nio-9080-exec-4] c.p.system.mapper.AuditLogMapper.insert  : ==> Parameters: 218013002664906752(Long), ca2eae2a0b5b4198(String), 3(Long), settle01(String), user_create(String), sys_user(String), {username=x1, displayName=x}(String), [{"username":"x1","displayName":"x"}](String), 127.0.0.1(String), python-requests/2.31.0(String), fail(String), CN-32(String), 2026-08-25 22:25:50.321(Timestamp)
2026-08-25T22:25:50.326+08:00 DEBUG 99498 --- [ptidss-server] [http-nio-9080-exec-4] c.p.system.mapper.AuditLogMapper.insert  : <==    Updates: 1
2026-08-25T22:25:50.334+08:00 DEBUG 99498 --- [ptidss-server] [http-nio-9080-exec-6] c.p.system.mapper.AuditLogMapper.insert  : ==>  Preparing: INSERT INTO audit_log ( id, trace_id, user_id, username, action, target_type, target_id, before_snapshot, ip, user_agent, result, region_code, created_at ) VALUES ( ?, ?, ?, ?, ?, ?, ?, ?, ?, ?, ?, ?, ? )
2026-08-25T22:25:50.335+08:00 DEBUG 99498 --- [ptidss-server] [http-nio-9080-exec-6] c.p.system.mapper.AuditLogMapper.insert  : ==> Parameters: 218013002719432704(Long), 9cba5e3b63924499(String), 4(Long), manager01(String), user_create(String), sys_user(String), {username=x1, displayName=x}(String), [{"username":"x1","displayName":"x"}](String), 127.0.0.1(String), python-requests/2.31.0(String), fail(String), CN-32(String), 2026-08-25 22:25:50.334(Timestamp)
2026-08-25T22:25:50.336+08:00 DEBUG 99498 --- [ptidss-server] [http-nio-9080-exec-6] c.p.system.mapper.AuditLogMapper.insert  : <==    Updates: 1
2026-08-25T22:25:50.389+08:00 DEBUG 99498 --- [ptidss-server] [http-nio-9080-exec-8] c.p.s.mapper.SysUserMapper.selectCount   : ==>  Preparing: SELECT COUNT( * ) AS total FROM sys_user WHERE deleted=false AND (username = ?)
2026-08-25T22:25:50.389+08:00 DEBUG 99498 --- [ptidss-server] [http-nio-9080-exec-8] c.p.s.mapper.SysUserMapper.selectCount   : ==> Parameters: x1(String)
2026-08-25T22:25:50.404+08:00 DEBUG 99498 --- [ptidss-server] [http-nio-9080-exec-8] c.p.s.mapper.SysUserMapper.selectCount   : <==      Total: 1
2026-08-25T22:25:50.502+08:00 DEBUG 99498 --- [ptidss-server] [http-nio-9080-exec-8] c.p.system.mapper.SysUserMapper.insert   : ==>  Preparing: INSERT INTO sys_user ( id, username, display_name, password_hash, status, version, deleted, created_at, updated_at ) VALUES ( ?, ?, ?, ?, ?, ?, ?, ?, ? )
2026-08-25T22:25:50.505+08:00 DEBUG 99498 --- [ptidss-server] [http-nio-9080-exec-8] c.p.system.mapper.SysUserMapper.insert   : ==> Parameters: 218013003017228288(Long), x1(String), x(String), $2a$10$HECsewdPSz.ZjRPeSaSzIe0VxtM0z/fHZF.BJ3FR7yNHncTg.400e(String), active(String), 1(Integer), false(Boolean), 2026-08-25 22:25:50.502(Timestamp), 2026-08-25 22:25:50.502(Timestamp)
2026-08-25T22:25:50.694+08:00 DEBUG 99498 --- [ptidss-server] [http-nio-9080-exec-8] c.p.system.mapper.AuditLogMapper.insert  : ==>  Preparing: INSERT INTO audit_log ( id, trace_id, user_id, username, action, target_type, target_id, before_snapshot, ip, user_agent, result, region_code, created_at ) VALUES ( ?, ?, ?, ?, ?, ?, ?, ?, ?, ?, ?, ?, ? )
2026-08-25T22:25:50.695+08:00 DEBUG 99498 --- [ptidss-server] [http-nio-9080-exec-8] c.p.system.mapper.AuditLogMapper.insert  : ==> Parameters: 218013004225187840(Long), 2a81a60e555c45a3(String), 1(Long), admin(String), user_create(String), sys_user(String), {username=x1, displayName=x}(String), [{"username":"x1","displayName":"x"}](String), 127.0.0.1(String), python-requests/2.31.0(String), fail(String), CN-32(String), 2026-08-25 22:25:50.693(Timestamp)
2026-08-25T22:25:50.696+08:00 DEBUG 99498 --- [ptidss-server] [http-nio-9080-exec-8] c.p.system.mapper.AuditLogMapper.insert  : <==    Updates: 1
2026-08-25T22:25:50.697+08:00  WARN 99498 --- [ptidss-server] [http-nio-9080-exec-8] c.p.c.exception.GlobalExceptionHandler   : 数据完整性约束冲突：ERROR: null value in column "role_ids" of relation "sys_user" violates not-null constraint
  详细：Failing row contains (218013003017228288, x1, x, $2a$10$HECsewdPSz.ZjRPeSaSzIe0VxtM0z/fHZF.BJ3FR7yNHncTg.400e, null, null, null, null, active, null, 2026-08-25 22:25:50.502, 2026-08-25 22:25:50.502, 1, f).
2026-08-25T22:25:50.723+08:00 DEBUG 99498 --- [ptidss-server] [http-nio-9080-exec-10] c.p.system.mapper.AuditLogMapper.insert  : ==>  Preparing: INSERT INTO audit_log ( id, trace_id, user_id, username, action, target_type, target_id, before_snapshot, ip, user_agent, result, region_code, created_at ) VALUES ( ?, ?, ?, ?, ?, ?, ?, ?, ?, ?, ?, ?, ? )
2026-08-25T22:25:50.724+08:00 DEBUG 99498 --- [ptidss-server] [http-nio-9080-exec-10] c.p.system.mapper.AuditLogMapper.insert  : ==> Parameters: 218013004279713792(Long), 42bbe0594d0647f3(String), 2(Long), trader01(String), role_create(String), sys_role(String), SysRole(id=null, roleCode=xr, roleName=x, description=null, stat(String), [{"roleCode":"xr","roleName":"x"}](String), 127.0.0.1(String), python-requests/2.31.0(String), fail(String), CN-32(String), 2026-08-25 22:25:50.707(Timestamp)
2026-08-25T22:25:50.725+08:00 DEBUG 99498 --- [ptidss-server] [http-nio-9080-exec-10] c.p.system.mapper.AuditLogMapper.insert  : <==    Updates: 1
2026-08-25T22:25:50.732+08:00 DEBUG 99498 --- [ptidss-server] [http-nio-9080-exec-2] c.p.system.mapper.AuditLogMapper.insert  : ==>  Preparing: INSERT INTO audit_log ( id, trace_id, user_id, username, action, target_type, target_id, before_snapshot, ip, user_agent, result, region_code, created_at ) VALUES ( ?, ?, ?, ?, ?, ?, ?, ?, ?, ?, ?, ?, ? )
2026-08-25T22:25:50.733+08:00 DEBUG 99498 --- [ptidss-server] [http-nio-9080-exec-2] c.p.system.mapper.AuditLogMapper.insert  : ==> Parameters: 218013004388765696(Long), be10461abb994339(String), 3(Long), settle01(String), role_create(String), sys_role(String), SysRole(id=null, roleCode=xr, roleName=x, description=null, stat(String), [{"roleCode":"xr","roleName":"x"}](String), 127.0.0.1(String), python-requests/2.31.0(String), fail(String), CN-32(String), 2026-08-25 22:25:50.732(Timestamp)
2026-08-25T22:25:50.734+08:00 DEBUG 99498 --- [ptidss-server] [http-nio-9080-exec-2] c.p.system.mapper.AuditLogMapper.insert  : <==    Updates: 1
2026-08-25T22:25:50.744+08:00 DEBUG 99498 --- [ptidss-server] [http-nio-9080-exec-4] c.p.system.mapper.AuditLogMapper.insert  : ==>  Preparing: INSERT INTO audit_log ( id, trace_id, user_id, username, action, target_type, target_id, before_snapshot, ip, user_agent, result, region_code, created_at ) VALUES ( ?, ?, ?, ?, ?, ?, ?, ?, ?, ?, ?, ?, ? )
2026-08-25T22:25:50.744+08:00 DEBUG 99498 --- [ptidss-server] [http-nio-9080-exec-4] c.p.system.mapper.AuditLogMapper.insert  : ==> Parameters: 218013004434903040(Long), 90ea78d908bc4cee(String), 4(Long), manager01(String), role_create(String), sys_role(String), SysRole(id=null, roleCode=xr, roleName=x, description=null, stat(String), [{"roleCode":"xr","roleName":"x"}](String), 127.0.0.1(String), python-requests/2.31.0(String), fail(String), CN-32(String), 2026-08-25 22:25:50.743(Timestamp)
2026-08-25T22:25:50.746+08:00 DEBUG 99498 --- [ptidss-server] [http-nio-9080-exec-4] c.p.system.mapper.AuditLogMapper.insert  : <==    Updates: 1
2026-08-25T22:25:50.755+08:00 DEBUG 99498 --- [ptidss-server] [http-nio-9080-exec-5] c.p.system.mapper.AuditLogMapper.insert  : ==>  Preparing: INSERT INTO audit_log ( id, trace_id, user_id, username, action, target_type, target_id, before_snapshot, ip, user_agent, result, region_code, created_at ) VALUES ( ?, ?, ?, ?, ?, ?, ?, ?, ?, ?, ?, ?, ? )
2026-08-25T22:25:50.755+08:00 DEBUG 99498 --- [ptidss-server] [http-nio-9080-exec-5] c.p.system.mapper.AuditLogMapper.insert  : ==> Parameters: 218013004481040384(Long), d7725d0cc21140ed(String), 1(Long), admin(String), role_create(String), sys_role(String), SysRole(id=null, roleCode=xr, roleName=x, description=null, stat(String), [{"roleCode":"xr","roleName":"x"}](String), 127.0.0.1(String), python-requests/2.31.0(String), fail(String), CN-32(String), 2026-08-25 22:25:50.754(Timestamp)
2026-08-25T22:25:50.757+08:00 DEBUG 99498 --- [ptidss-server] [http-nio-9080-exec-5] c.p.system.mapper.AuditLogMapper.insert  : <==    Updates: 1
2026-08-25T22:25:50.777+08:00 DEBUG 99498 --- [ptidss-server] [http-nio-9080-exec-8] c.p.system.mapper.AuditLogMapper.insert  : ==>  Preparing: INSERT INTO audit_log ( id, trace_id, user_id, username, action, target_type, target_id, before_snapshot, ip, user_agent, result, region_code, created_at ) VALUES ( ?, ?, ?, ?, ?, ?, ?, ?, ?, ?, ?, ?, ? )
2026-08-25T22:25:50.778+08:00 DEBUG 99498 --- [ptidss-server] [http-nio-9080-exec-8] c.p.system.mapper.AuditLogMapper.insert  : ==> Parameters: 218013004531372032(Long), 61f623a750914140(String), 2(Long), trader01(String), permission_create(String), sys_permission(String), SysPermission(id=null, permCode=xp, permName=x, resourceType=nul(String), [{"permCode":"xp","permName":"x"}](String), 127.0.0.1(String), python-requests/2.31.0(String), fail(String), CN-32(String), 2026-08-25 22:25:50.766(Timestamp)
2026-08-25T22:25:50.779+08:00 DEBUG 99498 --- [ptidss-server] [http-nio-9080-exec-8] c.p.system.mapper.AuditLogMapper.insert  : <==    Updates: 1
2026-08-25T22:25:50.788+08:00 DEBUG 99498 --- [ptidss-server] [http-nio-9080-exec-10] c.p.system.mapper.AuditLogMapper.insert  : ==>  Preparing: INSERT INTO audit_log ( id, trace_id, user_id, username, action, target_type, target_id, before_snapshot, ip, user_agent, result, region_code, created_at ) VALUES ( ?, ?, ?, ?, ?, ?, ?, ?, ?, ?, ?, ?, ? )
2026-08-25T22:25:50.788+08:00 DEBUG 99498 --- [ptidss-server] [http-nio-9080-exec-10] c.p.system.mapper.AuditLogMapper.insert  : ==> Parameters: 218013004619452416(Long), 97052e7b5ab94efa(String), 3(Long), settle01(String), permission_create(String), sys_permission(String), SysPermission(id=null, permCode=xp, permName=x, resourceType=nul(String), [{"permCode":"xp","permName":"x"}](String), 127.0.0.1(String), python-requests/2.31.0(String), fail(String), CN-32(String), 2026-08-25 22:25:50.787(Timestamp)
2026-08-25T22:25:50.790+08:00 DEBUG 99498 --- [ptidss-server] [http-nio-9080-exec-10] c.p.system.mapper.AuditLogMapper.insert  : <==    Updates: 1
2026-08-25T22:25:50.797+08:00 DEBUG 99498 --- [ptidss-server] [http-nio-9080-exec-2] c.p.system.mapper.AuditLogMapper.insert  : ==>  Preparing: INSERT INTO audit_log ( id, trace_id, user_id, username, action, target_type, target_id, before_snapshot, ip, user_agent, result, region_code, created_at ) VALUES ( ?, ?, ?, ?, ?, ?, ?, ?, ?, ?, ?, ?, ? )
2026-08-25T22:25:50.797+08:00 DEBUG 99498 --- [ptidss-server] [http-nio-9080-exec-2] c.p.system.mapper.AuditLogMapper.insert  : ==> Parameters: 218013004657201152(Long), 457a76fc84014e4c(String), 4(Long), manager01(String), permission_create(String), sys_permission(String), SysPermission(id=null, permCode=xp, permName=x, resourceType=nul(String), [{"permCode":"xp","permName":"x"}](String), 127.0.0.1(String), python-requests/2.31.0(String), fail(String), CN-32(String), 2026-08-25 22:25:50.796(Timestamp)
2026-08-25T22:25:50.799+08:00 DEBUG 99498 --- [ptidss-server] [http-nio-9080-exec-2] c.p.system.mapper.AuditLogMapper.insert  : <==    Updates: 1
2026-08-25T22:25:50.807+08:00 DEBUG 99498 --- [ptidss-server] [http-nio-9080-exec-4] c.p.s.mapper.SysPermissionMapper.insert  : ==>  Preparing: INSERT INTO sys_permission ( id, perm_code, perm_name, resource_pattern, status, version, deleted, created_at, updated_at ) VALUES ( ?, ?, ?, ?, ?, ?, ?, ?, ? )
2026-08-25T22:25:50.807+08:00 DEBUG 99498 --- [ptidss-server] [http-nio-9080-exec-4] c.p.s.mapper.SysPermissionMapper.insert  : ==> Parameters: 218013004699144192(Long), xp(String), x(String), -(String), active(String), 1(Integer), false(Boolean), 2026-08-25 22:25:50.806(Timestamp), 2026-08-25 22:25:50.806(Timestamp)
2026-08-25T22:25:50.839+08:00 DEBUG 99498 --- [ptidss-server] [http-nio-9080-exec-4] c.p.system.mapper.AuditLogMapper.insert  : ==>  Preparing: INSERT INTO audit_log ( id, trace_id, user_id, username, action, target_type, target_id, before_snapshot, ip, user_agent, result, region_code, created_at ) VALUES ( ?, ?, ?, ?, ?, ?, ?, ?, ?, ?, ?, ?, ? )
2026-08-25T22:25:50.839+08:00 DEBUG 99498 --- [ptidss-server] [http-nio-9080-exec-4] c.p.system.mapper.AuditLogMapper.insert  : ==> Parameters: 218013004711727104(Long), c49fd85c0e6b4476(String), 1(Long), admin(String), permission_create(String), sys_permission(String), SysPermission(id=218013004699144192, permCode=xp, permName=x, re(String), [{"createdAt":"2026-08-25 22:25:50","deleted":false,"id":218013004699144192,"permCode":"xp","permName":"x","resourcePattern":"-","status":"active","updatedAt":"2026-08-25 22:25:50","version":1}](String), 127.0.0.1(String), python-requests/2.31.0(String), fail(String), CN-32(String), 2026-08-25 22:25:50.809(Timestamp)
2026-08-25T22:25:50.841+08:00 DEBUG 99498 --- [ptidss-server] [http-nio-9080-exec-4] c.p.system.mapper.AuditLogMapper.insert  : <==    Updates: 1
2026-08-25T22:25:50.841+08:00  WARN 99498 --- [ptidss-server] [http-nio-9080-exec-4] c.p.c.exception.GlobalExceptionHandler   : 数据完整性约束冲突：ERROR: null value in column "resource_type" of relation "sys_permission" violates not-null constraint
  详细：Failing row contains (218013004699144192, xp, x, null, -, active, 2026-08-25 22:25:50.806, 2026-08-25 22:25:50.806, 1, f).
2026-08-25T22:25:50.864+08:00 DEBUG 99498 --- [ptidss-server] [http-nio-9080-exec-5] c.p.system.mapper.AuditLogMapper.insert  : ==>  Preparing: INSERT INTO audit_log ( id, trace_id, user_id, username, action, target_type, target_id, before_snapshot, ip, user_agent, result, region_code, created_at ) VALUES ( ?, ?, ?, ?, ?, ?, ?, ?, ?, ?, ?, ?, ? )
2026-08-25T22:25:50.865+08:00 DEBUG 99498 --- [ptidss-server] [http-nio-9080-exec-5] c.p.system.mapper.AuditLogMapper.insert  : ==> Parameters: 218013004883693568(Long), 7939d335a40a434a(String), 2(Long), trader01(String), region_create(String), sys_region(String), SysRegion(id=null, regionCode=CN-XX, regionName=x, marketSupport(String), [{"regionCode":"CN-XX","regionName":"x"}](String), 127.0.0.1(String), python-requests/2.31.0(String), fail(String), CN-32(String), 2026-08-25 22:25:50.852(Timestamp)
2026-08-25T22:25:50.866+08:00 DEBUG 99498 --- [ptidss-server] [http-nio-9080-exec-5] c.p.system.mapper.AuditLogMapper.insert  : <==    Updates: 1
2026-08-25T22:25:50.874+08:00 DEBUG 99498 --- [ptidss-server] [http-nio-9080-exec-8] c.p.system.mapper.AuditLogMapper.insert  : ==>  Preparing: INSERT INTO audit_log ( id, trace_id, user_id, username, action, target_type, target_id, before_snapshot, ip, user_agent, result, region_code, created_at ) VALUES ( ?, ?, ?, ?, ?, ?, ?, ?, ?, ?, ?, ?, ? )
2026-08-25T22:25:50.874+08:00 DEBUG 99498 --- [ptidss-server] [http-nio-9080-exec-8] c.p.system.mapper.AuditLogMapper.insert  : ==> Parameters: 218013004980162560(Long), 49a4c156eaa24175(String), 3(Long), settle01(String), region_create(String), sys_region(String), SysRegion(id=null, regionCode=CN-XX, regionName=x, marketSupport(String), [{"regionCode":"CN-XX","regionName":"x"}](String), 127.0.0.1(String), python-requests/2.31.0(String), fail(String), CN-32(String), 2026-08-25 22:25:50.873(Timestamp)
2026-08-25T22:25:50.876+08:00 DEBUG 99498 --- [ptidss-server] [http-nio-9080-exec-8] c.p.system.mapper.AuditLogMapper.insert  : <==    Updates: 1
2026-08-25T22:25:50.883+08:00 DEBUG 99498 --- [ptidss-server] [http-nio-9080-exec-10] c.p.system.mapper.AuditLogMapper.insert  : ==>  Preparing: INSERT INTO audit_log ( id, trace_id, user_id, username, action, target_type, target_id, before_snapshot, ip, user_agent, result, region_code, created_at ) VALUES ( ?, ?, ?, ?, ?, ?, ?, ?, ?, ?, ?, ?, ? )
2026-08-25T22:25:50.884+08:00 DEBUG 99498 --- [ptidss-server] [http-nio-9080-exec-10] c.p.system.mapper.AuditLogMapper.insert  : ==> Parameters: 218013005022105600(Long), e0828820b8da463c(String), 4(Long), manager01(String), region_create(String), sys_region(String), SysRegion(id=null, regionCode=CN-XX, regionName=x, marketSupport(String), [{"regionCode":"CN-XX","regionName":"x"}](String), 127.0.0.1(String), python-requests/2.31.0(String), fail(String), CN-32(String), 2026-08-25 22:25:50.883(Timestamp)
2026-08-25T22:25:50.885+08:00 DEBUG 99498 --- [ptidss-server] [http-nio-9080-exec-10] c.p.system.mapper.AuditLogMapper.insert  : <==    Updates: 1
2026-08-25T22:25:50.894+08:00 DEBUG 99498 --- [ptidss-server] [http-nio-9080-exec-2] c.p.s.m.SysRegionMapper.selectCount      : ==>  Preparing: SELECT COUNT( * ) AS total FROM sys_region WHERE deleted=false AND (region_code = ?)
2026-08-25T22:25:50.895+08:00 DEBUG 99498 --- [ptidss-server] [http-nio-9080-exec-2] c.p.s.m.SysRegionMapper.selectCount      : ==> Parameters: CN-XX(String)
2026-08-25T22:25:50.895+08:00 DEBUG 99498 --- [ptidss-server] [http-nio-9080-exec-2] c.p.s.m.SysRegionMapper.selectCount      : <==      Total: 1
2026-08-25T22:25:50.897+08:00 DEBUG 99498 --- [ptidss-server] [http-nio-9080-exec-2] c.p.s.mapper.SysRegionMapper.insert      : ==>  Preparing: INSERT INTO sys_region ( id, region_code, region_name, status, version, deleted, created_at, updated_at ) VALUES ( ?, ?, ?, ?, ?, ?, ?, ? )
2026-08-25T22:25:50.898+08:00 DEBUG 99498 --- [ptidss-server] [http-nio-9080-exec-2] c.p.s.mapper.SysRegionMapper.insert      : ==> Parameters: 218013005080825856(Long), CN-XX(String), x(String), enabled(String), 1(Integer), false(Boolean), 2026-08-25 22:25:50.897(Timestamp), 2026-08-25 22:25:50.897(Timestamp)
2026-08-25T22:25:50.901+08:00 DEBUG 99498 --- [ptidss-server] [http-nio-9080-exec-2] c.p.system.mapper.AuditLogMapper.insert  : ==>  Preparing: INSERT INTO audit_log ( id, trace_id, user_id, username, action, target_type, target_id, before_snapshot, ip, user_agent, result, region_code, created_at ) VALUES ( ?, ?, ?, ?, ?, ?, ?, ?, ?, ?, ?, ?, ? )
2026-08-25T22:25:50.901+08:00 DEBUG 99498 --- [ptidss-server] [http-nio-9080-exec-2] c.p.system.mapper.AuditLogMapper.insert  : ==> Parameters: 218013005089214464(Long), 1061cbf5013a4086(String), 1(Long), admin(String), region_create(String), sys_region(String), SysRegion(id=218013005080825856, regionCode=CN-XX, regionName=x,(String), [{"createdAt":"2026-08-25 22:25:50","deleted":false,"id":218013005080825856,"regionCode":"CN-XX","regionName":"x","status":"enabled","updatedAt":"2026-08-25 22:25:50","version":1}](String), 127.0.0.1(String), python-requests/2.31.0(String), fail(String), CN-32(String), 2026-08-25 22:25:50.899(Timestamp)
2026-08-25T22:25:50.903+08:00 DEBUG 99498 --- [ptidss-server] [http-nio-9080-exec-2] c.p.system.mapper.AuditLogMapper.insert  : <==    Updates: 1
2026-08-25T22:25:50.903+08:00  WARN 99498 --- [ptidss-server] [http-nio-9080-exec-2] c.p.c.exception.GlobalExceptionHandler   : 数据完整性约束冲突：ERROR: null value in column "market_support" of relation "sys_region" violates not-null constraint
  详细：Failing row contains (218013005080825856, CN-XX, x, null, rest, natural_month, enabled, null, 2026-08-25 22:25:50.897, 2026-08-25 22:25:50.897, 1, f).
2026-08-25T22:25:50.923+08:00 DEBUG 99498 --- [ptidss-server] [http-nio-9080-exec-4] c.p.system.mapper.AuditLogMapper.insert  : ==>  Preparing: INSERT INTO audit_log ( id, trace_id, user_id, username, action, target_type, target_id, before_snapshot, ip, user_agent, result, region_code, created_at ) VALUES ( ?, ?, ?, ?, ?, ?, ?, ?, ?, ?, ?, ?, ? )
2026-08-25T22:25:50.923+08:00 DEBUG 99498 --- [ptidss-server] [http-nio-9080-exec-4] c.p.system.mapper.AuditLogMapper.insert  : ==> Parameters: 218013005135351808(Long), e24145589cdd4274(String), 2(Long), trader01(String), sys_config_create(String), sys_config(String), SysConfig(id=null, configKey=x, configName=x, description=null, (String), [{"configKey":"x","configName":"x"}](String), 127.0.0.1(String), python-requests/2.31.0(String), fail(String), CN-32(String), 2026-08-25 22:25:50.912(Timestamp)
2026-08-25T22:25:50.925+08:00 DEBUG 99498 --- [ptidss-server] [http-nio-9080-exec-4] c.p.system.mapper.AuditLogMapper.insert  : <==    Updates: 1
2026-08-25T22:25:50.931+08:00 DEBUG 99498 --- [ptidss-server] [http-nio-9080-exec-5] c.p.system.mapper.AuditLogMapper.insert  : ==>  Preparing: INSERT INTO audit_log ( id, trace_id, user_id, username, action, target_type, target_id, before_snapshot, ip, user_agent, result, region_code, created_at ) VALUES ( ?, ?, ?, ?, ?, ?, ?, ?, ?, ?, ?, ?, ? )
2026-08-25T22:25:50.931+08:00 DEBUG 99498 --- [ptidss-server] [http-nio-9080-exec-5] c.p.system.mapper.AuditLogMapper.insert  : ==> Parameters: 218013005223432192(Long), e4fb946eace24c3e(String), 3(Long), settle01(String), sys_config_create(String), sys_config(String), SysConfig(id=null, configKey=x, configName=x, description=null, (String), [{"configKey":"x","configName":"x"}](String), 127.0.0.1(String), python-requests/2.31.0(String), fail(String), CN-32(String), 2026-08-25 22:25:50.931(Timestamp)
2026-08-25T22:25:50.933+08:00 DEBUG 99498 --- [ptidss-server] [http-nio-9080-exec-5] c.p.system.mapper.AuditLogMapper.insert  : <==    Updates: 1
2026-08-25T22:25:50.939+08:00 DEBUG 99498 --- [ptidss-server] [http-nio-9080-exec-8] c.p.system.mapper.AuditLogMapper.insert  : ==>  Preparing: INSERT INTO audit_log ( id, trace_id, user_id, username, action, target_type, target_id, before_snapshot, ip, user_agent, result, region_code, created_at ) VALUES ( ?, ?, ?, ?, ?, ?, ?, ?, ?, ?, ?, ?, ? )
2026-08-25T22:25:50.940+08:00 DEBUG 99498 --- [ptidss-server] [http-nio-9080-exec-8] c.p.system.mapper.AuditLogMapper.insert  : ==> Parameters: 218013005252792320(Long), f03c1c08b9c34834(String), 4(Long), manager01(String), sys_config_create(String), sys_config(String), SysConfig(id=null, configKey=x, configName=x, description=null, (String), [{"configKey":"x","configName":"x"}](String), 127.0.0.1(String), python-requests/2.31.0(String), fail(String), CN-32(String), 2026-08-25 22:25:50.938(Timestamp)
2026-08-25T22:25:50.942+08:00 DEBUG 99498 --- [ptidss-server] [http-nio-9080-exec-8] c.p.system.mapper.AuditLogMapper.insert  : <==    Updates: 1
2026-08-25T22:25:50.948+08:00 DEBUG 99498 --- [ptidss-server] [http-nio-9080-exec-10] c.p.s.m.S.createTableIfNotExists         : ==>  Preparing: CREATE TABLE IF NOT EXISTS sys_config (id BIGINT PRIMARY KEY, config_key VARCHAR(64) NOT NULL, config_name VARCHAR(128) NOT NULL, description VARCHAR(255), config_group VARCHAR(32) NOT NULL, config_type VARCHAR(16) NOT NULL DEFAULT 'string' CHECK (config_type IN ('string','number','boolean','select','json')), enum_values JSONB, value JSONB NOT NULL, is_sensitive BOOLEAN NOT NULL DEFAULT FALSE, is_builtin BOOLEAN NOT NULL DEFAULT TRUE, status VARCHAR(8) NOT NULL DEFAULT 'enabled' CHECK (status IN ('enabled','disabled')), sort_order INT NOT NULL DEFAULT 100, created_at TIMESTAMP NOT NULL DEFAULT now(), updated_at TIMESTAMP NOT NULL DEFAULT now(), version INT NOT NULL DEFAULT 1, deleted BOOLEAN NOT NULL DEFAULT FALSE)
2026-08-25T22:25:50.949+08:00 DEBUG 99498 --- [ptidss-server] [http-nio-9080-exec-10] c.p.s.m.S.createTableIfNotExists         : ==> Parameters: 
2026-08-25T22:25:50.949+08:00 DEBUG 99498 --- [ptidss-server] [http-nio-9080-exec-10] c.p.s.m.S.createTableIfNotExists         : <==    Updates: 0
2026-08-25T22:25:50.950+08:00 DEBUG 99498 --- [ptidss-server] [http-nio-9080-exec-10] c.p.s.m.S.createUniqueIndex              : ==>  Preparing: CREATE UNIQUE INDEX IF NOT EXISTS uk_sys_config_key ON sys_config(config_key) WHERE NOT deleted
2026-08-25T22:25:50.950+08:00 DEBUG 99498 --- [ptidss-server] [http-nio-9080-exec-10] c.p.s.m.S.createUniqueIndex              : ==> Parameters: 
2026-08-25T22:25:50.951+08:00 DEBUG 99498 --- [ptidss-server] [http-nio-9080-exec-10] c.p.s.m.S.createUniqueIndex              : <==    Updates: 0
2026-08-25T22:25:50.952+08:00 DEBUG 99498 --- [ptidss-server] [http-nio-9080-exec-10] c.p.s.m.SysConfigMapper.selectCount      : ==>  Preparing: SELECT COUNT( * ) AS total FROM sys_config WHERE deleted=false
2026-08-25T22:25:50.952+08:00 DEBUG 99498 --- [ptidss-server] [http-nio-9080-exec-10] c.p.s.m.SysConfigMapper.selectCount      : ==> Parameters: 
2026-08-25T22:25:50.953+08:00 DEBUG 99498 --- [ptidss-server] [http-nio-9080-exec-10] c.p.s.m.SysConfigMapper.selectCount      : <==      Total: 1
2026-08-25T22:25:50.954+08:00 DEBUG 99498 --- [ptidss-server] [http-nio-9080-exec-10] c.p.system.mapper.AuditLogMapper.insert  : ==>  Preparing: INSERT INTO audit_log ( id, trace_id, user_id, username, action, target_type, target_id, before_snapshot, ip, user_agent, result, region_code, created_at ) VALUES ( ?, ?, ?, ?, ?, ?, ?, ?, ?, ?, ?, ?, ? )
2026-08-25T22:25:50.955+08:00 DEBUG 99498 --- [ptidss-server] [http-nio-9080-exec-10] c.p.system.mapper.AuditLogMapper.insert  : ==> Parameters: 218013005319901184(Long), 117efbf4950b4d84(String), 1(Long), admin(String), sys_config_create(String), sys_config(String), SysConfig(id=null, configKey=x, configName=x, description=null, (String), [{"configKey":"x","configName":"x"}](String), 127.0.0.1(String), python-requests/2.31.0(String), fail(String), CN-32(String), 2026-08-25 22:25:50.954(Timestamp)
2026-08-25T22:25:50.957+08:00 DEBUG 99498 --- [ptidss-server] [http-nio-9080-exec-10] c.p.system.mapper.AuditLogMapper.insert  : <==    Updates: 1
2026-08-25T22:25:50.988+08:00 DEBUG 99498 --- [ptidss-server] [http-nio-9080-exec-3] c.p.s.mapper.SysRoleMapper.selectList    : ==>  Preparing: SELECT id,role_code,role_name,description,status,version,deleted,created_at,updated_at FROM sys_role WHERE deleted=false
2026-08-25T22:25:50.989+08:00 DEBUG 99498 --- [ptidss-server] [http-nio-9080-exec-3] c.p.s.mapper.SysRoleMapper.selectList    : ==> Parameters: 
2026-08-25T22:25:50.991+08:00 DEBUG 99498 --- [ptidss-server] [http-nio-9080-exec-3] c.p.s.mapper.SysRoleMapper.selectList    : <==      Total: 7
2026-08-25T22:25:50.992+08:00 DEBUG 99498 --- [ptidss-server] [http-nio-9080-exec-3] c.p.s.mapper.SysUserMapper.selectList    : ==>  Preparing: SELECT id,username,display_name,password_hash,role_ids,org_code,phone,email,status,last_login_at,version,deleted,created_at,updated_at FROM sys_user WHERE deleted=false AND (role_ids @> ANY (ARRAY['[1]','[2]','[3]','[4]','[5]','[6]','[7]']::jsonb[]))
2026-08-25T22:25:50.993+08:00 DEBUG 99498 --- [ptidss-server] [http-nio-9080-exec-3] c.p.s.mapper.SysUserMapper.selectList    : ==> Parameters: 
2026-08-25T22:25:50.994+08:00 DEBUG 99498 --- [ptidss-server] [http-nio-9080-exec-3] c.p.s.mapper.SysUserMapper.selectList    : <==      Total: 4
2026-08-25T22:25:50.998+08:00  INFO 99498 --- [ptidss-server] [http-nio-9080-exec-3] com.ptidss.intel.service.IntelService    : 情报推送执行完成：匹配情报 0 条，派发消息 0 条，触发决策会话情报重评 0 个
2026-08-25T22:25:51.020+08:00 DEBUG 99498 --- [ptidss-server] [http-nio-9080-exec-6] c.p.s.mapper.SysRoleMapper.selectList    : ==>  Preparing: SELECT id,role_code,role_name,description,status,version,deleted,created_at,updated_at FROM sys_role WHERE deleted=false
2026-08-25T22:25:51.020+08:00 DEBUG 99498 --- [ptidss-server] [http-nio-9080-exec-6] c.p.s.mapper.SysRoleMapper.selectList    : ==> Parameters: 
2026-08-25T22:25:51.021+08:00 DEBUG 99498 --- [ptidss-server] [http-nio-9080-exec-6] c.p.s.mapper.SysRoleMapper.selectList    : <==      Total: 7
2026-08-25T22:25:51.022+08:00 DEBUG 99498 --- [ptidss-server] [http-nio-9080-exec-6] c.p.s.mapper.SysUserMapper.selectList    : ==>  Preparing: SELECT id,username,display_name,password_hash,role_ids,org_code,phone,email,status,last_login_at,version,deleted,created_at,updated_at FROM sys_user WHERE deleted=false AND (role_ids @> ANY (ARRAY['[1]','[2]','[3]','[4]','[5]','[6]','[7]']::jsonb[]))
2026-08-25T22:25:51.022+08:00 DEBUG 99498 --- [ptidss-server] [http-nio-9080-exec-6] c.p.s.mapper.SysUserMapper.selectList    : ==> Parameters: 
2026-08-25T22:25:51.023+08:00 DEBUG 99498 --- [ptidss-server] [http-nio-9080-exec-6] c.p.s.mapper.SysUserMapper.selectList    : <==      Total: 4
2026-08-25T22:25:51.028+08:00  INFO 99498 --- [ptidss-server] [http-nio-9080-exec-6] com.ptidss.intel.service.IntelService    : 情报推送执行完成：匹配情报 0 条，派发消息 0 条，触发决策会话情报重评 0 个
2026-08-25T22:25:57.878+08:00 DEBUG 99498 --- [ptidss-server] [ptidss-sched-1] c.p.s.mapper.SysRoleMapper.selectList    : ==>  Preparing: SELECT id,role_code,role_name,description,status,version,deleted,created_at,updated_at FROM sys_role WHERE deleted=false
2026-08-25T22:25:57.878+08:00 DEBUG 99498 --- [ptidss-server] [ptidss-sched-1] c.p.s.mapper.SysRoleMapper.selectList    : ==> Parameters: 
2026-08-25T22:25:57.880+08:00 DEBUG 99498 --- [ptidss-server] [ptidss-sched-1] c.p.s.mapper.SysRoleMapper.selectList    : <==      Total: 7
2026-08-25T22:25:57.880+08:00 DEBUG 99498 --- [ptidss-server] [ptidss-sched-1] c.p.s.mapper.SysUserMapper.selectList    : ==>  Preparing: SELECT id,username,display_name,password_hash,role_ids,org_code,phone,email,status,last_login_at,version,deleted,created_at,updated_at FROM sys_user WHERE deleted=false AND (role_ids @> ANY (ARRAY['[1]','[2]','[3]','[4]','[5]','[6]','[7]']::jsonb[]))
2026-08-25T22:25:57.880+08:00 DEBUG 99498 --- [ptidss-server] [ptidss-sched-1] c.p.s.mapper.SysUserMapper.selectList    : ==> Parameters: 
2026-08-25T22:25:57.882+08:00 DEBUG 99498 --- [ptidss-server] [ptidss-sched-1] c.p.s.mapper.SysUserMapper.selectList    : <==      Total: 4
2026-08-25T22:25:57.885+08:00  INFO 99498 --- [ptidss-server] [ptidss-sched-1] com.ptidss.intel.service.IntelService    : 情报推送执行完成：匹配情报 0 条，派发消息 0 条，触发决策会话情报重评 0 个
2026-08-25T22:26:17.502+08:00  INFO 99498 --- [ptidss-server] [ptidss-sched-4] c.p.intel.service.IntelFetchService      : 行情采集执行完成：到期 0 个（成功 0 / 失败 0 / 跳过未到期 20）
2026-08-25T22:26:27.910+08:00 DEBUG 99498 --- [ptidss-server] [ptidss-sched-2] c.p.s.mapper.SysRoleMapper.selectList    : ==>  Preparing: SELECT id,role_code,role_name,description,status,version,deleted,created_at,updated_at FROM sys_role WHERE deleted=false
2026-08-25T22:26:27.910+08:00 DEBUG 99498 --- [ptidss-server] [ptidss-sched-2] c.p.s.mapper.SysRoleMapper.selectList    : ==> Parameters: 
2026-08-25T22:26:27.911+08:00 DEBUG 99498 --- [ptidss-server] [ptidss-sched-2] c.p.s.mapper.SysRoleMapper.selectList    : <==      Total: 7
2026-08-25T22:26:27.911+08:00 DEBUG 99498 --- [ptidss-server] [ptidss-sched-2] c.p.s.mapper.SysUserMapper.selectList    : ==>  Preparing: SELECT id,username,display_name,password_hash,role_ids,org_code,phone,email,status,last_login_at,version,deleted,created_at,updated_at FROM sys_user WHERE deleted=false AND (role_ids @> ANY (ARRAY['[1]','[2]','[3]','[4]','[5]','[6]','[7]']::jsonb[]))
2026-08-25T22:26:27.911+08:00 DEBUG 99498 --- [ptidss-server] [ptidss-sched-2] c.p.s.mapper.SysUserMapper.selectList    : ==> Parameters: 
2026-08-25T22:26:27.913+08:00 DEBUG 99498 --- [ptidss-server] [ptidss-sched-2] c.p.s.mapper.SysUserMapper.selectList    : <==      Total: 4
2026-08-25T22:26:27.916+08:00  INFO 99498 --- [ptidss-server] [ptidss-sched-2] com.ptidss.intel.service.IntelService    : 情报推送执行完成：匹配情报 0 条，派发消息 0 条，触发决策会话情报重评 0 个
2026-08-25T22:26:57.953+08:00 DEBUG 99498 --- [ptidss-server] [ptidss-sched-2] c.p.s.mapper.SysRoleMapper.selectList    : ==>  Preparing: SELECT id,role_code,role_name,description,status,version,deleted,created_at,updated_at FROM sys_role WHERE deleted=false
2026-08-25T22:26:57.954+08:00 DEBUG 99498 --- [ptidss-server] [ptidss-sched-2] c.p.s.mapper.SysRoleMapper.selectList    : ==> Parameters: 
2026-08-25T22:26:57.956+08:00 DEBUG 99498 --- [ptidss-server] [ptidss-sched-2] c.p.s.mapper.SysRoleMapper.selectList    : <==      Total: 7
2026-08-25T22:26:57.956+08:00 DEBUG 99498 --- [ptidss-server] [ptidss-sched-2] c.p.s.mapper.SysUserMapper.selectList    : ==>  Preparing: SELECT id,username,display_name,password_hash,role_ids,org_code,phone,email,status,last_login_at,version,deleted,created_at,updated_at FROM sys_user WHERE deleted=false AND (role_ids @> ANY (ARRAY['[1]','[2]','[3]','[4]','[5]','[6]','[7]']::jsonb[]))
2026-08-25T22:26:57.957+08:00 DEBUG 99498 --- [ptidss-server] [ptidss-sched-2] c.p.s.mapper.SysUserMapper.selectList    : ==> Parameters: 
2026-08-25T22:26:57.958+08:00 DEBUG 99498 --- [ptidss-server] [ptidss-sched-2] c.p.s.mapper.SysUserMapper.selectList    : <==      Total: 4
2026-08-25T22:26:57.961+08:00  INFO 99498 --- [ptidss-server] [ptidss-sched-2] com.ptidss.intel.service.IntelService    : 情报推送执行完成：匹配情报 0 条，派发消息 0 条，触发决策会话情报重评 0 个
2026-08-25T22:27:17.507+08:00  INFO 99498 --- [ptidss-server] [ptidss-sched-1] c.p.intel.service.IntelFetchService      : 行情采集执行完成：到期 0 个（成功 0 / 失败 0 / 跳过未到期 20）
2026-08-25T22:27:27.997+08:00 DEBUG 99498 --- [ptidss-server] [ptidss-sched-3] c.p.s.mapper.SysRoleMapper.selectList    : ==>  Preparing: SELECT id,role_code,role_name,description,status,version,deleted,created_at,updated_at FROM sys_role WHERE deleted=false
2026-08-25T22:27:27.998+08:00 DEBUG 99498 --- [ptidss-server] [ptidss-sched-3] c.p.s.mapper.SysRoleMapper.selectList    : ==> Parameters: 
2026-08-25T22:27:28.000+08:00 DEBUG 99498 --- [ptidss-server] [ptidss-sched-3] c.p.s.mapper.SysRoleMapper.selectList    : <==      Total: 7
2026-08-25T22:27:28.001+08:00 DEBUG 99498 --- [ptidss-server] [ptidss-sched-3] c.p.s.mapper.SysUserMapper.selectList    : ==>  Preparing: SELECT id,username,display_name,password_hash,role_ids,org_code,phone,email,status,last_login_at,version,deleted,created_at,updated_at FROM sys_user WHERE deleted=false AND (role_ids @> ANY (ARRAY['[1]','[2]','[3]','[4]','[5]','[6]','[7]']::jsonb[]))
2026-08-25T22:27:28.001+08:00 DEBUG 99498 --- [ptidss-server] [ptidss-sched-3] c.p.s.mapper.SysUserMapper.selectList    : ==> Parameters: 
2026-08-25T22:27:28.002+08:00 DEBUG 99498 --- [ptidss-server] [ptidss-sched-3] c.p.s.mapper.SysUserMapper.selectList    : <==      Total: 4
2026-08-25T22:27:28.005+08:00  INFO 99498 --- [ptidss-server] [ptidss-sched-3] com.ptidss.intel.service.IntelService    : 情报推送执行完成：匹配情报 0 条，派发消息 0 条，触发决策会话情报重评 0 个
2026-08-25T22:27:58.035+08:00 DEBUG 99498 --- [ptidss-server] [ptidss-sched-3] c.p.s.mapper.SysRoleMapper.selectList    : ==>  Preparing: SELECT id,role_code,role_name,description,status,version,deleted,created_at,updated_at FROM sys_role WHERE deleted=false
2026-08-25T22:27:58.035+08:00 DEBUG 99498 --- [ptidss-server] [ptidss-sched-3] c.p.s.mapper.SysRoleMapper.selectList    : ==> Parameters: 
2026-08-25T22:27:58.037+08:00 DEBUG 99498 --- [ptidss-server] [ptidss-sched-3] c.p.s.mapper.SysRoleMapper.selectList    : <==      Total: 7
2026-08-25T22:27:58.038+08:00 DEBUG 99498 --- [ptidss-server] [ptidss-sched-3] c.p.s.mapper.SysUserMapper.selectList    : ==>  Preparing: SELECT id,username,display_name,password_hash,role_ids,org_code,phone,email,status,last_login_at,version,deleted,created_at,updated_at FROM sys_user WHERE deleted=false AND (role_ids @> ANY (ARRAY['[1]','[2]','[3]','[4]','[5]','[6]','[7]']::jsonb[]))
2026-08-25T22:27:58.039+08:00 DEBUG 99498 --- [ptidss-server] [ptidss-sched-3] c.p.s.mapper.SysUserMapper.selectList    : ==> Parameters: 
2026-08-25T22:27:58.041+08:00 DEBUG 99498 --- [ptidss-server] [ptidss-sched-3] c.p.s.mapper.SysUserMapper.selectList    : <==      Total: 4
2026-08-25T22:27:58.044+08:00  INFO 99498 --- [ptidss-server] [ptidss-sched-3] com.ptidss.intel.service.IntelService    : 情报推送执行完成：匹配情报 0 条，派发消息 0 条，触发决策会话情报重评 0 个
2026-08-25T22:28:17.513+08:00  INFO 99498 --- [ptidss-server] [ptidss-sched-1] c.p.intel.service.IntelFetchService      : 行情采集执行完成：到期 0 个（成功 0 / 失败 0 / 跳过未到期 20）
2026-08-25T22:28:28.068+08:00 DEBUG 99498 --- [ptidss-server] [ptidss-sched-4] c.p.s.mapper.SysRoleMapper.selectList    : ==>  Preparing: SELECT id,role_code,role_name,description,status,version,deleted,created_at,updated_at FROM sys_role WHERE deleted=false
2026-08-25T22:28:28.068+08:00 DEBUG 99498 --- [ptidss-server] [ptidss-sched-4] c.p.s.mapper.SysRoleMapper.selectList    : ==> Parameters: 
2026-08-25T22:28:28.070+08:00 DEBUG 99498 --- [ptidss-server] [ptidss-sched-4] c.p.s.mapper.SysRoleMapper.selectList    : <==      Total: 7
2026-08-25T22:28:28.071+08:00 DEBUG 99498 --- [ptidss-server] [ptidss-sched-4] c.p.s.mapper.SysUserMapper.selectList    : ==>  Preparing: SELECT id,username,display_name,password_hash,role_ids,org_code,phone,email,status,last_login_at,version,deleted,created_at,updated_at FROM sys_user WHERE deleted=false AND (role_ids @> ANY (ARRAY['[1]','[2]','[3]','[4]','[5]','[6]','[7]']::jsonb[]))
2026-08-25T22:28:28.071+08:00 DEBUG 99498 --- [ptidss-server] [ptidss-sched-4] c.p.s.mapper.SysUserMapper.selectList    : ==> Parameters: 
2026-08-25T22:28:28.074+08:00 DEBUG 99498 --- [ptidss-server] [ptidss-sched-4] c.p.s.mapper.SysUserMapper.selectList    : <==      Total: 4
2026-08-25T22:28:28.078+08:00  INFO 99498 --- [ptidss-server] [ptidss-sched-4] com.ptidss.intel.service.IntelService    : 情报推送执行完成：匹配情报 0 条，派发消息 0 条，触发决策会话情报重评 0 个
2026-08-25T22:28:58.100+08:00 DEBUG 99498 --- [ptidss-server] [ptidss-sched-4] c.p.s.mapper.SysRoleMapper.selectList    : ==>  Preparing: SELECT id,role_code,role_name,description,status,version,deleted,created_at,updated_at FROM sys_role WHERE deleted=false
2026-08-25T22:28:58.101+08:00 DEBUG 99498 --- [ptidss-server] [ptidss-sched-4] c.p.s.mapper.SysRoleMapper.selectList    : ==> Parameters: 
2026-08-25T22:28:58.102+08:00 DEBUG 99498 --- [ptidss-server] [ptidss-sched-4] c.p.s.mapper.SysRoleMapper.selectList    : <==      Total: 7
2026-08-25T22:28:58.104+08:00 DEBUG 99498 --- [ptidss-server] [ptidss-sched-4] c.p.s.mapper.SysUserMapper.selectList    : ==>  Preparing: SELECT id,username,display_name,password_hash,role_ids,org_code,phone,email,status,last_login_at,version,deleted,created_at,updated_at FROM sys_user WHERE deleted=false AND (role_ids @> ANY (ARRAY['[1]','[2]','[3]','[4]','[5]','[6]','[7]']::jsonb[]))
2026-08-25T22:28:58.104+08:00 DEBUG 99498 --- [ptidss-server] [ptidss-sched-4] c.p.s.mapper.SysUserMapper.selectList    : ==> Parameters: 
2026-08-25T22:28:58.106+08:00 DEBUG 99498 --- [ptidss-server] [ptidss-sched-4] c.p.s.mapper.SysUserMapper.selectList    : <==      Total: 4
2026-08-25T22:28:58.108+08:00  INFO 99498 --- [ptidss-server] [ptidss-sched-4] com.ptidss.intel.service.IntelService    : 情报推送执行完成：匹配情报 0 条，派发消息 0 条，触发决策会话情报重评 0 个
2026-08-25T22:29:17.518+08:00  INFO 99498 --- [ptidss-server] [ptidss-sched-1] c.p.intel.service.IntelFetchService      : 行情采集执行完成：到期 0 个（成功 0 / 失败 0 / 跳过未到期 20）
2026-08-25T22:29:28.122+08:00 DEBUG 99498 --- [ptidss-server] [ptidss-sched-2] c.p.s.mapper.SysRoleMapper.selectList    : ==>  Preparing: SELECT id,role_code,role_name,description,status,version,deleted,created_at,updated_at FROM sys_role WHERE deleted=false
2026-08-25T22:29:28.122+08:00 DEBUG 99498 --- [ptidss-server] [ptidss-sched-2] c.p.s.mapper.SysRoleMapper.selectList    : ==> Parameters: 
2026-08-25T22:29:28.123+08:00 DEBUG 99498 --- [ptidss-server] [ptidss-sched-2] c.p.s.mapper.SysRoleMapper.selectList    : <==      Total: 7
2026-08-25T22:29:28.123+08:00 DEBUG 99498 --- [ptidss-server] [ptidss-sched-2] c.p.s.mapper.SysUserMapper.selectList    : ==>  Preparing: SELECT id,username,display_name,password_hash,role_ids,org_code,phone,email,status,last_login_at,version,deleted,created_at,updated_at FROM sys_user WHERE deleted=false AND (role_ids @> ANY (ARRAY['[1]','[2]','[3]','[4]','[5]','[6]','[7]']::jsonb[]))
2026-08-25T22:29:28.123+08:00 DEBUG 99498 --- [ptidss-server] [ptidss-sched-2] c.p.s.mapper.SysUserMapper.selectList    : ==> Parameters: 
2026-08-25T22:29:28.124+08:00 DEBUG 99498 --- [ptidss-server] [ptidss-sched-2] c.p.s.mapper.SysUserMapper.selectList    : <==      Total: 4
2026-08-25T22:29:28.125+08:00  INFO 99498 --- [ptidss-server] [ptidss-sched-2] com.ptidss.intel.service.IntelService    : 情报推送执行完成：匹配情报 0 条，派发消息 0 条，触发决策会话情报重评 0 个
2026-08-25T22:29:58.152+08:00 DEBUG 99498 --- [ptidss-server] [ptidss-sched-2] c.p.s.mapper.SysRoleMapper.selectList    : ==>  Preparing: SELECT id,role_code,role_name,description,status,version,deleted,created_at,updated_at FROM sys_role WHERE deleted=false
2026-08-25T22:29:58.152+08:00 DEBUG 99498 --- [ptidss-server] [ptidss-sched-2] c.p.s.mapper.SysRoleMapper.selectList    : ==> Parameters: 
2026-08-25T22:29:58.154+08:00 DEBUG 99498 --- [ptidss-server] [ptidss-sched-2] c.p.s.mapper.SysRoleMapper.selectList    : <==      Total: 7
2026-08-25T22:29:58.155+08:00 DEBUG 99498 --- [ptidss-server] [ptidss-sched-2] c.p.s.mapper.SysUserMapper.selectList    : ==>  Preparing: SELECT id,username,display_name,password_hash,role_ids,org_code,phone,email,status,last_login_at,version,deleted,created_at,updated_at FROM sys_user WHERE deleted=false AND (role_ids @> ANY (ARRAY['[1]','[2]','[3]','[4]','[5]','[6]','[7]']::jsonb[]))
2026-08-25T22:29:58.156+08:00 DEBUG 99498 --- [ptidss-server] [ptidss-sched-2] c.p.s.mapper.SysUserMapper.selectList    : ==> Parameters: 
2026-08-25T22:29:58.158+08:00 DEBUG 99498 --- [ptidss-server] [ptidss-sched-2] c.p.s.mapper.SysUserMapper.selectList    : <==      Total: 4
2026-08-25T22:29:58.160+08:00  INFO 99498 --- [ptidss-server] [ptidss-sched-2] com.ptidss.intel.service.IntelService    : 情报推送执行完成：匹配情报 0 条，派发消息 0 条，触发决策会话情报重评 0 个
2026-08-25T22:30:07.415+08:00  INFO 99498 --- [ptidss-server] [ptidss-sched-4] com.ptidss.data.service.DataService      : 定时采集执行：task=market(1) cron=0 0/30 * * * * 记录数=2033
2026-08-25T22:30:17.523+08:00  INFO 99498 --- [ptidss-server] [ptidss-sched-1] c.p.intel.service.IntelFetchService      : 行情采集执行完成：到期 0 个（成功 0 / 失败 0 / 跳过未到期 20）
2026-08-25T22:30:28.174+08:00 DEBUG 99498 --- [ptidss-server] [ptidss-sched-3] c.p.s.mapper.SysRoleMapper.selectList    : ==>  Preparing: SELECT id,role_code,role_name,description,status,version,deleted,created_at,updated_at FROM sys_role WHERE deleted=false
2026-08-25T22:30:28.174+08:00 DEBUG 99498 --- [ptidss-server] [ptidss-sched-3] c.p.s.mapper.SysRoleMapper.selectList    : ==> Parameters: 
2026-08-25T22:30:28.175+08:00 DEBUG 99498 --- [ptidss-server] [ptidss-sched-3] c.p.s.mapper.SysRoleMapper.selectList    : <==      Total: 7
2026-08-25T22:30:28.176+08:00 DEBUG 99498 --- [ptidss-server] [ptidss-sched-3] c.p.s.mapper.SysUserMapper.selectList    : ==>  Preparing: SELECT id,username,display_name,password_hash,role_ids,org_code,phone,email,status,last_login_at,version,deleted,created_at,updated_at FROM sys_user WHERE deleted=false AND (role_ids @> ANY (ARRAY['[1]','[2]','[3]','[4]','[5]','[6]','[7]']::jsonb[]))
2026-08-25T22:30:28.176+08:00 DEBUG 99498 --- [ptidss-server] [ptidss-sched-3] c.p.s.mapper.SysUserMapper.selectList    : ==> Parameters: 
2026-08-25T22:30:28.177+08:00 DEBUG 99498 --- [ptidss-server] [ptidss-sched-3] c.p.s.mapper.SysUserMapper.selectList    : <==      Total: 4
2026-08-25T22:30:28.178+08:00  INFO 99498 --- [ptidss-server] [ptidss-sched-3] com.ptidss.intel.service.IntelService    : 情报推送执行完成：匹配情报 0 条，派发消息 0 条，触发决策会话情报重评 0 个
2026-08-25T22:30:58.199+08:00 DEBUG 99498 --- [ptidss-server] [ptidss-sched-3] c.p.s.mapper.SysRoleMapper.selectList    : ==>  Preparing: SELECT id,role_code,role_name,description,status,version,deleted,created_at,updated_at FROM sys_role WHERE deleted=false
2026-08-25T22:30:58.200+08:00 DEBUG 99498 --- [ptidss-server] [ptidss-sched-3] c.p.s.mapper.SysRoleMapper.selectList    : ==> Parameters: 
2026-08-25T22:30:58.202+08:00 DEBUG 99498 --- [ptidss-server] [ptidss-sched-3] c.p.s.mapper.SysRoleMapper.selectList    : <==      Total: 7
2026-08-25T22:30:58.204+08:00 DEBUG 99498 --- [ptidss-server] [ptidss-sched-3] c.p.s.mapper.SysUserMapper.selectList    : ==>  Preparing: SELECT id,username,display_name,password_hash,role_ids,org_code,phone,email,status,last_login_at,version,deleted,created_at,updated_at FROM sys_user WHERE deleted=false AND (role_ids @> ANY (ARRAY['[1]','[2]','[3]','[4]','[5]','[6]','[7]']::jsonb[]))
2026-08-25T22:30:58.204+08:00 DEBUG 99498 --- [ptidss-server] [ptidss-sched-3] c.p.s.mapper.SysUserMapper.selectList    : ==> Parameters: 
2026-08-25T22:30:58.206+08:00 DEBUG 99498 --- [ptidss-server] [ptidss-sched-3] c.p.s.mapper.SysUserMapper.selectList    : <==      Total: 4
2026-08-25T22:30:58.209+08:00  INFO 99498 --- [ptidss-server] [ptidss-sched-3] com.ptidss.intel.service.IntelService    : 情报推送执行完成：匹配情报 0 条，派发消息 0 条，触发决策会话情报重评 0 个
2026-08-25T22:31:17.528+08:00  INFO 99498 --- [ptidss-server] [ptidss-sched-2] c.p.intel.service.IntelFetchService      : 行情采集执行完成：到期 0 个（成功 0 / 失败 0 / 跳过未到期 20）
2026-08-25T22:31:28.223+08:00 DEBUG 99498 --- [ptidss-server] [ptidss-sched-3] c.p.s.mapper.SysRoleMapper.selectList    : ==>  Preparing: SELECT id,role_code,role_name,description,status,version,deleted,created_at,updated_at FROM sys_role WHERE deleted=false
2026-08-25T22:31:28.223+08:00 DEBUG 99498 --- [ptidss-server] [ptidss-sched-3] c.p.s.mapper.SysRoleMapper.selectList    : ==> Parameters: 
2026-08-25T22:31:28.224+08:00 DEBUG 99498 --- [ptidss-server] [ptidss-sched-3] c.p.s.mapper.SysRoleMapper.selectList    : <==      Total: 7
2026-08-25T22:31:28.225+08:00 DEBUG 99498 --- [ptidss-server] [ptidss-sched-3] c.p.s.mapper.SysUserMapper.selectList    : ==>  Preparing: SELECT id,username,display_name,password_hash,role_ids,org_code,phone,email,status,last_login_at,version,deleted,created_at,updated_at FROM sys_user WHERE deleted=false AND (role_ids @> ANY (ARRAY['[1]','[2]','[3]','[4]','[5]','[6]','[7]']::jsonb[]))
2026-08-25T22:31:28.225+08:00 DEBUG 99498 --- [ptidss-server] [ptidss-sched-3] c.p.s.mapper.SysUserMapper.selectList    : ==> Parameters: 
2026-08-25T22:31:28.226+08:00 DEBUG 99498 --- [ptidss-server] [ptidss-sched-3] c.p.s.mapper.SysUserMapper.selectList    : <==      Total: 4
2026-08-25T22:31:28.227+08:00  INFO 99498 --- [ptidss-server] [ptidss-sched-3] com.ptidss.intel.service.IntelService    : 情报推送执行完成：匹配情报 0 条，派发消息 0 条，触发决策会话情报重评 0 个
2026-08-25T22:31:58.249+08:00 DEBUG 99498 --- [ptidss-server] [ptidss-sched-3] c.p.s.mapper.SysRoleMapper.selectList    : ==>  Preparing: SELECT id,role_code,role_name,description,status,version,deleted,created_at,updated_at FROM sys_role WHERE deleted=false
2026-08-25T22:31:58.250+08:00 DEBUG 99498 --- [ptidss-server] [ptidss-sched-3] c.p.s.mapper.SysRoleMapper.selectList    : ==> Parameters: 
2026-08-25T22:31:58.253+08:00 DEBUG 99498 --- [ptidss-server] [ptidss-sched-3] c.p.s.mapper.SysRoleMapper.selectList    : <==      Total: 7
2026-08-25T22:31:58.255+08:00 DEBUG 99498 --- [ptidss-server] [ptidss-sched-3] c.p.s.mapper.SysUserMapper.selectList    : ==>  Preparing: SELECT id,username,display_name,password_hash,role_ids,org_code,phone,email,status,last_login_at,version,deleted,created_at,updated_at FROM sys_user WHERE deleted=false AND (role_ids @> ANY (ARRAY['[1]','[2]','[3]','[4]','[5]','[6]','[7]']::jsonb[]))
2026-08-25T22:31:58.255+08:00 DEBUG 99498 --- [ptidss-server] [ptidss-sched-3] c.p.s.mapper.SysUserMapper.selectList    : ==> Parameters: 
2026-08-25T22:31:58.257+08:00 DEBUG 99498 --- [ptidss-server] [ptidss-sched-3] c.p.s.mapper.SysUserMapper.selectList    : <==      Total: 4
2026-08-25T22:31:58.260+08:00  INFO 99498 --- [ptidss-server] [ptidss-sched-3] com.ptidss.intel.service.IntelService    : 情报推送执行完成：匹配情报 0 条，派发消息 0 条，触发决策会话情报重评 0 个
2026-08-25T22:32:17.534+08:00  INFO 99498 --- [ptidss-server] [ptidss-sched-4] c.p.intel.service.IntelFetchService      : 行情采集执行完成：到期 0 个（成功 0 / 失败 0 / 跳过未到期 20）
2026-08-25T22:32:28.282+08:00 DEBUG 99498 --- [ptidss-server] [ptidss-sched-3] c.p.s.mapper.SysRoleMapper.selectList    : ==>  Preparing: SELECT id,role_code,role_name,description,status,version,deleted,created_at,updated_at FROM sys_role WHERE deleted=false
2026-08-25T22:32:28.283+08:00 DEBUG 99498 --- [ptidss-server] [ptidss-sched-3] c.p.s.mapper.SysRoleMapper.selectList    : ==> Parameters: 
2026-08-25T22:32:28.285+08:00 DEBUG 99498 --- [ptidss-server] [ptidss-sched-3] c.p.s.mapper.SysRoleMapper.selectList    : <==      Total: 7
2026-08-25T22:32:28.286+08:00 DEBUG 99498 --- [ptidss-server] [ptidss-sched-3] c.p.s.mapper.SysUserMapper.selectList    : ==>  Preparing: SELECT id,username,display_name,password_hash,role_ids,org_code,phone,email,status,last_login_at,version,deleted,created_at,updated_at FROM sys_user WHERE deleted=false AND (role_ids @> ANY (ARRAY['[1]','[2]','[3]','[4]','[5]','[6]','[7]']::jsonb[]))
2026-08-25T22:32:28.286+08:00 DEBUG 99498 --- [ptidss-server] [ptidss-sched-3] c.p.s.mapper.SysUserMapper.selectList    : ==> Parameters: 
2026-08-25T22:32:28.288+08:00 DEBUG 99498 --- [ptidss-server] [ptidss-sched-3] c.p.s.mapper.SysUserMapper.selectList    : <==      Total: 4
2026-08-25T22:32:28.290+08:00  INFO 99498 --- [ptidss-server] [ptidss-sched-3] com.ptidss.intel.service.IntelService    : 情报推送执行完成：匹配情报 0 条，派发消息 0 条，触发决策会话情报重评 0 个
2026-08-25T22:32:58.305+08:00 DEBUG 99498 --- [ptidss-server] [ptidss-sched-3] c.p.s.mapper.SysRoleMapper.selectList    : ==>  Preparing: SELECT id,role_code,role_name,description,status,version,deleted,created_at,updated_at FROM sys_role WHERE deleted=false
2026-08-25T22:32:58.305+08:00 DEBUG 99498 --- [ptidss-server] [ptidss-sched-3] c.p.s.mapper.SysRoleMapper.selectList    : ==> Parameters: 
2026-08-25T22:32:58.306+08:00 DEBUG 99498 --- [ptidss-server] [ptidss-sched-3] c.p.s.mapper.SysRoleMapper.selectList    : <==      Total: 7
2026-08-25T22:32:58.306+08:00 DEBUG 99498 --- [ptidss-server] [ptidss-sched-3] c.p.s.mapper.SysUserMapper.selectList    : ==>  Preparing: SELECT id,username,display_name,password_hash,role_ids,org_code,phone,email,status,last_login_at,version,deleted,created_at,updated_at FROM sys_user WHERE deleted=false AND (role_ids @> ANY (ARRAY['[1]','[2]','[3]','[4]','[5]','[6]','[7]']::jsonb[]))
2026-08-25T22:32:58.307+08:00 DEBUG 99498 --- [ptidss-server] [ptidss-sched-3] c.p.s.mapper.SysUserMapper.selectList    : ==> Parameters: 
2026-08-25T22:32:58.307+08:00 DEBUG 99498 --- [ptidss-server] [ptidss-sched-3] c.p.s.mapper.SysUserMapper.selectList    : <==      Total: 4
2026-08-25T22:32:58.309+08:00  INFO 99498 --- [ptidss-server] [ptidss-sched-3] com.ptidss.intel.service.IntelService    : 情报推送执行完成：匹配情报 0 条，派发消息 0 条，触发决策会话情报重评 0 个
2026-08-25T22:33:17.539+08:00  INFO 99498 --- [ptidss-server] [ptidss-sched-1] c.p.intel.service.IntelFetchService      : 行情采集执行完成：到期 0 个（成功 0 / 失败 0 / 跳过未到期 20）
2026-08-25T22:33:28.325+08:00 DEBUG 99498 --- [ptidss-server] [ptidss-sched-3] c.p.s.mapper.SysRoleMapper.selectList    : ==>  Preparing: SELECT id,role_code,role_name,description,status,version,deleted,created_at,updated_at FROM sys_role WHERE deleted=false
2026-08-25T22:33:28.325+08:00 DEBUG 99498 --- [ptidss-server] [ptidss-sched-3] c.p.s.mapper.SysRoleMapper.selectList    : ==> Parameters: 
2026-08-25T22:33:28.325+08:00 DEBUG 99498 --- [ptidss-server] [ptidss-sched-3] c.p.s.mapper.SysRoleMapper.selectList    : <==      Total: 7
2026-08-25T22:33:28.326+08:00 DEBUG 99498 --- [ptidss-server] [ptidss-sched-3] c.p.s.mapper.SysUserMapper.selectList    : ==>  Preparing: SELECT id,username,display_name,password_hash,role_ids,org_code,phone,email,status,last_login_at,version,deleted,created_at,updated_at FROM sys_user WHERE deleted=false AND (role_ids @> ANY (ARRAY['[1]','[2]','[3]','[4]','[5]','[6]','[7]']::jsonb[]))
2026-08-25T22:33:28.326+08:00 DEBUG 99498 --- [ptidss-server] [ptidss-sched-3] c.p.s.mapper.SysUserMapper.selectList    : ==> Parameters: 
2026-08-25T22:33:28.327+08:00 DEBUG 99498 --- [ptidss-server] [ptidss-sched-3] c.p.s.mapper.SysUserMapper.selectList    : <==      Total: 4
2026-08-25T22:33:28.328+08:00  INFO 99498 --- [ptidss-server] [ptidss-sched-3] com.ptidss.intel.service.IntelService    : 情报推送执行完成：匹配情报 0 条，派发消息 0 条，触发决策会话情报重评 0 个
2026-08-25T22:33:58.354+08:00 DEBUG 99498 --- [ptidss-server] [ptidss-sched-3] c.p.s.mapper.SysRoleMapper.selectList    : ==>  Preparing: SELECT id,role_code,role_name,description,status,version,deleted,created_at,updated_at FROM sys_role WHERE deleted=false
2026-08-25T22:33:58.354+08:00 DEBUG 99498 --- [ptidss-server] [ptidss-sched-3] c.p.s.mapper.SysRoleMapper.selectList    : ==> Parameters: 
2026-08-25T22:33:58.356+08:00 DEBUG 99498 --- [ptidss-server] [ptidss-sched-3] c.p.s.mapper.SysRoleMapper.selectList    : <==      Total: 7
2026-08-25T22:33:58.358+08:00 DEBUG 99498 --- [ptidss-server] [ptidss-sched-3] c.p.s.mapper.SysUserMapper.selectList    : ==>  Preparing: SELECT id,username,display_name,password_hash,role_ids,org_code,phone,email,status,last_login_at,version,deleted,created_at,updated_at FROM sys_user WHERE deleted=false AND (role_ids @> ANY (ARRAY['[1]','[2]','[3]','[4]','[5]','[6]','[7]']::jsonb[]))
2026-08-25T22:33:58.358+08:00 DEBUG 99498 --- [ptidss-server] [ptidss-sched-3] c.p.s.mapper.SysUserMapper.selectList    : ==> Parameters: 
2026-08-25T22:33:58.360+08:00 DEBUG 99498 --- [ptidss-server] [ptidss-sched-3] c.p.s.mapper.SysUserMapper.selectList    : <==      Total: 4
2026-08-25T22:33:58.362+08:00  INFO 99498 --- [ptidss-server] [ptidss-sched-3] com.ptidss.intel.service.IntelService    : 情报推送执行完成：匹配情报 0 条，派发消息 0 条，触发决策会话情报重评 0 个
2026-08-25T22:34:17.544+08:00  INFO 99498 --- [ptidss-server] [ptidss-sched-1] c.p.intel.service.IntelFetchService      : 行情采集执行完成：到期 0 个（成功 0 / 失败 0 / 跳过未到期 20）
2026-08-25T22:34:28.390+08:00 DEBUG 99498 --- [ptidss-server] [ptidss-sched-4] c.p.s.mapper.SysRoleMapper.selectList    : ==>  Preparing: SELECT id,role_code,role_name,description,status,version,deleted,created_at,updated_at FROM sys_role WHERE deleted=false
2026-08-25T22:34:28.390+08:00 DEBUG 99498 --- [ptidss-server] [ptidss-sched-4] c.p.s.mapper.SysRoleMapper.selectList    : ==> Parameters: 
2026-08-25T22:34:28.392+08:00 DEBUG 99498 --- [ptidss-server] [ptidss-sched-4] c.p.s.mapper.SysRoleMapper.selectList    : <==      Total: 7
2026-08-25T22:34:28.394+08:00 DEBUG 99498 --- [ptidss-server] [ptidss-sched-4] c.p.s.mapper.SysUserMapper.selectList    : ==>  Preparing: SELECT id,username,display_name,password_hash,role_ids,org_code,phone,email,status,last_login_at,version,deleted,created_at,updated_at FROM sys_user WHERE deleted=false AND (role_ids @> ANY (ARRAY['[1]','[2]','[3]','[4]','[5]','[6]','[7]']::jsonb[]))
2026-08-25T22:34:28.394+08:00 DEBUG 99498 --- [ptidss-server] [ptidss-sched-4] c.p.s.mapper.SysUserMapper.selectList    : ==> Parameters: 
2026-08-25T22:34:28.396+08:00 DEBUG 99498 --- [ptidss-server] [ptidss-sched-4] c.p.s.mapper.SysUserMapper.selectList    : <==      Total: 4
2026-08-25T22:34:28.398+08:00  INFO 99498 --- [ptidss-server] [ptidss-sched-4] com.ptidss.intel.service.IntelService    : 情报推送执行完成：匹配情报 0 条，派发消息 0 条，触发决策会话情报重评 0 个
2026-08-25T22:34:58.414+08:00 DEBUG 99498 --- [ptidss-server] [ptidss-sched-4] c.p.s.mapper.SysRoleMapper.selectList    : ==>  Preparing: SELECT id,role_code,role_name,description,status,version,deleted,created_at,updated_at FROM sys_role WHERE deleted=false
2026-08-25T22:34:58.415+08:00 DEBUG 99498 --- [ptidss-server] [ptidss-sched-4] c.p.s.mapper.SysRoleMapper.selectList    : ==> Parameters: 
2026-08-25T22:34:58.416+08:00 DEBUG 99498 --- [ptidss-server] [ptidss-sched-4] c.p.s.mapper.SysRoleMapper.selectList    : <==      Total: 7
2026-08-25T22:34:58.417+08:00 DEBUG 99498 --- [ptidss-server] [ptidss-sched-4] c.p.s.mapper.SysUserMapper.selectList    : ==>  Preparing: SELECT id,username,display_name,password_hash,role_ids,org_code,phone,email,status,last_login_at,version,deleted,created_at,updated_at FROM sys_user WHERE deleted=false AND (role_ids @> ANY (ARRAY['[1]','[2]','[3]','[4]','[5]','[6]','[7]']::jsonb[]))
2026-08-25T22:34:58.417+08:00 DEBUG 99498 --- [ptidss-server] [ptidss-sched-4] c.p.s.mapper.SysUserMapper.selectList    : ==> Parameters: 
2026-08-25T22:34:58.419+08:00 DEBUG 99498 --- [ptidss-server] [ptidss-sched-4] c.p.s.mapper.SysUserMapper.selectList    : <==      Total: 4
2026-08-25T22:34:58.421+08:00  INFO 99498 --- [ptidss-server] [ptidss-sched-4] com.ptidss.intel.service.IntelService    : 情报推送执行完成：匹配情报 0 条，派发消息 0 条，触发决策会话情报重评 0 个
2026-08-25T22:35:17.549+08:00  INFO 99498 --- [ptidss-server] [ptidss-sched-3] c.p.intel.service.IntelFetchService      : 行情采集执行完成：到期 0 个（成功 0 / 失败 0 / 跳过未到期 20）
2026-08-25T22:35:28.435+08:00 DEBUG 99498 --- [ptidss-server] [ptidss-sched-2] c.p.s.mapper.SysRoleMapper.selectList    : ==>  Preparing: SELECT id,role_code,role_name,description,status,version,deleted,created_at,updated_at FROM sys_role WHERE deleted=false
2026-08-25T22:35:28.436+08:00 DEBUG 99498 --- [ptidss-server] [ptidss-sched-2] c.p.s.mapper.SysRoleMapper.selectList    : ==> Parameters: 
2026-08-25T22:35:28.436+08:00 DEBUG 99498 --- [ptidss-server] [ptidss-sched-2] c.p.s.mapper.SysRoleMapper.selectList    : <==      Total: 7
2026-08-25T22:35:28.437+08:00 DEBUG 99498 --- [ptidss-server] [ptidss-sched-2] c.p.s.mapper.SysUserMapper.selectList    : ==>  Preparing: SELECT id,username,display_name,password_hash,role_ids,org_code,phone,email,status,last_login_at,version,deleted,created_at,updated_at FROM sys_user WHERE deleted=false AND (role_ids @> ANY (ARRAY['[1]','[2]','[3]','[4]','[5]','[6]','[7]']::jsonb[]))
2026-08-25T22:35:28.437+08:00 DEBUG 99498 --- [ptidss-server] [ptidss-sched-2] c.p.s.mapper.SysUserMapper.selectList    : ==> Parameters: 
2026-08-25T22:35:28.438+08:00 DEBUG 99498 --- [ptidss-server] [ptidss-sched-2] c.p.s.mapper.SysUserMapper.selectList    : <==      Total: 4
2026-08-25T22:35:28.439+08:00  INFO 99498 --- [ptidss-server] [ptidss-sched-2] com.ptidss.intel.service.IntelService    : 情报推送执行完成：匹配情报 0 条，派发消息 0 条，触发决策会话情报重评 0 个
2026-08-25T22:35:58.461+08:00 DEBUG 99498 --- [ptidss-server] [ptidss-sched-2] c.p.s.mapper.SysRoleMapper.selectList    : ==>  Preparing: SELECT id,role_code,role_name,description,status,version,deleted,created_at,updated_at FROM sys_role WHERE deleted=false
2026-08-25T22:35:58.462+08:00 DEBUG 99498 --- [ptidss-server] [ptidss-sched-2] c.p.s.mapper.SysRoleMapper.selectList    : ==> Parameters: 
2026-08-25T22:35:58.464+08:00 DEBUG 99498 --- [ptidss-server] [ptidss-sched-2] c.p.s.mapper.SysRoleMapper.selectList    : <==      Total: 7
2026-08-25T22:35:58.465+08:00 DEBUG 99498 --- [ptidss-server] [ptidss-sched-2] c.p.s.mapper.SysUserMapper.selectList    : ==>  Preparing: SELECT id,username,display_name,password_hash,role_ids,org_code,phone,email,status,last_login_at,version,deleted,created_at,updated_at FROM sys_user WHERE deleted=false AND (role_ids @> ANY (ARRAY['[1]','[2]','[3]','[4]','[5]','[6]','[7]']::jsonb[]))
2026-08-25T22:35:58.465+08:00 DEBUG 99498 --- [ptidss-server] [ptidss-sched-2] c.p.s.mapper.SysUserMapper.selectList    : ==> Parameters: 
2026-08-25T22:35:58.467+08:00 DEBUG 99498 --- [ptidss-server] [ptidss-sched-2] c.p.s.mapper.SysUserMapper.selectList    : <==      Total: 4
2026-08-25T22:35:58.472+08:00  INFO 99498 --- [ptidss-server] [ptidss-sched-2] com.ptidss.intel.service.IntelService    : 情报推送执行完成：匹配情报 0 条，派发消息 0 条，触发决策会话情报重评 0 个
2026-08-25T22:36:17.551+08:00  INFO 99498 --- [ptidss-server] [ptidss-sched-4] c.p.intel.service.IntelFetchService      : 行情采集执行完成：到期 0 个（成功 0 / 失败 0 / 跳过未到期 20）
2026-08-25T22:36:28.487+08:00 DEBUG 99498 --- [ptidss-server] [ptidss-sched-2] c.p.s.mapper.SysRoleMapper.selectList    : ==>  Preparing: SELECT id,role_code,role_name,description,status,version,deleted,created_at,updated_at FROM sys_role WHERE deleted=false
2026-08-25T22:36:28.487+08:00 DEBUG 99498 --- [ptidss-server] [ptidss-sched-2] c.p.s.mapper.SysRoleMapper.selectList    : ==> Parameters: 
2026-08-25T22:36:28.488+08:00 DEBUG 99498 --- [ptidss-server] [ptidss-sched-2] c.p.s.mapper.SysRoleMapper.selectList    : <==      Total: 7
2026-08-25T22:36:28.488+08:00 DEBUG 99498 --- [ptidss-server] [ptidss-sched-2] c.p.s.mapper.SysUserMapper.selectList    : ==>  Preparing: SELECT id,username,display_name,password_hash,role_ids,org_code,phone,email,status,last_login_at,version,deleted,created_at,updated_at FROM sys_user WHERE deleted=false AND (role_ids @> ANY (ARRAY['[1]','[2]','[3]','[4]','[5]','[6]','[7]']::jsonb[]))
2026-08-25T22:36:28.488+08:00 DEBUG 99498 --- [ptidss-server] [ptidss-sched-2] c.p.s.mapper.SysUserMapper.selectList    : ==> Parameters: 
2026-08-25T22:36:28.489+08:00 DEBUG 99498 --- [ptidss-server] [ptidss-sched-2] c.p.s.mapper.SysUserMapper.selectList    : <==      Total: 4
2026-08-25T22:36:28.490+08:00  INFO 99498 --- [ptidss-server] [ptidss-sched-2] com.ptidss.intel.service.IntelService    : 情报推送执行完成：匹配情报 0 条，派发消息 0 条，触发决策会话情报重评 0 个
2026-08-25T22:36:58.498+08:00 DEBUG 99498 --- [ptidss-server] [ptidss-sched-2] c.p.s.mapper.SysRoleMapper.selectList    : ==>  Preparing: SELECT id,role_code,role_name,description,status,version,deleted,created_at,updated_at FROM sys_role WHERE deleted=false
2026-08-25T22:36:58.499+08:00 DEBUG 99498 --- [ptidss-server] [ptidss-sched-2] c.p.s.mapper.SysRoleMapper.selectList    : ==> Parameters: 
2026-08-25T22:36:58.499+08:00 DEBUG 99498 --- [ptidss-server] [ptidss-sched-2] c.p.s.mapper.SysRoleMapper.selectList    : <==      Total: 7
2026-08-25T22:36:58.500+08:00 DEBUG 99498 --- [ptidss-server] [ptidss-sched-2] c.p.s.mapper.SysUserMapper.selectList    : ==>  Preparing: SELECT id,username,display_name,password_hash,role_ids,org_code,phone,email,status,last_login_at,version,deleted,created_at,updated_at FROM sys_user WHERE deleted=false AND (role_ids @> ANY (ARRAY['[1]','[2]','[3]','[4]','[5]','[6]','[7]']::jsonb[]))
2026-08-25T22:36:58.500+08:00 DEBUG 99498 --- [ptidss-server] [ptidss-sched-2] c.p.s.mapper.SysUserMapper.selectList    : ==> Parameters: 
2026-08-25T22:36:58.500+08:00 DEBUG 99498 --- [ptidss-server] [ptidss-sched-2] c.p.s.mapper.SysUserMapper.selectList    : <==      Total: 4
2026-08-25T22:36:58.501+08:00  INFO 99498 --- [ptidss-server] [ptidss-sched-2] com.ptidss.intel.service.IntelService    : 情报推送执行完成：匹配情报 0 条，派发消息 0 条，触发决策会话情报重评 0 个
2026-08-25T22:37:17.556+08:00  INFO 99498 --- [ptidss-server] [ptidss-sched-1] c.p.intel.service.IntelFetchService      : 行情采集执行完成：到期 0 个（成功 0 / 失败 0 / 跳过未到期 20）
2026-08-25T22:37:28.525+08:00 DEBUG 99498 --- [ptidss-server] [ptidss-sched-2] c.p.s.mapper.SysRoleMapper.selectList    : ==>  Preparing: SELECT id,role_code,role_name,description,status,version,deleted,created_at,updated_at FROM sys_role WHERE deleted=false
2026-08-25T22:37:28.525+08:00 DEBUG 99498 --- [ptidss-server] [ptidss-sched-2] c.p.s.mapper.SysRoleMapper.selectList    : ==> Parameters: 
2026-08-25T22:37:28.526+08:00 DEBUG 99498 --- [ptidss-server] [ptidss-sched-2] c.p.s.mapper.SysRoleMapper.selectList    : <==      Total: 7
2026-08-25T22:37:28.527+08:00 DEBUG 99498 --- [ptidss-server] [ptidss-sched-2] c.p.s.mapper.SysUserMapper.selectList    : ==>  Preparing: SELECT id,username,display_name,password_hash,role_ids,org_code,phone,email,status,last_login_at,version,deleted,created_at,updated_at FROM sys_user WHERE deleted=false AND (role_ids @> ANY (ARRAY['[1]','[2]','[3]','[4]','[5]','[6]','[7]']::jsonb[]))
2026-08-25T22:37:28.528+08:00 DEBUG 99498 --- [ptidss-server] [ptidss-sched-2] c.p.s.mapper.SysUserMapper.selectList    : ==> Parameters: 
2026-08-25T22:37:28.529+08:00 DEBUG 99498 --- [ptidss-server] [ptidss-sched-2] c.p.s.mapper.SysUserMapper.selectList    : <==      Total: 4
2026-08-25T22:37:28.532+08:00  INFO 99498 --- [ptidss-server] [ptidss-sched-2] com.ptidss.intel.service.IntelService    : 情报推送执行完成：匹配情报 0 条，派发消息 0 条，触发决策会话情报重评 0 个
2026-08-25T22:37:58.554+08:00 DEBUG 99498 --- [ptidss-server] [ptidss-sched-2] c.p.s.mapper.SysRoleMapper.selectList    : ==>  Preparing: SELECT id,role_code,role_name,description,status,version,deleted,created_at,updated_at FROM sys_role WHERE deleted=false
2026-08-25T22:37:58.554+08:00 DEBUG 99498 --- [ptidss-server] [ptidss-sched-2] c.p.s.mapper.SysRoleMapper.selectList    : ==> Parameters: 
2026-08-25T22:37:58.555+08:00 DEBUG 99498 --- [ptidss-server] [ptidss-sched-2] c.p.s.mapper.SysRoleMapper.selectList    : <==      Total: 7
2026-08-25T22:37:58.555+08:00 DEBUG 99498 --- [ptidss-server] [ptidss-sched-2] c.p.s.mapper.SysUserMapper.selectList    : ==>  Preparing: SELECT id,username,display_name,password_hash,role_ids,org_code,phone,email,status,last_login_at,version,deleted,created_at,updated_at FROM sys_user WHERE deleted=false AND (role_ids @> ANY (ARRAY['[1]','[2]','[3]','[4]','[5]','[6]','[7]']::jsonb[]))
2026-08-25T22:37:58.556+08:00 DEBUG 99498 --- [ptidss-server] [ptidss-sched-2] c.p.s.mapper.SysUserMapper.selectList    : ==> Parameters: 
2026-08-25T22:37:58.556+08:00 DEBUG 99498 --- [ptidss-server] [ptidss-sched-2] c.p.s.mapper.SysUserMapper.selectList    : <==      Total: 4
2026-08-25T22:37:58.558+08:00  INFO 99498 --- [ptidss-server] [ptidss-sched-2] com.ptidss.intel.service.IntelService    : 情报推送执行完成：匹配情报 0 条，派发消息 0 条，触发决策会话情报重评 0 个
2026-08-25T22:38:17.561+08:00  INFO 99498 --- [ptidss-server] [ptidss-sched-3] c.p.intel.service.IntelFetchService      : 行情采集执行完成：到期 0 个（成功 0 / 失败 0 / 跳过未到期 20）
2026-08-25T22:38:28.583+08:00 DEBUG 99498 --- [ptidss-server] [ptidss-sched-2] c.p.s.mapper.SysRoleMapper.selectList    : ==>  Preparing: SELECT id,role_code,role_name,description,status,version,deleted,created_at,updated_at FROM sys_role WHERE deleted=false
2026-08-25T22:38:28.583+08:00 DEBUG 99498 --- [ptidss-server] [ptidss-sched-2] c.p.s.mapper.SysRoleMapper.selectList    : ==> Parameters: 
2026-08-25T22:38:28.584+08:00 DEBUG 99498 --- [ptidss-server] [ptidss-sched-2] c.p.s.mapper.SysRoleMapper.selectList    : <==      Total: 7
2026-08-25T22:38:28.584+08:00 DEBUG 99498 --- [ptidss-server] [ptidss-sched-2] c.p.s.mapper.SysUserMapper.selectList    : ==>  Preparing: SELECT id,username,display_name,password_hash,role_ids,org_code,phone,email,status,last_login_at,version,deleted,created_at,updated_at FROM sys_user WHERE deleted=false AND (role_ids @> ANY (ARRAY['[1]','[2]','[3]','[4]','[5]','[6]','[7]']::jsonb[]))
2026-08-25T22:38:28.584+08:00 DEBUG 99498 --- [ptidss-server] [ptidss-sched-2] c.p.s.mapper.SysUserMapper.selectList    : ==> Parameters: 
2026-08-25T22:38:28.586+08:00 DEBUG 99498 --- [ptidss-server] [ptidss-sched-2] c.p.s.mapper.SysUserMapper.selectList    : <==      Total: 4
2026-08-25T22:38:28.587+08:00  INFO 99498 --- [ptidss-server] [ptidss-sched-2] com.ptidss.intel.service.IntelService    : 情报推送执行完成：匹配情报 0 条，派发消息 0 条，触发决策会话情报重评 0 个
2026-08-25T22:38:58.608+08:00 DEBUG 99498 --- [ptidss-server] [ptidss-sched-2] c.p.s.mapper.SysRoleMapper.selectList    : ==>  Preparing: SELECT id,role_code,role_name,description,status,version,deleted,created_at,updated_at FROM sys_role WHERE deleted=false
2026-08-25T22:38:58.608+08:00 DEBUG 99498 --- [ptidss-server] [ptidss-sched-2] c.p.s.mapper.SysRoleMapper.selectList    : ==> Parameters: 
2026-08-25T22:38:58.609+08:00 DEBUG 99498 --- [ptidss-server] [ptidss-sched-2] c.p.s.mapper.SysRoleMapper.selectList    : <==      Total: 7
2026-08-25T22:38:58.609+08:00 DEBUG 99498 --- [ptidss-server] [ptidss-sched-2] c.p.s.mapper.SysUserMapper.selectList    : ==>  Preparing: SELECT id,username,display_name,password_hash,role_ids,org_code,phone,email,status,last_login_at,version,deleted,created_at,updated_at FROM sys_user WHERE deleted=false AND (role_ids @> ANY (ARRAY['[1]','[2]','[3]','[4]','[5]','[6]','[7]']::jsonb[]))
2026-08-25T22:38:58.609+08:00 DEBUG 99498 --- [ptidss-server] [ptidss-sched-2] c.p.s.mapper.SysUserMapper.selectList    : ==> Parameters: 
2026-08-25T22:38:58.610+08:00 DEBUG 99498 --- [ptidss-server] [ptidss-sched-2] c.p.s.mapper.SysUserMapper.selectList    : <==      Total: 4
2026-08-25T22:38:58.611+08:00  INFO 99498 --- [ptidss-server] [ptidss-sched-2] com.ptidss.intel.service.IntelService    : 情报推送执行完成：匹配情报 0 条，派发消息 0 条，触发决策会话情报重评 0 个
2026-08-25T22:39:17.566+08:00  INFO 99498 --- [ptidss-server] [ptidss-sched-4] c.p.intel.service.IntelFetchService      : 行情采集执行完成：到期 0 个（成功 0 / 失败 0 / 跳过未到期 20）
2026-08-25T22:39:28.623+08:00 DEBUG 99498 --- [ptidss-server] [ptidss-sched-2] c.p.s.mapper.SysRoleMapper.selectList    : ==>  Preparing: SELECT id,role_code,role_name,description,status,version,deleted,created_at,updated_at FROM sys_role WHERE deleted=false
2026-08-25T22:39:28.623+08:00 DEBUG 99498 --- [ptidss-server] [ptidss-sched-2] c.p.s.mapper.SysRoleMapper.selectList    : ==> Parameters: 
2026-08-25T22:39:28.624+08:00 DEBUG 99498 --- [ptidss-server] [ptidss-sched-2] c.p.s.mapper.SysRoleMapper.selectList    : <==      Total: 7
2026-08-25T22:39:28.624+08:00 DEBUG 99498 --- [ptidss-server] [ptidss-sched-2] c.p.s.mapper.SysUserMapper.selectList    : ==>  Preparing: SELECT id,username,display_name,password_hash,role_ids,org_code,phone,email,status,last_login_at,version,deleted,created_at,updated_at FROM sys_user WHERE deleted=false AND (role_ids @> ANY (ARRAY['[1]','[2]','[3]','[4]','[5]','[6]','[7]']::jsonb[]))
2026-08-25T22:39:28.624+08:00 DEBUG 99498 --- [ptidss-server] [ptidss-sched-2] c.p.s.mapper.SysUserMapper.selectList    : ==> Parameters: 
2026-08-25T22:39:28.625+08:00 DEBUG 99498 --- [ptidss-server] [ptidss-sched-2] c.p.s.mapper.SysUserMapper.selectList    : <==      Total: 4
2026-08-25T22:39:28.626+08:00  INFO 99498 --- [ptidss-server] [ptidss-sched-2] com.ptidss.intel.service.IntelService    : 情报推送执行完成：匹配情报 0 条，派发消息 0 条，触发决策会话情报重评 0 个
2026-08-25T22:39:58.641+08:00 DEBUG 99498 --- [ptidss-server] [ptidss-sched-2] c.p.s.mapper.SysRoleMapper.selectList    : ==>  Preparing: SELECT id,role_code,role_name,description,status,version,deleted,created_at,updated_at FROM sys_role WHERE deleted=false
2026-08-25T22:39:58.642+08:00 DEBUG 99498 --- [ptidss-server] [ptidss-sched-2] c.p.s.mapper.SysRoleMapper.selectList    : ==> Parameters: 
2026-08-25T22:39:58.642+08:00 DEBUG 99498 --- [ptidss-server] [ptidss-sched-2] c.p.s.mapper.SysRoleMapper.selectList    : <==      Total: 7
2026-08-25T22:39:58.643+08:00 DEBUG 99498 --- [ptidss-server] [ptidss-sched-2] c.p.s.mapper.SysUserMapper.selectList    : ==>  Preparing: SELECT id,username,display_name,password_hash,role_ids,org_code,phone,email,status,last_login_at,version,deleted,created_at,updated_at FROM sys_user WHERE deleted=false AND (role_ids @> ANY (ARRAY['[1]','[2]','[3]','[4]','[5]','[6]','[7]']::jsonb[]))
2026-08-25T22:39:58.643+08:00 DEBUG 99498 --- [ptidss-server] [ptidss-sched-2] c.p.s.mapper.SysUserMapper.selectList    : ==> Parameters: 
2026-08-25T22:39:58.645+08:00 DEBUG 99498 --- [ptidss-server] [ptidss-sched-2] c.p.s.mapper.SysUserMapper.selectList    : <==      Total: 4
2026-08-25T22:39:58.647+08:00  INFO 99498 --- [ptidss-server] [ptidss-sched-2] com.ptidss.intel.service.IntelService    : 情报推送执行完成：匹配情报 0 条，派发消息 0 条，触发决策会话情报重评 0 个
2026-08-25T22:40:17.570+08:00  INFO 99498 --- [ptidss-server] [ptidss-sched-1] c.p.intel.service.IntelFetchService      : 行情采集执行完成：到期 0 个（成功 0 / 失败 0 / 跳过未到期 20）
2026-08-25T22:40:28.661+08:00 DEBUG 99498 --- [ptidss-server] [ptidss-sched-3] c.p.s.mapper.SysRoleMapper.selectList    : ==>  Preparing: SELECT id,role_code,role_name,description,status,version,deleted,created_at,updated_at FROM sys_role WHERE deleted=false
2026-08-25T22:40:28.661+08:00 DEBUG 99498 --- [ptidss-server] [ptidss-sched-3] c.p.s.mapper.SysRoleMapper.selectList    : ==> Parameters: 
2026-08-25T22:40:28.662+08:00 DEBUG 99498 --- [ptidss-server] [ptidss-sched-3] c.p.s.mapper.SysRoleMapper.selectList    : <==      Total: 7
2026-08-25T22:40:28.662+08:00 DEBUG 99498 --- [ptidss-server] [ptidss-sched-3] c.p.s.mapper.SysUserMapper.selectList    : ==>  Preparing: SELECT id,username,display_name,password_hash,role_ids,org_code,phone,email,status,last_login_at,version,deleted,created_at,updated_at FROM sys_user WHERE deleted=false AND (role_ids @> ANY (ARRAY['[1]','[2]','[3]','[4]','[5]','[6]','[7]']::jsonb[]))
2026-08-25T22:40:28.662+08:00 DEBUG 99498 --- [ptidss-server] [ptidss-sched-3] c.p.s.mapper.SysUserMapper.selectList    : ==> Parameters: 
2026-08-25T22:40:28.663+08:00 DEBUG 99498 --- [ptidss-server] [ptidss-sched-3] c.p.s.mapper.SysUserMapper.selectList    : <==      Total: 4
2026-08-25T22:40:28.664+08:00  INFO 99498 --- [ptidss-server] [ptidss-sched-3] com.ptidss.intel.service.IntelService    : 情报推送执行完成：匹配情报 0 条，派发消息 0 条，触发决策会话情报重评 0 个
2026-08-25T22:40:58.680+08:00 DEBUG 99498 --- [ptidss-server] [ptidss-sched-3] c.p.s.mapper.SysRoleMapper.selectList    : ==>  Preparing: SELECT id,role_code,role_name,description,status,version,deleted,created_at,updated_at FROM sys_role WHERE deleted=false
2026-08-25T22:40:58.680+08:00 DEBUG 99498 --- [ptidss-server] [ptidss-sched-3] c.p.s.mapper.SysRoleMapper.selectList    : ==> Parameters: 
2026-08-25T22:40:58.681+08:00 DEBUG 99498 --- [ptidss-server] [ptidss-sched-3] c.p.s.mapper.SysRoleMapper.selectList    : <==      Total: 7
2026-08-25T22:40:58.681+08:00 DEBUG 99498 --- [ptidss-server] [ptidss-sched-3] c.p.s.mapper.SysUserMapper.selectList    : ==>  Preparing: SELECT id,username,display_name,password_hash,role_ids,org_code,phone,email,status,last_login_at,version,deleted,created_at,updated_at FROM sys_user WHERE deleted=false AND (role_ids @> ANY (ARRAY['[1]','[2]','[3]','[4]','[5]','[6]','[7]']::jsonb[]))
2026-08-25T22:40:58.681+08:00 DEBUG 99498 --- [ptidss-server] [ptidss-sched-3] c.p.s.mapper.SysUserMapper.selectList    : ==> Parameters: 
2026-08-25T22:40:58.682+08:00 DEBUG 99498 --- [ptidss-server] [ptidss-sched-3] c.p.s.mapper.SysUserMapper.selectList    : <==      Total: 4
2026-08-25T22:40:58.683+08:00  INFO 99498 --- [ptidss-server] [ptidss-sched-3] com.ptidss.intel.service.IntelService    : 情报推送执行完成：匹配情报 0 条，派发消息 0 条，触发决策会话情报重评 0 个
2026-08-25T22:41:17.587+08:00  INFO 99498 --- [ptidss-server] [ptidss-sched-1] c.p.intel.service.IntelFetchService      : 情报源模拟采集：INTL-PRICE-GD 生成模拟情报
2026-08-25T22:41:17.596+08:00  INFO 99498 --- [ptidss-server] [ptidss-sched-1] c.p.intel.service.IntelFetchService      : 情报源模拟采集：INTL-PRICE-SD 生成模拟情报
2026-08-25T22:41:17.601+08:00  INFO 99498 --- [ptidss-server] [ptidss-sched-1] c.p.intel.service.IntelFetchService      : 情报源模拟采集：INTL-PRICE-MX 生成模拟情报
2026-08-25T22:41:17.606+08:00  INFO 99498 --- [ptidss-server] [ptidss-sched-1] c.p.intel.service.IntelFetchService      : 情报源模拟采集：INTL-PRICE-GS 生成模拟情报
2026-08-25T22:41:17.611+08:00  INFO 99498 --- [ptidss-server] [ptidss-sched-1] c.p.intel.service.IntelFetchService      : 情报源模拟采集：INTL-PRICE-SX 生成模拟情报
2026-08-25T22:41:17.611+08:00  INFO 99498 --- [ptidss-server] [ptidss-sched-1] c.p.intel.service.IntelFetchService      : 行情采集执行完成：到期 5 个（成功 5 / 失败 0 / 跳过未到期 15）
2026-08-25T22:41:28.697+08:00 DEBUG 99498 --- [ptidss-server] [ptidss-sched-4] c.p.s.mapper.SysRoleMapper.selectList    : ==>  Preparing: SELECT id,role_code,role_name,description,status,version,deleted,created_at,updated_at FROM sys_role WHERE deleted=false
2026-08-25T22:41:28.697+08:00 DEBUG 99498 --- [ptidss-server] [ptidss-sched-4] c.p.s.mapper.SysRoleMapper.selectList    : ==> Parameters: 
2026-08-25T22:41:28.698+08:00 DEBUG 99498 --- [ptidss-server] [ptidss-sched-4] c.p.s.mapper.SysRoleMapper.selectList    : <==      Total: 7
2026-08-25T22:41:28.698+08:00 DEBUG 99498 --- [ptidss-server] [ptidss-sched-4] c.p.s.mapper.SysUserMapper.selectList    : ==>  Preparing: SELECT id,username,display_name,password_hash,role_ids,org_code,phone,email,status,last_login_at,version,deleted,created_at,updated_at FROM sys_user WHERE deleted=false AND (role_ids @> ANY (ARRAY['[1]','[2]','[3]','[4]','[5]','[6]','[7]']::jsonb[]))
2026-08-25T22:41:28.698+08:00 DEBUG 99498 --- [ptidss-server] [ptidss-sched-4] c.p.s.mapper.SysUserMapper.selectList    : ==> Parameters: 
2026-08-25T22:41:28.699+08:00 DEBUG 99498 --- [ptidss-server] [ptidss-sched-4] c.p.s.mapper.SysUserMapper.selectList    : <==      Total: 4
2026-08-25T22:41:28.700+08:00  INFO 99498 --- [ptidss-server] [ptidss-sched-4] com.ptidss.intel.service.IntelService    : 情报推送执行完成：匹配情报 0 条，派发消息 0 条，触发决策会话情报重评 0 个
2026-08-25T22:41:58.707+08:00 DEBUG 99498 --- [ptidss-server] [ptidss-sched-4] c.p.s.mapper.SysRoleMapper.selectList    : ==>  Preparing: SELECT id,role_code,role_name,description,status,version,deleted,created_at,updated_at FROM sys_role WHERE deleted=false
2026-08-25T22:41:58.707+08:00 DEBUG 99498 --- [ptidss-server] [ptidss-sched-4] c.p.s.mapper.SysRoleMapper.selectList    : ==> Parameters: 
2026-08-25T22:41:58.708+08:00 DEBUG 99498 --- [ptidss-server] [ptidss-sched-4] c.p.s.mapper.SysRoleMapper.selectList    : <==      Total: 7
2026-08-25T22:41:58.708+08:00 DEBUG 99498 --- [ptidss-server] [ptidss-sched-4] c.p.s.mapper.SysUserMapper.selectList    : ==>  Preparing: SELECT id,username,display_name,password_hash,role_ids,org_code,phone,email,status,last_login_at,version,deleted,created_at,updated_at FROM sys_user WHERE deleted=false AND (role_ids @> ANY (ARRAY['[1]','[2]','[3]','[4]','[5]','[6]','[7]']::jsonb[]))
2026-08-25T22:41:58.708+08:00 DEBUG 99498 --- [ptidss-server] [ptidss-sched-4] c.p.s.mapper.SysUserMapper.selectList    : ==> Parameters: 
2026-08-25T22:41:58.709+08:00 DEBUG 99498 --- [ptidss-server] [ptidss-sched-4] c.p.s.mapper.SysUserMapper.selectList    : <==      Total: 4
2026-08-25T22:41:58.709+08:00  INFO 99498 --- [ptidss-server] [ptidss-sched-4] com.ptidss.intel.service.IntelService    : 情报推送执行完成：匹配情报 0 条，派发消息 0 条，触发决策会话情报重评 0 个
2026-08-25T22:42:17.615+08:00  INFO 99498 --- [ptidss-server] [ptidss-sched-3] c.p.intel.service.IntelFetchService      : 行情采集执行完成：到期 0 个（成功 0 / 失败 0 / 跳过未到期 20）
2026-08-25T22:42:28.723+08:00 DEBUG 99498 --- [ptidss-server] [ptidss-sched-2] c.p.s.mapper.SysRoleMapper.selectList    : ==>  Preparing: SELECT id,role_code,role_name,description,status,version,deleted,created_at,updated_at FROM sys_role WHERE deleted=false
2026-08-25T22:42:28.724+08:00 DEBUG 99498 --- [ptidss-server] [ptidss-sched-2] c.p.s.mapper.SysRoleMapper.selectList    : ==> Parameters: 
2026-08-25T22:42:28.724+08:00 DEBUG 99498 --- [ptidss-server] [ptidss-sched-2] c.p.s.mapper.SysRoleMapper.selectList    : <==      Total: 7
2026-08-25T22:42:28.725+08:00 DEBUG 99498 --- [ptidss-server] [ptidss-sched-2] c.p.s.mapper.SysUserMapper.selectList    : ==>  Preparing: SELECT id,username,display_name,password_hash,role_ids,org_code,phone,email,status,last_login_at,version,deleted,created_at,updated_at FROM sys_user WHERE deleted=false AND (role_ids @> ANY (ARRAY['[1]','[2]','[3]','[4]','[5]','[6]','[7]']::jsonb[]))
2026-08-25T22:42:28.725+08:00 DEBUG 99498 --- [ptidss-server] [ptidss-sched-2] c.p.s.mapper.SysUserMapper.selectList    : ==> Parameters: 
2026-08-25T22:42:28.726+08:00 DEBUG 99498 --- [ptidss-server] [ptidss-sched-2] c.p.s.mapper.SysUserMapper.selectList    : <==      Total: 4
2026-08-25T22:42:28.726+08:00  INFO 99498 --- [ptidss-server] [ptidss-sched-2] com.ptidss.intel.service.IntelService    : 情报推送执行完成：匹配情报 0 条，派发消息 0 条，触发决策会话情报重评 0 个
2026-08-25T22:42:58.737+08:00 DEBUG 99498 --- [ptidss-server] [ptidss-sched-2] c.p.s.mapper.SysRoleMapper.selectList    : ==>  Preparing: SELECT id,role_code,role_name,description,status,version,deleted,created_at,updated_at FROM sys_role WHERE deleted=false
2026-08-25T22:42:58.737+08:00 DEBUG 99498 --- [ptidss-server] [ptidss-sched-2] c.p.s.mapper.SysRoleMapper.selectList    : ==> Parameters: 
2026-08-25T22:42:58.738+08:00 DEBUG 99498 --- [ptidss-server] [ptidss-sched-2] c.p.s.mapper.SysRoleMapper.selectList    : <==      Total: 7
2026-08-25T22:42:58.738+08:00 DEBUG 99498 --- [ptidss-server] [ptidss-sched-2] c.p.s.mapper.SysUserMapper.selectList    : ==>  Preparing: SELECT id,username,display_name,password_hash,role_ids,org_code,phone,email,status,last_login_at,version,deleted,created_at,updated_at FROM sys_user WHERE deleted=false AND (role_ids @> ANY (ARRAY['[1]','[2]','[3]','[4]','[5]','[6]','[7]']::jsonb[]))
2026-08-25T22:42:58.738+08:00 DEBUG 99498 --- [ptidss-server] [ptidss-sched-2] c.p.s.mapper.SysUserMapper.selectList    : ==> Parameters: 
2026-08-25T22:42:58.738+08:00 DEBUG 99498 --- [ptidss-server] [ptidss-sched-2] c.p.s.mapper.SysUserMapper.selectList    : <==      Total: 4
2026-08-25T22:42:58.739+08:00  INFO 99498 --- [ptidss-server] [ptidss-sched-2] com.ptidss.intel.service.IntelService    : 情报推送执行完成：匹配情报 0 条，派发消息 0 条，触发决策会话情报重评 0 个
2026-08-25T22:43:17.620+08:00  INFO 99498 --- [ptidss-server] [ptidss-sched-3] c.p.intel.service.IntelFetchService      : 行情采集执行完成：到期 0 个（成功 0 / 失败 0 / 跳过未到期 20）
2026-08-25T22:43:28.754+08:00 DEBUG 99498 --- [ptidss-server] [ptidss-sched-1] c.p.s.mapper.SysRoleMapper.selectList    : ==>  Preparing: SELECT id,role_code,role_name,description,status,version,deleted,created_at,updated_at FROM sys_role WHERE deleted=false
2026-08-25T22:43:28.754+08:00 DEBUG 99498 --- [ptidss-server] [ptidss-sched-1] c.p.s.mapper.SysRoleMapper.selectList    : ==> Parameters: 
2026-08-25T22:43:28.754+08:00 DEBUG 99498 --- [ptidss-server] [ptidss-sched-1] c.p.s.mapper.SysRoleMapper.selectList    : <==      Total: 7
2026-08-25T22:43:28.755+08:00 DEBUG 99498 --- [ptidss-server] [ptidss-sched-1] c.p.s.mapper.SysUserMapper.selectList    : ==>  Preparing: SELECT id,username,display_name,password_hash,role_ids,org_code,phone,email,status,last_login_at,version,deleted,created_at,updated_at FROM sys_user WHERE deleted=false AND (role_ids @> ANY (ARRAY['[1]','[2]','[3]','[4]','[5]','[6]','[7]']::jsonb[]))
2026-08-25T22:43:28.755+08:00 DEBUG 99498 --- [ptidss-server] [ptidss-sched-1] c.p.s.mapper.SysUserMapper.selectList    : ==> Parameters: 
2026-08-25T22:43:28.756+08:00 DEBUG 99498 --- [ptidss-server] [ptidss-sched-1] c.p.s.mapper.SysUserMapper.selectList    : <==      Total: 4
2026-08-25T22:43:28.757+08:00  INFO 99498 --- [ptidss-server] [ptidss-sched-1] com.ptidss.intel.service.IntelService    : 情报推送执行完成：匹配情报 0 条，派发消息 0 条，触发决策会话情报重评 0 个
2026-08-25T22:43:58.768+08:00 DEBUG 99498 --- [ptidss-server] [ptidss-sched-1] c.p.s.mapper.SysRoleMapper.selectList    : ==>  Preparing: SELECT id,role_code,role_name,description,status,version,deleted,created_at,updated_at FROM sys_role WHERE deleted=false
2026-08-25T22:43:58.768+08:00 DEBUG 99498 --- [ptidss-server] [ptidss-sched-1] c.p.s.mapper.SysRoleMapper.selectList    : ==> Parameters: 
2026-08-25T22:43:58.769+08:00 DEBUG 99498 --- [ptidss-server] [ptidss-sched-1] c.p.s.mapper.SysRoleMapper.selectList    : <==      Total: 7
2026-08-25T22:43:58.769+08:00 DEBUG 99498 --- [ptidss-server] [ptidss-sched-1] c.p.s.mapper.SysUserMapper.selectList    : ==>  Preparing: SELECT id,username,display_name,password_hash,role_ids,org_code,phone,email,status,last_login_at,version,deleted,created_at,updated_at FROM sys_user WHERE deleted=false AND (role_ids @> ANY (ARRAY['[1]','[2]','[3]','[4]','[5]','[6]','[7]']::jsonb[]))
2026-08-25T22:43:58.769+08:00 DEBUG 99498 --- [ptidss-server] [ptidss-sched-1] c.p.s.mapper.SysUserMapper.selectList    : ==> Parameters: 
2026-08-25T22:43:58.770+08:00 DEBUG 99498 --- [ptidss-server] [ptidss-sched-1] c.p.s.mapper.SysUserMapper.selectList    : <==      Total: 4
2026-08-25T22:43:58.770+08:00  INFO 99498 --- [ptidss-server] [ptidss-sched-1] com.ptidss.intel.service.IntelService    : 情报推送执行完成：匹配情报 0 条，派发消息 0 条，触发决策会话情报重评 0 个
2026-08-25T22:44:17.624+08:00  INFO 99498 --- [ptidss-server] [ptidss-sched-3] c.p.intel.service.IntelFetchService      : 行情采集执行完成：到期 0 个（成功 0 / 失败 0 / 跳过未到期 20）
2026-08-25T22:44:28.786+08:00 DEBUG 99498 --- [ptidss-server] [ptidss-sched-4] c.p.s.mapper.SysRoleMapper.selectList    : ==>  Preparing: SELECT id,role_code,role_name,description,status,version,deleted,created_at,updated_at FROM sys_role WHERE deleted=false
2026-08-25T22:44:28.787+08:00 DEBUG 99498 --- [ptidss-server] [ptidss-sched-4] c.p.s.mapper.SysRoleMapper.selectList    : ==> Parameters: 
2026-08-25T22:44:28.787+08:00 DEBUG 99498 --- [ptidss-server] [ptidss-sched-4] c.p.s.mapper.SysRoleMapper.selectList    : <==      Total: 7
2026-08-25T22:44:28.788+08:00 DEBUG 99498 --- [ptidss-server] [ptidss-sched-4] c.p.s.mapper.SysUserMapper.selectList    : ==>  Preparing: SELECT id,username,display_name,password_hash,role_ids,org_code,phone,email,status,last_login_at,version,deleted,created_at,updated_at FROM sys_user WHERE deleted=false AND (role_ids @> ANY (ARRAY['[1]','[2]','[3]','[4]','[5]','[6]','[7]']::jsonb[]))
2026-08-25T22:44:28.788+08:00 DEBUG 99498 --- [ptidss-server] [ptidss-sched-4] c.p.s.mapper.SysUserMapper.selectList    : ==> Parameters: 
2026-08-25T22:44:28.788+08:00 DEBUG 99498 --- [ptidss-server] [ptidss-sched-4] c.p.s.mapper.SysUserMapper.selectList    : <==      Total: 4
2026-08-25T22:44:28.789+08:00  INFO 99498 --- [ptidss-server] [ptidss-sched-4] com.ptidss.intel.service.IntelService    : 情报推送执行完成：匹配情报 0 条，派发消息 0 条，触发决策会话情报重评 0 个
2026-08-25T22:44:58.801+08:00 DEBUG 99498 --- [ptidss-server] [ptidss-sched-4] c.p.s.mapper.SysRoleMapper.selectList    : ==>  Preparing: SELECT id,role_code,role_name,description,status,version,deleted,created_at,updated_at FROM sys_role WHERE deleted=false
2026-08-25T22:44:58.802+08:00 DEBUG 99498 --- [ptidss-server] [ptidss-sched-4] c.p.s.mapper.SysRoleMapper.selectList    : ==> Parameters: 
2026-08-25T22:44:58.803+08:00 DEBUG 99498 --- [ptidss-server] [ptidss-sched-4] c.p.s.mapper.SysRoleMapper.selectList    : <==      Total: 7
2026-08-25T22:44:58.804+08:00 DEBUG 99498 --- [ptidss-server] [ptidss-sched-4] c.p.s.mapper.SysUserMapper.selectList    : ==>  Preparing: SELECT id,username,display_name,password_hash,role_ids,org_code,phone,email,status,last_login_at,version,deleted,created_at,updated_at FROM sys_user WHERE deleted=false AND (role_ids @> ANY (ARRAY['[1]','[2]','[3]','[4]','[5]','[6]','[7]']::jsonb[]))
2026-08-25T22:44:58.804+08:00 DEBUG 99498 --- [ptidss-server] [ptidss-sched-4] c.p.s.mapper.SysUserMapper.selectList    : ==> Parameters: 
2026-08-25T22:44:58.805+08:00 DEBUG 99498 --- [ptidss-server] [ptidss-sched-4] c.p.s.mapper.SysUserMapper.selectList    : <==      Total: 4
2026-08-25T22:44:58.807+08:00  INFO 99498 --- [ptidss-server] [ptidss-sched-4] com.ptidss.intel.service.IntelService    : 情报推送执行完成：匹配情报 0 条，派发消息 0 条，触发决策会话情报重评 0 个
2026-08-25T22:45:17.628+08:00  INFO 99498 --- [ptidss-server] [ptidss-sched-1] c.p.intel.service.IntelFetchService      : 行情采集执行完成：到期 0 个（成功 0 / 失败 0 / 跳过未到期 20）
2026-08-25T22:45:28.821+08:00 DEBUG 99498 --- [ptidss-server] [ptidss-sched-4] c.p.s.mapper.SysRoleMapper.selectList    : ==>  Preparing: SELECT id,role_code,role_name,description,status,version,deleted,created_at,updated_at FROM sys_role WHERE deleted=false
2026-08-25T22:45:28.822+08:00 DEBUG 99498 --- [ptidss-server] [ptidss-sched-4] c.p.s.mapper.SysRoleMapper.selectList    : ==> Parameters: 
2026-08-25T22:45:28.822+08:00 DEBUG 99498 --- [ptidss-server] [ptidss-sched-4] c.p.s.mapper.SysRoleMapper.selectList    : <==      Total: 7
2026-08-25T22:45:28.823+08:00 DEBUG 99498 --- [ptidss-server] [ptidss-sched-4] c.p.s.mapper.SysUserMapper.selectList    : ==>  Preparing: SELECT id,username,display_name,password_hash,role_ids,org_code,phone,email,status,last_login_at,version,deleted,created_at,updated_at FROM sys_user WHERE deleted=false AND (role_ids @> ANY (ARRAY['[1]','[2]','[3]','[4]','[5]','[6]','[7]']::jsonb[]))
2026-08-25T22:45:28.823+08:00 DEBUG 99498 --- [ptidss-server] [ptidss-sched-4] c.p.s.mapper.SysUserMapper.selectList    : ==> Parameters: 
2026-08-25T22:45:28.823+08:00 DEBUG 99498 --- [ptidss-server] [ptidss-sched-4] c.p.s.mapper.SysUserMapper.selectList    : <==      Total: 4
2026-08-25T22:45:28.824+08:00  INFO 99498 --- [ptidss-server] [ptidss-sched-4] com.ptidss.intel.service.IntelService    : 情报推送执行完成：匹配情报 0 条，派发消息 0 条，触发决策会话情报重评 0 个
2026-08-25T22:45:58.839+08:00 DEBUG 99498 --- [ptidss-server] [ptidss-sched-4] c.p.s.mapper.SysRoleMapper.selectList    : ==>  Preparing: SELECT id,role_code,role_name,description,status,version,deleted,created_at,updated_at FROM sys_role WHERE deleted=false
2026-08-25T22:45:58.839+08:00 DEBUG 99498 --- [ptidss-server] [ptidss-sched-4] c.p.s.mapper.SysRoleMapper.selectList    : ==> Parameters: 
2026-08-25T22:45:58.841+08:00 DEBUG 99498 --- [ptidss-server] [ptidss-sched-4] c.p.s.mapper.SysRoleMapper.selectList    : <==      Total: 7
2026-08-25T22:45:58.841+08:00 DEBUG 99498 --- [ptidss-server] [ptidss-sched-4] c.p.s.mapper.SysUserMapper.selectList    : ==>  Preparing: SELECT id,username,display_name,password_hash,role_ids,org_code,phone,email,status,last_login_at,version,deleted,created_at,updated_at FROM sys_user WHERE deleted=false AND (role_ids @> ANY (ARRAY['[1]','[2]','[3]','[4]','[5]','[6]','[7]']::jsonb[]))
2026-08-25T22:45:58.842+08:00 DEBUG 99498 --- [ptidss-server] [ptidss-sched-4] c.p.s.mapper.SysUserMapper.selectList    : ==> Parameters: 
2026-08-25T22:45:58.843+08:00 DEBUG 99498 --- [ptidss-server] [ptidss-sched-4] c.p.s.mapper.SysUserMapper.selectList    : <==      Total: 4
2026-08-25T22:45:58.844+08:00  INFO 99498 --- [ptidss-server] [ptidss-sched-4] com.ptidss.intel.service.IntelService    : 情报推送执行完成：匹配情报 0 条，派发消息 0 条，触发决策会话情报重评 0 个
2026-08-25T22:46:17.633+08:00  INFO 99498 --- [ptidss-server] [ptidss-sched-2] c.p.intel.service.IntelFetchService      : 行情采集执行完成：到期 0 个（成功 0 / 失败 0 / 跳过未到期 20）
2026-08-25T22:46:28.868+08:00 DEBUG 99498 --- [ptidss-server] [ptidss-sched-4] c.p.s.mapper.SysRoleMapper.selectList    : ==>  Preparing: SELECT id,role_code,role_name,description,status,version,deleted,created_at,updated_at FROM sys_role WHERE deleted=false
2026-08-25T22:46:28.869+08:00 DEBUG 99498 --- [ptidss-server] [ptidss-sched-4] c.p.s.mapper.SysRoleMapper.selectList    : ==> Parameters: 
2026-08-25T22:46:28.870+08:00 DEBUG 99498 --- [ptidss-server] [ptidss-sched-4] c.p.s.mapper.SysRoleMapper.selectList    : <==      Total: 7
2026-08-25T22:46:28.871+08:00 DEBUG 99498 --- [ptidss-server] [ptidss-sched-4] c.p.s.mapper.SysUserMapper.selectList    : ==>  Preparing: SELECT id,username,display_name,password_hash,role_ids,org_code,phone,email,status,last_login_at,version,deleted,created_at,updated_at FROM sys_user WHERE deleted=false AND (role_ids @> ANY (ARRAY['[1]','[2]','[3]','[4]','[5]','[6]','[7]']::jsonb[]))
2026-08-25T22:46:28.871+08:00 DEBUG 99498 --- [ptidss-server] [ptidss-sched-4] c.p.s.mapper.SysUserMapper.selectList    : ==> Parameters: 
2026-08-25T22:46:28.872+08:00 DEBUG 99498 --- [ptidss-server] [ptidss-sched-4] c.p.s.mapper.SysUserMapper.selectList    : <==      Total: 4
2026-08-25T22:46:28.875+08:00  INFO 99498 --- [ptidss-server] [ptidss-sched-4] com.ptidss.intel.service.IntelService    : 情报推送执行完成：匹配情报 0 条，派发消息 0 条，触发决策会话情报重评 0 个
2026-08-25T22:46:58.901+08:00 DEBUG 99498 --- [ptidss-server] [ptidss-sched-4] c.p.s.mapper.SysRoleMapper.selectList    : ==>  Preparing: SELECT id,role_code,role_name,description,status,version,deleted,created_at,updated_at FROM sys_role WHERE deleted=false
2026-08-25T22:46:58.901+08:00 DEBUG 99498 --- [ptidss-server] [ptidss-sched-4] c.p.s.mapper.SysRoleMapper.selectList    : ==> Parameters: 
2026-08-25T22:46:58.903+08:00 DEBUG 99498 --- [ptidss-server] [ptidss-sched-4] c.p.s.mapper.SysRoleMapper.selectList    : <==      Total: 7
2026-08-25T22:46:58.904+08:00 DEBUG 99498 --- [ptidss-server] [ptidss-sched-4] c.p.s.mapper.SysUserMapper.selectList    : ==>  Preparing: SELECT id,username,display_name,password_hash,role_ids,org_code,phone,email,status,last_login_at,version,deleted,created_at,updated_at FROM sys_user WHERE deleted=false AND (role_ids @> ANY (ARRAY['[1]','[2]','[3]','[4]','[5]','[6]','[7]']::jsonb[]))
2026-08-25T22:46:58.904+08:00 DEBUG 99498 --- [ptidss-server] [ptidss-sched-4] c.p.s.mapper.SysUserMapper.selectList    : ==> Parameters: 
2026-08-25T22:46:58.905+08:00 DEBUG 99498 --- [ptidss-server] [ptidss-sched-4] c.p.s.mapper.SysUserMapper.selectList    : <==      Total: 4
2026-08-25T22:46:58.908+08:00  INFO 99498 --- [ptidss-server] [ptidss-sched-4] com.ptidss.intel.service.IntelService    : 情报推送执行完成：匹配情报 0 条，派发消息 0 条，触发决策会话情报重评 0 个
2026-08-25T22:47:17.637+08:00  INFO 99498 --- [ptidss-server] [ptidss-sched-3] c.p.intel.service.IntelFetchService      : 行情采集执行完成：到期 0 个（成功 0 / 失败 0 / 跳过未到期 20）
2026-08-25T22:47:28.930+08:00 DEBUG 99498 --- [ptidss-server] [ptidss-sched-4] c.p.s.mapper.SysRoleMapper.selectList    : ==>  Preparing: SELECT id,role_code,role_name,description,status,version,deleted,created_at,updated_at FROM sys_role WHERE deleted=false
2026-08-25T22:47:28.930+08:00 DEBUG 99498 --- [ptidss-server] [ptidss-sched-4] c.p.s.mapper.SysRoleMapper.selectList    : ==> Parameters: 
2026-08-25T22:47:28.932+08:00 DEBUG 99498 --- [ptidss-server] [ptidss-sched-4] c.p.s.mapper.SysRoleMapper.selectList    : <==      Total: 7
2026-08-25T22:47:28.934+08:00 DEBUG 99498 --- [ptidss-server] [ptidss-sched-4] c.p.s.mapper.SysUserMapper.selectList    : ==>  Preparing: SELECT id,username,display_name,password_hash,role_ids,org_code,phone,email,status,last_login_at,version,deleted,created_at,updated_at FROM sys_user WHERE deleted=false AND (role_ids @> ANY (ARRAY['[1]','[2]','[3]','[4]','[5]','[6]','[7]']::jsonb[]))
2026-08-25T22:47:28.934+08:00 DEBUG 99498 --- [ptidss-server] [ptidss-sched-4] c.p.s.mapper.SysUserMapper.selectList    : ==> Parameters: 
2026-08-25T22:47:28.936+08:00 DEBUG 99498 --- [ptidss-server] [ptidss-sched-4] c.p.s.mapper.SysUserMapper.selectList    : <==      Total: 4
2026-08-25T22:47:28.939+08:00  INFO 99498 --- [ptidss-server] [ptidss-sched-4] com.ptidss.intel.service.IntelService    : 情报推送执行完成：匹配情报 0 条，派发消息 0 条，触发决策会话情报重评 0 个
2026-08-25T22:47:58.975+08:00 DEBUG 99498 --- [ptidss-server] [ptidss-sched-4] c.p.s.mapper.SysRoleMapper.selectList    : ==>  Preparing: SELECT id,role_code,role_name,description,status,version,deleted,created_at,updated_at FROM sys_role WHERE deleted=false
2026-08-25T22:47:58.975+08:00 DEBUG 99498 --- [ptidss-server] [ptidss-sched-4] c.p.s.mapper.SysRoleMapper.selectList    : ==> Parameters: 
2026-08-25T22:47:58.977+08:00 DEBUG 99498 --- [ptidss-server] [ptidss-sched-4] c.p.s.mapper.SysRoleMapper.selectList    : <==      Total: 7
2026-08-25T22:47:58.978+08:00 DEBUG 99498 --- [ptidss-server] [ptidss-sched-4] c.p.s.mapper.SysUserMapper.selectList    : ==>  Preparing: SELECT id,username,display_name,password_hash,role_ids,org_code,phone,email,status,last_login_at,version,deleted,created_at,updated_at FROM sys_user WHERE deleted=false AND (role_ids @> ANY (ARRAY['[1]','[2]','[3]','[4]','[5]','[6]','[7]']::jsonb[]))
2026-08-25T22:47:58.978+08:00 DEBUG 99498 --- [ptidss-server] [ptidss-sched-4] c.p.s.mapper.SysUserMapper.selectList    : ==> Parameters: 
2026-08-25T22:47:58.980+08:00 DEBUG 99498 --- [ptidss-server] [ptidss-sched-4] c.p.s.mapper.SysUserMapper.selectList    : <==      Total: 4
2026-08-25T22:47:58.982+08:00  INFO 99498 --- [ptidss-server] [ptidss-sched-4] com.ptidss.intel.service.IntelService    : 情报推送执行完成：匹配情报 0 条，派发消息 0 条，触发决策会话情报重评 0 个
2026-08-25T22:48:17.641+08:00  INFO 99498 --- [ptidss-server] [ptidss-sched-3] c.p.intel.service.IntelFetchService      : 行情采集执行完成：到期 0 个（成功 0 / 失败 0 / 跳过未到期 20）
2026-08-25T22:48:28.998+08:00 DEBUG 99498 --- [ptidss-server] [ptidss-sched-2] c.p.s.mapper.SysRoleMapper.selectList    : ==>  Preparing: SELECT id,role_code,role_name,description,status,version,deleted,created_at,updated_at FROM sys_role WHERE deleted=false
2026-08-25T22:48:28.998+08:00 DEBUG 99498 --- [ptidss-server] [ptidss-sched-2] c.p.s.mapper.SysRoleMapper.selectList    : ==> Parameters: 
2026-08-25T22:48:28.999+08:00 DEBUG 99498 --- [ptidss-server] [ptidss-sched-2] c.p.s.mapper.SysRoleMapper.selectList    : <==      Total: 7
2026-08-25T22:48:28.999+08:00 DEBUG 99498 --- [ptidss-server] [ptidss-sched-2] c.p.s.mapper.SysUserMapper.selectList    : ==>  Preparing: SELECT id,username,display_name,password_hash,role_ids,org_code,phone,email,status,last_login_at,version,deleted,created_at,updated_at FROM sys_user WHERE deleted=false AND (role_ids @> ANY (ARRAY['[1]','[2]','[3]','[4]','[5]','[6]','[7]']::jsonb[]))
2026-08-25T22:48:28.999+08:00 DEBUG 99498 --- [ptidss-server] [ptidss-sched-2] c.p.s.mapper.SysUserMapper.selectList    : ==> Parameters: 
2026-08-25T22:48:29.000+08:00 DEBUG 99498 --- [ptidss-server] [ptidss-sched-2] c.p.s.mapper.SysUserMapper.selectList    : <==      Total: 4
2026-08-25T22:48:29.001+08:00  INFO 99498 --- [ptidss-server] [ptidss-sched-2] com.ptidss.intel.service.IntelService    : 情报推送执行完成：匹配情报 0 条，派发消息 0 条，触发决策会话情报重评 0 个
2026-08-25T22:48:59.031+08:00 DEBUG 99498 --- [ptidss-server] [ptidss-sched-2] c.p.s.mapper.SysRoleMapper.selectList    : ==>  Preparing: SELECT id,role_code,role_name,description,status,version,deleted,created_at,updated_at FROM sys_role WHERE deleted=false
2026-08-25T22:48:59.031+08:00 DEBUG 99498 --- [ptidss-server] [ptidss-sched-2] c.p.s.mapper.SysRoleMapper.selectList    : ==> Parameters: 
2026-08-25T22:48:59.033+08:00 DEBUG 99498 --- [ptidss-server] [ptidss-sched-2] c.p.s.mapper.SysRoleMapper.selectList    : <==      Total: 7
2026-08-25T22:48:59.034+08:00 DEBUG 99498 --- [ptidss-server] [ptidss-sched-2] c.p.s.mapper.SysUserMapper.selectList    : ==>  Preparing: SELECT id,username,display_name,password_hash,role_ids,org_code,phone,email,status,last_login_at,version,deleted,created_at,updated_at FROM sys_user WHERE deleted=false AND (role_ids @> ANY (ARRAY['[1]','[2]','[3]','[4]','[5]','[6]','[7]']::jsonb[]))
2026-08-25T22:48:59.035+08:00 DEBUG 99498 --- [ptidss-server] [ptidss-sched-2] c.p.s.mapper.SysUserMapper.selectList    : ==> Parameters: 
2026-08-25T22:48:59.036+08:00 DEBUG 99498 --- [ptidss-server] [ptidss-sched-2] c.p.s.mapper.SysUserMapper.selectList    : <==      Total: 4
2026-08-25T22:48:59.038+08:00  INFO 99498 --- [ptidss-server] [ptidss-sched-2] com.ptidss.intel.service.IntelService    : 情报推送执行完成：匹配情报 0 条，派发消息 0 条，触发决策会话情报重评 0 个
2026-08-25T22:49:17.645+08:00  INFO 99498 --- [ptidss-server] [ptidss-sched-4] c.p.intel.service.IntelFetchService      : 行情采集执行完成：到期 0 个（成功 0 / 失败 0 / 跳过未到期 20）
2026-08-25T22:49:29.060+08:00 DEBUG 99498 --- [ptidss-server] [ptidss-sched-2] c.p.s.mapper.SysRoleMapper.selectList    : ==>  Preparing: SELECT id,role_code,role_name,description,status,version,deleted,created_at,updated_at FROM sys_role WHERE deleted=false
2026-08-25T22:49:29.060+08:00 DEBUG 99498 --- [ptidss-server] [ptidss-sched-2] c.p.s.mapper.SysRoleMapper.selectList    : ==> Parameters: 
2026-08-25T22:49:29.061+08:00 DEBUG 99498 --- [ptidss-server] [ptidss-sched-2] c.p.s.mapper.SysRoleMapper.selectList    : <==      Total: 7
2026-08-25T22:49:29.062+08:00 DEBUG 99498 --- [ptidss-server] [ptidss-sched-2] c.p.s.mapper.SysUserMapper.selectList    : ==>  Preparing: SELECT id,username,display_name,password_hash,role_ids,org_code,phone,email,status,last_login_at,version,deleted,created_at,updated_at FROM sys_user WHERE deleted=false AND (role_ids @> ANY (ARRAY['[1]','[2]','[3]','[4]','[5]','[6]','[7]']::jsonb[]))
2026-08-25T22:49:29.063+08:00 DEBUG 99498 --- [ptidss-server] [ptidss-sched-2] c.p.s.mapper.SysUserMapper.selectList    : ==> Parameters: 
2026-08-25T22:49:29.064+08:00 DEBUG 99498 --- [ptidss-server] [ptidss-sched-2] c.p.s.mapper.SysUserMapper.selectList    : <==      Total: 4
2026-08-25T22:49:29.066+08:00  INFO 99498 --- [ptidss-server] [ptidss-sched-2] com.ptidss.intel.service.IntelService    : 情报推送执行完成：匹配情报 0 条，派发消息 0 条，触发决策会话情报重评 0 个
2026-08-25T22:49:59.100+08:00 DEBUG 99498 --- [ptidss-server] [ptidss-sched-2] c.p.s.mapper.SysRoleMapper.selectList    : ==>  Preparing: SELECT id,role_code,role_name,description,status,version,deleted,created_at,updated_at FROM sys_role WHERE deleted=false
2026-08-25T22:49:59.101+08:00 DEBUG 99498 --- [ptidss-server] [ptidss-sched-2] c.p.s.mapper.SysRoleMapper.selectList    : ==> Parameters: 
2026-08-25T22:49:59.103+08:00 DEBUG 99498 --- [ptidss-server] [ptidss-sched-2] c.p.s.mapper.SysRoleMapper.selectList    : <==      Total: 7
2026-08-25T22:49:59.104+08:00 DEBUG 99498 --- [ptidss-server] [ptidss-sched-2] c.p.s.mapper.SysUserMapper.selectList    : ==>  Preparing: SELECT id,username,display_name,password_hash,role_ids,org_code,phone,email,status,last_login_at,version,deleted,created_at,updated_at FROM sys_user WHERE deleted=false AND (role_ids @> ANY (ARRAY['[1]','[2]','[3]','[4]','[5]','[6]','[7]']::jsonb[]))
2026-08-25T22:49:59.104+08:00 DEBUG 99498 --- [ptidss-server] [ptidss-sched-2] c.p.s.mapper.SysUserMapper.selectList    : ==> Parameters: 
2026-08-25T22:49:59.106+08:00 DEBUG 99498 --- [ptidss-server] [ptidss-sched-2] c.p.s.mapper.SysUserMapper.selectList    : <==      Total: 4
2026-08-25T22:49:59.110+08:00  INFO 99498 --- [ptidss-server] [ptidss-sched-2] com.ptidss.intel.service.IntelService    : 情报推送执行完成：匹配情报 0 条，派发消息 0 条，触发决策会话情报重评 0 个
2026-08-25T22:50:17.649+08:00  INFO 99498 --- [ptidss-server] [ptidss-sched-4] c.p.intel.service.IntelFetchService      : 行情采集执行完成：到期 0 个（成功 0 / 失败 0 / 跳过未到期 20）
2026-08-25T22:50:29.127+08:00 DEBUG 99498 --- [ptidss-server] [ptidss-sched-3] c.p.s.mapper.SysRoleMapper.selectList    : ==>  Preparing: SELECT id,role_code,role_name,description,status,version,deleted,created_at,updated_at FROM sys_role WHERE deleted=false
2026-08-25T22:50:29.127+08:00 DEBUG 99498 --- [ptidss-server] [ptidss-sched-3] c.p.s.mapper.SysRoleMapper.selectList    : ==> Parameters: 
2026-08-25T22:50:29.128+08:00 DEBUG 99498 --- [ptidss-server] [ptidss-sched-3] c.p.s.mapper.SysRoleMapper.selectList    : <==      Total: 7
2026-08-25T22:50:29.128+08:00 DEBUG 99498 --- [ptidss-server] [ptidss-sched-3] c.p.s.mapper.SysUserMapper.selectList    : ==>  Preparing: SELECT id,username,display_name,password_hash,role_ids,org_code,phone,email,status,last_login_at,version,deleted,created_at,updated_at FROM sys_user WHERE deleted=false AND (role_ids @> ANY (ARRAY['[1]','[2]','[3]','[4]','[5]','[6]','[7]']::jsonb[]))
2026-08-25T22:50:29.128+08:00 DEBUG 99498 --- [ptidss-server] [ptidss-sched-3] c.p.s.mapper.SysUserMapper.selectList    : ==> Parameters: 
2026-08-25T22:50:29.129+08:00 DEBUG 99498 --- [ptidss-server] [ptidss-sched-3] c.p.s.mapper.SysUserMapper.selectList    : <==      Total: 4
2026-08-25T22:50:29.130+08:00  INFO 99498 --- [ptidss-server] [ptidss-sched-3] com.ptidss.intel.service.IntelService    : 情报推送执行完成：匹配情报 0 条，派发消息 0 条，触发决策会话情报重评 0 个
2026-08-25T22:50:59.155+08:00 DEBUG 99498 --- [ptidss-server] [ptidss-sched-3] c.p.s.mapper.SysRoleMapper.selectList    : ==>  Preparing: SELECT id,role_code,role_name,description,status,version,deleted,created_at,updated_at FROM sys_role WHERE deleted=false
2026-08-25T22:50:59.156+08:00 DEBUG 99498 --- [ptidss-server] [ptidss-sched-3] c.p.s.mapper.SysRoleMapper.selectList    : ==> Parameters: 
2026-08-25T22:50:59.157+08:00 DEBUG 99498 --- [ptidss-server] [ptidss-sched-3] c.p.s.mapper.SysRoleMapper.selectList    : <==      Total: 7
2026-08-25T22:50:59.158+08:00 DEBUG 99498 --- [ptidss-server] [ptidss-sched-3] c.p.s.mapper.SysUserMapper.selectList    : ==>  Preparing: SELECT id,username,display_name,password_hash,role_ids,org_code,phone,email,status,last_login_at,version,deleted,created_at,updated_at FROM sys_user WHERE deleted=false AND (role_ids @> ANY (ARRAY['[1]','[2]','[3]','[4]','[5]','[6]','[7]']::jsonb[]))
2026-08-25T22:50:59.158+08:00 DEBUG 99498 --- [ptidss-server] [ptidss-sched-3] c.p.s.mapper.SysUserMapper.selectList    : ==> Parameters: 
2026-08-25T22:50:59.160+08:00 DEBUG 99498 --- [ptidss-server] [ptidss-sched-3] c.p.s.mapper.SysUserMapper.selectList    : <==      Total: 4
2026-08-25T22:50:59.162+08:00  INFO 99498 --- [ptidss-server] [ptidss-sched-3] com.ptidss.intel.service.IntelService    : 情报推送执行完成：匹配情报 0 条，派发消息 0 条，触发决策会话情报重评 0 个
2026-08-25T22:51:17.655+08:00  INFO 99498 --- [ptidss-server] [ptidss-sched-2] c.p.intel.service.IntelFetchService      : 行情采集执行完成：到期 0 个（成功 0 / 失败 0 / 跳过未到期 20）
2026-08-25T22:51:29.176+08:00 DEBUG 99498 --- [ptidss-server] [ptidss-sched-3] c.p.s.mapper.SysRoleMapper.selectList    : ==>  Preparing: SELECT id,role_code,role_name,description,status,version,deleted,created_at,updated_at FROM sys_role WHERE deleted=false
2026-08-25T22:51:29.176+08:00 DEBUG 99498 --- [ptidss-server] [ptidss-sched-3] c.p.s.mapper.SysRoleMapper.selectList    : ==> Parameters: 
2026-08-25T22:51:29.177+08:00 DEBUG 99498 --- [ptidss-server] [ptidss-sched-3] c.p.s.mapper.SysRoleMapper.selectList    : <==      Total: 7
2026-08-25T22:51:29.177+08:00 DEBUG 99498 --- [ptidss-server] [ptidss-sched-3] c.p.s.mapper.SysUserMapper.selectList    : ==>  Preparing: SELECT id,username,display_name,password_hash,role_ids,org_code,phone,email,status,last_login_at,version,deleted,created_at,updated_at FROM sys_user WHERE deleted=false AND (role_ids @> ANY (ARRAY['[1]','[2]','[3]','[4]','[5]','[6]','[7]']::jsonb[]))
2026-08-25T22:51:29.177+08:00 DEBUG 99498 --- [ptidss-server] [ptidss-sched-3] c.p.s.mapper.SysUserMapper.selectList    : ==> Parameters: 
2026-08-25T22:51:29.178+08:00 DEBUG 99498 --- [ptidss-server] [ptidss-sched-3] c.p.s.mapper.SysUserMapper.selectList    : <==      Total: 4
2026-08-25T22:51:29.179+08:00  INFO 99498 --- [ptidss-server] [ptidss-sched-3] com.ptidss.intel.service.IntelService    : 情报推送执行完成：匹配情报 0 条，派发消息 0 条，触发决策会话情报重评 0 个
2026-08-25T22:51:59.200+08:00 DEBUG 99498 --- [ptidss-server] [ptidss-sched-3] c.p.s.mapper.SysRoleMapper.selectList    : ==>  Preparing: SELECT id,role_code,role_name,description,status,version,deleted,created_at,updated_at FROM sys_role WHERE deleted=false
2026-08-25T22:51:59.201+08:00 DEBUG 99498 --- [ptidss-server] [ptidss-sched-3] c.p.s.mapper.SysRoleMapper.selectList    : ==> Parameters: 
2026-08-25T22:51:59.202+08:00 DEBUG 99498 --- [ptidss-server] [ptidss-sched-3] c.p.s.mapper.SysRoleMapper.selectList    : <==      Total: 7
2026-08-25T22:51:59.203+08:00 DEBUG 99498 --- [ptidss-server] [ptidss-sched-3] c.p.s.mapper.SysUserMapper.selectList    : ==>  Preparing: SELECT id,username,display_name,password_hash,role_ids,org_code,phone,email,status,last_login_at,version,deleted,created_at,updated_at FROM sys_user WHERE deleted=false AND (role_ids @> ANY (ARRAY['[1]','[2]','[3]','[4]','[5]','[6]','[7]']::jsonb[]))
2026-08-25T22:51:59.203+08:00 DEBUG 99498 --- [ptidss-server] [ptidss-sched-3] c.p.s.mapper.SysUserMapper.selectList    : ==> Parameters: 
2026-08-25T22:51:59.207+08:00 DEBUG 99498 --- [ptidss-server] [ptidss-sched-3] c.p.s.mapper.SysUserMapper.selectList    : <==      Total: 4
2026-08-25T22:51:59.209+08:00  INFO 99498 --- [ptidss-server] [ptidss-sched-3] com.ptidss.intel.service.IntelService    : 情报推送执行完成：匹配情报 0 条，派发消息 0 条，触发决策会话情报重评 0 个
2026-08-25T22:52:17.659+08:00  INFO 99498 --- [ptidss-server] [ptidss-sched-1] c.p.intel.service.IntelFetchService      : 行情采集执行完成：到期 0 个（成功 0 / 失败 0 / 跳过未到期 20）
2026-08-25T22:52:29.233+08:00 DEBUG 99498 --- [ptidss-server] [ptidss-sched-3] c.p.s.mapper.SysRoleMapper.selectList    : ==>  Preparing: SELECT id,role_code,role_name,description,status,version,deleted,created_at,updated_at FROM sys_role WHERE deleted=false
2026-08-25T22:52:29.234+08:00 DEBUG 99498 --- [ptidss-server] [ptidss-sched-3] c.p.s.mapper.SysRoleMapper.selectList    : ==> Parameters: 
2026-08-25T22:52:29.235+08:00 DEBUG 99498 --- [ptidss-server] [ptidss-sched-3] c.p.s.mapper.SysRoleMapper.selectList    : <==      Total: 7
2026-08-25T22:52:29.236+08:00 DEBUG 99498 --- [ptidss-server] [ptidss-sched-3] c.p.s.mapper.SysUserMapper.selectList    : ==>  Preparing: SELECT id,username,display_name,password_hash,role_ids,org_code,phone,email,status,last_login_at,version,deleted,created_at,updated_at FROM sys_user WHERE deleted=false AND (role_ids @> ANY (ARRAY['[1]','[2]','[3]','[4]','[5]','[6]','[7]']::jsonb[]))
2026-08-25T22:52:29.236+08:00 DEBUG 99498 --- [ptidss-server] [ptidss-sched-3] c.p.s.mapper.SysUserMapper.selectList    : ==> Parameters: 
2026-08-25T22:52:29.238+08:00 DEBUG 99498 --- [ptidss-server] [ptidss-sched-3] c.p.s.mapper.SysUserMapper.selectList    : <==      Total: 4
2026-08-25T22:52:29.241+08:00  INFO 99498 --- [ptidss-server] [ptidss-sched-3] com.ptidss.intel.service.IntelService    : 情报推送执行完成：匹配情报 0 条，派发消息 0 条，触发决策会话情报重评 0 个
2026-08-25T22:52:59.263+08:00 DEBUG 99498 --- [ptidss-server] [ptidss-sched-3] c.p.s.mapper.SysRoleMapper.selectList    : ==>  Preparing: SELECT id,role_code,role_name,description,status,version,deleted,created_at,updated_at FROM sys_role WHERE deleted=false
2026-08-25T22:52:59.263+08:00 DEBUG 99498 --- [ptidss-server] [ptidss-sched-3] c.p.s.mapper.SysRoleMapper.selectList    : ==> Parameters: 
2026-08-25T22:52:59.264+08:00 DEBUG 99498 --- [ptidss-server] [ptidss-sched-3] c.p.s.mapper.SysRoleMapper.selectList    : <==      Total: 7
2026-08-25T22:52:59.265+08:00 DEBUG 99498 --- [ptidss-server] [ptidss-sched-3] c.p.s.mapper.SysUserMapper.selectList    : ==>  Preparing: SELECT id,username,display_name,password_hash,role_ids,org_code,phone,email,status,last_login_at,version,deleted,created_at,updated_at FROM sys_user WHERE deleted=false AND (role_ids @> ANY (ARRAY['[1]','[2]','[3]','[4]','[5]','[6]','[7]']::jsonb[]))
2026-08-25T22:52:59.265+08:00 DEBUG 99498 --- [ptidss-server] [ptidss-sched-3] c.p.s.mapper.SysUserMapper.selectList    : ==> Parameters: 
2026-08-25T22:52:59.267+08:00 DEBUG 99498 --- [ptidss-server] [ptidss-sched-3] c.p.s.mapper.SysUserMapper.selectList    : <==      Total: 4
2026-08-25T22:52:59.269+08:00  INFO 99498 --- [ptidss-server] [ptidss-sched-3] com.ptidss.intel.service.IntelService    : 情报推送执行完成：匹配情报 0 条，派发消息 0 条，触发决策会话情报重评 0 个
2026-08-25T22:53:17.663+08:00  INFO 99498 --- [ptidss-server] [ptidss-sched-1] c.p.intel.service.IntelFetchService      : 行情采集执行完成：到期 0 个（成功 0 / 失败 0 / 跳过未到期 20）
2026-08-25T22:53:29.290+08:00 DEBUG 99498 --- [ptidss-server] [ptidss-sched-2] c.p.s.mapper.SysRoleMapper.selectList    : ==>  Preparing: SELECT id,role_code,role_name,description,status,version,deleted,created_at,updated_at FROM sys_role WHERE deleted=false
2026-08-25T22:53:29.291+08:00 DEBUG 99498 --- [ptidss-server] [ptidss-sched-2] c.p.s.mapper.SysRoleMapper.selectList    : ==> Parameters: 
2026-08-25T22:53:29.292+08:00 DEBUG 99498 --- [ptidss-server] [ptidss-sched-2] c.p.s.mapper.SysRoleMapper.selectList    : <==      Total: 7
2026-08-25T22:53:29.293+08:00 DEBUG 99498 --- [ptidss-server] [ptidss-sched-2] c.p.s.mapper.SysUserMapper.selectList    : ==>  Preparing: SELECT id,username,display_name,password_hash,role_ids,org_code,phone,email,status,last_login_at,version,deleted,created_at,updated_at FROM sys_user WHERE deleted=false AND (role_ids @> ANY (ARRAY['[1]','[2]','[3]','[4]','[5]','[6]','[7]']::jsonb[]))
2026-08-25T22:53:29.294+08:00 DEBUG 99498 --- [ptidss-server] [ptidss-sched-2] c.p.s.mapper.SysUserMapper.selectList    : ==> Parameters: 
2026-08-25T22:53:29.296+08:00 DEBUG 99498 --- [ptidss-server] [ptidss-sched-2] c.p.s.mapper.SysUserMapper.selectList    : <==      Total: 4
2026-08-25T22:53:29.299+08:00  INFO 99498 --- [ptidss-server] [ptidss-sched-2] com.ptidss.intel.service.IntelService    : 情报推送执行完成：匹配情报 0 条，派发消息 0 条，触发决策会话情报重评 0 个
2026-08-25T22:53:59.324+08:00 DEBUG 99498 --- [ptidss-server] [ptidss-sched-2] c.p.s.mapper.SysRoleMapper.selectList    : ==>  Preparing: SELECT id,role_code,role_name,description,status,version,deleted,created_at,updated_at FROM sys_role WHERE deleted=false
2026-08-25T22:53:59.324+08:00 DEBUG 99498 --- [ptidss-server] [ptidss-sched-2] c.p.s.mapper.SysRoleMapper.selectList    : ==> Parameters: 
2026-08-25T22:53:59.325+08:00 DEBUG 99498 --- [ptidss-server] [ptidss-sched-2] c.p.s.mapper.SysRoleMapper.selectList    : <==      Total: 7
2026-08-25T22:53:59.326+08:00 DEBUG 99498 --- [ptidss-server] [ptidss-sched-2] c.p.s.mapper.SysUserMapper.selectList    : ==>  Preparing: SELECT id,username,display_name,password_hash,role_ids,org_code,phone,email,status,last_login_at,version,deleted,created_at,updated_at FROM sys_user WHERE deleted=false AND (role_ids @> ANY (ARRAY['[1]','[2]','[3]','[4]','[5]','[6]','[7]']::jsonb[]))
2026-08-25T22:53:59.326+08:00 DEBUG 99498 --- [ptidss-server] [ptidss-sched-2] c.p.s.mapper.SysUserMapper.selectList    : ==> Parameters: 
2026-08-25T22:53:59.328+08:00 DEBUG 99498 --- [ptidss-server] [ptidss-sched-2] c.p.s.mapper.SysUserMapper.selectList    : <==      Total: 4
2026-08-25T22:53:59.331+08:00  INFO 99498 --- [ptidss-server] [ptidss-sched-2] com.ptidss.intel.service.IntelService    : 情报推送执行完成：匹配情报 0 条，派发消息 0 条，触发决策会话情报重评 0 个
2026-08-25T22:54:17.672+08:00  INFO 99498 --- [ptidss-server] [ptidss-sched-1] c.p.intel.service.IntelFetchService      : 行情采集执行完成：到期 0 个（成功 0 / 失败 0 / 跳过未到期 20）
2026-08-25T22:54:29.354+08:00 DEBUG 99498 --- [ptidss-server] [ptidss-sched-4] c.p.s.mapper.SysRoleMapper.selectList    : ==>  Preparing: SELECT id,role_code,role_name,description,status,version,deleted,created_at,updated_at FROM sys_role WHERE deleted=false
2026-08-25T22:54:29.354+08:00 DEBUG 99498 --- [ptidss-server] [ptidss-sched-4] c.p.s.mapper.SysRoleMapper.selectList    : ==> Parameters: 
2026-08-25T22:54:29.355+08:00 DEBUG 99498 --- [ptidss-server] [ptidss-sched-4] c.p.s.mapper.SysRoleMapper.selectList    : <==      Total: 7
2026-08-25T22:54:29.356+08:00 DEBUG 99498 --- [ptidss-server] [ptidss-sched-4] c.p.s.mapper.SysUserMapper.selectList    : ==>  Preparing: SELECT id,username,display_name,password_hash,role_ids,org_code,phone,email,status,last_login_at,version,deleted,created_at,updated_at FROM sys_user WHERE deleted=false AND (role_ids @> ANY (ARRAY['[1]','[2]','[3]','[4]','[5]','[6]','[7]']::jsonb[]))
2026-08-25T22:54:29.356+08:00 DEBUG 99498 --- [ptidss-server] [ptidss-sched-4] c.p.s.mapper.SysUserMapper.selectList    : ==> Parameters: 
2026-08-25T22:54:29.358+08:00 DEBUG 99498 --- [ptidss-server] [ptidss-sched-4] c.p.s.mapper.SysUserMapper.selectList    : <==      Total: 4
2026-08-25T22:54:29.359+08:00  INFO 99498 --- [ptidss-server] [ptidss-sched-4] com.ptidss.intel.service.IntelService    : 情报推送执行完成：匹配情报 0 条，派发消息 0 条，触发决策会话情报重评 0 个
2026-08-25T22:54:59.432+08:00 DEBUG 99498 --- [ptidss-server] [ptidss-sched-4] c.p.s.mapper.SysRoleMapper.selectList    : ==>  Preparing: SELECT id,role_code,role_name,description,status,version,deleted,created_at,updated_at FROM sys_role WHERE deleted=false
2026-08-25T22:54:59.434+08:00 DEBUG 99498 --- [ptidss-server] [ptidss-sched-4] c.p.s.mapper.SysRoleMapper.selectList    : ==> Parameters: 
2026-08-25T22:54:59.438+08:00 DEBUG 99498 --- [ptidss-server] [ptidss-sched-4] c.p.s.mapper.SysRoleMapper.selectList    : <==      Total: 7
2026-08-25T22:54:59.441+08:00 DEBUG 99498 --- [ptidss-server] [ptidss-sched-4] c.p.s.mapper.SysUserMapper.selectList    : ==>  Preparing: SELECT id,username,display_name,password_hash,role_ids,org_code,phone,email,status,last_login_at,version,deleted,created_at,updated_at FROM sys_user WHERE deleted=false AND (role_ids @> ANY (ARRAY['[1]','[2]','[3]','[4]','[5]','[6]','[7]']::jsonb[]))
2026-08-25T22:54:59.441+08:00 DEBUG 99498 --- [ptidss-server] [ptidss-sched-4] c.p.s.mapper.SysUserMapper.selectList    : ==> Parameters: 
2026-08-25T22:54:59.445+08:00 DEBUG 99498 --- [ptidss-server] [ptidss-sched-4] c.p.s.mapper.SysUserMapper.selectList    : <==      Total: 4
2026-08-25T22:54:59.451+08:00  INFO 99498 --- [ptidss-server] [ptidss-sched-4] com.ptidss.intel.service.IntelService    : 情报推送执行完成：匹配情报 0 条，派发消息 0 条，触发决策会话情报重评 0 个
2026-08-25T22:55:17.679+08:00  INFO 99498 --- [ptidss-server] [ptidss-sched-2] c.p.intel.service.IntelFetchService      : 行情采集执行完成：到期 0 个（成功 0 / 失败 0 / 跳过未到期 20）
2026-08-25T22:55:29.478+08:00 DEBUG 99498 --- [ptidss-server] [ptidss-sched-3] c.p.s.mapper.SysRoleMapper.selectList    : ==>  Preparing: SELECT id,role_code,role_name,description,status,version,deleted,created_at,updated_at FROM sys_role WHERE deleted=false
2026-08-25T22:55:29.478+08:00 DEBUG 99498 --- [ptidss-server] [ptidss-sched-3] c.p.s.mapper.SysRoleMapper.selectList    : ==> Parameters: 
2026-08-25T22:55:29.480+08:00 DEBUG 99498 --- [ptidss-server] [ptidss-sched-3] c.p.s.mapper.SysRoleMapper.selectList    : <==      Total: 7
2026-08-25T22:55:29.480+08:00 DEBUG 99498 --- [ptidss-server] [ptidss-sched-3] c.p.s.mapper.SysUserMapper.selectList    : ==>  Preparing: SELECT id,username,display_name,password_hash,role_ids,org_code,phone,email,status,last_login_at,version,deleted,created_at,updated_at FROM sys_user WHERE deleted=false AND (role_ids @> ANY (ARRAY['[1]','[2]','[3]','[4]','[5]','[6]','[7]']::jsonb[]))
2026-08-25T22:55:29.481+08:00 DEBUG 99498 --- [ptidss-server] [ptidss-sched-3] c.p.s.mapper.SysUserMapper.selectList    : ==> Parameters: 
2026-08-25T22:55:29.483+08:00 DEBUG 99498 --- [ptidss-server] [ptidss-sched-3] c.p.s.mapper.SysUserMapper.selectList    : <==      Total: 4
2026-08-25T22:55:29.485+08:00  INFO 99498 --- [ptidss-server] [ptidss-sched-3] com.ptidss.intel.service.IntelService    : 情报推送执行完成：匹配情报 0 条，派发消息 0 条，触发决策会话情报重评 0 个
2026-08-25T22:55:59.519+08:00 DEBUG 99498 --- [ptidss-server] [ptidss-sched-3] c.p.s.mapper.SysRoleMapper.selectList    : ==>  Preparing: SELECT id,role_code,role_name,description,status,version,deleted,created_at,updated_at FROM sys_role WHERE deleted=false
2026-08-25T22:55:59.519+08:00 DEBUG 99498 --- [ptidss-server] [ptidss-sched-3] c.p.s.mapper.SysRoleMapper.selectList    : ==> Parameters: 
2026-08-25T22:55:59.520+08:00 DEBUG 99498 --- [ptidss-server] [ptidss-sched-3] c.p.s.mapper.SysRoleMapper.selectList    : <==      Total: 7
2026-08-25T22:55:59.521+08:00 DEBUG 99498 --- [ptidss-server] [ptidss-sched-3] c.p.s.mapper.SysUserMapper.selectList    : ==>  Preparing: SELECT id,username,display_name,password_hash,role_ids,org_code,phone,email,status,last_login_at,version,deleted,created_at,updated_at FROM sys_user WHERE deleted=false AND (role_ids @> ANY (ARRAY['[1]','[2]','[3]','[4]','[5]','[6]','[7]']::jsonb[]))
2026-08-25T22:55:59.521+08:00 DEBUG 99498 --- [ptidss-server] [ptidss-sched-3] c.p.s.mapper.SysUserMapper.selectList    : ==> Parameters: 
2026-08-25T22:55:59.522+08:00 DEBUG 99498 --- [ptidss-server] [ptidss-sched-3] c.p.s.mapper.SysUserMapper.selectList    : <==      Total: 4
2026-08-25T22:55:59.524+08:00  INFO 99498 --- [ptidss-server] [ptidss-sched-3] com.ptidss.intel.service.IntelService    : 情报推送执行完成：匹配情报 0 条，派发消息 0 条，触发决策会话情报重评 0 个
2026-08-25T22:56:17.699+08:00  INFO 99498 --- [ptidss-server] [ptidss-sched-4] c.p.intel.service.IntelFetchService      : 情报源模拟采集：INTL-PRICE-SD 生成模拟情报
2026-08-25T22:56:17.710+08:00  INFO 99498 --- [ptidss-server] [ptidss-sched-4] c.p.intel.service.IntelFetchService      : 情报源模拟采集：INTL-PRICE-SX 生成模拟情报
2026-08-25T22:56:17.720+08:00  INFO 99498 --- [ptidss-server] [ptidss-sched-4] c.p.intel.service.IntelFetchService      : 情报源模拟采集：INTL-PRICE-SC 生成模拟情报
2026-08-25T22:56:17.731+08:00  INFO 99498 --- [ptidss-server] [ptidss-sched-4] c.p.intel.service.IntelFetchService      : 情报源模拟采集：INTL-SD-SD 生成模拟情报
2026-08-25T22:56:17.742+08:00  INFO 99498 --- [ptidss-server] [ptidss-sched-4] c.p.intel.service.IntelFetchService      : 情报源模拟采集：INTL-SD-MX 生成模拟情报
2026-08-25T22:56:17.751+08:00  INFO 99498 --- [ptidss-server] [ptidss-sched-4] c.p.intel.service.IntelFetchService      : 情报源模拟采集：INTL-PRICE-GD 生成模拟情报
2026-08-25T22:56:17.760+08:00  INFO 99498 --- [ptidss-server] [ptidss-sched-4] c.p.intel.service.IntelFetchService      : 情报源模拟采集：INTL-PRICE-MX 生成模拟情报
2026-08-25T22:56:17.771+08:00  INFO 99498 --- [ptidss-server] [ptidss-sched-4] c.p.intel.service.IntelFetchService      : 情报源模拟采集：INTL-PRICE-GS 生成模拟情报
2026-08-25T22:56:17.771+08:00  INFO 99498 --- [ptidss-server] [ptidss-sched-4] c.p.intel.service.IntelFetchService      : 行情采集执行完成：到期 8 个（成功 8 / 失败 0 / 跳过未到期 12）
2026-08-25T22:56:29.551+08:00 DEBUG 99498 --- [ptidss-server] [ptidss-sched-1] c.p.s.mapper.SysRoleMapper.selectList    : ==>  Preparing: SELECT id,role_code,role_name,description,status,version,deleted,created_at,updated_at FROM sys_role WHERE deleted=false
2026-08-25T22:56:29.552+08:00 DEBUG 99498 --- [ptidss-server] [ptidss-sched-1] c.p.s.mapper.SysRoleMapper.selectList    : ==> Parameters: 
2026-08-25T22:56:29.554+08:00 DEBUG 99498 --- [ptidss-server] [ptidss-sched-1] c.p.s.mapper.SysRoleMapper.selectList    : <==      Total: 7
2026-08-25T22:56:29.555+08:00 DEBUG 99498 --- [ptidss-server] [ptidss-sched-1] c.p.s.mapper.SysUserMapper.selectList    : ==>  Preparing: SELECT id,username,display_name,password_hash,role_ids,org_code,phone,email,status,last_login_at,version,deleted,created_at,updated_at FROM sys_user WHERE deleted=false AND (role_ids @> ANY (ARRAY['[1]','[2]','[3]','[4]','[5]','[6]','[7]']::jsonb[]))
2026-08-25T22:56:29.555+08:00 DEBUG 99498 --- [ptidss-server] [ptidss-sched-1] c.p.s.mapper.SysUserMapper.selectList    : ==> Parameters: 
2026-08-25T22:56:29.558+08:00 DEBUG 99498 --- [ptidss-server] [ptidss-sched-1] c.p.s.mapper.SysUserMapper.selectList    : <==      Total: 4
2026-08-25T22:56:29.561+08:00  INFO 99498 --- [ptidss-server] [ptidss-sched-1] com.ptidss.intel.service.IntelService    : 情报推送执行完成：匹配情报 0 条，派发消息 0 条，触发决策会话情报重评 0 个
2026-08-25T22:56:59.576+08:00 DEBUG 99498 --- [ptidss-server] [ptidss-sched-1] c.p.s.mapper.SysRoleMapper.selectList    : ==>  Preparing: SELECT id,role_code,role_name,description,status,version,deleted,created_at,updated_at FROM sys_role WHERE deleted=false
2026-08-25T22:56:59.576+08:00 DEBUG 99498 --- [ptidss-server] [ptidss-sched-1] c.p.s.mapper.SysRoleMapper.selectList    : ==> Parameters: 
2026-08-25T22:56:59.577+08:00 DEBUG 99498 --- [ptidss-server] [ptidss-sched-1] c.p.s.mapper.SysRoleMapper.selectList    : <==      Total: 7
2026-08-25T22:56:59.577+08:00 DEBUG 99498 --- [ptidss-server] [ptidss-sched-1] c.p.s.mapper.SysUserMapper.selectList    : ==>  Preparing: SELECT id,username,display_name,password_hash,role_ids,org_code,phone,email,status,last_login_at,version,deleted,created_at,updated_at FROM sys_user WHERE deleted=false AND (role_ids @> ANY (ARRAY['[1]','[2]','[3]','[4]','[5]','[6]','[7]']::jsonb[]))
2026-08-25T22:56:59.577+08:00 DEBUG 99498 --- [ptidss-server] [ptidss-sched-1] c.p.s.mapper.SysUserMapper.selectList    : ==> Parameters: 
2026-08-25T22:56:59.578+08:00 DEBUG 99498 --- [ptidss-server] [ptidss-sched-1] c.p.s.mapper.SysUserMapper.selectList    : <==      Total: 4
2026-08-25T22:56:59.579+08:00  INFO 99498 --- [ptidss-server] [ptidss-sched-1] com.ptidss.intel.service.IntelService    : 情报推送执行完成：匹配情报 0 条，派发消息 0 条，触发决策会话情报重评 0 个
2026-08-25T22:57:17.776+08:00  INFO 99498 --- [ptidss-server] [ptidss-sched-3] c.p.intel.service.IntelFetchService      : 行情采集执行完成：到期 0 个（成功 0 / 失败 0 / 跳过未到期 20）
2026-08-25T22:57:29.607+08:00 DEBUG 99498 --- [ptidss-server] [ptidss-sched-2] c.p.s.mapper.SysRoleMapper.selectList    : ==>  Preparing: SELECT id,role_code,role_name,description,status,version,deleted,created_at,updated_at FROM sys_role WHERE deleted=false
2026-08-25T22:57:29.607+08:00 DEBUG 99498 --- [ptidss-server] [ptidss-sched-2] c.p.s.mapper.SysRoleMapper.selectList    : ==> Parameters: 
2026-08-25T22:57:29.608+08:00 DEBUG 99498 --- [ptidss-server] [ptidss-sched-2] c.p.s.mapper.SysRoleMapper.selectList    : <==      Total: 7
2026-08-25T22:57:29.609+08:00 DEBUG 99498 --- [ptidss-server] [ptidss-sched-2] c.p.s.mapper.SysUserMapper.selectList    : ==>  Preparing: SELECT id,username,display_name,password_hash,role_ids,org_code,phone,email,status,last_login_at,version,deleted,created_at,updated_at FROM sys_user WHERE deleted=false AND (role_ids @> ANY (ARRAY['[1]','[2]','[3]','[4]','[5]','[6]','[7]']::jsonb[]))
2026-08-25T22:57:29.609+08:00 DEBUG 99498 --- [ptidss-server] [ptidss-sched-2] c.p.s.mapper.SysUserMapper.selectList    : ==> Parameters: 
2026-08-25T22:57:29.610+08:00 DEBUG 99498 --- [ptidss-server] [ptidss-sched-2] c.p.s.mapper.SysUserMapper.selectList    : <==      Total: 4
2026-08-25T22:57:29.612+08:00  INFO 99498 --- [ptidss-server] [ptidss-sched-2] com.ptidss.intel.service.IntelService    : 情报推送执行完成：匹配情报 0 条，派发消息 0 条，触发决策会话情报重评 0 个
2026-08-25T22:57:59.623+08:00 DEBUG 99498 --- [ptidss-server] [ptidss-sched-2] c.p.s.mapper.SysRoleMapper.selectList    : ==>  Preparing: SELECT id,role_code,role_name,description,status,version,deleted,created_at,updated_at FROM sys_role WHERE deleted=false
2026-08-25T22:57:59.623+08:00 DEBUG 99498 --- [ptidss-server] [ptidss-sched-2] c.p.s.mapper.SysRoleMapper.selectList    : ==> Parameters: 
2026-08-25T22:57:59.624+08:00 DEBUG 99498 --- [ptidss-server] [ptidss-sched-2] c.p.s.mapper.SysRoleMapper.selectList    : <==      Total: 7
2026-08-25T22:57:59.625+08:00 DEBUG 99498 --- [ptidss-server] [ptidss-sched-2] c.p.s.mapper.SysUserMapper.selectList    : ==>  Preparing: SELECT id,username,display_name,password_hash,role_ids,org_code,phone,email,status,last_login_at,version,deleted,created_at,updated_at FROM sys_user WHERE deleted=false AND (role_ids @> ANY (ARRAY['[1]','[2]','[3]','[4]','[5]','[6]','[7]']::jsonb[]))
2026-08-25T22:57:59.625+08:00 DEBUG 99498 --- [ptidss-server] [ptidss-sched-2] c.p.s.mapper.SysUserMapper.selectList    : ==> Parameters: 
2026-08-25T22:57:59.625+08:00 DEBUG 99498 --- [ptidss-server] [ptidss-sched-2] c.p.s.mapper.SysUserMapper.selectList    : <==      Total: 4
2026-08-25T22:57:59.626+08:00  INFO 99498 --- [ptidss-server] [ptidss-sched-2] com.ptidss.intel.service.IntelService    : 情报推送执行完成：匹配情报 0 条，派发消息 0 条，触发决策会话情报重评 0 个
2026-08-25T22:58:17.781+08:00  INFO 99498 --- [ptidss-server] [ptidss-sched-1] c.p.intel.service.IntelFetchService      : 行情采集执行完成：到期 0 个（成功 0 / 失败 0 / 跳过未到期 20）
2026-08-25T22:58:29.654+08:00 DEBUG 99498 --- [ptidss-server] [ptidss-sched-2] c.p.s.mapper.SysRoleMapper.selectList    : ==>  Preparing: SELECT id,role_code,role_name,description,status,version,deleted,created_at,updated_at FROM sys_role WHERE deleted=false
2026-08-25T22:58:29.655+08:00 DEBUG 99498 --- [ptidss-server] [ptidss-sched-2] c.p.s.mapper.SysRoleMapper.selectList    : ==> Parameters: 
2026-08-25T22:58:29.656+08:00 DEBUG 99498 --- [ptidss-server] [ptidss-sched-2] c.p.s.mapper.SysRoleMapper.selectList    : <==      Total: 7
2026-08-25T22:58:29.657+08:00 DEBUG 99498 --- [ptidss-server] [ptidss-sched-2] c.p.s.mapper.SysUserMapper.selectList    : ==>  Preparing: SELECT id,username,display_name,password_hash,role_ids,org_code,phone,email,status,last_login_at,version,deleted,created_at,updated_at FROM sys_user WHERE deleted=false AND (role_ids @> ANY (ARRAY['[1]','[2]','[3]','[4]','[5]','[6]','[7]']::jsonb[]))
2026-08-25T22:58:29.657+08:00 DEBUG 99498 --- [ptidss-server] [ptidss-sched-2] c.p.s.mapper.SysUserMapper.selectList    : ==> Parameters: 
2026-08-25T22:58:29.659+08:00 DEBUG 99498 --- [ptidss-server] [ptidss-sched-2] c.p.s.mapper.SysUserMapper.selectList    : <==      Total: 4
2026-08-25T22:58:29.660+08:00  INFO 99498 --- [ptidss-server] [ptidss-sched-2] com.ptidss.intel.service.IntelService    : 情报推送执行完成：匹配情报 0 条，派发消息 0 条，触发决策会话情报重评 0 个
2026-08-25T22:58:59.669+08:00 DEBUG 99498 --- [ptidss-server] [ptidss-sched-2] c.p.s.mapper.SysRoleMapper.selectList    : ==>  Preparing: SELECT id,role_code,role_name,description,status,version,deleted,created_at,updated_at FROM sys_role WHERE deleted=false
2026-08-25T22:58:59.669+08:00 DEBUG 99498 --- [ptidss-server] [ptidss-sched-2] c.p.s.mapper.SysRoleMapper.selectList    : ==> Parameters: 
2026-08-25T22:58:59.672+08:00 DEBUG 99498 --- [ptidss-server] [ptidss-sched-2] c.p.s.mapper.SysRoleMapper.selectList    : <==      Total: 7
2026-08-25T22:58:59.673+08:00 DEBUG 99498 --- [ptidss-server] [ptidss-sched-2] c.p.s.mapper.SysUserMapper.selectList    : ==>  Preparing: SELECT id,username,display_name,password_hash,role_ids,org_code,phone,email,status,last_login_at,version,deleted,created_at,updated_at FROM sys_user WHERE deleted=false AND (role_ids @> ANY (ARRAY['[1]','[2]','[3]','[4]','[5]','[6]','[7]']::jsonb[]))
2026-08-25T22:58:59.673+08:00 DEBUG 99498 --- [ptidss-server] [ptidss-sched-2] c.p.s.mapper.SysUserMapper.selectList    : ==> Parameters: 
2026-08-25T22:58:59.674+08:00 DEBUG 99498 --- [ptidss-server] [ptidss-sched-2] c.p.s.mapper.SysUserMapper.selectList    : <==      Total: 4
2026-08-25T22:58:59.676+08:00  INFO 99498 --- [ptidss-server] [ptidss-sched-2] com.ptidss.intel.service.IntelService    : 情报推送执行完成：匹配情报 0 条，派发消息 0 条，触发决策会话情报重评 0 个
2026-08-25T22:59:17.786+08:00  INFO 99498 --- [ptidss-server] [ptidss-sched-1] c.p.intel.service.IntelFetchService      : 行情采集执行完成：到期 0 个（成功 0 / 失败 0 / 跳过未到期 20）
2026-08-25T22:59:29.698+08:00 DEBUG 99498 --- [ptidss-server] [ptidss-sched-3] c.p.s.mapper.SysRoleMapper.selectList    : ==>  Preparing: SELECT id,role_code,role_name,description,status,version,deleted,created_at,updated_at FROM sys_role WHERE deleted=false
2026-08-25T22:59:29.698+08:00 DEBUG 99498 --- [ptidss-server] [ptidss-sched-3] c.p.s.mapper.SysRoleMapper.selectList    : ==> Parameters: 
2026-08-25T22:59:29.699+08:00 DEBUG 99498 --- [ptidss-server] [ptidss-sched-3] c.p.s.mapper.SysRoleMapper.selectList    : <==      Total: 7
2026-08-25T22:59:29.700+08:00 DEBUG 99498 --- [ptidss-server] [ptidss-sched-3] c.p.s.mapper.SysUserMapper.selectList    : ==>  Preparing: SELECT id,username,display_name,password_hash,role_ids,org_code,phone,email,status,last_login_at,version,deleted,created_at,updated_at FROM sys_user WHERE deleted=false AND (role_ids @> ANY (ARRAY['[1]','[2]','[3]','[4]','[5]','[6]','[7]']::jsonb[]))
2026-08-25T22:59:29.700+08:00 DEBUG 99498 --- [ptidss-server] [ptidss-sched-3] c.p.s.mapper.SysUserMapper.selectList    : ==> Parameters: 
2026-08-25T22:59:29.702+08:00 DEBUG 99498 --- [ptidss-server] [ptidss-sched-3] c.p.s.mapper.SysUserMapper.selectList    : <==      Total: 4
2026-08-25T22:59:29.704+08:00  INFO 99498 --- [ptidss-server] [ptidss-sched-3] com.ptidss.intel.service.IntelService    : 情报推送执行完成：匹配情报 0 条，派发消息 0 条，触发决策会话情报重评 0 个
2026-08-25T22:59:59.716+08:00 DEBUG 99498 --- [ptidss-server] [ptidss-sched-3] c.p.s.mapper.SysRoleMapper.selectList    : ==>  Preparing: SELECT id,role_code,role_name,description,status,version,deleted,created_at,updated_at FROM sys_role WHERE deleted=false
2026-08-25T22:59:59.717+08:00 DEBUG 99498 --- [ptidss-server] [ptidss-sched-3] c.p.s.mapper.SysRoleMapper.selectList    : ==> Parameters: 
2026-08-25T22:59:59.717+08:00 DEBUG 99498 --- [ptidss-server] [ptidss-sched-3] c.p.s.mapper.SysRoleMapper.selectList    : <==      Total: 7
2026-08-25T22:59:59.717+08:00 DEBUG 99498 --- [ptidss-server] [ptidss-sched-3] c.p.s.mapper.SysUserMapper.selectList    : ==>  Preparing: SELECT id,username,display_name,password_hash,role_ids,org_code,phone,email,status,last_login_at,version,deleted,created_at,updated_at FROM sys_user WHERE deleted=false AND (role_ids @> ANY (ARRAY['[1]','[2]','[3]','[4]','[5]','[6]','[7]']::jsonb[]))
2026-08-25T22:59:59.718+08:00 DEBUG 99498 --- [ptidss-server] [ptidss-sched-3] c.p.s.mapper.SysUserMapper.selectList    : ==> Parameters: 
2026-08-25T22:59:59.718+08:00 DEBUG 99498 --- [ptidss-server] [ptidss-sched-3] c.p.s.mapper.SysUserMapper.selectList    : <==      Total: 4
2026-08-25T22:59:59.719+08:00  INFO 99498 --- [ptidss-server] [ptidss-sched-3] com.ptidss.intel.service.IntelService    : 情报推送执行完成：匹配情报 0 条，派发消息 0 条，触发决策会话情报重评 0 个
2026-08-25T23:00:07.540+08:00  INFO 99498 --- [ptidss-server] [ptidss-sched-1] com.ptidss.data.service.DataService      : 定时采集执行：task=market(1) cron=0 0/30 * * * * 记录数=3178
2026-08-25T23:00:17.790+08:00  INFO 99498 --- [ptidss-server] [ptidss-sched-2] c.p.intel.service.IntelFetchService      : 行情采集执行完成：到期 0 个（成功 0 / 失败 0 / 跳过未到期 20）
2026-08-25T23:00:29.734+08:00 DEBUG 99498 --- [ptidss-server] [ptidss-sched-3] c.p.s.mapper.SysRoleMapper.selectList    : ==>  Preparing: SELECT id,role_code,role_name,description,status,version,deleted,created_at,updated_at FROM sys_role WHERE deleted=false
2026-08-25T23:00:29.734+08:00 DEBUG 99498 --- [ptidss-server] [ptidss-sched-3] c.p.s.mapper.SysRoleMapper.selectList    : ==> Parameters: 
2026-08-25T23:00:29.735+08:00 DEBUG 99498 --- [ptidss-server] [ptidss-sched-3] c.p.s.mapper.SysRoleMapper.selectList    : <==      Total: 7
2026-08-25T23:00:29.735+08:00 DEBUG 99498 --- [ptidss-server] [ptidss-sched-3] c.p.s.mapper.SysUserMapper.selectList    : ==>  Preparing: SELECT id,username,display_name,password_hash,role_ids,org_code,phone,email,status,last_login_at,version,deleted,created_at,updated_at FROM sys_user WHERE deleted=false AND (role_ids @> ANY (ARRAY['[1]','[2]','[3]','[4]','[5]','[6]','[7]']::jsonb[]))
2026-08-25T23:00:29.735+08:00 DEBUG 99498 --- [ptidss-server] [ptidss-sched-3] c.p.s.mapper.SysUserMapper.selectList    : ==> Parameters: 
2026-08-25T23:00:29.735+08:00 DEBUG 99498 --- [ptidss-server] [ptidss-sched-3] c.p.s.mapper.SysUserMapper.selectList    : <==      Total: 4
2026-08-25T23:00:29.736+08:00  INFO 99498 --- [ptidss-server] [ptidss-sched-3] com.ptidss.intel.service.IntelService    : 情报推送执行完成：匹配情报 0 条，派发消息 0 条，触发决策会话情报重评 0 个
2026-08-25T23:00:59.763+08:00 DEBUG 99498 --- [ptidss-server] [ptidss-sched-3] c.p.s.mapper.SysRoleMapper.selectList    : ==>  Preparing: SELECT id,role_code,role_name,description,status,version,deleted,created_at,updated_at FROM sys_role WHERE deleted=false
2026-08-25T23:00:59.763+08:00 DEBUG 99498 --- [ptidss-server] [ptidss-sched-3] c.p.s.mapper.SysRoleMapper.selectList    : ==> Parameters: 
2026-08-25T23:00:59.764+08:00 DEBUG 99498 --- [ptidss-server] [ptidss-sched-3] c.p.s.mapper.SysRoleMapper.selectList    : <==      Total: 7
2026-08-25T23:00:59.765+08:00 DEBUG 99498 --- [ptidss-server] [ptidss-sched-3] c.p.s.mapper.SysUserMapper.selectList    : ==>  Preparing: SELECT id,username,display_name,password_hash,role_ids,org_code,phone,email,status,last_login_at,version,deleted,created_at,updated_at FROM sys_user WHERE deleted=false AND (role_ids @> ANY (ARRAY['[1]','[2]','[3]','[4]','[5]','[6]','[7]']::jsonb[]))
2026-08-25T23:00:59.766+08:00 DEBUG 99498 --- [ptidss-server] [ptidss-sched-3] c.p.s.mapper.SysUserMapper.selectList    : ==> Parameters: 
2026-08-25T23:00:59.767+08:00 DEBUG 99498 --- [ptidss-server] [ptidss-sched-3] c.p.s.mapper.SysUserMapper.selectList    : <==      Total: 4
2026-08-25T23:00:59.770+08:00  INFO 99498 --- [ptidss-server] [ptidss-sched-3] com.ptidss.intel.service.IntelService    : 情报推送执行完成：匹配情报 0 条，派发消息 0 条，触发决策会话情报重评 0 个
2026-08-25T23:01:17.795+08:00  INFO 99498 --- [ptidss-server] [ptidss-sched-2] c.p.intel.service.IntelFetchService      : 行情采集执行完成：到期 0 个（成功 0 / 失败 0 / 跳过未到期 20）
2026-08-25T23:01:29.791+08:00 DEBUG 99498 --- [ptidss-server] [ptidss-sched-1] c.p.s.mapper.SysRoleMapper.selectList    : ==>  Preparing: SELECT id,role_code,role_name,description,status,version,deleted,created_at,updated_at FROM sys_role WHERE deleted=false
2026-08-25T23:01:29.791+08:00 DEBUG 99498 --- [ptidss-server] [ptidss-sched-1] c.p.s.mapper.SysRoleMapper.selectList    : ==> Parameters: 
2026-08-25T23:01:29.793+08:00 DEBUG 99498 --- [ptidss-server] [ptidss-sched-1] c.p.s.mapper.SysRoleMapper.selectList    : <==      Total: 7
2026-08-25T23:01:29.793+08:00 DEBUG 99498 --- [ptidss-server] [ptidss-sched-1] c.p.s.mapper.SysUserMapper.selectList    : ==>  Preparing: SELECT id,username,display_name,password_hash,role_ids,org_code,phone,email,status,last_login_at,version,deleted,created_at,updated_at FROM sys_user WHERE deleted=false AND (role_ids @> ANY (ARRAY['[1]','[2]','[3]','[4]','[5]','[6]','[7]']::jsonb[]))
2026-08-25T23:01:29.793+08:00 DEBUG 99498 --- [ptidss-server] [ptidss-sched-1] c.p.s.mapper.SysUserMapper.selectList    : ==> Parameters: 
2026-08-25T23:01:29.795+08:00 DEBUG 99498 --- [ptidss-server] [ptidss-sched-1] c.p.s.mapper.SysUserMapper.selectList    : <==      Total: 4
2026-08-25T23:01:29.797+08:00  INFO 99498 --- [ptidss-server] [ptidss-sched-1] com.ptidss.intel.service.IntelService    : 情报推送执行完成：匹配情报 0 条，派发消息 0 条，触发决策会话情报重评 0 个
2026-08-25T23:01:59.818+08:00 DEBUG 99498 --- [ptidss-server] [ptidss-sched-1] c.p.s.mapper.SysRoleMapper.selectList    : ==>  Preparing: SELECT id,role_code,role_name,description,status,version,deleted,created_at,updated_at FROM sys_role WHERE deleted=false
2026-08-25T23:01:59.818+08:00 DEBUG 99498 --- [ptidss-server] [ptidss-sched-1] c.p.s.mapper.SysRoleMapper.selectList    : ==> Parameters: 
2026-08-25T23:01:59.819+08:00 DEBUG 99498 --- [ptidss-server] [ptidss-sched-1] c.p.s.mapper.SysRoleMapper.selectList    : <==      Total: 7
2026-08-25T23:01:59.820+08:00 DEBUG 99498 --- [ptidss-server] [ptidss-sched-1] c.p.s.mapper.SysUserMapper.selectList    : ==>  Preparing: SELECT id,username,display_name,password_hash,role_ids,org_code,phone,email,status,last_login_at,version,deleted,created_at,updated_at FROM sys_user WHERE deleted=false AND (role_ids @> ANY (ARRAY['[1]','[2]','[3]','[4]','[5]','[6]','[7]']::jsonb[]))
2026-08-25T23:01:59.820+08:00 DEBUG 99498 --- [ptidss-server] [ptidss-sched-1] c.p.s.mapper.SysUserMapper.selectList    : ==> Parameters: 
2026-08-25T23:01:59.821+08:00 DEBUG 99498 --- [ptidss-server] [ptidss-sched-1] c.p.s.mapper.SysUserMapper.selectList    : <==      Total: 4
2026-08-25T23:01:59.823+08:00  INFO 99498 --- [ptidss-server] [ptidss-sched-1] com.ptidss.intel.service.IntelService    : 情报推送执行完成：匹配情报 0 条，派发消息 0 条，触发决策会话情报重评 0 个
2026-08-25T23:02:17.799+08:00  INFO 99498 --- [ptidss-server] [ptidss-sched-3] c.p.intel.service.IntelFetchService      : 行情采集执行完成：到期 0 个（成功 0 / 失败 0 / 跳过未到期 20）
2026-08-25T23:02:29.847+08:00 DEBUG 99498 --- [ptidss-server] [ptidss-sched-1] c.p.s.mapper.SysRoleMapper.selectList    : ==>  Preparing: SELECT id,role_code,role_name,description,status,version,deleted,created_at,updated_at FROM sys_role WHERE deleted=false
2026-08-25T23:02:29.848+08:00 DEBUG 99498 --- [ptidss-server] [ptidss-sched-1] c.p.s.mapper.SysRoleMapper.selectList    : ==> Parameters: 
2026-08-25T23:02:29.849+08:00 DEBUG 99498 --- [ptidss-server] [ptidss-sched-1] c.p.s.mapper.SysRoleMapper.selectList    : <==      Total: 7
2026-08-25T23:02:29.850+08:00 DEBUG 99498 --- [ptidss-server] [ptidss-sched-1] c.p.s.mapper.SysUserMapper.selectList    : ==>  Preparing: SELECT id,username,display_name,password_hash,role_ids,org_code,phone,email,status,last_login_at,version,deleted,created_at,updated_at FROM sys_user WHERE deleted=false AND (role_ids @> ANY (ARRAY['[1]','[2]','[3]','[4]','[5]','[6]','[7]']::jsonb[]))
2026-08-25T23:02:29.850+08:00 DEBUG 99498 --- [ptidss-server] [ptidss-sched-1] c.p.s.mapper.SysUserMapper.selectList    : ==> Parameters: 
2026-08-25T23:02:29.851+08:00 DEBUG 99498 --- [ptidss-server] [ptidss-sched-1] c.p.s.mapper.SysUserMapper.selectList    : <==      Total: 4
2026-08-25T23:02:29.854+08:00  INFO 99498 --- [ptidss-server] [ptidss-sched-1] com.ptidss.intel.service.IntelService    : 情报推送执行完成：匹配情报 0 条，派发消息 0 条，触发决策会话情报重评 0 个
2026-08-25T23:02:59.880+08:00 DEBUG 99498 --- [ptidss-server] [ptidss-sched-1] c.p.s.mapper.SysRoleMapper.selectList    : ==>  Preparing: SELECT id,role_code,role_name,description,status,version,deleted,created_at,updated_at FROM sys_role WHERE deleted=false
2026-08-25T23:02:59.881+08:00 DEBUG 99498 --- [ptidss-server] [ptidss-sched-1] c.p.s.mapper.SysRoleMapper.selectList    : ==> Parameters: 
2026-08-25T23:02:59.884+08:00 DEBUG 99498 --- [ptidss-server] [ptidss-sched-1] c.p.s.mapper.SysRoleMapper.selectList    : <==      Total: 7
2026-08-25T23:02:59.885+08:00 DEBUG 99498 --- [ptidss-server] [ptidss-sched-1] c.p.s.mapper.SysUserMapper.selectList    : ==>  Preparing: SELECT id,username,display_name,password_hash,role_ids,org_code,phone,email,status,last_login_at,version,deleted,created_at,updated_at FROM sys_user WHERE deleted=false AND (role_ids @> ANY (ARRAY['[1]','[2]','[3]','[4]','[5]','[6]','[7]']::jsonb[]))
2026-08-25T23:02:59.885+08:00 DEBUG 99498 --- [ptidss-server] [ptidss-sched-1] c.p.s.mapper.SysUserMapper.selectList    : ==> Parameters: 
2026-08-25T23:02:59.887+08:00 DEBUG 99498 --- [ptidss-server] [ptidss-sched-1] c.p.s.mapper.SysUserMapper.selectList    : <==      Total: 4
2026-08-25T23:02:59.891+08:00  INFO 99498 --- [ptidss-server] [ptidss-sched-1] com.ptidss.intel.service.IntelService    : 情报推送执行完成：匹配情报 0 条，派发消息 0 条，触发决策会话情报重评 0 个
2026-08-25T23:03:17.803+08:00  INFO 99498 --- [ptidss-server] [ptidss-sched-4] c.p.intel.service.IntelFetchService      : 行情采集执行完成：到期 0 个（成功 0 / 失败 0 / 跳过未到期 20）
2026-08-25T23:03:29.903+08:00 DEBUG 99498 --- [ptidss-server] [ptidss-sched-1] c.p.s.mapper.SysRoleMapper.selectList    : ==>  Preparing: SELECT id,role_code,role_name,description,status,version,deleted,created_at,updated_at FROM sys_role WHERE deleted=false
2026-08-25T23:03:29.903+08:00 DEBUG 99498 --- [ptidss-server] [ptidss-sched-1] c.p.s.mapper.SysRoleMapper.selectList    : ==> Parameters: 
2026-08-25T23:03:29.904+08:00 DEBUG 99498 --- [ptidss-server] [ptidss-sched-1] c.p.s.mapper.SysRoleMapper.selectList    : <==      Total: 7
2026-08-25T23:03:29.904+08:00 DEBUG 99498 --- [ptidss-server] [ptidss-sched-1] c.p.s.mapper.SysUserMapper.selectList    : ==>  Preparing: SELECT id,username,display_name,password_hash,role_ids,org_code,phone,email,status,last_login_at,version,deleted,created_at,updated_at FROM sys_user WHERE deleted=false AND (role_ids @> ANY (ARRAY['[1]','[2]','[3]','[4]','[5]','[6]','[7]']::jsonb[]))
2026-08-25T23:03:29.904+08:00 DEBUG 99498 --- [ptidss-server] [ptidss-sched-1] c.p.s.mapper.SysUserMapper.selectList    : ==> Parameters: 
2026-08-25T23:03:29.905+08:00 DEBUG 99498 --- [ptidss-server] [ptidss-sched-1] c.p.s.mapper.SysUserMapper.selectList    : <==      Total: 4
2026-08-25T23:03:29.906+08:00  INFO 99498 --- [ptidss-server] [ptidss-sched-1] com.ptidss.intel.service.IntelService    : 情报推送执行完成：匹配情报 0 条，派发消息 0 条，触发决策会话情报重评 0 个
2026-08-25T23:03:59.927+08:00 DEBUG 99498 --- [ptidss-server] [ptidss-sched-1] c.p.s.mapper.SysRoleMapper.selectList    : ==>  Preparing: SELECT id,role_code,role_name,description,status,version,deleted,created_at,updated_at FROM sys_role WHERE deleted=false
2026-08-25T23:03:59.927+08:00 DEBUG 99498 --- [ptidss-server] [ptidss-sched-1] c.p.s.mapper.SysRoleMapper.selectList    : ==> Parameters: 
2026-08-25T23:03:59.928+08:00 DEBUG 99498 --- [ptidss-server] [ptidss-sched-1] c.p.s.mapper.SysRoleMapper.selectList    : <==      Total: 7
2026-08-25T23:03:59.929+08:00 DEBUG 99498 --- [ptidss-server] [ptidss-sched-1] c.p.s.mapper.SysUserMapper.selectList    : ==>  Preparing: SELECT id,username,display_name,password_hash,role_ids,org_code,phone,email,status,last_login_at,version,deleted,created_at,updated_at FROM sys_user WHERE deleted=false AND (role_ids @> ANY (ARRAY['[1]','[2]','[3]','[4]','[5]','[6]','[7]']::jsonb[]))
2026-08-25T23:03:59.929+08:00 DEBUG 99498 --- [ptidss-server] [ptidss-sched-1] c.p.s.mapper.SysUserMapper.selectList    : ==> Parameters: 
2026-08-25T23:03:59.930+08:00 DEBUG 99498 --- [ptidss-server] [ptidss-sched-1] c.p.s.mapper.SysUserMapper.selectList    : <==      Total: 4
2026-08-25T23:03:59.932+08:00  INFO 99498 --- [ptidss-server] [ptidss-sched-1] com.ptidss.intel.service.IntelService    : 情报推送执行完成：匹配情报 0 条，派发消息 0 条，触发决策会话情报重评 0 个
2026-08-25T23:04:17.807+08:00  INFO 99498 --- [ptidss-server] [ptidss-sched-4] c.p.intel.service.IntelFetchService      : 行情采集执行完成：到期 0 个（成功 0 / 失败 0 / 跳过未到期 20）
2026-08-25T23:04:29.954+08:00 DEBUG 99498 --- [ptidss-server] [ptidss-sched-3] c.p.s.mapper.SysRoleMapper.selectList    : ==>  Preparing: SELECT id,role_code,role_name,description,status,version,deleted,created_at,updated_at FROM sys_role WHERE deleted=false
2026-08-25T23:04:29.955+08:00 DEBUG 99498 --- [ptidss-server] [ptidss-sched-3] c.p.s.mapper.SysRoleMapper.selectList    : ==> Parameters: 
2026-08-25T23:04:29.956+08:00 DEBUG 99498 --- [ptidss-server] [ptidss-sched-3] c.p.s.mapper.SysRoleMapper.selectList    : <==      Total: 7
2026-08-25T23:04:29.957+08:00 DEBUG 99498 --- [ptidss-server] [ptidss-sched-3] c.p.s.mapper.SysUserMapper.selectList    : ==>  Preparing: SELECT id,username,display_name,password_hash,role_ids,org_code,phone,email,status,last_login_at,version,deleted,created_at,updated_at FROM sys_user WHERE deleted=false AND (role_ids @> ANY (ARRAY['[1]','[2]','[3]','[4]','[5]','[6]','[7]']::jsonb[]))
2026-08-25T23:04:29.957+08:00 DEBUG 99498 --- [ptidss-server] [ptidss-sched-3] c.p.s.mapper.SysUserMapper.selectList    : ==> Parameters: 
2026-08-25T23:04:29.958+08:00 DEBUG 99498 --- [ptidss-server] [ptidss-sched-3] c.p.s.mapper.SysUserMapper.selectList    : <==      Total: 4
2026-08-25T23:04:29.960+08:00  INFO 99498 --- [ptidss-server] [ptidss-sched-3] com.ptidss.intel.service.IntelService    : 情报推送执行完成：匹配情报 0 条，派发消息 0 条，触发决策会话情报重评 0 个
2026-08-25T23:04:59.987+08:00 DEBUG 99498 --- [ptidss-server] [ptidss-sched-3] c.p.s.mapper.SysRoleMapper.selectList    : ==>  Preparing: SELECT id,role_code,role_name,description,status,version,deleted,created_at,updated_at FROM sys_role WHERE deleted=false
2026-08-25T23:04:59.987+08:00 DEBUG 99498 --- [ptidss-server] [ptidss-sched-3] c.p.s.mapper.SysRoleMapper.selectList    : ==> Parameters: 
2026-08-25T23:04:59.989+08:00 DEBUG 99498 --- [ptidss-server] [ptidss-sched-3] c.p.s.mapper.SysRoleMapper.selectList    : <==      Total: 7
2026-08-25T23:04:59.990+08:00 DEBUG 99498 --- [ptidss-server] [ptidss-sched-3] c.p.s.mapper.SysUserMapper.selectList    : ==>  Preparing: SELECT id,username,display_name,password_hash,role_ids,org_code,phone,email,status,last_login_at,version,deleted,created_at,updated_at FROM sys_user WHERE deleted=false AND (role_ids @> ANY (ARRAY['[1]','[2]','[3]','[4]','[5]','[6]','[7]']::jsonb[]))
2026-08-25T23:04:59.990+08:00 DEBUG 99498 --- [ptidss-server] [ptidss-sched-3] c.p.s.mapper.SysUserMapper.selectList    : ==> Parameters: 
2026-08-25T23:04:59.992+08:00 DEBUG 99498 --- [ptidss-server] [ptidss-sched-3] c.p.s.mapper.SysUserMapper.selectList    : <==      Total: 4
2026-08-25T23:04:59.994+08:00  INFO 99498 --- [ptidss-server] [ptidss-sched-3] com.ptidss.intel.service.IntelService    : 情报推送执行完成：匹配情报 0 条，派发消息 0 条，触发决策会话情报重评 0 个
2026-08-25T23:05:17.811+08:00  INFO 99498 --- [ptidss-server] [ptidss-sched-4] c.p.intel.service.IntelFetchService      : 行情采集执行完成：到期 0 个（成功 0 / 失败 0 / 跳过未到期 20）
2026-08-25T23:05:30.019+08:00 DEBUG 99498 --- [ptidss-server] [ptidss-sched-2] c.p.s.mapper.SysRoleMapper.selectList    : ==>  Preparing: SELECT id,role_code,role_name,description,status,version,deleted,created_at,updated_at FROM sys_role WHERE deleted=false
2026-08-25T23:05:30.019+08:00 DEBUG 99498 --- [ptidss-server] [ptidss-sched-2] c.p.s.mapper.SysRoleMapper.selectList    : ==> Parameters: 
2026-08-25T23:05:30.021+08:00 DEBUG 99498 --- [ptidss-server] [ptidss-sched-2] c.p.s.mapper.SysRoleMapper.selectList    : <==      Total: 7
2026-08-25T23:05:30.021+08:00 DEBUG 99498 --- [ptidss-server] [ptidss-sched-2] c.p.s.mapper.SysUserMapper.selectList    : ==>  Preparing: SELECT id,username,display_name,password_hash,role_ids,org_code,phone,email,status,last_login_at,version,deleted,created_at,updated_at FROM sys_user WHERE deleted=false AND (role_ids @> ANY (ARRAY['[1]','[2]','[3]','[4]','[5]','[6]','[7]']::jsonb[]))
2026-08-25T23:05:30.022+08:00 DEBUG 99498 --- [ptidss-server] [ptidss-sched-2] c.p.s.mapper.SysUserMapper.selectList    : ==> Parameters: 
2026-08-25T23:05:30.023+08:00 DEBUG 99498 --- [ptidss-server] [ptidss-sched-2] c.p.s.mapper.SysUserMapper.selectList    : <==      Total: 4
2026-08-25T23:05:30.025+08:00  INFO 99498 --- [ptidss-server] [ptidss-sched-2] com.ptidss.intel.service.IntelService    : 情报推送执行完成：匹配情报 0 条，派发消息 0 条，触发决策会话情报重评 0 个
2026-08-25T23:06:00.048+08:00 DEBUG 99498 --- [ptidss-server] [ptidss-sched-2] c.p.s.mapper.SysRoleMapper.selectList    : ==>  Preparing: SELECT id,role_code,role_name,description,status,version,deleted,created_at,updated_at FROM sys_role WHERE deleted=false
2026-08-25T23:06:00.049+08:00 DEBUG 99498 --- [ptidss-server] [ptidss-sched-2] c.p.s.mapper.SysRoleMapper.selectList    : ==> Parameters: 
2026-08-25T23:06:00.050+08:00 DEBUG 99498 --- [ptidss-server] [ptidss-sched-2] c.p.s.mapper.SysRoleMapper.selectList    : <==      Total: 7
2026-08-25T23:06:00.051+08:00 DEBUG 99498 --- [ptidss-server] [ptidss-sched-2] c.p.s.mapper.SysUserMapper.selectList    : ==>  Preparing: SELECT id,username,display_name,password_hash,role_ids,org_code,phone,email,status,last_login_at,version,deleted,created_at,updated_at FROM sys_user WHERE deleted=false AND (role_ids @> ANY (ARRAY['[1]','[2]','[3]','[4]','[5]','[6]','[7]']::jsonb[]))
2026-08-25T23:06:00.051+08:00 DEBUG 99498 --- [ptidss-server] [ptidss-sched-2] c.p.s.mapper.SysUserMapper.selectList    : ==> Parameters: 
2026-08-25T23:06:00.052+08:00 DEBUG 99498 --- [ptidss-server] [ptidss-sched-2] c.p.s.mapper.SysUserMapper.selectList    : <==      Total: 4
2026-08-25T23:06:00.054+08:00  INFO 99498 --- [ptidss-server] [ptidss-sched-2] com.ptidss.intel.service.IntelService    : 情报推送执行完成：匹配情报 0 条，派发消息 0 条，触发决策会话情报重评 0 个
2026-08-25T23:06:17.815+08:00  INFO 99498 --- [ptidss-server] [ptidss-sched-3] c.p.intel.service.IntelFetchService      : 行情采集执行完成：到期 0 个（成功 0 / 失败 0 / 跳过未到期 20）
2026-08-25T23:06:30.075+08:00 DEBUG 99498 --- [ptidss-server] [ptidss-sched-2] c.p.s.mapper.SysRoleMapper.selectList    : ==>  Preparing: SELECT id,role_code,role_name,description,status,version,deleted,created_at,updated_at FROM sys_role WHERE deleted=false
2026-08-25T23:06:30.075+08:00 DEBUG 99498 --- [ptidss-server] [ptidss-sched-2] c.p.s.mapper.SysRoleMapper.selectList    : ==> Parameters: 
2026-08-25T23:06:30.076+08:00 DEBUG 99498 --- [ptidss-server] [ptidss-sched-2] c.p.s.mapper.SysRoleMapper.selectList    : <==      Total: 7
2026-08-25T23:06:30.077+08:00 DEBUG 99498 --- [ptidss-server] [ptidss-sched-2] c.p.s.mapper.SysUserMapper.selectList    : ==>  Preparing: SELECT id,username,display_name,password_hash,role_ids,org_code,phone,email,status,last_login_at,version,deleted,created_at,updated_at FROM sys_user WHERE deleted=false AND (role_ids @> ANY (ARRAY['[1]','[2]','[3]','[4]','[5]','[6]','[7]']::jsonb[]))
2026-08-25T23:06:30.077+08:00 DEBUG 99498 --- [ptidss-server] [ptidss-sched-2] c.p.s.mapper.SysUserMapper.selectList    : ==> Parameters: 
2026-08-25T23:06:30.079+08:00 DEBUG 99498 --- [ptidss-server] [ptidss-sched-2] c.p.s.mapper.SysUserMapper.selectList    : <==      Total: 4
2026-08-25T23:06:30.081+08:00  INFO 99498 --- [ptidss-server] [ptidss-sched-2] com.ptidss.intel.service.IntelService    : 情报推送执行完成：匹配情报 0 条，派发消息 0 条，触发决策会话情报重评 0 个
2026-08-25T23:07:00.105+08:00 DEBUG 99498 --- [ptidss-server] [ptidss-sched-2] c.p.s.mapper.SysRoleMapper.selectList    : ==>  Preparing: SELECT id,role_code,role_name,description,status,version,deleted,created_at,updated_at FROM sys_role WHERE deleted=false
2026-08-25T23:07:00.105+08:00 DEBUG 99498 --- [ptidss-server] [ptidss-sched-2] c.p.s.mapper.SysRoleMapper.selectList    : ==> Parameters: 
2026-08-25T23:07:00.106+08:00 DEBUG 99498 --- [ptidss-server] [ptidss-sched-2] c.p.s.mapper.SysRoleMapper.selectList    : <==      Total: 7
2026-08-25T23:07:00.107+08:00 DEBUG 99498 --- [ptidss-server] [ptidss-sched-2] c.p.s.mapper.SysUserMapper.selectList    : ==>  Preparing: SELECT id,username,display_name,password_hash,role_ids,org_code,phone,email,status,last_login_at,version,deleted,created_at,updated_at FROM sys_user WHERE deleted=false AND (role_ids @> ANY (ARRAY['[1]','[2]','[3]','[4]','[5]','[6]','[7]']::jsonb[]))
2026-08-25T23:07:00.108+08:00 DEBUG 99498 --- [ptidss-server] [ptidss-sched-2] c.p.s.mapper.SysUserMapper.selectList    : ==> Parameters: 
2026-08-25T23:07:00.109+08:00 DEBUG 99498 --- [ptidss-server] [ptidss-sched-2] c.p.s.mapper.SysUserMapper.selectList    : <==      Total: 4
2026-08-25T23:07:00.111+08:00  INFO 99498 --- [ptidss-server] [ptidss-sched-2] com.ptidss.intel.service.IntelService    : 情报推送执行完成：匹配情报 0 条，派发消息 0 条，触发决策会话情报重评 0 个
2026-08-25T23:07:17.819+08:00  INFO 99498 --- [ptidss-server] [ptidss-sched-3] c.p.intel.service.IntelFetchService      : 行情采集执行完成：到期 0 个（成功 0 / 失败 0 / 跳过未到期 20）
2026-08-25T23:07:30.125+08:00 DEBUG 99498 --- [ptidss-server] [ptidss-sched-4] c.p.s.mapper.SysRoleMapper.selectList    : ==>  Preparing: SELECT id,role_code,role_name,description,status,version,deleted,created_at,updated_at FROM sys_role WHERE deleted=false
2026-08-25T23:07:30.125+08:00 DEBUG 99498 --- [ptidss-server] [ptidss-sched-4] c.p.s.mapper.SysRoleMapper.selectList    : ==> Parameters: 
2026-08-25T23:07:30.125+08:00 DEBUG 99498 --- [ptidss-server] [ptidss-sched-4] c.p.s.mapper.SysRoleMapper.selectList    : <==      Total: 7
2026-08-25T23:07:30.126+08:00 DEBUG 99498 --- [ptidss-server] [ptidss-sched-4] c.p.s.mapper.SysUserMapper.selectList    : ==>  Preparing: SELECT id,username,display_name,password_hash,role_ids,org_code,phone,email,status,last_login_at,version,deleted,created_at,updated_at FROM sys_user WHERE deleted=false AND (role_ids @> ANY (ARRAY['[1]','[2]','[3]','[4]','[5]','[6]','[7]']::jsonb[]))
2026-08-25T23:07:30.126+08:00 DEBUG 99498 --- [ptidss-server] [ptidss-sched-4] c.p.s.mapper.SysUserMapper.selectList    : ==> Parameters: 
2026-08-25T23:07:30.126+08:00 DEBUG 99498 --- [ptidss-server] [ptidss-sched-4] c.p.s.mapper.SysUserMapper.selectList    : <==      Total: 4
2026-08-25T23:07:30.127+08:00  INFO 99498 --- [ptidss-server] [ptidss-sched-4] com.ptidss.intel.service.IntelService    : 情报推送执行完成：匹配情报 0 条，派发消息 0 条，触发决策会话情报重评 0 个
2026-08-25T23:08:00.148+08:00 DEBUG 99498 --- [ptidss-server] [ptidss-sched-4] c.p.s.mapper.SysRoleMapper.selectList    : ==>  Preparing: SELECT id,role_code,role_name,description,status,version,deleted,created_at,updated_at FROM sys_role WHERE deleted=false
2026-08-25T23:08:00.149+08:00 DEBUG 99498 --- [ptidss-server] [ptidss-sched-4] c.p.s.mapper.SysRoleMapper.selectList    : ==> Parameters: 
2026-08-25T23:08:00.150+08:00 DEBUG 99498 --- [ptidss-server] [ptidss-sched-4] c.p.s.mapper.SysRoleMapper.selectList    : <==      Total: 7
2026-08-25T23:08:00.151+08:00 DEBUG 99498 --- [ptidss-server] [ptidss-sched-4] c.p.s.mapper.SysUserMapper.selectList    : ==>  Preparing: SELECT id,username,display_name,password_hash,role_ids,org_code,phone,email,status,last_login_at,version,deleted,created_at,updated_at FROM sys_user WHERE deleted=false AND (role_ids @> ANY (ARRAY['[1]','[2]','[3]','[4]','[5]','[6]','[7]']::jsonb[]))
2026-08-25T23:08:00.151+08:00 DEBUG 99498 --- [ptidss-server] [ptidss-sched-4] c.p.s.mapper.SysUserMapper.selectList    : ==> Parameters: 
2026-08-25T23:08:00.152+08:00 DEBUG 99498 --- [ptidss-server] [ptidss-sched-4] c.p.s.mapper.SysUserMapper.selectList    : <==      Total: 4
2026-08-25T23:08:00.154+08:00  INFO 99498 --- [ptidss-server] [ptidss-sched-4] com.ptidss.intel.service.IntelService    : 情报推送执行完成：匹配情报 0 条，派发消息 0 条，触发决策会话情报重评 0 个
2026-08-25T23:08:17.822+08:00  INFO 99498 --- [ptidss-server] [ptidss-sched-3] c.p.intel.service.IntelFetchService      : 行情采集执行完成：到期 0 个（成功 0 / 失败 0 / 跳过未到期 20）
2026-08-25T23:08:30.167+08:00 DEBUG 99498 --- [ptidss-server] [ptidss-sched-1] c.p.s.mapper.SysRoleMapper.selectList    : ==>  Preparing: SELECT id,role_code,role_name,description,status,version,deleted,created_at,updated_at FROM sys_role WHERE deleted=false
2026-08-25T23:08:30.167+08:00 DEBUG 99498 --- [ptidss-server] [ptidss-sched-1] c.p.s.mapper.SysRoleMapper.selectList    : ==> Parameters: 
2026-08-25T23:08:30.168+08:00 DEBUG 99498 --- [ptidss-server] [ptidss-sched-1] c.p.s.mapper.SysRoleMapper.selectList    : <==      Total: 7
2026-08-25T23:08:30.168+08:00 DEBUG 99498 --- [ptidss-server] [ptidss-sched-1] c.p.s.mapper.SysUserMapper.selectList    : ==>  Preparing: SELECT id,username,display_name,password_hash,role_ids,org_code,phone,email,status,last_login_at,version,deleted,created_at,updated_at FROM sys_user WHERE deleted=false AND (role_ids @> ANY (ARRAY['[1]','[2]','[3]','[4]','[5]','[6]','[7]']::jsonb[]))
2026-08-25T23:08:30.168+08:00 DEBUG 99498 --- [ptidss-server] [ptidss-sched-1] c.p.s.mapper.SysUserMapper.selectList    : ==> Parameters: 
2026-08-25T23:08:30.168+08:00 DEBUG 99498 --- [ptidss-server] [ptidss-sched-1] c.p.s.mapper.SysUserMapper.selectList    : <==      Total: 4
2026-08-25T23:08:30.169+08:00  INFO 99498 --- [ptidss-server] [ptidss-sched-1] com.ptidss.intel.service.IntelService    : 情报推送执行完成：匹配情报 0 条，派发消息 0 条，触发决策会话情报重评 0 个
2026-08-25T23:09:00.216+08:00 DEBUG 99498 --- [ptidss-server] [ptidss-sched-1] c.p.s.mapper.SysRoleMapper.selectList    : ==>  Preparing: SELECT id,role_code,role_name,description,status,version,deleted,created_at,updated_at FROM sys_role WHERE deleted=false
2026-08-25T23:09:00.216+08:00 DEBUG 99498 --- [ptidss-server] [ptidss-sched-1] c.p.s.mapper.SysRoleMapper.selectList    : ==> Parameters: 
2026-08-25T23:09:00.217+08:00 DEBUG 99498 --- [ptidss-server] [ptidss-sched-1] c.p.s.mapper.SysRoleMapper.selectList    : <==      Total: 7
2026-08-25T23:09:00.217+08:00 DEBUG 99498 --- [ptidss-server] [ptidss-sched-1] c.p.s.mapper.SysUserMapper.selectList    : ==>  Preparing: SELECT id,username,display_name,password_hash,role_ids,org_code,phone,email,status,last_login_at,version,deleted,created_at,updated_at FROM sys_user WHERE deleted=false AND (role_ids @> ANY (ARRAY['[1]','[2]','[3]','[4]','[5]','[6]','[7]']::jsonb[]))
2026-08-25T23:09:00.217+08:00 DEBUG 99498 --- [ptidss-server] [ptidss-sched-1] c.p.s.mapper.SysUserMapper.selectList    : ==> Parameters: 
2026-08-25T23:09:00.218+08:00 DEBUG 99498 --- [ptidss-server] [ptidss-sched-1] c.p.s.mapper.SysUserMapper.selectList    : <==      Total: 4
2026-08-25T23:09:00.219+08:00  INFO 99498 --- [ptidss-server] [ptidss-sched-1] com.ptidss.intel.service.IntelService    : 情报推送执行完成：匹配情报 0 条，派发消息 0 条，触发决策会话情报重评 0 个
2026-08-25T23:09:17.827+08:00  INFO 99498 --- [ptidss-server] [ptidss-sched-4] c.p.intel.service.IntelFetchService      : 行情采集执行完成：到期 0 个（成功 0 / 失败 0 / 跳过未到期 20）
2026-08-25T23:09:30.232+08:00 DEBUG 99498 --- [ptidss-server] [ptidss-sched-1] c.p.s.mapper.SysRoleMapper.selectList    : ==>  Preparing: SELECT id,role_code,role_name,description,status,version,deleted,created_at,updated_at FROM sys_role WHERE deleted=false
2026-08-25T23:09:30.232+08:00 DEBUG 99498 --- [ptidss-server] [ptidss-sched-1] c.p.s.mapper.SysRoleMapper.selectList    : ==> Parameters: 
2026-08-25T23:09:30.232+08:00 DEBUG 99498 --- [ptidss-server] [ptidss-sched-1] c.p.s.mapper.SysRoleMapper.selectList    : <==      Total: 7
2026-08-25T23:09:30.232+08:00 DEBUG 99498 --- [ptidss-server] [ptidss-sched-1] c.p.s.mapper.SysUserMapper.selectList    : ==>  Preparing: SELECT id,username,display_name,password_hash,role_ids,org_code,phone,email,status,last_login_at,version,deleted,created_at,updated_at FROM sys_user WHERE deleted=false AND (role_ids @> ANY (ARRAY['[1]','[2]','[3]','[4]','[5]','[6]','[7]']::jsonb[]))
2026-08-25T23:09:30.232+08:00 DEBUG 99498 --- [ptidss-server] [ptidss-sched-1] c.p.s.mapper.SysUserMapper.selectList    : ==> Parameters: 
2026-08-25T23:09:30.233+08:00 DEBUG 99498 --- [ptidss-server] [ptidss-sched-1] c.p.s.mapper.SysUserMapper.selectList    : <==      Total: 4
2026-08-25T23:09:30.234+08:00  INFO 99498 --- [ptidss-server] [ptidss-sched-1] com.ptidss.intel.service.IntelService    : 情报推送执行完成：匹配情报 0 条，派发消息 0 条，触发决策会话情报重评 0 个
2026-08-25T23:10:00.260+08:00 DEBUG 99498 --- [ptidss-server] [ptidss-sched-1] c.p.s.mapper.SysRoleMapper.selectList    : ==>  Preparing: SELECT id,role_code,role_name,description,status,version,deleted,created_at,updated_at FROM sys_role WHERE deleted=false
2026-08-25T23:10:00.260+08:00 DEBUG 99498 --- [ptidss-server] [ptidss-sched-1] c.p.s.mapper.SysRoleMapper.selectList    : ==> Parameters: 
2026-08-25T23:10:00.261+08:00 DEBUG 99498 --- [ptidss-server] [ptidss-sched-1] c.p.s.mapper.SysRoleMapper.selectList    : <==      Total: 7
2026-08-25T23:10:00.262+08:00 DEBUG 99498 --- [ptidss-server] [ptidss-sched-1] c.p.s.mapper.SysUserMapper.selectList    : ==>  Preparing: SELECT id,username,display_name,password_hash,role_ids,org_code,phone,email,status,last_login_at,version,deleted,created_at,updated_at FROM sys_user WHERE deleted=false AND (role_ids @> ANY (ARRAY['[1]','[2]','[3]','[4]','[5]','[6]','[7]']::jsonb[]))
2026-08-25T23:10:00.262+08:00 DEBUG 99498 --- [ptidss-server] [ptidss-sched-1] c.p.s.mapper.SysUserMapper.selectList    : ==> Parameters: 
2026-08-25T23:10:00.263+08:00 DEBUG 99498 --- [ptidss-server] [ptidss-sched-1] c.p.s.mapper.SysUserMapper.selectList    : <==      Total: 4
2026-08-25T23:10:00.267+08:00  INFO 99498 --- [ptidss-server] [ptidss-sched-1] com.ptidss.intel.service.IntelService    : 情报推送执行完成：匹配情报 0 条，派发消息 0 条，触发决策会话情报重评 0 个
2026-08-25T23:10:17.831+08:00  INFO 99498 --- [ptidss-server] [ptidss-sched-2] c.p.intel.service.IntelFetchService      : 行情采集执行完成：到期 0 个（成功 0 / 失败 0 / 跳过未到期 20）
2026-08-25T23:10:30.281+08:00 DEBUG 99498 --- [ptidss-server] [ptidss-sched-3] c.p.s.mapper.SysRoleMapper.selectList    : ==>  Preparing: SELECT id,role_code,role_name,description,status,version,deleted,created_at,updated_at FROM sys_role WHERE deleted=false
2026-08-25T23:10:30.281+08:00 DEBUG 99498 --- [ptidss-server] [ptidss-sched-3] c.p.s.mapper.SysRoleMapper.selectList    : ==> Parameters: 
2026-08-25T23:10:30.282+08:00 DEBUG 99498 --- [ptidss-server] [ptidss-sched-3] c.p.s.mapper.SysRoleMapper.selectList    : <==      Total: 7
2026-08-25T23:10:30.282+08:00 DEBUG 99498 --- [ptidss-server] [ptidss-sched-3] c.p.s.mapper.SysUserMapper.selectList    : ==>  Preparing: SELECT id,username,display_name,password_hash,role_ids,org_code,phone,email,status,last_login_at,version,deleted,created_at,updated_at FROM sys_user WHERE deleted=false AND (role_ids @> ANY (ARRAY['[1]','[2]','[3]','[4]','[5]','[6]','[7]']::jsonb[]))
2026-08-25T23:10:30.282+08:00 DEBUG 99498 --- [ptidss-server] [ptidss-sched-3] c.p.s.mapper.SysUserMapper.selectList    : ==> Parameters: 
2026-08-25T23:10:30.283+08:00 DEBUG 99498 --- [ptidss-server] [ptidss-sched-3] c.p.s.mapper.SysUserMapper.selectList    : <==      Total: 4
2026-08-25T23:10:30.283+08:00  INFO 99498 --- [ptidss-server] [ptidss-sched-3] com.ptidss.intel.service.IntelService    : 情报推送执行完成：匹配情报 0 条，派发消息 0 条，触发决策会话情报重评 0 个
2026-08-25T23:11:00.310+08:00 DEBUG 99498 --- [ptidss-server] [ptidss-sched-3] c.p.s.mapper.SysRoleMapper.selectList    : ==>  Preparing: SELECT id,role_code,role_name,description,status,version,deleted,created_at,updated_at FROM sys_role WHERE deleted=false
2026-08-25T23:11:00.310+08:00 DEBUG 99498 --- [ptidss-server] [ptidss-sched-3] c.p.s.mapper.SysRoleMapper.selectList    : ==> Parameters: 
2026-08-25T23:11:00.311+08:00 DEBUG 99498 --- [ptidss-server] [ptidss-sched-3] c.p.s.mapper.SysRoleMapper.selectList    : <==      Total: 7
2026-08-25T23:11:00.312+08:00 DEBUG 99498 --- [ptidss-server] [ptidss-sched-3] c.p.s.mapper.SysUserMapper.selectList    : ==>  Preparing: SELECT id,username,display_name,password_hash,role_ids,org_code,phone,email,status,last_login_at,version,deleted,created_at,updated_at FROM sys_user WHERE deleted=false AND (role_ids @> ANY (ARRAY['[1]','[2]','[3]','[4]','[5]','[6]','[7]']::jsonb[]))
2026-08-25T23:11:00.312+08:00 DEBUG 99498 --- [ptidss-server] [ptidss-sched-3] c.p.s.mapper.SysUserMapper.selectList    : ==> Parameters: 
2026-08-25T23:11:00.314+08:00 DEBUG 99498 --- [ptidss-server] [ptidss-sched-3] c.p.s.mapper.SysUserMapper.selectList    : <==      Total: 4
2026-08-25T23:11:00.316+08:00  INFO 99498 --- [ptidss-server] [ptidss-sched-3] com.ptidss.intel.service.IntelService    : 情报推送执行完成：匹配情报 0 条，派发消息 0 条，触发决策会话情报重评 0 个
2026-08-25T23:11:17.845+08:00  INFO 99498 --- [ptidss-server] [ptidss-sched-1] c.p.intel.service.IntelFetchService      : 情报源模拟采集：INTL-PRICE-GD 生成模拟情报
2026-08-25T23:11:17.854+08:00  INFO 99498 --- [ptidss-server] [ptidss-sched-1] c.p.intel.service.IntelFetchService      : 情报源模拟采集：INTL-PRICE-MX 生成模拟情报
2026-08-25T23:11:17.868+08:00  INFO 99498 --- [ptidss-server] [ptidss-sched-1] c.p.intel.service.IntelFetchService      : 情报源模拟采集：INTL-PRICE-GS 生成模拟情报
2026-08-25T23:11:17.877+08:00  INFO 99498 --- [ptidss-server] [ptidss-sched-1] c.p.intel.service.IntelFetchService      : 情报源模拟采集：INTL-PRICE-SD 生成模拟情报
2026-08-25T23:11:17.885+08:00  INFO 99498 --- [ptidss-server] [ptidss-sched-1] c.p.intel.service.IntelFetchService      : 情报源模拟采集：INTL-PRICE-SX 生成模拟情报
2026-08-25T23:11:17.885+08:00  INFO 99498 --- [ptidss-server] [ptidss-sched-1] c.p.intel.service.IntelFetchService      : 行情采集执行完成：到期 5 个（成功 5 / 失败 0 / 跳过未到期 15）
2026-08-25T23:11:30.331+08:00 DEBUG 99498 --- [ptidss-server] [ptidss-sched-4] c.p.s.mapper.SysRoleMapper.selectList    : ==>  Preparing: SELECT id,role_code,role_name,description,status,version,deleted,created_at,updated_at FROM sys_role WHERE deleted=false
2026-08-25T23:11:30.331+08:00 DEBUG 99498 --- [ptidss-server] [ptidss-sched-4] c.p.s.mapper.SysRoleMapper.selectList    : ==> Parameters: 
2026-08-25T23:11:30.332+08:00 DEBUG 99498 --- [ptidss-server] [ptidss-sched-4] c.p.s.mapper.SysRoleMapper.selectList    : <==      Total: 7
2026-08-25T23:11:30.332+08:00 DEBUG 99498 --- [ptidss-server] [ptidss-sched-4] c.p.s.mapper.SysUserMapper.selectList    : ==>  Preparing: SELECT id,username,display_name,password_hash,role_ids,org_code,phone,email,status,last_login_at,version,deleted,created_at,updated_at FROM sys_user WHERE deleted=false AND (role_ids @> ANY (ARRAY['[1]','[2]','[3]','[4]','[5]','[6]','[7]']::jsonb[]))
2026-08-25T23:11:30.332+08:00 DEBUG 99498 --- [ptidss-server] [ptidss-sched-4] c.p.s.mapper.SysUserMapper.selectList    : ==> Parameters: 
2026-08-25T23:11:30.333+08:00 DEBUG 99498 --- [ptidss-server] [ptidss-sched-4] c.p.s.mapper.SysUserMapper.selectList    : <==      Total: 4
2026-08-25T23:11:30.333+08:00  INFO 99498 --- [ptidss-server] [ptidss-sched-4] com.ptidss.intel.service.IntelService    : 情报推送执行完成：匹配情报 0 条，派发消息 0 条，触发决策会话情报重评 0 个
2026-08-25T23:12:00.360+08:00 DEBUG 99498 --- [ptidss-server] [ptidss-sched-4] c.p.s.mapper.SysRoleMapper.selectList    : ==>  Preparing: SELECT id,role_code,role_name,description,status,version,deleted,created_at,updated_at FROM sys_role WHERE deleted=false
2026-08-25T23:12:00.360+08:00 DEBUG 99498 --- [ptidss-server] [ptidss-sched-4] c.p.s.mapper.SysRoleMapper.selectList    : ==> Parameters: 
2026-08-25T23:12:00.361+08:00 DEBUG 99498 --- [ptidss-server] [ptidss-sched-4] c.p.s.mapper.SysRoleMapper.selectList    : <==      Total: 7
2026-08-25T23:12:00.362+08:00 DEBUG 99498 --- [ptidss-server] [ptidss-sched-4] c.p.s.mapper.SysUserMapper.selectList    : ==>  Preparing: SELECT id,username,display_name,password_hash,role_ids,org_code,phone,email,status,last_login_at,version,deleted,created_at,updated_at FROM sys_user WHERE deleted=false AND (role_ids @> ANY (ARRAY['[1]','[2]','[3]','[4]','[5]','[6]','[7]']::jsonb[]))
2026-08-25T23:12:00.362+08:00 DEBUG 99498 --- [ptidss-server] [ptidss-sched-4] c.p.s.mapper.SysUserMapper.selectList    : ==> Parameters: 
2026-08-25T23:12:00.364+08:00 DEBUG 99498 --- [ptidss-server] [ptidss-sched-4] c.p.s.mapper.SysUserMapper.selectList    : <==      Total: 4
2026-08-25T23:12:00.366+08:00  INFO 99498 --- [ptidss-server] [ptidss-sched-4] com.ptidss.intel.service.IntelService    : 情报推送执行完成：匹配情报 0 条，派发消息 0 条，触发决策会话情报重评 0 个
2026-08-25T23:12:17.888+08:00  INFO 99498 --- [ptidss-server] [ptidss-sched-1] c.p.intel.service.IntelFetchService      : 行情采集执行完成：到期 0 个（成功 0 / 失败 0 / 跳过未到期 20）
2026-08-25T23:12:30.382+08:00 DEBUG 99498 --- [ptidss-server] [ptidss-sched-2] c.p.s.mapper.SysRoleMapper.selectList    : ==>  Preparing: SELECT id,role_code,role_name,description,status,version,deleted,created_at,updated_at FROM sys_role WHERE deleted=false
2026-08-25T23:12:30.382+08:00 DEBUG 99498 --- [ptidss-server] [ptidss-sched-2] c.p.s.mapper.SysRoleMapper.selectList    : ==> Parameters: 
2026-08-25T23:12:30.383+08:00 DEBUG 99498 --- [ptidss-server] [ptidss-sched-2] c.p.s.mapper.SysRoleMapper.selectList    : <==      Total: 7
2026-08-25T23:12:30.383+08:00 DEBUG 99498 --- [ptidss-server] [ptidss-sched-2] c.p.s.mapper.SysUserMapper.selectList    : ==>  Preparing: SELECT id,username,display_name,password_hash,role_ids,org_code,phone,email,status,last_login_at,version,deleted,created_at,updated_at FROM sys_user WHERE deleted=false AND (role_ids @> ANY (ARRAY['[1]','[2]','[3]','[4]','[5]','[6]','[7]']::jsonb[]))
2026-08-25T23:12:30.383+08:00 DEBUG 99498 --- [ptidss-server] [ptidss-sched-2] c.p.s.mapper.SysUserMapper.selectList    : ==> Parameters: 
2026-08-25T23:12:30.384+08:00 DEBUG 99498 --- [ptidss-server] [ptidss-sched-2] c.p.s.mapper.SysUserMapper.selectList    : <==      Total: 4
2026-08-25T23:12:30.385+08:00  INFO 99498 --- [ptidss-server] [ptidss-sched-2] com.ptidss.intel.service.IntelService    : 情报推送执行完成：匹配情报 0 条，派发消息 0 条，触发决策会话情报重评 0 个
2026-08-25T23:13:00.405+08:00 DEBUG 99498 --- [ptidss-server] [ptidss-sched-2] c.p.s.mapper.SysRoleMapper.selectList    : ==>  Preparing: SELECT id,role_code,role_name,description,status,version,deleted,created_at,updated_at FROM sys_role WHERE deleted=false
2026-08-25T23:13:00.405+08:00 DEBUG 99498 --- [ptidss-server] [ptidss-sched-2] c.p.s.mapper.SysRoleMapper.selectList    : ==> Parameters: 
2026-08-25T23:13:00.407+08:00 DEBUG 99498 --- [ptidss-server] [ptidss-sched-2] c.p.s.mapper.SysRoleMapper.selectList    : <==      Total: 7
2026-08-25T23:13:00.408+08:00 DEBUG 99498 --- [ptidss-server] [ptidss-sched-2] c.p.s.mapper.SysUserMapper.selectList    : ==>  Preparing: SELECT id,username,display_name,password_hash,role_ids,org_code,phone,email,status,last_login_at,version,deleted,created_at,updated_at FROM sys_user WHERE deleted=false AND (role_ids @> ANY (ARRAY['[1]','[2]','[3]','[4]','[5]','[6]','[7]']::jsonb[]))
2026-08-25T23:13:00.408+08:00 DEBUG 99498 --- [ptidss-server] [ptidss-sched-2] c.p.s.mapper.SysUserMapper.selectList    : ==> Parameters: 
2026-08-25T23:13:00.409+08:00 DEBUG 99498 --- [ptidss-server] [ptidss-sched-2] c.p.s.mapper.SysUserMapper.selectList    : <==      Total: 4
2026-08-25T23:13:00.411+08:00  INFO 99498 --- [ptidss-server] [ptidss-sched-2] com.ptidss.intel.service.IntelService    : 情报推送执行完成：匹配情报 0 条，派发消息 0 条，触发决策会话情报重评 0 个
2026-08-25T23:13:17.892+08:00  INFO 99498 --- [ptidss-server] [ptidss-sched-1] c.p.intel.service.IntelFetchService      : 行情采集执行完成：到期 0 个（成功 0 / 失败 0 / 跳过未到期 20）
2026-08-25T23:13:30.424+08:00 DEBUG 99498 --- [ptidss-server] [ptidss-sched-3] c.p.s.mapper.SysRoleMapper.selectList    : ==>  Preparing: SELECT id,role_code,role_name,description,status,version,deleted,created_at,updated_at FROM sys_role WHERE deleted=false
2026-08-25T23:13:30.425+08:00 DEBUG 99498 --- [ptidss-server] [ptidss-sched-3] c.p.s.mapper.SysRoleMapper.selectList    : ==> Parameters: 
2026-08-25T23:13:30.425+08:00 DEBUG 99498 --- [ptidss-server] [ptidss-sched-3] c.p.s.mapper.SysRoleMapper.selectList    : <==      Total: 7
2026-08-25T23:13:30.425+08:00 DEBUG 99498 --- [ptidss-server] [ptidss-sched-3] c.p.s.mapper.SysUserMapper.selectList    : ==>  Preparing: SELECT id,username,display_name,password_hash,role_ids,org_code,phone,email,status,last_login_at,version,deleted,created_at,updated_at FROM sys_user WHERE deleted=false AND (role_ids @> ANY (ARRAY['[1]','[2]','[3]','[4]','[5]','[6]','[7]']::jsonb[]))
2026-08-25T23:13:30.425+08:00 DEBUG 99498 --- [ptidss-server] [ptidss-sched-3] c.p.s.mapper.SysUserMapper.selectList    : ==> Parameters: 
2026-08-25T23:13:30.426+08:00 DEBUG 99498 --- [ptidss-server] [ptidss-sched-3] c.p.s.mapper.SysUserMapper.selectList    : <==      Total: 4
2026-08-25T23:13:30.427+08:00  INFO 99498 --- [ptidss-server] [ptidss-sched-3] com.ptidss.intel.service.IntelService    : 情报推送执行完成：匹配情报 0 条，派发消息 0 条，触发决策会话情报重评 0 个
2026-08-25T23:14:00.452+08:00 DEBUG 99498 --- [ptidss-server] [ptidss-sched-3] c.p.s.mapper.SysRoleMapper.selectList    : ==>  Preparing: SELECT id,role_code,role_name,description,status,version,deleted,created_at,updated_at FROM sys_role WHERE deleted=false
2026-08-25T23:14:00.453+08:00 DEBUG 99498 --- [ptidss-server] [ptidss-sched-3] c.p.s.mapper.SysRoleMapper.selectList    : ==> Parameters: 
2026-08-25T23:14:00.454+08:00 DEBUG 99498 --- [ptidss-server] [ptidss-sched-3] c.p.s.mapper.SysRoleMapper.selectList    : <==      Total: 7
2026-08-25T23:14:00.454+08:00 DEBUG 99498 --- [ptidss-server] [ptidss-sched-3] c.p.s.mapper.SysUserMapper.selectList    : ==>  Preparing: SELECT id,username,display_name,password_hash,role_ids,org_code,phone,email,status,last_login_at,version,deleted,created_at,updated_at FROM sys_user WHERE deleted=false AND (role_ids @> ANY (ARRAY['[1]','[2]','[3]','[4]','[5]','[6]','[7]']::jsonb[]))
2026-08-25T23:14:00.455+08:00 DEBUG 99498 --- [ptidss-server] [ptidss-sched-3] c.p.s.mapper.SysUserMapper.selectList    : ==> Parameters: 
2026-08-25T23:14:00.456+08:00 DEBUG 99498 --- [ptidss-server] [ptidss-sched-3] c.p.s.mapper.SysUserMapper.selectList    : <==      Total: 4
2026-08-25T23:14:00.458+08:00  INFO 99498 --- [ptidss-server] [ptidss-sched-3] com.ptidss.intel.service.IntelService    : 情报推送执行完成：匹配情报 0 条，派发消息 0 条，触发决策会话情报重评 0 个
2026-08-25T23:14:17.896+08:00  INFO 99498 --- [ptidss-server] [ptidss-sched-1] c.p.intel.service.IntelFetchService      : 行情采集执行完成：到期 0 个（成功 0 / 失败 0 / 跳过未到期 20）
2026-08-25T23:14:30.483+08:00 DEBUG 99498 --- [ptidss-server] [ptidss-sched-4] c.p.s.mapper.SysRoleMapper.selectList    : ==>  Preparing: SELECT id,role_code,role_name,description,status,version,deleted,created_at,updated_at FROM sys_role WHERE deleted=false
2026-08-25T23:14:30.483+08:00 DEBUG 99498 --- [ptidss-server] [ptidss-sched-4] c.p.s.mapper.SysRoleMapper.selectList    : ==> Parameters: 
2026-08-25T23:14:30.484+08:00 DEBUG 99498 --- [ptidss-server] [ptidss-sched-4] c.p.s.mapper.SysRoleMapper.selectList    : <==      Total: 7
2026-08-25T23:14:30.485+08:00 DEBUG 99498 --- [ptidss-server] [ptidss-sched-4] c.p.s.mapper.SysUserMapper.selectList    : ==>  Preparing: SELECT id,username,display_name,password_hash,role_ids,org_code,phone,email,status,last_login_at,version,deleted,created_at,updated_at FROM sys_user WHERE deleted=false AND (role_ids @> ANY (ARRAY['[1]','[2]','[3]','[4]','[5]','[6]','[7]']::jsonb[]))
2026-08-25T23:14:30.485+08:00 DEBUG 99498 --- [ptidss-server] [ptidss-sched-4] c.p.s.mapper.SysUserMapper.selectList    : ==> Parameters: 
2026-08-25T23:14:30.487+08:00 DEBUG 99498 --- [ptidss-server] [ptidss-sched-4] c.p.s.mapper.SysUserMapper.selectList    : <==      Total: 4
2026-08-25T23:14:30.489+08:00  INFO 99498 --- [ptidss-server] [ptidss-sched-4] com.ptidss.intel.service.IntelService    : 情报推送执行完成：匹配情报 0 条，派发消息 0 条，触发决策会话情报重评 0 个
2026-08-25T23:15:00.512+08:00 DEBUG 99498 --- [ptidss-server] [ptidss-sched-4] c.p.s.mapper.SysRoleMapper.selectList    : ==>  Preparing: SELECT id,role_code,role_name,description,status,version,deleted,created_at,updated_at FROM sys_role WHERE deleted=false
2026-08-25T23:15:00.512+08:00 DEBUG 99498 --- [ptidss-server] [ptidss-sched-4] c.p.s.mapper.SysRoleMapper.selectList    : ==> Parameters: 
2026-08-25T23:15:00.514+08:00 DEBUG 99498 --- [ptidss-server] [ptidss-sched-4] c.p.s.mapper.SysRoleMapper.selectList    : <==      Total: 7
2026-08-25T23:15:00.514+08:00 DEBUG 99498 --- [ptidss-server] [ptidss-sched-4] c.p.s.mapper.SysUserMapper.selectList    : ==>  Preparing: SELECT id,username,display_name,password_hash,role_ids,org_code,phone,email,status,last_login_at,version,deleted,created_at,updated_at FROM sys_user WHERE deleted=false AND (role_ids @> ANY (ARRAY['[1]','[2]','[3]','[4]','[5]','[6]','[7]']::jsonb[]))
2026-08-25T23:15:00.514+08:00 DEBUG 99498 --- [ptidss-server] [ptidss-sched-4] c.p.s.mapper.SysUserMapper.selectList    : ==> Parameters: 
2026-08-25T23:15:00.515+08:00 DEBUG 99498 --- [ptidss-server] [ptidss-sched-4] c.p.s.mapper.SysUserMapper.selectList    : <==      Total: 4
2026-08-25T23:15:00.517+08:00  INFO 99498 --- [ptidss-server] [ptidss-sched-4] com.ptidss.intel.service.IntelService    : 情报推送执行完成：匹配情报 0 条，派发消息 0 条，触发决策会话情报重评 0 个
2026-08-25T23:15:17.900+08:00  INFO 99498 --- [ptidss-server] [ptidss-sched-1] c.p.intel.service.IntelFetchService      : 行情采集执行完成：到期 0 个（成功 0 / 失败 0 / 跳过未到期 20）
2026-08-25T23:15:30.530+08:00 DEBUG 99498 --- [ptidss-server] [ptidss-sched-2] c.p.s.mapper.SysRoleMapper.selectList    : ==>  Preparing: SELECT id,role_code,role_name,description,status,version,deleted,created_at,updated_at FROM sys_role WHERE deleted=false
2026-08-25T23:15:30.530+08:00 DEBUG 99498 --- [ptidss-server] [ptidss-sched-2] c.p.s.mapper.SysRoleMapper.selectList    : ==> Parameters: 
2026-08-25T23:15:30.531+08:00 DEBUG 99498 --- [ptidss-server] [ptidss-sched-2] c.p.s.mapper.SysRoleMapper.selectList    : <==      Total: 7
2026-08-25T23:15:30.531+08:00 DEBUG 99498 --- [ptidss-server] [ptidss-sched-2] c.p.s.mapper.SysUserMapper.selectList    : ==>  Preparing: SELECT id,username,display_name,password_hash,role_ids,org_code,phone,email,status,last_login_at,version,deleted,created_at,updated_at FROM sys_user WHERE deleted=false AND (role_ids @> ANY (ARRAY['[1]','[2]','[3]','[4]','[5]','[6]','[7]']::jsonb[]))
2026-08-25T23:15:30.531+08:00 DEBUG 99498 --- [ptidss-server] [ptidss-sched-2] c.p.s.mapper.SysUserMapper.selectList    : ==> Parameters: 
2026-08-25T23:15:30.532+08:00 DEBUG 99498 --- [ptidss-server] [ptidss-sched-2] c.p.s.mapper.SysUserMapper.selectList    : <==      Total: 4
2026-08-25T23:15:30.532+08:00  INFO 99498 --- [ptidss-server] [ptidss-sched-2] com.ptidss.intel.service.IntelService    : 情报推送执行完成：匹配情报 0 条，派发消息 0 条，触发决策会话情报重评 0 个
2026-08-25T23:16:00.555+08:00 DEBUG 99498 --- [ptidss-server] [ptidss-sched-2] c.p.s.mapper.SysRoleMapper.selectList    : ==>  Preparing: SELECT id,role_code,role_name,description,status,version,deleted,created_at,updated_at FROM sys_role WHERE deleted=false
2026-08-25T23:16:00.556+08:00 DEBUG 99498 --- [ptidss-server] [ptidss-sched-2] c.p.s.mapper.SysRoleMapper.selectList    : ==> Parameters: 
2026-08-25T23:16:00.557+08:00 DEBUG 99498 --- [ptidss-server] [ptidss-sched-2] c.p.s.mapper.SysRoleMapper.selectList    : <==      Total: 7
2026-08-25T23:16:00.558+08:00 DEBUG 99498 --- [ptidss-server] [ptidss-sched-2] c.p.s.mapper.SysUserMapper.selectList    : ==>  Preparing: SELECT id,username,display_name,password_hash,role_ids,org_code,phone,email,status,last_login_at,version,deleted,created_at,updated_at FROM sys_user WHERE deleted=false AND (role_ids @> ANY (ARRAY['[1]','[2]','[3]','[4]','[5]','[6]','[7]']::jsonb[]))
2026-08-25T23:16:00.558+08:00 DEBUG 99498 --- [ptidss-server] [ptidss-sched-2] c.p.s.mapper.SysUserMapper.selectList    : ==> Parameters: 
2026-08-25T23:16:00.559+08:00 DEBUG 99498 --- [ptidss-server] [ptidss-sched-2] c.p.s.mapper.SysUserMapper.selectList    : <==      Total: 4
2026-08-25T23:16:00.561+08:00  INFO 99498 --- [ptidss-server] [ptidss-sched-2] com.ptidss.intel.service.IntelService    : 情报推送执行完成：匹配情报 0 条，派发消息 0 条，触发决策会话情报重评 0 个
2026-08-25T23:16:17.903+08:00  INFO 99498 --- [ptidss-server] [ptidss-sched-4] c.p.intel.service.IntelFetchService      : 行情采集执行完成：到期 0 个（成功 0 / 失败 0 / 跳过未到期 20）
2026-08-25T23:16:30.574+08:00 DEBUG 99498 --- [ptidss-server] [ptidss-sched-2] c.p.s.mapper.SysRoleMapper.selectList    : ==>  Preparing: SELECT id,role_code,role_name,description,status,version,deleted,created_at,updated_at FROM sys_role WHERE deleted=false
2026-08-25T23:16:30.574+08:00 DEBUG 99498 --- [ptidss-server] [ptidss-sched-2] c.p.s.mapper.SysRoleMapper.selectList    : ==> Parameters: 
2026-08-25T23:16:30.575+08:00 DEBUG 99498 --- [ptidss-server] [ptidss-sched-2] c.p.s.mapper.SysRoleMapper.selectList    : <==      Total: 7
2026-08-25T23:16:30.575+08:00 DEBUG 99498 --- [ptidss-server] [ptidss-sched-2] c.p.s.mapper.SysUserMapper.selectList    : ==>  Preparing: SELECT id,username,display_name,password_hash,role_ids,org_code,phone,email,status,last_login_at,version,deleted,created_at,updated_at FROM sys_user WHERE deleted=false AND (role_ids @> ANY (ARRAY['[1]','[2]','[3]','[4]','[5]','[6]','[7]']::jsonb[]))
2026-08-25T23:16:30.575+08:00 DEBUG 99498 --- [ptidss-server] [ptidss-sched-2] c.p.s.mapper.SysUserMapper.selectList    : ==> Parameters: 
2026-08-25T23:16:30.575+08:00 DEBUG 99498 --- [ptidss-server] [ptidss-sched-2] c.p.s.mapper.SysUserMapper.selectList    : <==      Total: 4
2026-08-25T23:16:30.576+08:00  INFO 99498 --- [ptidss-server] [ptidss-sched-2] com.ptidss.intel.service.IntelService    : 情报推送执行完成：匹配情报 0 条，派发消息 0 条，触发决策会话情报重评 0 个
2026-08-25T23:17:00.598+08:00 DEBUG 99498 --- [ptidss-server] [ptidss-sched-2] c.p.s.mapper.SysRoleMapper.selectList    : ==>  Preparing: SELECT id,role_code,role_name,description,status,version,deleted,created_at,updated_at FROM sys_role WHERE deleted=false
2026-08-25T23:17:00.598+08:00 DEBUG 99498 --- [ptidss-server] [ptidss-sched-2] c.p.s.mapper.SysRoleMapper.selectList    : ==> Parameters: 
2026-08-25T23:17:00.599+08:00 DEBUG 99498 --- [ptidss-server] [ptidss-sched-2] c.p.s.mapper.SysRoleMapper.selectList    : <==      Total: 7
2026-08-25T23:17:00.600+08:00 DEBUG 99498 --- [ptidss-server] [ptidss-sched-2] c.p.s.mapper.SysUserMapper.selectList    : ==>  Preparing: SELECT id,username,display_name,password_hash,role_ids,org_code,phone,email,status,last_login_at,version,deleted,created_at,updated_at FROM sys_user WHERE deleted=false AND (role_ids @> ANY (ARRAY['[1]','[2]','[3]','[4]','[5]','[6]','[7]']::jsonb[]))
2026-08-25T23:17:00.600+08:00 DEBUG 99498 --- [ptidss-server] [ptidss-sched-2] c.p.s.mapper.SysUserMapper.selectList    : ==> Parameters: 
2026-08-25T23:17:00.602+08:00 DEBUG 99498 --- [ptidss-server] [ptidss-sched-2] c.p.s.mapper.SysUserMapper.selectList    : <==      Total: 4
2026-08-25T23:17:00.604+08:00  INFO 99498 --- [ptidss-server] [ptidss-sched-2] com.ptidss.intel.service.IntelService    : 情报推送执行完成：匹配情报 0 条，派发消息 0 条，触发决策会话情报重评 0 个
2026-08-25T23:17:17.907+08:00  INFO 99498 --- [ptidss-server] [ptidss-sched-3] c.p.intel.service.IntelFetchService      : 行情采集执行完成：到期 0 个（成功 0 / 失败 0 / 跳过未到期 20）
2026-08-25T23:17:30.616+08:00 DEBUG 99498 --- [ptidss-server] [ptidss-sched-2] c.p.s.mapper.SysRoleMapper.selectList    : ==>  Preparing: SELECT id,role_code,role_name,description,status,version,deleted,created_at,updated_at FROM sys_role WHERE deleted=false
2026-08-25T23:17:30.616+08:00 DEBUG 99498 --- [ptidss-server] [ptidss-sched-2] c.p.s.mapper.SysRoleMapper.selectList    : ==> Parameters: 
2026-08-25T23:17:30.617+08:00 DEBUG 99498 --- [ptidss-server] [ptidss-sched-2] c.p.s.mapper.SysRoleMapper.selectList    : <==      Total: 7
2026-08-25T23:17:30.617+08:00 DEBUG 99498 --- [ptidss-server] [ptidss-sched-2] c.p.s.mapper.SysUserMapper.selectList    : ==>  Preparing: SELECT id,username,display_name,password_hash,role_ids,org_code,phone,email,status,last_login_at,version,deleted,created_at,updated_at FROM sys_user WHERE deleted=false AND (role_ids @> ANY (ARRAY['[1]','[2]','[3]','[4]','[5]','[6]','[7]']::jsonb[]))
2026-08-25T23:17:30.617+08:00 DEBUG 99498 --- [ptidss-server] [ptidss-sched-2] c.p.s.mapper.SysUserMapper.selectList    : ==> Parameters: 
2026-08-25T23:17:30.617+08:00 DEBUG 99498 --- [ptidss-server] [ptidss-sched-2] c.p.s.mapper.SysUserMapper.selectList    : <==      Total: 4
2026-08-25T23:17:30.618+08:00  INFO 99498 --- [ptidss-server] [ptidss-sched-2] com.ptidss.intel.service.IntelService    : 情报推送执行完成：匹配情报 0 条，派发消息 0 条，触发决策会话情报重评 0 个
2026-08-25T23:18:00.638+08:00 DEBUG 99498 --- [ptidss-server] [ptidss-sched-2] c.p.s.mapper.SysRoleMapper.selectList    : ==>  Preparing: SELECT id,role_code,role_name,description,status,version,deleted,created_at,updated_at FROM sys_role WHERE deleted=false
2026-08-25T23:18:00.638+08:00 DEBUG 99498 --- [ptidss-server] [ptidss-sched-2] c.p.s.mapper.SysRoleMapper.selectList    : ==> Parameters: 
2026-08-25T23:18:00.639+08:00 DEBUG 99498 --- [ptidss-server] [ptidss-sched-2] c.p.s.mapper.SysRoleMapper.selectList    : <==      Total: 7
2026-08-25T23:18:00.640+08:00 DEBUG 99498 --- [ptidss-server] [ptidss-sched-2] c.p.s.mapper.SysUserMapper.selectList    : ==>  Preparing: SELECT id,username,display_name,password_hash,role_ids,org_code,phone,email,status,last_login_at,version,deleted,created_at,updated_at FROM sys_user WHERE deleted=false AND (role_ids @> ANY (ARRAY['[1]','[2]','[3]','[4]','[5]','[6]','[7]']::jsonb[]))
2026-08-25T23:18:00.640+08:00 DEBUG 99498 --- [ptidss-server] [ptidss-sched-2] c.p.s.mapper.SysUserMapper.selectList    : ==> Parameters: 
2026-08-25T23:18:00.641+08:00 DEBUG 99498 --- [ptidss-server] [ptidss-sched-2] c.p.s.mapper.SysUserMapper.selectList    : <==      Total: 4
2026-08-25T23:18:00.643+08:00  INFO 99498 --- [ptidss-server] [ptidss-sched-2] com.ptidss.intel.service.IntelService    : 情报推送执行完成：匹配情报 0 条，派发消息 0 条，触发决策会话情报重评 0 个
2026-08-25T23:18:17.910+08:00  INFO 99498 --- [ptidss-server] [ptidss-sched-1] c.p.intel.service.IntelFetchService      : 行情采集执行完成：到期 0 个（成功 0 / 失败 0 / 跳过未到期 20）
2026-08-25T23:18:30.662+08:00 DEBUG 99498 --- [ptidss-server] [ptidss-sched-4] c.p.s.mapper.SysRoleMapper.selectList    : ==>  Preparing: SELECT id,role_code,role_name,description,status,version,deleted,created_at,updated_at FROM sys_role WHERE deleted=false
2026-08-25T23:18:30.662+08:00 DEBUG 99498 --- [ptidss-server] [ptidss-sched-4] c.p.s.mapper.SysRoleMapper.selectList    : ==> Parameters: 
2026-08-25T23:18:30.663+08:00 DEBUG 99498 --- [ptidss-server] [ptidss-sched-4] c.p.s.mapper.SysRoleMapper.selectList    : <==      Total: 7
2026-08-25T23:18:30.663+08:00 DEBUG 99498 --- [ptidss-server] [ptidss-sched-4] c.p.s.mapper.SysUserMapper.selectList    : ==>  Preparing: SELECT id,username,display_name,password_hash,role_ids,org_code,phone,email,status,last_login_at,version,deleted,created_at,updated_at FROM sys_user WHERE deleted=false AND (role_ids @> ANY (ARRAY['[1]','[2]','[3]','[4]','[5]','[6]','[7]']::jsonb[]))
2026-08-25T23:18:30.663+08:00 DEBUG 99498 --- [ptidss-server] [ptidss-sched-4] c.p.s.mapper.SysUserMapper.selectList    : ==> Parameters: 
2026-08-25T23:18:30.667+08:00 DEBUG 99498 --- [ptidss-server] [ptidss-sched-4] c.p.s.mapper.SysUserMapper.selectList    : <==      Total: 4
2026-08-25T23:18:30.668+08:00  INFO 99498 --- [ptidss-server] [ptidss-sched-4] com.ptidss.intel.service.IntelService    : 情报推送执行完成：匹配情报 0 条，派发消息 0 条，触发决策会话情报重评 0 个
2026-08-25T23:19:00.679+08:00 DEBUG 99498 --- [ptidss-server] [ptidss-sched-4] c.p.s.mapper.SysRoleMapper.selectList    : ==>  Preparing: SELECT id,role_code,role_name,description,status,version,deleted,created_at,updated_at FROM sys_role WHERE deleted=false
2026-08-25T23:19:00.680+08:00 DEBUG 99498 --- [ptidss-server] [ptidss-sched-4] c.p.s.mapper.SysRoleMapper.selectList    : ==> Parameters: 
2026-08-25T23:19:00.680+08:00 DEBUG 99498 --- [ptidss-server] [ptidss-sched-4] c.p.s.mapper.SysRoleMapper.selectList    : <==      Total: 7
2026-08-25T23:19:00.680+08:00 DEBUG 99498 --- [ptidss-server] [ptidss-sched-4] c.p.s.mapper.SysUserMapper.selectList    : ==>  Preparing: SELECT id,username,display_name,password_hash,role_ids,org_code,phone,email,status,last_login_at,version,deleted,created_at,updated_at FROM sys_user WHERE deleted=false AND (role_ids @> ANY (ARRAY['[1]','[2]','[3]','[4]','[5]','[6]','[7]']::jsonb[]))
2026-08-25T23:19:00.680+08:00 DEBUG 99498 --- [ptidss-server] [ptidss-sched-4] c.p.s.mapper.SysUserMapper.selectList    : ==> Parameters: 
2026-08-25T23:19:00.681+08:00 DEBUG 99498 --- [ptidss-server] [ptidss-sched-4] c.p.s.mapper.SysUserMapper.selectList    : <==      Total: 4
2026-08-25T23:19:00.682+08:00  INFO 99498 --- [ptidss-server] [ptidss-sched-4] com.ptidss.intel.service.IntelService    : 情报推送执行完成：匹配情报 0 条，派发消息 0 条，触发决策会话情报重评 0 个
2026-08-25T23:19:17.914+08:00  INFO 99498 --- [ptidss-server] [ptidss-sched-2] c.p.intel.service.IntelFetchService      : 行情采集执行完成：到期 0 个（成功 0 / 失败 0 / 跳过未到期 20）
2026-08-25T23:19:30.694+08:00 DEBUG 99498 --- [ptidss-server] [ptidss-sched-4] c.p.s.mapper.SysRoleMapper.selectList    : ==>  Preparing: SELECT id,role_code,role_name,description,status,version,deleted,created_at,updated_at FROM sys_role WHERE deleted=false
2026-08-25T23:19:30.694+08:00 DEBUG 99498 --- [ptidss-server] [ptidss-sched-4] c.p.s.mapper.SysRoleMapper.selectList    : ==> Parameters: 
2026-08-25T23:19:30.695+08:00 DEBUG 99498 --- [ptidss-server] [ptidss-sched-4] c.p.s.mapper.SysRoleMapper.selectList    : <==      Total: 7
2026-08-25T23:19:30.695+08:00 DEBUG 99498 --- [ptidss-server] [ptidss-sched-4] c.p.s.mapper.SysUserMapper.selectList    : ==>  Preparing: SELECT id,username,display_name,password_hash,role_ids,org_code,phone,email,status,last_login_at,version,deleted,created_at,updated_at FROM sys_user WHERE deleted=false AND (role_ids @> ANY (ARRAY['[1]','[2]','[3]','[4]','[5]','[6]','[7]']::jsonb[]))
2026-08-25T23:19:30.695+08:00 DEBUG 99498 --- [ptidss-server] [ptidss-sched-4] c.p.s.mapper.SysUserMapper.selectList    : ==> Parameters: 
2026-08-25T23:19:30.696+08:00 DEBUG 99498 --- [ptidss-server] [ptidss-sched-4] c.p.s.mapper.SysUserMapper.selectList    : <==      Total: 4
2026-08-25T23:19:30.696+08:00  INFO 99498 --- [ptidss-server] [ptidss-sched-4] com.ptidss.intel.service.IntelService    : 情报推送执行完成：匹配情报 0 条，派发消息 0 条，触发决策会话情报重评 0 个
2026-08-25T23:20:00.709+08:00 DEBUG 99498 --- [ptidss-server] [ptidss-sched-4] c.p.s.mapper.SysRoleMapper.selectList    : ==>  Preparing: SELECT id,role_code,role_name,description,status,version,deleted,created_at,updated_at FROM sys_role WHERE deleted=false
2026-08-25T23:20:00.710+08:00 DEBUG 99498 --- [ptidss-server] [ptidss-sched-4] c.p.s.mapper.SysRoleMapper.selectList    : ==> Parameters: 
2026-08-25T23:20:00.710+08:00 DEBUG 99498 --- [ptidss-server] [ptidss-sched-4] c.p.s.mapper.SysRoleMapper.selectList    : <==      Total: 7
2026-08-25T23:20:00.710+08:00 DEBUG 99498 --- [ptidss-server] [ptidss-sched-4] c.p.s.mapper.SysUserMapper.selectList    : ==>  Preparing: SELECT id,username,display_name,password_hash,role_ids,org_code,phone,email,status,last_login_at,version,deleted,created_at,updated_at FROM sys_user WHERE deleted=false AND (role_ids @> ANY (ARRAY['[1]','[2]','[3]','[4]','[5]','[6]','[7]']::jsonb[]))
2026-08-25T23:20:00.710+08:00 DEBUG 99498 --- [ptidss-server] [ptidss-sched-4] c.p.s.mapper.SysUserMapper.selectList    : ==> Parameters: 
2026-08-25T23:20:00.711+08:00 DEBUG 99498 --- [ptidss-server] [ptidss-sched-4] c.p.s.mapper.SysUserMapper.selectList    : <==      Total: 4
2026-08-25T23:20:00.712+08:00  INFO 99498 --- [ptidss-server] [ptidss-sched-4] com.ptidss.intel.service.IntelService    : 情报推送执行完成：匹配情报 0 条，派发消息 0 条，触发决策会话情报重评 0 个
2026-08-25T23:20:17.918+08:00  INFO 99498 --- [ptidss-server] [ptidss-sched-3] c.p.intel.service.IntelFetchService      : 行情采集执行完成：到期 0 个（成功 0 / 失败 0 / 跳过未到期 20）
2026-08-25T23:20:30.722+08:00 DEBUG 99498 --- [ptidss-server] [ptidss-sched-4] c.p.s.mapper.SysRoleMapper.selectList    : ==>  Preparing: SELECT id,role_code,role_name,description,status,version,deleted,created_at,updated_at FROM sys_role WHERE deleted=false
2026-08-25T23:20:30.722+08:00 DEBUG 99498 --- [ptidss-server] [ptidss-sched-4] c.p.s.mapper.SysRoleMapper.selectList    : ==> Parameters: 
2026-08-25T23:20:30.723+08:00 DEBUG 99498 --- [ptidss-server] [ptidss-sched-4] c.p.s.mapper.SysRoleMapper.selectList    : <==      Total: 7
2026-08-25T23:20:30.723+08:00 DEBUG 99498 --- [ptidss-server] [ptidss-sched-4] c.p.s.mapper.SysUserMapper.selectList    : ==>  Preparing: SELECT id,username,display_name,password_hash,role_ids,org_code,phone,email,status,last_login_at,version,deleted,created_at,updated_at FROM sys_user WHERE deleted=false AND (role_ids @> ANY (ARRAY['[1]','[2]','[3]','[4]','[5]','[6]','[7]']::jsonb[]))
2026-08-25T23:20:30.723+08:00 DEBUG 99498 --- [ptidss-server] [ptidss-sched-4] c.p.s.mapper.SysUserMapper.selectList    : ==> Parameters: 
2026-08-25T23:20:30.724+08:00 DEBUG 99498 --- [ptidss-server] [ptidss-sched-4] c.p.s.mapper.SysUserMapper.selectList    : <==      Total: 4
2026-08-25T23:20:30.725+08:00  INFO 99498 --- [ptidss-server] [ptidss-sched-4] com.ptidss.intel.service.IntelService    : 情报推送执行完成：匹配情报 0 条，派发消息 0 条，触发决策会话情报重评 0 个
2026-08-25T23:21:00.767+08:00 DEBUG 99498 --- [ptidss-server] [ptidss-sched-4] c.p.s.mapper.SysRoleMapper.selectList    : ==>  Preparing: SELECT id,role_code,role_name,description,status,version,deleted,created_at,updated_at FROM sys_role WHERE deleted=false
2026-08-25T23:21:00.767+08:00 DEBUG 99498 --- [ptidss-server] [ptidss-sched-4] c.p.s.mapper.SysRoleMapper.selectList    : ==> Parameters: 
2026-08-25T23:21:00.770+08:00 DEBUG 99498 --- [ptidss-server] [ptidss-sched-4] c.p.s.mapper.SysRoleMapper.selectList    : <==      Total: 7
2026-08-25T23:21:00.770+08:00 DEBUG 99498 --- [ptidss-server] [ptidss-sched-4] c.p.s.mapper.SysUserMapper.selectList    : ==>  Preparing: SELECT id,username,display_name,password_hash,role_ids,org_code,phone,email,status,last_login_at,version,deleted,created_at,updated_at FROM sys_user WHERE deleted=false AND (role_ids @> ANY (ARRAY['[1]','[2]','[3]','[4]','[5]','[6]','[7]']::jsonb[]))
2026-08-25T23:21:00.770+08:00 DEBUG 99498 --- [ptidss-server] [ptidss-sched-4] c.p.s.mapper.SysUserMapper.selectList    : ==> Parameters: 
2026-08-25T23:21:00.774+08:00 DEBUG 99498 --- [ptidss-server] [ptidss-sched-4] c.p.s.mapper.SysUserMapper.selectList    : <==      Total: 4
2026-08-25T23:21:00.775+08:00  INFO 99498 --- [ptidss-server] [ptidss-sched-4] com.ptidss.intel.service.IntelService    : 情报推送执行完成：匹配情报 0 条，派发消息 0 条，触发决策会话情报重评 0 个
2026-08-25T23:21:17.925+08:00  INFO 99498 --- [ptidss-server] [ptidss-sched-1] c.p.intel.service.IntelFetchService      : 行情采集执行完成：到期 0 个（成功 0 / 失败 0 / 跳过未到期 20）
2026-08-25T23:21:30.790+08:00 DEBUG 99498 --- [ptidss-server] [ptidss-sched-4] c.p.s.mapper.SysRoleMapper.selectList    : ==>  Preparing: SELECT id,role_code,role_name,description,status,version,deleted,created_at,updated_at FROM sys_role WHERE deleted=false
2026-08-25T23:21:30.791+08:00 DEBUG 99498 --- [ptidss-server] [ptidss-sched-4] c.p.s.mapper.SysRoleMapper.selectList    : ==> Parameters: 
2026-08-25T23:21:30.791+08:00 DEBUG 99498 --- [ptidss-server] [ptidss-sched-4] c.p.s.mapper.SysRoleMapper.selectList    : <==      Total: 7
2026-08-25T23:21:30.791+08:00 DEBUG 99498 --- [ptidss-server] [ptidss-sched-4] c.p.s.mapper.SysUserMapper.selectList    : ==>  Preparing: SELECT id,username,display_name,password_hash,role_ids,org_code,phone,email,status,last_login_at,version,deleted,created_at,updated_at FROM sys_user WHERE deleted=false AND (role_ids @> ANY (ARRAY['[1]','[2]','[3]','[4]','[5]','[6]','[7]']::jsonb[]))
2026-08-25T23:21:30.792+08:00 DEBUG 99498 --- [ptidss-server] [ptidss-sched-4] c.p.s.mapper.SysUserMapper.selectList    : ==> Parameters: 
2026-08-25T23:21:30.792+08:00 DEBUG 99498 --- [ptidss-server] [ptidss-sched-4] c.p.s.mapper.SysUserMapper.selectList    : <==      Total: 4
2026-08-25T23:21:30.793+08:00  INFO 99498 --- [ptidss-server] [ptidss-sched-4] com.ptidss.intel.service.IntelService    : 情报推送执行完成：匹配情报 0 条，派发消息 0 条，触发决策会话情报重评 0 个
2026-08-25T23:22:00.814+08:00 DEBUG 99498 --- [ptidss-server] [ptidss-sched-4] c.p.s.mapper.SysRoleMapper.selectList    : ==>  Preparing: SELECT id,role_code,role_name,description,status,version,deleted,created_at,updated_at FROM sys_role WHERE deleted=false
2026-08-25T23:22:00.814+08:00 DEBUG 99498 --- [ptidss-server] [ptidss-sched-4] c.p.s.mapper.SysRoleMapper.selectList    : ==> Parameters: 
2026-08-25T23:22:00.816+08:00 DEBUG 99498 --- [ptidss-server] [ptidss-sched-4] c.p.s.mapper.SysRoleMapper.selectList    : <==      Total: 7
2026-08-25T23:22:00.816+08:00 DEBUG 99498 --- [ptidss-server] [ptidss-sched-4] c.p.s.mapper.SysUserMapper.selectList    : ==>  Preparing: SELECT id,username,display_name,password_hash,role_ids,org_code,phone,email,status,last_login_at,version,deleted,created_at,updated_at FROM sys_user WHERE deleted=false AND (role_ids @> ANY (ARRAY['[1]','[2]','[3]','[4]','[5]','[6]','[7]']::jsonb[]))
2026-08-25T23:22:00.816+08:00 DEBUG 99498 --- [ptidss-server] [ptidss-sched-4] c.p.s.mapper.SysUserMapper.selectList    : ==> Parameters: 
2026-08-25T23:22:00.818+08:00 DEBUG 99498 --- [ptidss-server] [ptidss-sched-4] c.p.s.mapper.SysUserMapper.selectList    : <==      Total: 4
2026-08-25T23:22:00.819+08:00  INFO 99498 --- [ptidss-server] [ptidss-sched-4] com.ptidss.intel.service.IntelService    : 情报推送执行完成：匹配情报 0 条，派发消息 0 条，触发决策会话情报重评 0 个
2026-08-25T23:22:17.932+08:00  INFO 99498 --- [ptidss-server] [ptidss-sched-2] c.p.intel.service.IntelFetchService      : 行情采集执行完成：到期 0 个（成功 0 / 失败 0 / 跳过未到期 20）
2026-08-25T23:22:30.832+08:00 DEBUG 99498 --- [ptidss-server] [ptidss-sched-4] c.p.s.mapper.SysRoleMapper.selectList    : ==>  Preparing: SELECT id,role_code,role_name,description,status,version,deleted,created_at,updated_at FROM sys_role WHERE deleted=false
2026-08-25T23:22:30.832+08:00 DEBUG 99498 --- [ptidss-server] [ptidss-sched-4] c.p.s.mapper.SysRoleMapper.selectList    : ==> Parameters: 
2026-08-25T23:22:30.833+08:00 DEBUG 99498 --- [ptidss-server] [ptidss-sched-4] c.p.s.mapper.SysRoleMapper.selectList    : <==      Total: 7
2026-08-25T23:22:30.833+08:00 DEBUG 99498 --- [ptidss-server] [ptidss-sched-4] c.p.s.mapper.SysUserMapper.selectList    : ==>  Preparing: SELECT id,username,display_name,password_hash,role_ids,org_code,phone,email,status,last_login_at,version,deleted,created_at,updated_at FROM sys_user WHERE deleted=false AND (role_ids @> ANY (ARRAY['[1]','[2]','[3]','[4]','[5]','[6]','[7]']::jsonb[]))
2026-08-25T23:22:30.834+08:00 DEBUG 99498 --- [ptidss-server] [ptidss-sched-4] c.p.s.mapper.SysUserMapper.selectList    : ==> Parameters: 
2026-08-25T23:22:30.834+08:00 DEBUG 99498 --- [ptidss-server] [ptidss-sched-4] c.p.s.mapper.SysUserMapper.selectList    : <==      Total: 4
2026-08-25T23:22:30.835+08:00  INFO 99498 --- [ptidss-server] [ptidss-sched-4] com.ptidss.intel.service.IntelService    : 情报推送执行完成：匹配情报 0 条，派发消息 0 条，触发决策会话情报重评 0 个
2026-08-25T23:23:00.851+08:00 DEBUG 99498 --- [ptidss-server] [ptidss-sched-4] c.p.s.mapper.SysRoleMapper.selectList    : ==>  Preparing: SELECT id,role_code,role_name,description,status,version,deleted,created_at,updated_at FROM sys_role WHERE deleted=false
2026-08-25T23:23:00.851+08:00 DEBUG 99498 --- [ptidss-server] [ptidss-sched-4] c.p.s.mapper.SysRoleMapper.selectList    : ==> Parameters: 
2026-08-25T23:23:00.851+08:00 DEBUG 99498 --- [ptidss-server] [ptidss-sched-4] c.p.s.mapper.SysRoleMapper.selectList    : <==      Total: 7
2026-08-25T23:23:00.851+08:00 DEBUG 99498 --- [ptidss-server] [ptidss-sched-4] c.p.s.mapper.SysUserMapper.selectList    : ==>  Preparing: SELECT id,username,display_name,password_hash,role_ids,org_code,phone,email,status,last_login_at,version,deleted,created_at,updated_at FROM sys_user WHERE deleted=false AND (role_ids @> ANY (ARRAY['[1]','[2]','[3]','[4]','[5]','[6]','[7]']::jsonb[]))
2026-08-25T23:23:00.852+08:00 DEBUG 99498 --- [ptidss-server] [ptidss-sched-4] c.p.s.mapper.SysUserMapper.selectList    : ==> Parameters: 
2026-08-25T23:23:00.852+08:00 DEBUG 99498 --- [ptidss-server] [ptidss-sched-4] c.p.s.mapper.SysUserMapper.selectList    : <==      Total: 4
2026-08-25T23:23:00.853+08:00  INFO 99498 --- [ptidss-server] [ptidss-sched-4] com.ptidss.intel.service.IntelService    : 情报推送执行完成：匹配情报 0 条，派发消息 0 条，触发决策会话情报重评 0 个
2026-08-25T23:23:17.936+08:00  INFO 99498 --- [ptidss-server] [ptidss-sched-2] c.p.intel.service.IntelFetchService      : 行情采集执行完成：到期 0 个（成功 0 / 失败 0 / 跳过未到期 20）
2026-08-25T23:23:30.879+08:00 DEBUG 99498 --- [ptidss-server] [ptidss-sched-1] c.p.s.mapper.SysRoleMapper.selectList    : ==>  Preparing: SELECT id,role_code,role_name,description,status,version,deleted,created_at,updated_at FROM sys_role WHERE deleted=false
2026-08-25T23:23:30.879+08:00 DEBUG 99498 --- [ptidss-server] [ptidss-sched-1] c.p.s.mapper.SysRoleMapper.selectList    : ==> Parameters: 
2026-08-25T23:23:30.881+08:00 DEBUG 99498 --- [ptidss-server] [ptidss-sched-1] c.p.s.mapper.SysRoleMapper.selectList    : <==      Total: 7
2026-08-25T23:23:30.881+08:00 DEBUG 99498 --- [ptidss-server] [ptidss-sched-1] c.p.s.mapper.SysUserMapper.selectList    : ==>  Preparing: SELECT id,username,display_name,password_hash,role_ids,org_code,phone,email,status,last_login_at,version,deleted,created_at,updated_at FROM sys_user WHERE deleted=false AND (role_ids @> ANY (ARRAY['[1]','[2]','[3]','[4]','[5]','[6]','[7]']::jsonb[]))
2026-08-25T23:23:30.882+08:00 DEBUG 99498 --- [ptidss-server] [ptidss-sched-1] c.p.s.mapper.SysUserMapper.selectList    : ==> Parameters: 
2026-08-25T23:23:30.883+08:00 DEBUG 99498 --- [ptidss-server] [ptidss-sched-1] c.p.s.mapper.SysUserMapper.selectList    : <==      Total: 4
2026-08-25T23:23:30.886+08:00  INFO 99498 --- [ptidss-server] [ptidss-sched-1] com.ptidss.intel.service.IntelService    : 情报推送执行完成：匹配情报 0 条，派发消息 0 条，触发决策会话情报重评 0 个
2026-08-25T23:24:00.929+08:00 DEBUG 99498 --- [ptidss-server] [ptidss-sched-1] c.p.s.mapper.SysRoleMapper.selectList    : ==>  Preparing: SELECT id,role_code,role_name,description,status,version,deleted,created_at,updated_at FROM sys_role WHERE deleted=false
2026-08-25T23:24:00.929+08:00 DEBUG 99498 --- [ptidss-server] [ptidss-sched-1] c.p.s.mapper.SysRoleMapper.selectList    : ==> Parameters: 
2026-08-25T23:24:00.933+08:00 DEBUG 99498 --- [ptidss-server] [ptidss-sched-1] c.p.s.mapper.SysRoleMapper.selectList    : <==      Total: 7
2026-08-25T23:24:00.934+08:00 DEBUG 99498 --- [ptidss-server] [ptidss-sched-1] c.p.s.mapper.SysUserMapper.selectList    : ==>  Preparing: SELECT id,username,display_name,password_hash,role_ids,org_code,phone,email,status,last_login_at,version,deleted,created_at,updated_at FROM sys_user WHERE deleted=false AND (role_ids @> ANY (ARRAY['[1]','[2]','[3]','[4]','[5]','[6]','[7]']::jsonb[]))
2026-08-25T23:24:00.935+08:00 DEBUG 99498 --- [ptidss-server] [ptidss-sched-1] c.p.s.mapper.SysUserMapper.selectList    : ==> Parameters: 
2026-08-25T23:24:00.941+08:00 DEBUG 99498 --- [ptidss-server] [ptidss-sched-1] c.p.s.mapper.SysUserMapper.selectList    : <==      Total: 4
2026-08-25T23:24:00.943+08:00  INFO 99498 --- [ptidss-server] [ptidss-sched-1] com.ptidss.intel.service.IntelService    : 情报推送执行完成：匹配情报 0 条，派发消息 0 条，触发决策会话情报重评 0 个
2026-08-25T23:24:17.943+08:00  INFO 99498 --- [ptidss-server] [ptidss-sched-2] c.p.intel.service.IntelFetchService      : 行情采集执行完成：到期 0 个（成功 0 / 失败 0 / 跳过未到期 20）
2026-08-25T23:24:30.973+08:00 DEBUG 99498 --- [ptidss-server] [ptidss-sched-3] c.p.s.mapper.SysRoleMapper.selectList    : ==>  Preparing: SELECT id,role_code,role_name,description,status,version,deleted,created_at,updated_at FROM sys_role WHERE deleted=false
2026-08-25T23:24:30.973+08:00 DEBUG 99498 --- [ptidss-server] [ptidss-sched-3] c.p.s.mapper.SysRoleMapper.selectList    : ==> Parameters: 
2026-08-25T23:24:30.975+08:00 DEBUG 99498 --- [ptidss-server] [ptidss-sched-3] c.p.s.mapper.SysRoleMapper.selectList    : <==      Total: 7
2026-08-25T23:24:30.976+08:00 DEBUG 99498 --- [ptidss-server] [ptidss-sched-3] c.p.s.mapper.SysUserMapper.selectList    : ==>  Preparing: SELECT id,username,display_name,password_hash,role_ids,org_code,phone,email,status,last_login_at,version,deleted,created_at,updated_at FROM sys_user WHERE deleted=false AND (role_ids @> ANY (ARRAY['[1]','[2]','[3]','[4]','[5]','[6]','[7]']::jsonb[]))
2026-08-25T23:24:30.976+08:00 DEBUG 99498 --- [ptidss-server] [ptidss-sched-3] c.p.s.mapper.SysUserMapper.selectList    : ==> Parameters: 
2026-08-25T23:24:30.978+08:00 DEBUG 99498 --- [ptidss-server] [ptidss-sched-3] c.p.s.mapper.SysUserMapper.selectList    : <==      Total: 4
2026-08-25T23:24:30.981+08:00  INFO 99498 --- [ptidss-server] [ptidss-sched-3] com.ptidss.intel.service.IntelService    : 情报推送执行完成：匹配情报 0 条，派发消息 0 条，触发决策会话情报重评 0 个
2026-08-25T23:25:01.006+08:00 DEBUG 99498 --- [ptidss-server] [ptidss-sched-3] c.p.s.mapper.SysRoleMapper.selectList    : ==>  Preparing: SELECT id,role_code,role_name,description,status,version,deleted,created_at,updated_at FROM sys_role WHERE deleted=false
2026-08-25T23:25:01.006+08:00 DEBUG 99498 --- [ptidss-server] [ptidss-sched-3] c.p.s.mapper.SysRoleMapper.selectList    : ==> Parameters: 
2026-08-25T23:25:01.008+08:00 DEBUG 99498 --- [ptidss-server] [ptidss-sched-3] c.p.s.mapper.SysRoleMapper.selectList    : <==      Total: 7
2026-08-25T23:25:01.008+08:00 DEBUG 99498 --- [ptidss-server] [ptidss-sched-3] c.p.s.mapper.SysUserMapper.selectList    : ==>  Preparing: SELECT id,username,display_name,password_hash,role_ids,org_code,phone,email,status,last_login_at,version,deleted,created_at,updated_at FROM sys_user WHERE deleted=false AND (role_ids @> ANY (ARRAY['[1]','[2]','[3]','[4]','[5]','[6]','[7]']::jsonb[]))
2026-08-25T23:25:01.009+08:00 DEBUG 99498 --- [ptidss-server] [ptidss-sched-3] c.p.s.mapper.SysUserMapper.selectList    : ==> Parameters: 
2026-08-25T23:25:01.011+08:00 DEBUG 99498 --- [ptidss-server] [ptidss-sched-3] c.p.s.mapper.SysUserMapper.selectList    : <==      Total: 4
2026-08-25T23:25:01.013+08:00  INFO 99498 --- [ptidss-server] [ptidss-sched-3] com.ptidss.intel.service.IntelService    : 情报推送执行完成：匹配情报 0 条，派发消息 0 条，触发决策会话情报重评 0 个
2026-08-25T23:25:17.947+08:00  INFO 99498 --- [ptidss-server] [ptidss-sched-1] c.p.intel.service.IntelFetchService      : 行情采集执行完成：到期 0 个（成功 0 / 失败 0 / 跳过未到期 20）
2026-08-25T23:25:31.038+08:00 DEBUG 99498 --- [ptidss-server] [ptidss-sched-3] c.p.s.mapper.SysRoleMapper.selectList    : ==>  Preparing: SELECT id,role_code,role_name,description,status,version,deleted,created_at,updated_at FROM sys_role WHERE deleted=false
2026-08-25T23:25:31.038+08:00 DEBUG 99498 --- [ptidss-server] [ptidss-sched-3] c.p.s.mapper.SysRoleMapper.selectList    : ==> Parameters: 
2026-08-25T23:25:31.040+08:00 DEBUG 99498 --- [ptidss-server] [ptidss-sched-3] c.p.s.mapper.SysRoleMapper.selectList    : <==      Total: 7
2026-08-25T23:25:31.041+08:00 DEBUG 99498 --- [ptidss-server] [ptidss-sched-3] c.p.s.mapper.SysUserMapper.selectList    : ==>  Preparing: SELECT id,username,display_name,password_hash,role_ids,org_code,phone,email,status,last_login_at,version,deleted,created_at,updated_at FROM sys_user WHERE deleted=false AND (role_ids @> ANY (ARRAY['[1]','[2]','[3]','[4]','[5]','[6]','[7]']::jsonb[]))
2026-08-25T23:25:31.041+08:00 DEBUG 99498 --- [ptidss-server] [ptidss-sched-3] c.p.s.mapper.SysUserMapper.selectList    : ==> Parameters: 
2026-08-25T23:25:31.042+08:00 DEBUG 99498 --- [ptidss-server] [ptidss-sched-3] c.p.s.mapper.SysUserMapper.selectList    : <==      Total: 4
2026-08-25T23:25:31.044+08:00  INFO 99498 --- [ptidss-server] [ptidss-sched-3] com.ptidss.intel.service.IntelService    : 情报推送执行完成：匹配情报 0 条，派发消息 0 条，触发决策会话情报重评 0 个
2026-08-25T23:26:01.074+08:00 DEBUG 99498 --- [ptidss-server] [ptidss-sched-3] c.p.s.mapper.SysRoleMapper.selectList    : ==>  Preparing: SELECT id,role_code,role_name,description,status,version,deleted,created_at,updated_at FROM sys_role WHERE deleted=false
2026-08-25T23:26:01.075+08:00 DEBUG 99498 --- [ptidss-server] [ptidss-sched-3] c.p.s.mapper.SysRoleMapper.selectList    : ==> Parameters: 
2026-08-25T23:26:01.077+08:00 DEBUG 99498 --- [ptidss-server] [ptidss-sched-3] c.p.s.mapper.SysRoleMapper.selectList    : <==      Total: 7
2026-08-25T23:26:01.078+08:00 DEBUG 99498 --- [ptidss-server] [ptidss-sched-3] c.p.s.mapper.SysUserMapper.selectList    : ==>  Preparing: SELECT id,username,display_name,password_hash,role_ids,org_code,phone,email,status,last_login_at,version,deleted,created_at,updated_at FROM sys_user WHERE deleted=false AND (role_ids @> ANY (ARRAY['[1]','[2]','[3]','[4]','[5]','[6]','[7]']::jsonb[]))
2026-08-25T23:26:01.078+08:00 DEBUG 99498 --- [ptidss-server] [ptidss-sched-3] c.p.s.mapper.SysUserMapper.selectList    : ==> Parameters: 
2026-08-25T23:26:01.080+08:00 DEBUG 99498 --- [ptidss-server] [ptidss-sched-3] c.p.s.mapper.SysUserMapper.selectList    : <==      Total: 4
2026-08-25T23:26:01.082+08:00  INFO 99498 --- [ptidss-server] [ptidss-sched-3] com.ptidss.intel.service.IntelService    : 情报推送执行完成：匹配情报 0 条，派发消息 0 条，触发决策会话情报重评 0 个
2026-08-25T23:26:17.967+08:00  INFO 99498 --- [ptidss-server] [ptidss-sched-1] c.p.intel.service.IntelFetchService      : 情报源模拟采集：INTL-ANN-GRID 生成模拟情报
2026-08-25T23:26:17.977+08:00  INFO 99498 --- [ptidss-server] [ptidss-sched-1] c.p.intel.service.IntelFetchService      : 情报源模拟采集：INTL-PRICE-PROV 生成模拟情报
2026-08-25T23:26:17.987+08:00  INFO 99498 --- [ptidss-server] [ptidss-sched-1] c.p.intel.service.IntelFetchService      : 情报源模拟采集：INTL-PRICE-SC 生成模拟情报
2026-08-25T23:26:17.997+08:00  INFO 99498 --- [ptidss-server] [ptidss-sched-1] c.p.intel.service.IntelFetchService      : 情报源模拟采集：INTL-POL-ENERGY 生成模拟情报
2026-08-25T23:26:18.007+08:00  INFO 99498 --- [ptidss-server] [ptidss-sched-1] c.p.intel.service.IntelFetchService      : 情报源模拟采集：INTL-NEA 生成模拟情报
2026-08-25T23:26:18.016+08:00  INFO 99498 --- [ptidss-server] [ptidss-sched-1] c.p.intel.service.IntelFetchService      : 情报源模拟采集：INTL-OPI-MEDIA 生成模拟情报
2026-08-25T23:26:18.023+08:00  INFO 99498 --- [ptidss-server] [ptidss-sched-1] c.p.intel.service.IntelFetchService      : 情报源模拟采集：INTL-PRICE-NEM 生成模拟情报
2026-08-25T23:26:18.028+08:00  INFO 99498 --- [ptidss-server] [ptidss-sched-1] c.p.intel.service.IntelFetchService      : 情报源模拟采集：INTL-SD-SD 生成模拟情报
2026-08-25T23:26:18.032+08:00  INFO 99498 --- [ptidss-server] [ptidss-sched-1] c.p.intel.service.IntelFetchService      : 情报源模拟采集：INTL-SD-DEMAND 生成模拟情报
2026-08-25T23:26:18.037+08:00  INFO 99498 --- [ptidss-server] [ptidss-sched-1] c.p.intel.service.IntelFetchService      : 情报源模拟采集：INTL-PRICE-SD 生成模拟情报
2026-08-25T23:26:18.041+08:00  INFO 99498 --- [ptidss-server] [ptidss-sched-1] c.p.intel.service.IntelFetchService      : 情报源模拟采集：INTL-PRICE-SX 生成模拟情报
2026-08-25T23:26:18.046+08:00  INFO 99498 --- [ptidss-server] [ptidss-sched-1] c.p.intel.service.IntelFetchService      : 情报源模拟采集：INTL-PROV-JS 生成模拟情报
2026-08-25T23:26:18.050+08:00  INFO 99498 --- [ptidss-server] [ptidss-sched-1] c.p.intel.service.IntelFetchService      : 情报源模拟采集：INTL-PRICE-GD 生成模拟情报
2026-08-25T23:26:18.054+08:00  INFO 99498 --- [ptidss-server] [ptidss-sched-1] c.p.intel.service.IntelFetchService      : 情报源模拟采集：INTL-MET-CMA 生成模拟情报
2026-08-25T23:26:18.058+08:00  INFO 99498 --- [ptidss-server] [ptidss-sched-1] c.p.intel.service.IntelFetchService      : 情报源模拟采集：INTL-PRICE-MX 生成模拟情报
2026-08-25T23:26:18.063+08:00  INFO 99498 --- [ptidss-server] [ptidss-sched-1] c.p.intel.service.IntelFetchService      : 情报源模拟采集：INTL-PRICE-GS 生成模拟情报
2026-08-25T23:26:18.068+08:00  INFO 99498 --- [ptidss-server] [ptidss-sched-1] c.p.intel.service.IntelFetchService      : 情报源模拟采集：INTL-SD-MX 生成模拟情报
2026-08-25T23:26:18.073+08:00  INFO 99498 --- [ptidss-server] [ptidss-sched-1] c.p.intel.service.IntelFetchService      : 情报源模拟采集：INTL-GRID-JS 生成模拟情报
2026-08-25T23:26:18.078+08:00  INFO 99498 --- [ptidss-server] [ptidss-sched-1] c.p.intel.service.IntelFetchService      : 情报源模拟采集：INTL-ANN-SD 生成模拟情报
2026-08-25T23:26:18.078+08:00  INFO 99498 --- [ptidss-server] [ptidss-sched-1] c.p.intel.service.IntelFetchService      : 行情采集执行完成：到期 19 个（成功 19 / 失败 0 / 跳过未到期 1）
2026-08-25T23:26:31.102+08:00 DEBUG 99498 --- [ptidss-server] [ptidss-sched-2] c.p.s.mapper.SysRoleMapper.selectList    : ==>  Preparing: SELECT id,role_code,role_name,description,status,version,deleted,created_at,updated_at FROM sys_role WHERE deleted=false
2026-08-25T23:26:31.102+08:00 DEBUG 99498 --- [ptidss-server] [ptidss-sched-2] c.p.s.mapper.SysRoleMapper.selectList    : ==> Parameters: 
2026-08-25T23:26:31.103+08:00 DEBUG 99498 --- [ptidss-server] [ptidss-sched-2] c.p.s.mapper.SysRoleMapper.selectList    : <==      Total: 7
2026-08-25T23:26:31.103+08:00 DEBUG 99498 --- [ptidss-server] [ptidss-sched-2] c.p.s.mapper.SysUserMapper.selectList    : ==>  Preparing: SELECT id,username,display_name,password_hash,role_ids,org_code,phone,email,status,last_login_at,version,deleted,created_at,updated_at FROM sys_user WHERE deleted=false AND (role_ids @> ANY (ARRAY['[1]','[2]','[3]','[4]','[5]','[6]','[7]']::jsonb[]))
2026-08-25T23:26:31.103+08:00 DEBUG 99498 --- [ptidss-server] [ptidss-sched-2] c.p.s.mapper.SysUserMapper.selectList    : ==> Parameters: 
2026-08-25T23:26:31.104+08:00 DEBUG 99498 --- [ptidss-server] [ptidss-sched-2] c.p.s.mapper.SysUserMapper.selectList    : <==      Total: 4
2026-08-25T23:26:31.107+08:00  INFO 99498 --- [ptidss-server] [ptidss-sched-2] com.ptidss.intel.service.IntelService    : 情报推送执行完成：匹配情报 0 条，派发消息 0 条，触发决策会话情报重评 0 个
2026-08-25T23:27:01.129+08:00 DEBUG 99498 --- [ptidss-server] [ptidss-sched-2] c.p.s.mapper.SysRoleMapper.selectList    : ==>  Preparing: SELECT id,role_code,role_name,description,status,version,deleted,created_at,updated_at FROM sys_role WHERE deleted=false
2026-08-25T23:27:01.129+08:00 DEBUG 99498 --- [ptidss-server] [ptidss-sched-2] c.p.s.mapper.SysRoleMapper.selectList    : ==> Parameters: 
2026-08-25T23:27:01.130+08:00 DEBUG 99498 --- [ptidss-server] [ptidss-sched-2] c.p.s.mapper.SysRoleMapper.selectList    : <==      Total: 7
2026-08-25T23:27:01.131+08:00 DEBUG 99498 --- [ptidss-server] [ptidss-sched-2] c.p.s.mapper.SysUserMapper.selectList    : ==>  Preparing: SELECT id,username,display_name,password_hash,role_ids,org_code,phone,email,status,last_login_at,version,deleted,created_at,updated_at FROM sys_user WHERE deleted=false AND (role_ids @> ANY (ARRAY['[1]','[2]','[3]','[4]','[5]','[6]','[7]']::jsonb[]))
2026-08-25T23:27:01.131+08:00 DEBUG 99498 --- [ptidss-server] [ptidss-sched-2] c.p.s.mapper.SysUserMapper.selectList    : ==> Parameters: 
2026-08-25T23:27:01.133+08:00 DEBUG 99498 --- [ptidss-server] [ptidss-sched-2] c.p.s.mapper.SysUserMapper.selectList    : <==      Total: 4
2026-08-25T23:27:01.135+08:00  INFO 99498 --- [ptidss-server] [ptidss-sched-2] com.ptidss.intel.service.IntelService    : 情报推送执行完成：匹配情报 0 条，派发消息 0 条，触发决策会话情报重评 0 个
2026-08-25T23:27:18.082+08:00  INFO 99498 --- [ptidss-server] [ptidss-sched-3] c.p.intel.service.IntelFetchService      : 行情采集执行完成：到期 0 个（成功 0 / 失败 0 / 跳过未到期 20）
2026-08-25T23:27:31.145+08:00 DEBUG 99498 --- [ptidss-server] [ptidss-sched-4] c.p.s.mapper.SysRoleMapper.selectList    : ==>  Preparing: SELECT id,role_code,role_name,description,status,version,deleted,created_at,updated_at FROM sys_role WHERE deleted=false
2026-08-25T23:27:31.145+08:00 DEBUG 99498 --- [ptidss-server] [ptidss-sched-4] c.p.s.mapper.SysRoleMapper.selectList    : ==> Parameters: 
2026-08-25T23:27:31.145+08:00 DEBUG 99498 --- [ptidss-server] [ptidss-sched-4] c.p.s.mapper.SysRoleMapper.selectList    : <==      Total: 7
2026-08-25T23:27:31.146+08:00 DEBUG 99498 --- [ptidss-server] [ptidss-sched-4] c.p.s.mapper.SysUserMapper.selectList    : ==>  Preparing: SELECT id,username,display_name,password_hash,role_ids,org_code,phone,email,status,last_login_at,version,deleted,created_at,updated_at FROM sys_user WHERE deleted=false AND (role_ids @> ANY (ARRAY['[1]','[2]','[3]','[4]','[5]','[6]','[7]']::jsonb[]))
2026-08-25T23:27:31.146+08:00 DEBUG 99498 --- [ptidss-server] [ptidss-sched-4] c.p.s.mapper.SysUserMapper.selectList    : ==> Parameters: 
2026-08-25T23:27:31.146+08:00 DEBUG 99498 --- [ptidss-server] [ptidss-sched-4] c.p.s.mapper.SysUserMapper.selectList    : <==      Total: 4
2026-08-25T23:27:31.147+08:00  INFO 99498 --- [ptidss-server] [ptidss-sched-4] com.ptidss.intel.service.IntelService    : 情报推送执行完成：匹配情报 0 条，派发消息 0 条，触发决策会话情报重评 0 个
2026-08-25T23:28:01.173+08:00 DEBUG 99498 --- [ptidss-server] [ptidss-sched-4] c.p.s.mapper.SysRoleMapper.selectList    : ==>  Preparing: SELECT id,role_code,role_name,description,status,version,deleted,created_at,updated_at FROM sys_role WHERE deleted=false
2026-08-25T23:28:01.173+08:00 DEBUG 99498 --- [ptidss-server] [ptidss-sched-4] c.p.s.mapper.SysRoleMapper.selectList    : ==> Parameters: 
2026-08-25T23:28:01.174+08:00 DEBUG 99498 --- [ptidss-server] [ptidss-sched-4] c.p.s.mapper.SysRoleMapper.selectList    : <==      Total: 7
2026-08-25T23:28:01.175+08:00 DEBUG 99498 --- [ptidss-server] [ptidss-sched-4] c.p.s.mapper.SysUserMapper.selectList    : ==>  Preparing: SELECT id,username,display_name,password_hash,role_ids,org_code,phone,email,status,last_login_at,version,deleted,created_at,updated_at FROM sys_user WHERE deleted=false AND (role_ids @> ANY (ARRAY['[1]','[2]','[3]','[4]','[5]','[6]','[7]']::jsonb[]))
2026-08-25T23:28:01.175+08:00 DEBUG 99498 --- [ptidss-server] [ptidss-sched-4] c.p.s.mapper.SysUserMapper.selectList    : ==> Parameters: 
2026-08-25T23:28:01.176+08:00 DEBUG 99498 --- [ptidss-server] [ptidss-sched-4] c.p.s.mapper.SysUserMapper.selectList    : <==      Total: 4
2026-08-25T23:28:01.178+08:00  INFO 99498 --- [ptidss-server] [ptidss-sched-4] com.ptidss.intel.service.IntelService    : 情报推送执行完成：匹配情报 0 条，派发消息 0 条，触发决策会话情报重评 0 个
2026-08-25T23:28:18.086+08:00  INFO 99498 --- [ptidss-server] [ptidss-sched-2] c.p.intel.service.IntelFetchService      : 行情采集执行完成：到期 0 个（成功 0 / 失败 0 / 跳过未到期 20）
2026-08-25T23:28:31.187+08:00 DEBUG 99498 --- [ptidss-server] [ptidss-sched-4] c.p.s.mapper.SysRoleMapper.selectList    : ==>  Preparing: SELECT id,role_code,role_name,description,status,version,deleted,created_at,updated_at FROM sys_role WHERE deleted=false
2026-08-25T23:28:31.187+08:00 DEBUG 99498 --- [ptidss-server] [ptidss-sched-4] c.p.s.mapper.SysRoleMapper.selectList    : ==> Parameters: 
2026-08-25T23:28:31.188+08:00 DEBUG 99498 --- [ptidss-server] [ptidss-sched-4] c.p.s.mapper.SysRoleMapper.selectList    : <==      Total: 7
2026-08-25T23:28:31.188+08:00 DEBUG 99498 --- [ptidss-server] [ptidss-sched-4] c.p.s.mapper.SysUserMapper.selectList    : ==>  Preparing: SELECT id,username,display_name,password_hash,role_ids,org_code,phone,email,status,last_login_at,version,deleted,created_at,updated_at FROM sys_user WHERE deleted=false AND (role_ids @> ANY (ARRAY['[1]','[2]','[3]','[4]','[5]','[6]','[7]']::jsonb[]))
2026-08-25T23:28:31.188+08:00 DEBUG 99498 --- [ptidss-server] [ptidss-sched-4] c.p.s.mapper.SysUserMapper.selectList    : ==> Parameters: 
2026-08-25T23:28:31.188+08:00 DEBUG 99498 --- [ptidss-server] [ptidss-sched-4] c.p.s.mapper.SysUserMapper.selectList    : <==      Total: 4
2026-08-25T23:28:31.189+08:00  INFO 99498 --- [ptidss-server] [ptidss-sched-4] com.ptidss.intel.service.IntelService    : 情报推送执行完成：匹配情报 0 条，派发消息 0 条，触发决策会话情报重评 0 个
2026-08-25T23:29:01.216+08:00 DEBUG 99498 --- [ptidss-server] [ptidss-sched-4] c.p.s.mapper.SysRoleMapper.selectList    : ==>  Preparing: SELECT id,role_code,role_name,description,status,version,deleted,created_at,updated_at FROM sys_role WHERE deleted=false
2026-08-25T23:29:01.216+08:00 DEBUG 99498 --- [ptidss-server] [ptidss-sched-4] c.p.s.mapper.SysRoleMapper.selectList    : ==> Parameters: 
2026-08-25T23:29:01.217+08:00 DEBUG 99498 --- [ptidss-server] [ptidss-sched-4] c.p.s.mapper.SysRoleMapper.selectList    : <==      Total: 7
2026-08-25T23:29:01.218+08:00 DEBUG 99498 --- [ptidss-server] [ptidss-sched-4] c.p.s.mapper.SysUserMapper.selectList    : ==>  Preparing: SELECT id,username,display_name,password_hash,role_ids,org_code,phone,email,status,last_login_at,version,deleted,created_at,updated_at FROM sys_user WHERE deleted=false AND (role_ids @> ANY (ARRAY['[1]','[2]','[3]','[4]','[5]','[6]','[7]']::jsonb[]))
2026-08-25T23:29:01.218+08:00 DEBUG 99498 --- [ptidss-server] [ptidss-sched-4] c.p.s.mapper.SysUserMapper.selectList    : ==> Parameters: 
2026-08-25T23:29:01.219+08:00 DEBUG 99498 --- [ptidss-server] [ptidss-sched-4] c.p.s.mapper.SysUserMapper.selectList    : <==      Total: 4
2026-08-25T23:29:01.221+08:00  INFO 99498 --- [ptidss-server] [ptidss-sched-4] com.ptidss.intel.service.IntelService    : 情报推送执行完成：匹配情报 0 条，派发消息 0 条，触发决策会话情报重评 0 个
2026-08-25T23:29:18.090+08:00  INFO 99498 --- [ptidss-server] [ptidss-sched-1] c.p.intel.service.IntelFetchService      : 行情采集执行完成：到期 0 个（成功 0 / 失败 0 / 跳过未到期 20）
2026-08-25T23:29:31.247+08:00 DEBUG 99498 --- [ptidss-server] [ptidss-sched-4] c.p.s.mapper.SysRoleMapper.selectList    : ==>  Preparing: SELECT id,role_code,role_name,description,status,version,deleted,created_at,updated_at FROM sys_role WHERE deleted=false
2026-08-25T23:29:31.248+08:00 DEBUG 99498 --- [ptidss-server] [ptidss-sched-4] c.p.s.mapper.SysRoleMapper.selectList    : ==> Parameters: 
2026-08-25T23:29:31.249+08:00 DEBUG 99498 --- [ptidss-server] [ptidss-sched-4] c.p.s.mapper.SysRoleMapper.selectList    : <==      Total: 7
2026-08-25T23:29:31.250+08:00 DEBUG 99498 --- [ptidss-server] [ptidss-sched-4] c.p.s.mapper.SysUserMapper.selectList    : ==>  Preparing: SELECT id,username,display_name,password_hash,role_ids,org_code,phone,email,status,last_login_at,version,deleted,created_at,updated_at FROM sys_user WHERE deleted=false AND (role_ids @> ANY (ARRAY['[1]','[2]','[3]','[4]','[5]','[6]','[7]']::jsonb[]))
2026-08-25T23:29:31.250+08:00 DEBUG 99498 --- [ptidss-server] [ptidss-sched-4] c.p.s.mapper.SysUserMapper.selectList    : ==> Parameters: 
2026-08-25T23:29:31.251+08:00 DEBUG 99498 --- [ptidss-server] [ptidss-sched-4] c.p.s.mapper.SysUserMapper.selectList    : <==      Total: 4
2026-08-25T23:29:31.253+08:00  INFO 99498 --- [ptidss-server] [ptidss-sched-4] com.ptidss.intel.service.IntelService    : 情报推送执行完成：匹配情报 0 条，派发消息 0 条，触发决策会话情报重评 0 个
2026-08-25T23:30:01.273+08:00 DEBUG 99498 --- [ptidss-server] [ptidss-sched-4] c.p.s.mapper.SysRoleMapper.selectList    : ==>  Preparing: SELECT id,role_code,role_name,description,status,version,deleted,created_at,updated_at FROM sys_role WHERE deleted=false
2026-08-25T23:30:01.274+08:00 DEBUG 99498 --- [ptidss-server] [ptidss-sched-4] c.p.s.mapper.SysRoleMapper.selectList    : ==> Parameters: 
2026-08-25T23:30:01.275+08:00 DEBUG 99498 --- [ptidss-server] [ptidss-sched-4] c.p.s.mapper.SysRoleMapper.selectList    : <==      Total: 7
2026-08-25T23:30:01.275+08:00 DEBUG 99498 --- [ptidss-server] [ptidss-sched-4] c.p.s.mapper.SysUserMapper.selectList    : ==>  Preparing: SELECT id,username,display_name,password_hash,role_ids,org_code,phone,email,status,last_login_at,version,deleted,created_at,updated_at FROM sys_user WHERE deleted=false AND (role_ids @> ANY (ARRAY['[1]','[2]','[3]','[4]','[5]','[6]','[7]']::jsonb[]))
2026-08-25T23:30:01.275+08:00 DEBUG 99498 --- [ptidss-server] [ptidss-sched-4] c.p.s.mapper.SysUserMapper.selectList    : ==> Parameters: 
2026-08-25T23:30:01.277+08:00 DEBUG 99498 --- [ptidss-server] [ptidss-sched-4] c.p.s.mapper.SysUserMapper.selectList    : <==      Total: 4
2026-08-25T23:30:01.279+08:00  INFO 99498 --- [ptidss-server] [ptidss-sched-4] com.ptidss.intel.service.IntelService    : 情报推送执行完成：匹配情报 0 条，派发消息 0 条，触发决策会话情报重评 0 个
2026-08-25T23:30:07.646+08:00  INFO 99498 --- [ptidss-server] [ptidss-sched-3] com.ptidss.data.service.DataService      : 定时采集执行：task=market(1) cron=0 0/30 * * * * 记录数=4214
2026-08-25T23:30:18.094+08:00  INFO 99498 --- [ptidss-server] [ptidss-sched-1] c.p.intel.service.IntelFetchService      : 行情采集执行完成：到期 0 个（成功 0 / 失败 0 / 跳过未到期 20）
2026-08-25T23:30:31.298+08:00 DEBUG 99498 --- [ptidss-server] [ptidss-sched-2] c.p.s.mapper.SysRoleMapper.selectList    : ==>  Preparing: SELECT id,role_code,role_name,description,status,version,deleted,created_at,updated_at FROM sys_role WHERE deleted=false
2026-08-25T23:30:31.298+08:00 DEBUG 99498 --- [ptidss-server] [ptidss-sched-2] c.p.s.mapper.SysRoleMapper.selectList    : ==> Parameters: 
2026-08-25T23:30:31.300+08:00 DEBUG 99498 --- [ptidss-server] [ptidss-sched-2] c.p.s.mapper.SysRoleMapper.selectList    : <==      Total: 7
2026-08-25T23:30:31.300+08:00 DEBUG 99498 --- [ptidss-server] [ptidss-sched-2] c.p.s.mapper.SysUserMapper.selectList    : ==>  Preparing: SELECT id,username,display_name,password_hash,role_ids,org_code,phone,email,status,last_login_at,version,deleted,created_at,updated_at FROM sys_user WHERE deleted=false AND (role_ids @> ANY (ARRAY['[1]','[2]','[3]','[4]','[5]','[6]','[7]']::jsonb[]))
2026-08-25T23:30:31.300+08:00 DEBUG 99498 --- [ptidss-server] [ptidss-sched-2] c.p.s.mapper.SysUserMapper.selectList    : ==> Parameters: 
2026-08-25T23:30:31.302+08:00 DEBUG 99498 --- [ptidss-server] [ptidss-sched-2] c.p.s.mapper.SysUserMapper.selectList    : <==      Total: 4
2026-08-25T23:30:31.304+08:00  INFO 99498 --- [ptidss-server] [ptidss-sched-2] com.ptidss.intel.service.IntelService    : 情报推送执行完成：匹配情报 0 条，派发消息 0 条，触发决策会话情报重评 0 个
2026-08-25T23:31:01.324+08:00 DEBUG 99498 --- [ptidss-server] [ptidss-sched-2] c.p.s.mapper.SysRoleMapper.selectList    : ==>  Preparing: SELECT id,role_code,role_name,description,status,version,deleted,created_at,updated_at FROM sys_role WHERE deleted=false
2026-08-25T23:31:01.325+08:00 DEBUG 99498 --- [ptidss-server] [ptidss-sched-2] c.p.s.mapper.SysRoleMapper.selectList    : ==> Parameters: 
2026-08-25T23:31:01.326+08:00 DEBUG 99498 --- [ptidss-server] [ptidss-sched-2] c.p.s.mapper.SysRoleMapper.selectList    : <==      Total: 7
2026-08-25T23:31:01.327+08:00 DEBUG 99498 --- [ptidss-server] [ptidss-sched-2] c.p.s.mapper.SysUserMapper.selectList    : ==>  Preparing: SELECT id,username,display_name,password_hash,role_ids,org_code,phone,email,status,last_login_at,version,deleted,created_at,updated_at FROM sys_user WHERE deleted=false AND (role_ids @> ANY (ARRAY['[1]','[2]','[3]','[4]','[5]','[6]','[7]']::jsonb[]))
2026-08-25T23:31:01.327+08:00 DEBUG 99498 --- [ptidss-server] [ptidss-sched-2] c.p.s.mapper.SysUserMapper.selectList    : ==> Parameters: 
2026-08-25T23:31:01.328+08:00 DEBUG 99498 --- [ptidss-server] [ptidss-sched-2] c.p.s.mapper.SysUserMapper.selectList    : <==      Total: 4
2026-08-25T23:31:01.330+08:00  INFO 99498 --- [ptidss-server] [ptidss-sched-2] com.ptidss.intel.service.IntelService    : 情报推送执行完成：匹配情报 0 条，派发消息 0 条，触发决策会话情报重评 0 个
2026-08-25T23:31:18.096+08:00  INFO 99498 --- [ptidss-server] [ptidss-sched-4] c.p.intel.service.IntelFetchService      : 行情采集执行完成：到期 0 个（成功 0 / 失败 0 / 跳过未到期 20）
2026-08-25T23:31:31.355+08:00 DEBUG 99498 --- [ptidss-server] [ptidss-sched-2] c.p.s.mapper.SysRoleMapper.selectList    : ==>  Preparing: SELECT id,role_code,role_name,description,status,version,deleted,created_at,updated_at FROM sys_role WHERE deleted=false
2026-08-25T23:31:31.355+08:00 DEBUG 99498 --- [ptidss-server] [ptidss-sched-2] c.p.s.mapper.SysRoleMapper.selectList    : ==> Parameters: 
2026-08-25T23:31:31.356+08:00 DEBUG 99498 --- [ptidss-server] [ptidss-sched-2] c.p.s.mapper.SysRoleMapper.selectList    : <==      Total: 7
2026-08-25T23:31:31.357+08:00 DEBUG 99498 --- [ptidss-server] [ptidss-sched-2] c.p.s.mapper.SysUserMapper.selectList    : ==>  Preparing: SELECT id,username,display_name,password_hash,role_ids,org_code,phone,email,status,last_login_at,version,deleted,created_at,updated_at FROM sys_user WHERE deleted=false AND (role_ids @> ANY (ARRAY['[1]','[2]','[3]','[4]','[5]','[6]','[7]']::jsonb[]))
2026-08-25T23:31:31.357+08:00 DEBUG 99498 --- [ptidss-server] [ptidss-sched-2] c.p.s.mapper.SysUserMapper.selectList    : ==> Parameters: 
2026-08-25T23:31:31.358+08:00 DEBUG 99498 --- [ptidss-server] [ptidss-sched-2] c.p.s.mapper.SysUserMapper.selectList    : <==      Total: 4
2026-08-25T23:31:31.360+08:00  INFO 99498 --- [ptidss-server] [ptidss-sched-2] com.ptidss.intel.service.IntelService    : 情报推送执行完成：匹配情报 0 条，派发消息 0 条，触发决策会话情报重评 0 个
2026-08-25T23:32:01.374+08:00 DEBUG 99498 --- [ptidss-server] [ptidss-sched-2] c.p.s.mapper.SysRoleMapper.selectList    : ==>  Preparing: SELECT id,role_code,role_name,description,status,version,deleted,created_at,updated_at FROM sys_role WHERE deleted=false
2026-08-25T23:32:01.374+08:00 DEBUG 99498 --- [ptidss-server] [ptidss-sched-2] c.p.s.mapper.SysRoleMapper.selectList    : ==> Parameters: 
2026-08-25T23:32:01.375+08:00 DEBUG 99498 --- [ptidss-server] [ptidss-sched-2] c.p.s.mapper.SysRoleMapper.selectList    : <==      Total: 7
2026-08-25T23:32:01.375+08:00 DEBUG 99498 --- [ptidss-server] [ptidss-sched-2] c.p.s.mapper.SysUserMapper.selectList    : ==>  Preparing: SELECT id,username,display_name,password_hash,role_ids,org_code,phone,email,status,last_login_at,version,deleted,created_at,updated_at FROM sys_user WHERE deleted=false AND (role_ids @> ANY (ARRAY['[1]','[2]','[3]','[4]','[5]','[6]','[7]']::jsonb[]))
2026-08-25T23:32:01.375+08:00 DEBUG 99498 --- [ptidss-server] [ptidss-sched-2] c.p.s.mapper.SysUserMapper.selectList    : ==> Parameters: 
2026-08-25T23:32:01.376+08:00 DEBUG 99498 --- [ptidss-server] [ptidss-sched-2] c.p.s.mapper.SysUserMapper.selectList    : <==      Total: 4
2026-08-25T23:32:01.377+08:00  INFO 99498 --- [ptidss-server] [ptidss-sched-2] com.ptidss.intel.service.IntelService    : 情报推送执行完成：匹配情报 0 条，派发消息 0 条，触发决策会话情报重评 0 个
2026-08-25T23:32:18.100+08:00  INFO 99498 --- [ptidss-server] [ptidss-sched-4] c.p.intel.service.IntelFetchService      : 行情采集执行完成：到期 0 个（成功 0 / 失败 0 / 跳过未到期 20）
2026-08-25T23:32:31.400+08:00 DEBUG 99498 --- [ptidss-server] [ptidss-sched-1] c.p.s.mapper.SysRoleMapper.selectList    : ==>  Preparing: SELECT id,role_code,role_name,description,status,version,deleted,created_at,updated_at FROM sys_role WHERE deleted=false
2026-08-25T23:32:31.401+08:00 DEBUG 99498 --- [ptidss-server] [ptidss-sched-1] c.p.s.mapper.SysRoleMapper.selectList    : ==> Parameters: 
2026-08-25T23:32:31.402+08:00 DEBUG 99498 --- [ptidss-server] [ptidss-sched-1] c.p.s.mapper.SysRoleMapper.selectList    : <==      Total: 7
2026-08-25T23:32:31.403+08:00 DEBUG 99498 --- [ptidss-server] [ptidss-sched-1] c.p.s.mapper.SysUserMapper.selectList    : ==>  Preparing: SELECT id,username,display_name,password_hash,role_ids,org_code,phone,email,status,last_login_at,version,deleted,created_at,updated_at FROM sys_user WHERE deleted=false AND (role_ids @> ANY (ARRAY['[1]','[2]','[3]','[4]','[5]','[6]','[7]']::jsonb[]))
2026-08-25T23:32:31.403+08:00 DEBUG 99498 --- [ptidss-server] [ptidss-sched-1] c.p.s.mapper.SysUserMapper.selectList    : ==> Parameters: 
2026-08-25T23:32:31.405+08:00 DEBUG 99498 --- [ptidss-server] [ptidss-sched-1] c.p.s.mapper.SysUserMapper.selectList    : <==      Total: 4
2026-08-25T23:32:31.407+08:00  INFO 99498 --- [ptidss-server] [ptidss-sched-1] com.ptidss.intel.service.IntelService    : 情报推送执行完成：匹配情报 0 条，派发消息 0 条，触发决策会话情报重评 0 个
2026-08-25T23:33:01.436+08:00 DEBUG 99498 --- [ptidss-server] [ptidss-sched-1] c.p.s.mapper.SysRoleMapper.selectList    : ==>  Preparing: SELECT id,role_code,role_name,description,status,version,deleted,created_at,updated_at FROM sys_role WHERE deleted=false
2026-08-25T23:33:01.436+08:00 DEBUG 99498 --- [ptidss-server] [ptidss-sched-1] c.p.s.mapper.SysRoleMapper.selectList    : ==> Parameters: 
2026-08-25T23:33:01.438+08:00 DEBUG 99498 --- [ptidss-server] [ptidss-sched-1] c.p.s.mapper.SysRoleMapper.selectList    : <==      Total: 7
2026-08-25T23:33:01.439+08:00 DEBUG 99498 --- [ptidss-server] [ptidss-sched-1] c.p.s.mapper.SysUserMapper.selectList    : ==>  Preparing: SELECT id,username,display_name,password_hash,role_ids,org_code,phone,email,status,last_login_at,version,deleted,created_at,updated_at FROM sys_user WHERE deleted=false AND (role_ids @> ANY (ARRAY['[1]','[2]','[3]','[4]','[5]','[6]','[7]']::jsonb[]))
2026-08-25T23:33:01.439+08:00 DEBUG 99498 --- [ptidss-server] [ptidss-sched-1] c.p.s.mapper.SysUserMapper.selectList    : ==> Parameters: 
2026-08-25T23:33:01.441+08:00 DEBUG 99498 --- [ptidss-server] [ptidss-sched-1] c.p.s.mapper.SysUserMapper.selectList    : <==      Total: 4
2026-08-25T23:33:01.444+08:00  INFO 99498 --- [ptidss-server] [ptidss-sched-1] com.ptidss.intel.service.IntelService    : 情报推送执行完成：匹配情报 0 条，派发消息 0 条，触发决策会话情报重评 0 个
2026-08-25T23:33:18.104+08:00  INFO 99498 --- [ptidss-server] [ptidss-sched-4] c.p.intel.service.IntelFetchService      : 行情采集执行完成：到期 0 个（成功 0 / 失败 0 / 跳过未到期 20）
2026-08-25T23:33:31.466+08:00 DEBUG 99498 --- [ptidss-server] [ptidss-sched-3] c.p.s.mapper.SysRoleMapper.selectList    : ==>  Preparing: SELECT id,role_code,role_name,description,status,version,deleted,created_at,updated_at FROM sys_role WHERE deleted=false
2026-08-25T23:33:31.466+08:00 DEBUG 99498 --- [ptidss-server] [ptidss-sched-3] c.p.s.mapper.SysRoleMapper.selectList    : ==> Parameters: 
2026-08-25T23:33:31.467+08:00 DEBUG 99498 --- [ptidss-server] [ptidss-sched-3] c.p.s.mapper.SysRoleMapper.selectList    : <==      Total: 7
2026-08-25T23:33:31.468+08:00 DEBUG 99498 --- [ptidss-server] [ptidss-sched-3] c.p.s.mapper.SysUserMapper.selectList    : ==>  Preparing: SELECT id,username,display_name,password_hash,role_ids,org_code,phone,email,status,last_login_at,version,deleted,created_at,updated_at FROM sys_user WHERE deleted=false AND (role_ids @> ANY (ARRAY['[1]','[2]','[3]','[4]','[5]','[6]','[7]']::jsonb[]))
2026-08-25T23:33:31.468+08:00 DEBUG 99498 --- [ptidss-server] [ptidss-sched-3] c.p.s.mapper.SysUserMapper.selectList    : ==> Parameters: 
2026-08-25T23:33:31.469+08:00 DEBUG 99498 --- [ptidss-server] [ptidss-sched-3] c.p.s.mapper.SysUserMapper.selectList    : <==      Total: 4
2026-08-25T23:33:31.471+08:00  INFO 99498 --- [ptidss-server] [ptidss-sched-3] com.ptidss.intel.service.IntelService    : 情报推送执行完成：匹配情报 0 条，派发消息 0 条，触发决策会话情报重评 0 个
2026-08-25T23:34:01.492+08:00 DEBUG 99498 --- [ptidss-server] [ptidss-sched-3] c.p.s.mapper.SysRoleMapper.selectList    : ==>  Preparing: SELECT id,role_code,role_name,description,status,version,deleted,created_at,updated_at FROM sys_role WHERE deleted=false
2026-08-25T23:34:01.492+08:00 DEBUG 99498 --- [ptidss-server] [ptidss-sched-3] c.p.s.mapper.SysRoleMapper.selectList    : ==> Parameters: 
2026-08-25T23:34:01.493+08:00 DEBUG 99498 --- [ptidss-server] [ptidss-sched-3] c.p.s.mapper.SysRoleMapper.selectList    : <==      Total: 7
2026-08-25T23:34:01.494+08:00 DEBUG 99498 --- [ptidss-server] [ptidss-sched-3] c.p.s.mapper.SysUserMapper.selectList    : ==>  Preparing: SELECT id,username,display_name,password_hash,role_ids,org_code,phone,email,status,last_login_at,version,deleted,created_at,updated_at FROM sys_user WHERE deleted=false AND (role_ids @> ANY (ARRAY['[1]','[2]','[3]','[4]','[5]','[6]','[7]']::jsonb[]))
2026-08-25T23:34:01.494+08:00 DEBUG 99498 --- [ptidss-server] [ptidss-sched-3] c.p.s.mapper.SysUserMapper.selectList    : ==> Parameters: 
2026-08-25T23:34:01.495+08:00 DEBUG 99498 --- [ptidss-server] [ptidss-sched-3] c.p.s.mapper.SysUserMapper.selectList    : <==      Total: 4
2026-08-25T23:34:01.497+08:00  INFO 99498 --- [ptidss-server] [ptidss-sched-3] com.ptidss.intel.service.IntelService    : 情报推送执行完成：匹配情报 0 条，派发消息 0 条，触发决策会话情报重评 0 个
2026-08-25T23:34:18.107+08:00  INFO 99498 --- [ptidss-server] [ptidss-sched-1] c.p.intel.service.IntelFetchService      : 行情采集执行完成：到期 0 个（成功 0 / 失败 0 / 跳过未到期 20）
2026-08-25T23:34:31.518+08:00 DEBUG 99498 --- [ptidss-server] [ptidss-sched-2] c.p.s.mapper.SysRoleMapper.selectList    : ==>  Preparing: SELECT id,role_code,role_name,description,status,version,deleted,created_at,updated_at FROM sys_role WHERE deleted=false
2026-08-25T23:34:31.518+08:00 DEBUG 99498 --- [ptidss-server] [ptidss-sched-2] c.p.s.mapper.SysRoleMapper.selectList    : ==> Parameters: 
2026-08-25T23:34:31.520+08:00 DEBUG 99498 --- [ptidss-server] [ptidss-sched-2] c.p.s.mapper.SysRoleMapper.selectList    : <==      Total: 7
2026-08-25T23:34:31.520+08:00 DEBUG 99498 --- [ptidss-server] [ptidss-sched-2] c.p.s.mapper.SysUserMapper.selectList    : ==>  Preparing: SELECT id,username,display_name,password_hash,role_ids,org_code,phone,email,status,last_login_at,version,deleted,created_at,updated_at FROM sys_user WHERE deleted=false AND (role_ids @> ANY (ARRAY['[1]','[2]','[3]','[4]','[5]','[6]','[7]']::jsonb[]))
2026-08-25T23:34:31.520+08:00 DEBUG 99498 --- [ptidss-server] [ptidss-sched-2] c.p.s.mapper.SysUserMapper.selectList    : ==> Parameters: 
2026-08-25T23:34:31.522+08:00 DEBUG 99498 --- [ptidss-server] [ptidss-sched-2] c.p.s.mapper.SysUserMapper.selectList    : <==      Total: 4
2026-08-25T23:34:31.524+08:00  INFO 99498 --- [ptidss-server] [ptidss-sched-2] com.ptidss.intel.service.IntelService    : 情报推送执行完成：匹配情报 0 条，派发消息 0 条，触发决策会话情报重评 0 个
2026-08-25T23:35:01.548+08:00 DEBUG 99498 --- [ptidss-server] [ptidss-sched-2] c.p.s.mapper.SysRoleMapper.selectList    : ==>  Preparing: SELECT id,role_code,role_name,description,status,version,deleted,created_at,updated_at FROM sys_role WHERE deleted=false
2026-08-25T23:35:01.548+08:00 DEBUG 99498 --- [ptidss-server] [ptidss-sched-2] c.p.s.mapper.SysRoleMapper.selectList    : ==> Parameters: 
2026-08-25T23:35:01.550+08:00 DEBUG 99498 --- [ptidss-server] [ptidss-sched-2] c.p.s.mapper.SysRoleMapper.selectList    : <==      Total: 7
2026-08-25T23:35:01.550+08:00 DEBUG 99498 --- [ptidss-server] [ptidss-sched-2] c.p.s.mapper.SysUserMapper.selectList    : ==>  Preparing: SELECT id,username,display_name,password_hash,role_ids,org_code,phone,email,status,last_login_at,version,deleted,created_at,updated_at FROM sys_user WHERE deleted=false AND (role_ids @> ANY (ARRAY['[1]','[2]','[3]','[4]','[5]','[6]','[7]']::jsonb[]))
2026-08-25T23:35:01.550+08:00 DEBUG 99498 --- [ptidss-server] [ptidss-sched-2] c.p.s.mapper.SysUserMapper.selectList    : ==> Parameters: 
2026-08-25T23:35:01.552+08:00 DEBUG 99498 --- [ptidss-server] [ptidss-sched-2] c.p.s.mapper.SysUserMapper.selectList    : <==      Total: 4
2026-08-25T23:35:01.554+08:00  INFO 99498 --- [ptidss-server] [ptidss-sched-2] com.ptidss.intel.service.IntelService    : 情报推送执行完成：匹配情报 0 条，派发消息 0 条，触发决策会话情报重评 0 个
2026-08-25T23:35:18.111+08:00  INFO 99498 --- [ptidss-server] [ptidss-sched-1] c.p.intel.service.IntelFetchService      : 行情采集执行完成：到期 0 个（成功 0 / 失败 0 / 跳过未到期 20）
2026-08-25T23:35:31.577+08:00 DEBUG 99498 --- [ptidss-server] [ptidss-sched-4] c.p.s.mapper.SysRoleMapper.selectList    : ==>  Preparing: SELECT id,role_code,role_name,description,status,version,deleted,created_at,updated_at FROM sys_role WHERE deleted=false
2026-08-25T23:35:31.577+08:00 DEBUG 99498 --- [ptidss-server] [ptidss-sched-4] c.p.s.mapper.SysRoleMapper.selectList    : ==> Parameters: 
2026-08-25T23:35:31.579+08:00 DEBUG 99498 --- [ptidss-server] [ptidss-sched-4] c.p.s.mapper.SysRoleMapper.selectList    : <==      Total: 7
2026-08-25T23:35:31.579+08:00 DEBUG 99498 --- [ptidss-server] [ptidss-sched-4] c.p.s.mapper.SysUserMapper.selectList    : ==>  Preparing: SELECT id,username,display_name,password_hash,role_ids,org_code,phone,email,status,last_login_at,version,deleted,created_at,updated_at FROM sys_user WHERE deleted=false AND (role_ids @> ANY (ARRAY['[1]','[2]','[3]','[4]','[5]','[6]','[7]']::jsonb[]))
2026-08-25T23:35:31.580+08:00 DEBUG 99498 --- [ptidss-server] [ptidss-sched-4] c.p.s.mapper.SysUserMapper.selectList    : ==> Parameters: 
2026-08-25T23:35:31.581+08:00 DEBUG 99498 --- [ptidss-server] [ptidss-sched-4] c.p.s.mapper.SysUserMapper.selectList    : <==      Total: 4
2026-08-25T23:35:31.583+08:00  INFO 99498 --- [ptidss-server] [ptidss-sched-4] com.ptidss.intel.service.IntelService    : 情报推送执行完成：匹配情报 0 条，派发消息 0 条，触发决策会话情报重评 0 个
2026-08-25T23:36:01.596+08:00 DEBUG 99498 --- [ptidss-server] [ptidss-sched-4] c.p.s.mapper.SysRoleMapper.selectList    : ==>  Preparing: SELECT id,role_code,role_name,description,status,version,deleted,created_at,updated_at FROM sys_role WHERE deleted=false
2026-08-25T23:36:01.596+08:00 DEBUG 99498 --- [ptidss-server] [ptidss-sched-4] c.p.s.mapper.SysRoleMapper.selectList    : ==> Parameters: 
2026-08-25T23:36:01.597+08:00 DEBUG 99498 --- [ptidss-server] [ptidss-sched-4] c.p.s.mapper.SysRoleMapper.selectList    : <==      Total: 7
2026-08-25T23:36:01.597+08:00 DEBUG 99498 --- [ptidss-server] [ptidss-sched-4] c.p.s.mapper.SysUserMapper.selectList    : ==>  Preparing: SELECT id,username,display_name,password_hash,role_ids,org_code,phone,email,status,last_login_at,version,deleted,created_at,updated_at FROM sys_user WHERE deleted=false AND (role_ids @> ANY (ARRAY['[1]','[2]','[3]','[4]','[5]','[6]','[7]']::jsonb[]))
2026-08-25T23:36:01.597+08:00 DEBUG 99498 --- [ptidss-server] [ptidss-sched-4] c.p.s.mapper.SysUserMapper.selectList    : ==> Parameters: 
2026-08-25T23:36:01.597+08:00 DEBUG 99498 --- [ptidss-server] [ptidss-sched-4] c.p.s.mapper.SysUserMapper.selectList    : <==      Total: 4
2026-08-25T23:36:01.598+08:00  INFO 99498 --- [ptidss-server] [ptidss-sched-4] com.ptidss.intel.service.IntelService    : 情报推送执行完成：匹配情报 0 条，派发消息 0 条，触发决策会话情报重评 0 个
2026-08-25T23:36:18.114+08:00  INFO 99498 --- [ptidss-server] [ptidss-sched-2] c.p.intel.service.IntelFetchService      : 行情采集执行完成：到期 0 个（成功 0 / 失败 0 / 跳过未到期 20）
2026-08-25T23:36:31.626+08:00 DEBUG 99498 --- [ptidss-server] [ptidss-sched-3] c.p.s.mapper.SysRoleMapper.selectList    : ==>  Preparing: SELECT id,role_code,role_name,description,status,version,deleted,created_at,updated_at FROM sys_role WHERE deleted=false
2026-08-25T23:36:31.626+08:00 DEBUG 99498 --- [ptidss-server] [ptidss-sched-3] c.p.s.mapper.SysRoleMapper.selectList    : ==> Parameters: 
2026-08-25T23:36:31.627+08:00 DEBUG 99498 --- [ptidss-server] [ptidss-sched-3] c.p.s.mapper.SysRoleMapper.selectList    : <==      Total: 7
2026-08-25T23:36:31.628+08:00 DEBUG 99498 --- [ptidss-server] [ptidss-sched-3] c.p.s.mapper.SysUserMapper.selectList    : ==>  Preparing: SELECT id,username,display_name,password_hash,role_ids,org_code,phone,email,status,last_login_at,version,deleted,created_at,updated_at FROM sys_user WHERE deleted=false AND (role_ids @> ANY (ARRAY['[1]','[2]','[3]','[4]','[5]','[6]','[7]']::jsonb[]))
2026-08-25T23:36:31.628+08:00 DEBUG 99498 --- [ptidss-server] [ptidss-sched-3] c.p.s.mapper.SysUserMapper.selectList    : ==> Parameters: 
2026-08-25T23:36:31.629+08:00 DEBUG 99498 --- [ptidss-server] [ptidss-sched-3] c.p.s.mapper.SysUserMapper.selectList    : <==      Total: 4
2026-08-25T23:36:31.631+08:00  INFO 99498 --- [ptidss-server] [ptidss-sched-3] com.ptidss.intel.service.IntelService    : 情报推送执行完成：匹配情报 0 条，派发消息 0 条，触发决策会话情报重评 0 个
2026-08-25T23:37:01.652+08:00 DEBUG 99498 --- [ptidss-server] [ptidss-sched-3] c.p.s.mapper.SysRoleMapper.selectList    : ==>  Preparing: SELECT id,role_code,role_name,description,status,version,deleted,created_at,updated_at FROM sys_role WHERE deleted=false
2026-08-25T23:37:01.652+08:00 DEBUG 99498 --- [ptidss-server] [ptidss-sched-3] c.p.s.mapper.SysRoleMapper.selectList    : ==> Parameters: 
2026-08-25T23:37:01.653+08:00 DEBUG 99498 --- [ptidss-server] [ptidss-sched-3] c.p.s.mapper.SysRoleMapper.selectList    : <==      Total: 7
2026-08-25T23:37:01.654+08:00 DEBUG 99498 --- [ptidss-server] [ptidss-sched-3] c.p.s.mapper.SysUserMapper.selectList    : ==>  Preparing: SELECT id,username,display_name,password_hash,role_ids,org_code,phone,email,status,last_login_at,version,deleted,created_at,updated_at FROM sys_user WHERE deleted=false AND (role_ids @> ANY (ARRAY['[1]','[2]','[3]','[4]','[5]','[6]','[7]']::jsonb[]))
2026-08-25T23:37:01.654+08:00 DEBUG 99498 --- [ptidss-server] [ptidss-sched-3] c.p.s.mapper.SysUserMapper.selectList    : ==> Parameters: 
2026-08-25T23:37:01.655+08:00 DEBUG 99498 --- [ptidss-server] [ptidss-sched-3] c.p.s.mapper.SysUserMapper.selectList    : <==      Total: 4
2026-08-25T23:37:01.657+08:00  INFO 99498 --- [ptidss-server] [ptidss-sched-3] com.ptidss.intel.service.IntelService    : 情报推送执行完成：匹配情报 0 条，派发消息 0 条，触发决策会话情报重评 0 个
2026-08-25T23:37:18.118+08:00  INFO 99498 --- [ptidss-server] [ptidss-sched-4] c.p.intel.service.IntelFetchService      : 行情采集执行完成：到期 0 个（成功 0 / 失败 0 / 跳过未到期 20）
2026-08-25T23:37:31.679+08:00 DEBUG 99498 --- [ptidss-server] [ptidss-sched-3] c.p.s.mapper.SysRoleMapper.selectList    : ==>  Preparing: SELECT id,role_code,role_name,description,status,version,deleted,created_at,updated_at FROM sys_role WHERE deleted=false
2026-08-25T23:37:31.679+08:00 DEBUG 99498 --- [ptidss-server] [ptidss-sched-3] c.p.s.mapper.SysRoleMapper.selectList    : ==> Parameters: 
2026-08-25T23:37:31.680+08:00 DEBUG 99498 --- [ptidss-server] [ptidss-sched-3] c.p.s.mapper.SysRoleMapper.selectList    : <==      Total: 7
2026-08-25T23:37:31.681+08:00 DEBUG 99498 --- [ptidss-server] [ptidss-sched-3] c.p.s.mapper.SysUserMapper.selectList    : ==>  Preparing: SELECT id,username,display_name,password_hash,role_ids,org_code,phone,email,status,last_login_at,version,deleted,created_at,updated_at FROM sys_user WHERE deleted=false AND (role_ids @> ANY (ARRAY['[1]','[2]','[3]','[4]','[5]','[6]','[7]']::jsonb[]))
2026-08-25T23:37:31.681+08:00 DEBUG 99498 --- [ptidss-server] [ptidss-sched-3] c.p.s.mapper.SysUserMapper.selectList    : ==> Parameters: 
2026-08-25T23:37:31.682+08:00 DEBUG 99498 --- [ptidss-server] [ptidss-sched-3] c.p.s.mapper.SysUserMapper.selectList    : <==      Total: 4
2026-08-25T23:37:31.684+08:00  INFO 99498 --- [ptidss-server] [ptidss-sched-3] com.ptidss.intel.service.IntelService    : 情报推送执行完成：匹配情报 0 条，派发消息 0 条，触发决策会话情报重评 0 个
2026-08-25T23:38:01.698+08:00 DEBUG 99498 --- [ptidss-server] [ptidss-sched-3] c.p.s.mapper.SysRoleMapper.selectList    : ==>  Preparing: SELECT id,role_code,role_name,description,status,version,deleted,created_at,updated_at FROM sys_role WHERE deleted=false
2026-08-25T23:38:01.698+08:00 DEBUG 99498 --- [ptidss-server] [ptidss-sched-3] c.p.s.mapper.SysRoleMapper.selectList    : ==> Parameters: 
2026-08-25T23:38:01.698+08:00 DEBUG 99498 --- [ptidss-server] [ptidss-sched-3] c.p.s.mapper.SysRoleMapper.selectList    : <==      Total: 7
2026-08-25T23:38:01.698+08:00 DEBUG 99498 --- [ptidss-server] [ptidss-sched-3] c.p.s.mapper.SysUserMapper.selectList    : ==>  Preparing: SELECT id,username,display_name,password_hash,role_ids,org_code,phone,email,status,last_login_at,version,deleted,created_at,updated_at FROM sys_user WHERE deleted=false AND (role_ids @> ANY (ARRAY['[1]','[2]','[3]','[4]','[5]','[6]','[7]']::jsonb[]))
2026-08-25T23:38:01.699+08:00 DEBUG 99498 --- [ptidss-server] [ptidss-sched-3] c.p.s.mapper.SysUserMapper.selectList    : ==> Parameters: 
2026-08-25T23:38:01.699+08:00 DEBUG 99498 --- [ptidss-server] [ptidss-sched-3] c.p.s.mapper.SysUserMapper.selectList    : <==      Total: 4
2026-08-25T23:38:01.700+08:00  INFO 99498 --- [ptidss-server] [ptidss-sched-3] com.ptidss.intel.service.IntelService    : 情报推送执行完成：匹配情报 0 条，派发消息 0 条，触发决策会话情报重评 0 个
2026-08-25T23:38:18.122+08:00  INFO 99498 --- [ptidss-server] [ptidss-sched-4] c.p.intel.service.IntelFetchService      : 行情采集执行完成：到期 0 个（成功 0 / 失败 0 / 跳过未到期 20）
2026-08-25T23:38:31.720+08:00 DEBUG 99498 --- [ptidss-server] [ptidss-sched-2] c.p.s.mapper.SysRoleMapper.selectList    : ==>  Preparing: SELECT id,role_code,role_name,description,status,version,deleted,created_at,updated_at FROM sys_role WHERE deleted=false
2026-08-25T23:38:31.721+08:00 DEBUG 99498 --- [ptidss-server] [ptidss-sched-2] c.p.s.mapper.SysRoleMapper.selectList    : ==> Parameters: 
2026-08-25T23:38:31.722+08:00 DEBUG 99498 --- [ptidss-server] [ptidss-sched-2] c.p.s.mapper.SysRoleMapper.selectList    : <==      Total: 7
2026-08-25T23:38:31.722+08:00 DEBUG 99498 --- [ptidss-server] [ptidss-sched-2] c.p.s.mapper.SysUserMapper.selectList    : ==>  Preparing: SELECT id,username,display_name,password_hash,role_ids,org_code,phone,email,status,last_login_at,version,deleted,created_at,updated_at FROM sys_user WHERE deleted=false AND (role_ids @> ANY (ARRAY['[1]','[2]','[3]','[4]','[5]','[6]','[7]']::jsonb[]))
2026-08-25T23:38:31.723+08:00 DEBUG 99498 --- [ptidss-server] [ptidss-sched-2] c.p.s.mapper.SysUserMapper.selectList    : ==> Parameters: 
2026-08-25T23:38:31.724+08:00 DEBUG 99498 --- [ptidss-server] [ptidss-sched-2] c.p.s.mapper.SysUserMapper.selectList    : <==      Total: 4
2026-08-25T23:38:31.726+08:00  INFO 99498 --- [ptidss-server] [ptidss-sched-2] com.ptidss.intel.service.IntelService    : 情报推送执行完成：匹配情报 0 条，派发消息 0 条，触发决策会话情报重评 0 个
2026-08-25T23:39:01.746+08:00 DEBUG 99498 --- [ptidss-server] [ptidss-sched-2] c.p.s.mapper.SysRoleMapper.selectList    : ==>  Preparing: SELECT id,role_code,role_name,description,status,version,deleted,created_at,updated_at FROM sys_role WHERE deleted=false
2026-08-25T23:39:01.746+08:00 DEBUG 99498 --- [ptidss-server] [ptidss-sched-2] c.p.s.mapper.SysRoleMapper.selectList    : ==> Parameters: 
2026-08-25T23:39:01.748+08:00 DEBUG 99498 --- [ptidss-server] [ptidss-sched-2] c.p.s.mapper.SysRoleMapper.selectList    : <==      Total: 7
2026-08-25T23:39:01.748+08:00 DEBUG 99498 --- [ptidss-server] [ptidss-sched-2] c.p.s.mapper.SysUserMapper.selectList    : ==>  Preparing: SELECT id,username,display_name,password_hash,role_ids,org_code,phone,email,status,last_login_at,version,deleted,created_at,updated_at FROM sys_user WHERE deleted=false AND (role_ids @> ANY (ARRAY['[1]','[2]','[3]','[4]','[5]','[6]','[7]']::jsonb[]))
2026-08-25T23:39:01.748+08:00 DEBUG 99498 --- [ptidss-server] [ptidss-sched-2] c.p.s.mapper.SysUserMapper.selectList    : ==> Parameters: 
2026-08-25T23:39:01.749+08:00 DEBUG 99498 --- [ptidss-server] [ptidss-sched-2] c.p.s.mapper.SysUserMapper.selectList    : <==      Total: 4
2026-08-25T23:39:01.751+08:00  INFO 99498 --- [ptidss-server] [ptidss-sched-2] com.ptidss.intel.service.IntelService    : 情报推送执行完成：匹配情报 0 条，派发消息 0 条，触发决策会话情报重评 0 个
2026-08-25T23:39:18.152+08:00  INFO 99498 --- [ptidss-server] [ptidss-sched-3] c.p.intel.service.IntelFetchService      : 行情采集执行完成：到期 0 个（成功 0 / 失败 0 / 跳过未到期 20）
2026-08-25T23:39:31.775+08:00 DEBUG 99498 --- [ptidss-server] [ptidss-sched-2] c.p.s.mapper.SysRoleMapper.selectList    : ==>  Preparing: SELECT id,role_code,role_name,description,status,version,deleted,created_at,updated_at FROM sys_role WHERE deleted=false
2026-08-25T23:39:31.775+08:00 DEBUG 99498 --- [ptidss-server] [ptidss-sched-2] c.p.s.mapper.SysRoleMapper.selectList    : ==> Parameters: 
2026-08-25T23:39:31.776+08:00 DEBUG 99498 --- [ptidss-server] [ptidss-sched-2] c.p.s.mapper.SysRoleMapper.selectList    : <==      Total: 7
2026-08-25T23:39:31.777+08:00 DEBUG 99498 --- [ptidss-server] [ptidss-sched-2] c.p.s.mapper.SysUserMapper.selectList    : ==>  Preparing: SELECT id,username,display_name,password_hash,role_ids,org_code,phone,email,status,last_login_at,version,deleted,created_at,updated_at FROM sys_user WHERE deleted=false AND (role_ids @> ANY (ARRAY['[1]','[2]','[3]','[4]','[5]','[6]','[7]']::jsonb[]))
2026-08-25T23:39:31.777+08:00 DEBUG 99498 --- [ptidss-server] [ptidss-sched-2] c.p.s.mapper.SysUserMapper.selectList    : ==> Parameters: 
2026-08-25T23:39:31.778+08:00 DEBUG 99498 --- [ptidss-server] [ptidss-sched-2] c.p.s.mapper.SysUserMapper.selectList    : <==      Total: 4
2026-08-25T23:39:31.781+08:00  INFO 99498 --- [ptidss-server] [ptidss-sched-2] com.ptidss.intel.service.IntelService    : 情报推送执行完成：匹配情报 0 条，派发消息 0 条，触发决策会话情报重评 0 个
2026-08-25T23:40:01.791+08:00 DEBUG 99498 --- [ptidss-server] [ptidss-sched-2] c.p.s.mapper.SysRoleMapper.selectList    : ==>  Preparing: SELECT id,role_code,role_name,description,status,version,deleted,created_at,updated_at FROM sys_role WHERE deleted=false
2026-08-25T23:40:01.791+08:00 DEBUG 99498 --- [ptidss-server] [ptidss-sched-2] c.p.s.mapper.SysRoleMapper.selectList    : ==> Parameters: 
2026-08-25T23:40:01.791+08:00 DEBUG 99498 --- [ptidss-server] [ptidss-sched-2] c.p.s.mapper.SysRoleMapper.selectList    : <==      Total: 7
2026-08-25T23:40:01.791+08:00 DEBUG 99498 --- [ptidss-server] [ptidss-sched-2] c.p.s.mapper.SysUserMapper.selectList    : ==>  Preparing: SELECT id,username,display_name,password_hash,role_ids,org_code,phone,email,status,last_login_at,version,deleted,created_at,updated_at FROM sys_user WHERE deleted=false AND (role_ids @> ANY (ARRAY['[1]','[2]','[3]','[4]','[5]','[6]','[7]']::jsonb[]))
2026-08-25T23:40:01.792+08:00 DEBUG 99498 --- [ptidss-server] [ptidss-sched-2] c.p.s.mapper.SysUserMapper.selectList    : ==> Parameters: 
2026-08-25T23:40:01.792+08:00 DEBUG 99498 --- [ptidss-server] [ptidss-sched-2] c.p.s.mapper.SysUserMapper.selectList    : <==      Total: 4
2026-08-25T23:40:01.793+08:00  INFO 99498 --- [ptidss-server] [ptidss-sched-2] com.ptidss.intel.service.IntelService    : 情报推送执行完成：匹配情报 0 条，派发消息 0 条，触发决策会话情报重评 0 个
2026-08-25T23:40:18.156+08:00  INFO 99498 --- [ptidss-server] [ptidss-sched-1] c.p.intel.service.IntelFetchService      : 行情采集执行完成：到期 0 个（成功 0 / 失败 0 / 跳过未到期 20）
2026-08-25T23:40:31.816+08:00 DEBUG 99498 --- [ptidss-server] [ptidss-sched-2] c.p.s.mapper.SysRoleMapper.selectList    : ==>  Preparing: SELECT id,role_code,role_name,description,status,version,deleted,created_at,updated_at FROM sys_role WHERE deleted=false
2026-08-25T23:40:31.816+08:00 DEBUG 99498 --- [ptidss-server] [ptidss-sched-2] c.p.s.mapper.SysRoleMapper.selectList    : ==> Parameters: 
2026-08-25T23:40:31.817+08:00 DEBUG 99498 --- [ptidss-server] [ptidss-sched-2] c.p.s.mapper.SysRoleMapper.selectList    : <==      Total: 7
2026-08-25T23:40:31.818+08:00 DEBUG 99498 --- [ptidss-server] [ptidss-sched-2] c.p.s.mapper.SysUserMapper.selectList    : ==>  Preparing: SELECT id,username,display_name,password_hash,role_ids,org_code,phone,email,status,last_login_at,version,deleted,created_at,updated_at FROM sys_user WHERE deleted=false AND (role_ids @> ANY (ARRAY['[1]','[2]','[3]','[4]','[5]','[6]','[7]']::jsonb[]))
2026-08-25T23:40:31.818+08:00 DEBUG 99498 --- [ptidss-server] [ptidss-sched-2] c.p.s.mapper.SysUserMapper.selectList    : ==> Parameters: 
2026-08-25T23:40:31.820+08:00 DEBUG 99498 --- [ptidss-server] [ptidss-sched-2] c.p.s.mapper.SysUserMapper.selectList    : <==      Total: 4
2026-08-25T23:40:31.822+08:00  INFO 99498 --- [ptidss-server] [ptidss-sched-2] com.ptidss.intel.service.IntelService    : 情报推送执行完成：匹配情报 0 条，派发消息 0 条，触发决策会话情报重评 0 个
2026-08-25T23:41:01.831+08:00 DEBUG 99498 --- [ptidss-server] [ptidss-sched-2] c.p.s.mapper.SysRoleMapper.selectList    : ==>  Preparing: SELECT id,role_code,role_name,description,status,version,deleted,created_at,updated_at FROM sys_role WHERE deleted=false
2026-08-25T23:41:01.831+08:00 DEBUG 99498 --- [ptidss-server] [ptidss-sched-2] c.p.s.mapper.SysRoleMapper.selectList    : ==> Parameters: 
2026-08-25T23:41:01.832+08:00 DEBUG 99498 --- [ptidss-server] [ptidss-sched-2] c.p.s.mapper.SysRoleMapper.selectList    : <==      Total: 7
2026-08-25T23:41:01.832+08:00 DEBUG 99498 --- [ptidss-server] [ptidss-sched-2] c.p.s.mapper.SysUserMapper.selectList    : ==>  Preparing: SELECT id,username,display_name,password_hash,role_ids,org_code,phone,email,status,last_login_at,version,deleted,created_at,updated_at FROM sys_user WHERE deleted=false AND (role_ids @> ANY (ARRAY['[1]','[2]','[3]','[4]','[5]','[6]','[7]']::jsonb[]))
2026-08-25T23:41:01.832+08:00 DEBUG 99498 --- [ptidss-server] [ptidss-sched-2] c.p.s.mapper.SysUserMapper.selectList    : ==> Parameters: 
2026-08-25T23:41:01.833+08:00 DEBUG 99498 --- [ptidss-server] [ptidss-sched-2] c.p.s.mapper.SysUserMapper.selectList    : <==      Total: 4
2026-08-25T23:41:01.833+08:00  INFO 99498 --- [ptidss-server] [ptidss-sched-2] com.ptidss.intel.service.IntelService    : 情报推送执行完成：匹配情报 0 条，派发消息 0 条，触发决策会话情报重评 0 个
2026-08-25T23:41:18.170+08:00  INFO 99498 --- [ptidss-server] [ptidss-sched-1] c.p.intel.service.IntelFetchService      : 情报源模拟采集：INTL-PRICE-SD 生成模拟情报
2026-08-25T23:41:18.178+08:00  INFO 99498 --- [ptidss-server] [ptidss-sched-1] c.p.intel.service.IntelFetchService      : 情报源模拟采集：INTL-PRICE-SX 生成模拟情报
2026-08-25T23:41:18.188+08:00  INFO 99498 --- [ptidss-server] [ptidss-sched-1] c.p.intel.service.IntelFetchService      : 情报源模拟采集：INTL-PRICE-GD 生成模拟情报
2026-08-25T23:41:18.198+08:00  INFO 99498 --- [ptidss-server] [ptidss-sched-1] c.p.intel.service.IntelFetchService      : 情报源模拟采集：INTL-PRICE-MX 生成模拟情报
2026-08-25T23:41:18.207+08:00  INFO 99498 --- [ptidss-server] [ptidss-sched-1] c.p.intel.service.IntelFetchService      : 情报源模拟采集：INTL-PRICE-GS 生成模拟情报
2026-08-25T23:41:18.207+08:00  INFO 99498 --- [ptidss-server] [ptidss-sched-1] c.p.intel.service.IntelFetchService      : 行情采集执行完成：到期 5 个（成功 5 / 失败 0 / 跳过未到期 15）
2026-08-25T23:41:31.861+08:00 DEBUG 99498 --- [ptidss-server] [ptidss-sched-3] c.p.s.mapper.SysRoleMapper.selectList    : ==>  Preparing: SELECT id,role_code,role_name,description,status,version,deleted,created_at,updated_at FROM sys_role WHERE deleted=false
2026-08-25T23:41:31.862+08:00 DEBUG 99498 --- [ptidss-server] [ptidss-sched-3] c.p.s.mapper.SysRoleMapper.selectList    : ==> Parameters: 
2026-08-25T23:41:31.863+08:00 DEBUG 99498 --- [ptidss-server] [ptidss-sched-3] c.p.s.mapper.SysRoleMapper.selectList    : <==      Total: 7
2026-08-25T23:41:31.864+08:00 DEBUG 99498 --- [ptidss-server] [ptidss-sched-3] c.p.s.mapper.SysUserMapper.selectList    : ==>  Preparing: SELECT id,username,display_name,password_hash,role_ids,org_code,phone,email,status,last_login_at,version,deleted,created_at,updated_at FROM sys_user WHERE deleted=false AND (role_ids @> ANY (ARRAY['[1]','[2]','[3]','[4]','[5]','[6]','[7]']::jsonb[]))
2026-08-25T23:41:31.864+08:00 DEBUG 99498 --- [ptidss-server] [ptidss-sched-3] c.p.s.mapper.SysUserMapper.selectList    : ==> Parameters: 
2026-08-25T23:41:31.865+08:00 DEBUG 99498 --- [ptidss-server] [ptidss-sched-3] c.p.s.mapper.SysUserMapper.selectList    : <==      Total: 4
2026-08-25T23:41:31.867+08:00  INFO 99498 --- [ptidss-server] [ptidss-sched-3] com.ptidss.intel.service.IntelService    : 情报推送执行完成：匹配情报 0 条，派发消息 0 条，触发决策会话情报重评 0 个
2026-08-25T23:42:01.891+08:00 DEBUG 99498 --- [ptidss-server] [ptidss-sched-3] c.p.s.mapper.SysRoleMapper.selectList    : ==>  Preparing: SELECT id,role_code,role_name,description,status,version,deleted,created_at,updated_at FROM sys_role WHERE deleted=false
2026-08-25T23:42:01.891+08:00 DEBUG 99498 --- [ptidss-server] [ptidss-sched-3] c.p.s.mapper.SysRoleMapper.selectList    : ==> Parameters: 
2026-08-25T23:42:01.893+08:00 DEBUG 99498 --- [ptidss-server] [ptidss-sched-3] c.p.s.mapper.SysRoleMapper.selectList    : <==      Total: 7
2026-08-25T23:42:01.893+08:00 DEBUG 99498 --- [ptidss-server] [ptidss-sched-3] c.p.s.mapper.SysUserMapper.selectList    : ==>  Preparing: SELECT id,username,display_name,password_hash,role_ids,org_code,phone,email,status,last_login_at,version,deleted,created_at,updated_at FROM sys_user WHERE deleted=false AND (role_ids @> ANY (ARRAY['[1]','[2]','[3]','[4]','[5]','[6]','[7]']::jsonb[]))
2026-08-25T23:42:01.893+08:00 DEBUG 99498 --- [ptidss-server] [ptidss-sched-3] c.p.s.mapper.SysUserMapper.selectList    : ==> Parameters: 
2026-08-25T23:42:01.895+08:00 DEBUG 99498 --- [ptidss-server] [ptidss-sched-3] c.p.s.mapper.SysUserMapper.selectList    : <==      Total: 4
2026-08-25T23:42:01.897+08:00  INFO 99498 --- [ptidss-server] [ptidss-sched-3] com.ptidss.intel.service.IntelService    : 情报推送执行完成：匹配情报 0 条，派发消息 0 条，触发决策会话情报重评 0 个
2026-08-25T23:42:18.211+08:00  INFO 99498 --- [ptidss-server] [ptidss-sched-1] c.p.intel.service.IntelFetchService      : 行情采集执行完成：到期 0 个（成功 0 / 失败 0 / 跳过未到期 20）
2026-08-25T23:42:31.921+08:00 DEBUG 99498 --- [ptidss-server] [ptidss-sched-4] c.p.s.mapper.SysRoleMapper.selectList    : ==>  Preparing: SELECT id,role_code,role_name,description,status,version,deleted,created_at,updated_at FROM sys_role WHERE deleted=false
2026-08-25T23:42:31.922+08:00 DEBUG 99498 --- [ptidss-server] [ptidss-sched-4] c.p.s.mapper.SysRoleMapper.selectList    : ==> Parameters: 
2026-08-25T23:42:31.923+08:00 DEBUG 99498 --- [ptidss-server] [ptidss-sched-4] c.p.s.mapper.SysRoleMapper.selectList    : <==      Total: 7
2026-08-25T23:42:31.923+08:00 DEBUG 99498 --- [ptidss-server] [ptidss-sched-4] c.p.s.mapper.SysUserMapper.selectList    : ==>  Preparing: SELECT id,username,display_name,password_hash,role_ids,org_code,phone,email,status,last_login_at,version,deleted,created_at,updated_at FROM sys_user WHERE deleted=false AND (role_ids @> ANY (ARRAY['[1]','[2]','[3]','[4]','[5]','[6]','[7]']::jsonb[]))
2026-08-25T23:42:31.924+08:00 DEBUG 99498 --- [ptidss-server] [ptidss-sched-4] c.p.s.mapper.SysUserMapper.selectList    : ==> Parameters: 
2026-08-25T23:42:31.925+08:00 DEBUG 99498 --- [ptidss-server] [ptidss-sched-4] c.p.s.mapper.SysUserMapper.selectList    : <==      Total: 4
2026-08-25T23:42:31.926+08:00  INFO 99498 --- [ptidss-server] [ptidss-sched-4] com.ptidss.intel.service.IntelService    : 情报推送执行完成：匹配情报 0 条，派发消息 0 条，触发决策会话情报重评 0 个
2026-08-25T23:43:01.953+08:00 DEBUG 99498 --- [ptidss-server] [ptidss-sched-4] c.p.s.mapper.SysRoleMapper.selectList    : ==>  Preparing: SELECT id,role_code,role_name,description,status,version,deleted,created_at,updated_at FROM sys_role WHERE deleted=false
2026-08-25T23:43:01.954+08:00 DEBUG 99498 --- [ptidss-server] [ptidss-sched-4] c.p.s.mapper.SysRoleMapper.selectList    : ==> Parameters: 
2026-08-25T23:43:01.955+08:00 DEBUG 99498 --- [ptidss-server] [ptidss-sched-4] c.p.s.mapper.SysRoleMapper.selectList    : <==      Total: 7
2026-08-25T23:43:01.955+08:00 DEBUG 99498 --- [ptidss-server] [ptidss-sched-4] c.p.s.mapper.SysUserMapper.selectList    : ==>  Preparing: SELECT id,username,display_name,password_hash,role_ids,org_code,phone,email,status,last_login_at,version,deleted,created_at,updated_at FROM sys_user WHERE deleted=false AND (role_ids @> ANY (ARRAY['[1]','[2]','[3]','[4]','[5]','[6]','[7]']::jsonb[]))
2026-08-25T23:43:01.955+08:00 DEBUG 99498 --- [ptidss-server] [ptidss-sched-4] c.p.s.mapper.SysUserMapper.selectList    : ==> Parameters: 
2026-08-25T23:43:01.956+08:00 DEBUG 99498 --- [ptidss-server] [ptidss-sched-4] c.p.s.mapper.SysUserMapper.selectList    : <==      Total: 4
2026-08-25T23:43:01.959+08:00  INFO 99498 --- [ptidss-server] [ptidss-sched-4] com.ptidss.intel.service.IntelService    : 情报推送执行完成：匹配情报 0 条，派发消息 0 条，触发决策会话情报重评 0 个
2026-08-25T23:43:18.214+08:00  INFO 99498 --- [ptidss-server] [ptidss-sched-1] c.p.intel.service.IntelFetchService      : 行情采集执行完成：到期 0 个（成功 0 / 失败 0 / 跳过未到期 20）
2026-08-25T23:43:31.972+08:00 DEBUG 99498 --- [ptidss-server] [ptidss-sched-2] c.p.s.mapper.SysRoleMapper.selectList    : ==>  Preparing: SELECT id,role_code,role_name,description,status,version,deleted,created_at,updated_at FROM sys_role WHERE deleted=false
2026-08-25T23:43:31.972+08:00 DEBUG 99498 --- [ptidss-server] [ptidss-sched-2] c.p.s.mapper.SysRoleMapper.selectList    : ==> Parameters: 
2026-08-25T23:43:31.973+08:00 DEBUG 99498 --- [ptidss-server] [ptidss-sched-2] c.p.s.mapper.SysRoleMapper.selectList    : <==      Total: 7
2026-08-25T23:43:31.973+08:00 DEBUG 99498 --- [ptidss-server] [ptidss-sched-2] c.p.s.mapper.SysUserMapper.selectList    : ==>  Preparing: SELECT id,username,display_name,password_hash,role_ids,org_code,phone,email,status,last_login_at,version,deleted,created_at,updated_at FROM sys_user WHERE deleted=false AND (role_ids @> ANY (ARRAY['[1]','[2]','[3]','[4]','[5]','[6]','[7]']::jsonb[]))
2026-08-25T23:43:31.974+08:00 DEBUG 99498 --- [ptidss-server] [ptidss-sched-2] c.p.s.mapper.SysUserMapper.selectList    : ==> Parameters: 
2026-08-25T23:43:31.975+08:00 DEBUG 99498 --- [ptidss-server] [ptidss-sched-2] c.p.s.mapper.SysUserMapper.selectList    : <==      Total: 4
2026-08-25T23:43:31.976+08:00  INFO 99498 --- [ptidss-server] [ptidss-sched-2] com.ptidss.intel.service.IntelService    : 情报推送执行完成：匹配情报 0 条，派发消息 0 条，触发决策会话情报重评 0 个
2026-08-25T23:44:01.984+08:00 DEBUG 99498 --- [ptidss-server] [ptidss-sched-2] c.p.s.mapper.SysRoleMapper.selectList    : ==>  Preparing: SELECT id,role_code,role_name,description,status,version,deleted,created_at,updated_at FROM sys_role WHERE deleted=false
2026-08-25T23:44:01.984+08:00 DEBUG 99498 --- [ptidss-server] [ptidss-sched-2] c.p.s.mapper.SysRoleMapper.selectList    : ==> Parameters: 
2026-08-25T23:44:01.985+08:00 DEBUG 99498 --- [ptidss-server] [ptidss-sched-2] c.p.s.mapper.SysRoleMapper.selectList    : <==      Total: 7
2026-08-25T23:44:01.985+08:00 DEBUG 99498 --- [ptidss-server] [ptidss-sched-2] c.p.s.mapper.SysUserMapper.selectList    : ==>  Preparing: SELECT id,username,display_name,password_hash,role_ids,org_code,phone,email,status,last_login_at,version,deleted,created_at,updated_at FROM sys_user WHERE deleted=false AND (role_ids @> ANY (ARRAY['[1]','[2]','[3]','[4]','[5]','[6]','[7]']::jsonb[]))
2026-08-25T23:44:01.985+08:00 DEBUG 99498 --- [ptidss-server] [ptidss-sched-2] c.p.s.mapper.SysUserMapper.selectList    : ==> Parameters: 
2026-08-25T23:44:01.986+08:00 DEBUG 99498 --- [ptidss-server] [ptidss-sched-2] c.p.s.mapper.SysUserMapper.selectList    : <==      Total: 4
2026-08-25T23:44:01.986+08:00  INFO 99498 --- [ptidss-server] [ptidss-sched-2] com.ptidss.intel.service.IntelService    : 情报推送执行完成：匹配情报 0 条，派发消息 0 条，触发决策会话情报重评 0 个
2026-08-25T23:44:18.216+08:00  INFO 99498 --- [ptidss-server] [ptidss-sched-1] c.p.intel.service.IntelFetchService      : 行情采集执行完成：到期 0 个（成功 0 / 失败 0 / 跳过未到期 20）
