nohup: 忽略输入

  .   ____          _            __ _ _
 /\\ / ___'_ __ _ _(_)_ __  __ _ \ \ \ \
( ( )\___ | '_ | '_| | '_ \/ _` | \ \ \ \
 \\/  ___)| |_)| | | | | || (_| |  ) ) ) )
  '  |____| .__|_| |_|_| |_\__, | / / / /
 =========|_|==============|___/=/_/_/_/
 :: Spring Boot ::               (v2.7.13)

2026-08-22 21:28:37.623  INFO 215277 --- [           main] com.ptidss.PtidssApplication             : Starting PtidssApplication v1.0.0 using Java 1.8.0_502 on odoo-pc with PID 215277 (/home/odoo/workspace/PTIDSS/ptidss-server/target/ptidss-server.jar started by odoo in /home/odoo/workspace/PTIDSS/ptidss-server)
2026-08-22 21:28:37.627 DEBUG 215277 --- [           main] com.ptidss.PtidssApplication             : Running with Spring Boot v2.7.13, Spring v5.3.28
2026-08-22 21:28:37.627  INFO 215277 --- [           main] com.ptidss.PtidssApplication             : The following 1 profile is active: "dev"
2026-08-22 21:28:39.845  INFO 215277 --- [           main] o.s.b.w.embedded.tomcat.TomcatWebServer  : Tomcat initialized with port(s): 9080 (http)
2026-08-22 21:28:39.862  INFO 215277 --- [           main] o.apache.catalina.core.StandardService   : Starting service [Tomcat]
2026-08-22 21:28:39.862  INFO 215277 --- [           main] org.apache.catalina.core.StandardEngine  : Starting Servlet engine: [Apache Tomcat/9.0.76]
2026-08-22 21:28:39.961  INFO 215277 --- [           main] o.a.c.c.C.[.[localhost].[/ptidss]        : Initializing Spring embedded WebApplicationContext
2026-08-22 21:28:39.961  INFO 215277 --- [           main] w.s.c.ServletWebServerApplicationContext : Root WebApplicationContext: initialization completed in 2264 ms
2026-08-22 21:28:40.834  INFO 215277 --- [           main] com.ptidss.common.security.TokenService  : TokenService 初始化完成：expire=120min, refreshThreshold=10min
2026-08-22 21:28:41.565  WARN 215277 --- [           main] c.b.m.core.metadata.TableInfoHelper      : Can not find table primary key in Class: "com.ptidss.system.domain.SysUserRegion".
2026-08-22 21:28:41.566  WARN 215277 --- [           main] c.b.m.core.injector.DefaultSqlInjector   : class com.ptidss.system.domain.SysUserRegion ,Not found @TableId annotation, Cannot use Mybatis-Plus 'xxById' Method.
2026-08-22 21:28:41.588  WARN 215277 --- [           main] c.b.m.core.metadata.TableInfoHelper      : Can not find table primary key in Class: "com.ptidss.system.domain.SysRoleRegion".
2026-08-22 21:28:41.588  WARN 215277 --- [           main] c.b.m.core.injector.DefaultSqlInjector   : class com.ptidss.system.domain.SysRoleRegion ,Not found @TableId annotation, Cannot use Mybatis-Plus 'xxById' Method.
2026-08-22 21:28:41.684  INFO 215277 --- [           main] com.zaxxer.hikari.HikariDataSource       : HikariPool-1 - Starting...
2026-08-22 21:28:41.801  INFO 215277 --- [           main] com.zaxxer.hikari.HikariDataSource       : HikariPool-1 - Start completed.
2026-08-22 21:28:41.810 DEBUG 215277 --- [           main] c.p.s.mapper.SysUserMapper.selectList    : ==>  Preparing: SELECT id,username,display_name,password_hash,role_ids,org_code,phone,email,status,last_login_at,version,deleted,created_at,updated_at FROM sys_user WHERE deleted=false AND (password_hash LIKE ?)
2026-08-22 21:28:41.821 DEBUG 215277 --- [           main] c.p.s.mapper.SysUserMapper.selectList    : ==> Parameters: %PLACEHOLDER%(String)
2026-08-22 21:28:41.840 DEBUG 215277 --- [           main] c.p.s.mapper.SysUserMapper.selectList    : <==      Total: 0
2026-08-22 21:28:42.286  INFO 215277 --- [           main] c.ptidss.model.spi.AlgorithmSpiRegistry  : 算法 SPI 执行器已注册：forecast（特征序列预测（96 点价格））
2026-08-22 21:28:42.286  INFO 215277 --- [           main] c.ptidss.model.spi.AlgorithmSpiRegistry  : 算法 SPI 执行器已注册：quote_strategy（分段聚合报价策略）
2026-08-22 21:28:42.286  INFO 215277 --- [           main] c.ptidss.model.spi.AlgorithmSpiRegistry  : 算法 SPI 执行器已注册：optimize（混合整数规划联合优化）
2026-08-22 21:28:42.286  INFO 215277 --- [           main] c.ptidss.model.spi.AlgorithmSpiRegistry  : 算法 SPI 执行器已注册：market_analysis（情报舆情情感加权分析）
2026-08-22 21:28:42.287  INFO 215277 --- [           main] c.ptidss.model.spi.AlgorithmSpiRegistry  : 算法 SPI 执行器已注册：rule_engine（合规规则引擎仲裁）
2026-08-22 21:28:42.287  INFO 215277 --- [           main] c.ptidss.model.spi.AlgorithmSpiRegistry  : 算法 SPI 执行器已注册：settlement（偏差考核结算测算）
2026-08-22 21:28:42.287  INFO 215277 --- [           main] c.ptidss.model.spi.AlgorithmSpiRegistry  : 算法 SPI 执行器已注册：review（复盘知识库四段式归纳）
2026-08-22 21:28:42.287  INFO 215277 --- [           main] c.ptidss.model.spi.AlgorithmSpiRegistry  : 算法 SPI 执行器已注册：risk_measure（蒙特卡洛 CVaR 风险度量）
2026-08-22 21:28:43.659  INFO 215277 --- [           main] o.s.b.w.embedded.tomcat.TomcatWebServer  : Tomcat started on port(s): 9080 (http) with context path '/ptidss'
2026-08-22 21:28:43.673  INFO 215277 --- [           main] com.ptidss.PtidssApplication             : Started PtidssApplication in 6.74 seconds (JVM running for 7.333)
===============================================
  PTIDSS Server 启动成功: http://localhost:9080/ptidss
===============================================
2026-08-22 21:28:47.177  INFO 215277 --- [nio-9080-exec-1] o.a.c.c.C.[.[localhost].[/ptidss]        : Initializing Spring DispatcherServlet 'dispatcherServlet'
2026-08-22 21:28:47.177  INFO 215277 --- [nio-9080-exec-1] o.s.web.servlet.DispatcherServlet        : Initializing Servlet 'dispatcherServlet'
2026-08-22 21:28:47.179  INFO 215277 --- [nio-9080-exec-1] o.s.web.servlet.DispatcherServlet        : Completed initialization in 2 ms
2026-08-22 21:28:53.674 DEBUG 215277 --- [   scheduling-1] c.p.i.m.IntelPushRuleMapper.selectList   : ==>  Preparing: SELECT id,rule_name,tags_filter,importance_filter,target_roles,channel,silent_period,status,version,deleted,created_at,updated_at FROM intel_push_rule WHERE deleted=false AND (status = ?)
2026-08-22 21:28:53.675 DEBUG 215277 --- [   scheduling-1] c.p.i.m.IntelPushRuleMapper.selectList   : ==> Parameters: active(String)
2026-08-22 21:28:53.685 DEBUG 215277 --- [   scheduling-1] c.p.i.m.IntelPushRuleMapper.selectList   : <==      Total: 15
2026-08-22 21:28:53.713 DEBUG 215277 --- [   scheduling-1] c.p.i.mapper.IntelNewsMapper.selectList  : ==>  Preparing: SELECT id,source_code,title,content,region_code,normalized_tags,importance,published_at,push_status,version,deleted,created_at,updated_at FROM intel_news WHERE deleted=false AND (push_status = ? AND importance = ?)
2026-08-22 21:28:53.713 DEBUG 215277 --- [   scheduling-1] c.p.i.mapper.IntelNewsMapper.selectList  : ==> Parameters: none(String), high(String)
2026-08-22 21:28:53.715 DEBUG 215277 --- [   scheduling-1] c.p.i.mapper.IntelNewsMapper.selectList  : <==      Total: 0
2026-08-22 21:28:53.717 DEBUG 215277 --- [   scheduling-1] c.p.i.mapper.IntelNewsMapper.selectList  : ==>  Preparing: SELECT id,source_code,title,content,region_code,normalized_tags,importance,published_at,push_status,version,deleted,created_at,updated_at FROM intel_news WHERE deleted=false AND (push_status = ? AND importance = ?)
2026-08-22 21:28:53.717 DEBUG 215277 --- [   scheduling-1] c.p.i.mapper.IntelNewsMapper.selectList  : ==> Parameters: none(String), medium(String)
2026-08-22 21:28:53.766 DEBUG 215277 --- [   scheduling-1] c.p.i.mapper.IntelNewsMapper.selectList  : <==      Total: 289
2026-08-22 21:28:53.774 DEBUG 215277 --- [   scheduling-1] c.p.i.mapper.IntelNewsMapper.selectList  : ==>  Preparing: SELECT id,source_code,title,content,region_code,normalized_tags,importance,published_at,push_status,version,deleted,created_at,updated_at FROM intel_news WHERE deleted=false AND (push_status = ? AND importance = ?)
2026-08-22 21:28:53.775 DEBUG 215277 --- [   scheduling-1] c.p.i.mapper.IntelNewsMapper.selectList  : ==> Parameters: none(String), high(String)
2026-08-22 21:28:53.775 DEBUG 215277 --- [   scheduling-1] c.p.i.mapper.IntelNewsMapper.selectList  : <==      Total: 0
2026-08-22 21:28:53.776 DEBUG 215277 --- [   scheduling-1] c.p.i.mapper.IntelNewsMapper.selectList  : ==>  Preparing: SELECT id,source_code,title,content,region_code,normalized_tags,importance,published_at,push_status,version,deleted,created_at,updated_at FROM intel_news WHERE deleted=false AND (push_status = ? AND importance = ?)
2026-08-22 21:28:53.777 DEBUG 215277 --- [   scheduling-1] c.p.i.mapper.IntelNewsMapper.selectList  : ==> Parameters: none(String), high(String)
2026-08-22 21:28:53.777 DEBUG 215277 --- [   scheduling-1] c.p.i.mapper.IntelNewsMapper.selectList  : <==      Total: 0
2026-08-22 21:28:53.778 DEBUG 215277 --- [   scheduling-1] c.p.i.mapper.IntelNewsMapper.selectList  : ==>  Preparing: SELECT id,source_code,title,content,region_code,normalized_tags,importance,published_at,push_status,version,deleted,created_at,updated_at FROM intel_news WHERE deleted=false AND (push_status = ? AND importance = ?)
2026-08-22 21:28:53.778 DEBUG 215277 --- [   scheduling-1] c.p.i.mapper.IntelNewsMapper.selectList  : ==> Parameters: none(String), high(String)
2026-08-22 21:28:53.779 DEBUG 215277 --- [   scheduling-1] c.p.i.mapper.IntelNewsMapper.selectList  : <==      Total: 0
2026-08-22 21:28:53.780 DEBUG 215277 --- [   scheduling-1] c.p.i.mapper.IntelNewsMapper.selectList  : ==>  Preparing: SELECT id,source_code,title,content,region_code,normalized_tags,importance,published_at,push_status,version,deleted,created_at,updated_at FROM intel_news WHERE deleted=false AND (push_status = ? AND importance = ?)
2026-08-22 21:28:53.780 DEBUG 215277 --- [   scheduling-1] c.p.i.mapper.IntelNewsMapper.selectList  : ==> Parameters: none(String), high(String)
2026-08-22 21:28:53.781 DEBUG 215277 --- [   scheduling-1] c.p.i.mapper.IntelNewsMapper.selectList  : <==      Total: 0
2026-08-22 21:28:53.782 DEBUG 215277 --- [   scheduling-1] c.p.i.mapper.IntelNewsMapper.selectList  : ==>  Preparing: SELECT id,source_code,title,content,region_code,normalized_tags,importance,published_at,push_status,version,deleted,created_at,updated_at FROM intel_news WHERE deleted=false AND (push_status = ? AND importance = ?)
2026-08-22 21:28:53.782 DEBUG 215277 --- [   scheduling-1] c.p.i.mapper.IntelNewsMapper.selectList  : ==> Parameters: none(String), high(String)
2026-08-22 21:28:53.783 DEBUG 215277 --- [   scheduling-1] c.p.i.mapper.IntelNewsMapper.selectList  : <==      Total: 0
2026-08-22 21:28:53.784 DEBUG 215277 --- [   scheduling-1] c.p.i.mapper.IntelNewsMapper.selectList  : ==>  Preparing: SELECT id,source_code,title,content,region_code,normalized_tags,importance,published_at,push_status,version,deleted,created_at,updated_at FROM intel_news WHERE deleted=false AND (push_status = ? AND importance = ?)
2026-08-22 21:28:53.784 DEBUG 215277 --- [   scheduling-1] c.p.i.mapper.IntelNewsMapper.selectList  : ==> Parameters: none(String), high(String)
2026-08-22 21:28:53.785 DEBUG 215277 --- [   scheduling-1] c.p.i.mapper.IntelNewsMapper.selectList  : <==      Total: 0
2026-08-22 21:28:53.786 DEBUG 215277 --- [   scheduling-1] c.p.i.mapper.IntelNewsMapper.selectList  : ==>  Preparing: SELECT id,source_code,title,content,region_code,normalized_tags,importance,published_at,push_status,version,deleted,created_at,updated_at FROM intel_news WHERE deleted=false AND (push_status = ? AND importance = ?)
2026-08-22 21:28:53.786 DEBUG 215277 --- [   scheduling-1] c.p.i.mapper.IntelNewsMapper.selectList  : ==> Parameters: none(String), high(String)
2026-08-22 21:28:53.787 DEBUG 215277 --- [   scheduling-1] c.p.i.mapper.IntelNewsMapper.selectList  : <==      Total: 0
2026-08-22 21:28:53.788 DEBUG 215277 --- [   scheduling-1] c.p.i.mapper.IntelNewsMapper.selectList  : ==>  Preparing: SELECT id,source_code,title,content,region_code,normalized_tags,importance,published_at,push_status,version,deleted,created_at,updated_at FROM intel_news WHERE deleted=false AND (push_status = ? AND importance = ?)
2026-08-22 21:28:53.789 DEBUG 215277 --- [   scheduling-1] c.p.i.mapper.IntelNewsMapper.selectList  : ==> Parameters: none(String), high(String)
2026-08-22 21:28:53.789 DEBUG 215277 --- [   scheduling-1] c.p.i.mapper.IntelNewsMapper.selectList  : <==      Total: 0
2026-08-22 21:28:53.790 DEBUG 215277 --- [   scheduling-1] c.p.i.mapper.IntelNewsMapper.selectList  : ==>  Preparing: SELECT id,source_code,title,content,region_code,normalized_tags,importance,published_at,push_status,version,deleted,created_at,updated_at FROM intel_news WHERE deleted=false AND (push_status = ? AND importance = ?)
2026-08-22 21:28:53.791 DEBUG 215277 --- [   scheduling-1] c.p.i.mapper.IntelNewsMapper.selectList  : ==> Parameters: none(String), high(String)
2026-08-22 21:28:53.791 DEBUG 215277 --- [   scheduling-1] c.p.i.mapper.IntelNewsMapper.selectList  : <==      Total: 0
2026-08-22 21:28:53.792 DEBUG 215277 --- [   scheduling-1] c.p.i.mapper.IntelNewsMapper.selectList  : ==>  Preparing: SELECT id,source_code,title,content,region_code,normalized_tags,importance,published_at,push_status,version,deleted,created_at,updated_at FROM intel_news WHERE deleted=false AND (push_status = ? AND importance = ?)
2026-08-22 21:28:53.793 DEBUG 215277 --- [   scheduling-1] c.p.i.mapper.IntelNewsMapper.selectList  : ==> Parameters: none(String), high(String)
2026-08-22 21:28:53.793 DEBUG 215277 --- [   scheduling-1] c.p.i.mapper.IntelNewsMapper.selectList  : <==      Total: 0
2026-08-22 21:28:53.795 DEBUG 215277 --- [   scheduling-1] c.p.i.mapper.IntelNewsMapper.selectList  : ==>  Preparing: SELECT id,source_code,title,content,region_code,normalized_tags,importance,published_at,push_status,version,deleted,created_at,updated_at FROM intel_news WHERE deleted=false AND (push_status = ? AND importance = ?)
2026-08-22 21:28:53.795 DEBUG 215277 --- [   scheduling-1] c.p.i.mapper.IntelNewsMapper.selectList  : ==> Parameters: none(String), high(String)
2026-08-22 21:28:53.795 DEBUG 215277 --- [   scheduling-1] c.p.i.mapper.IntelNewsMapper.selectList  : <==      Total: 0
2026-08-22 21:28:53.798 DEBUG 215277 --- [   scheduling-1] c.p.i.mapper.IntelNewsMapper.selectList  : ==>  Preparing: SELECT id,source_code,title,content,region_code,normalized_tags,importance,published_at,push_status,version,deleted,created_at,updated_at FROM intel_news WHERE deleted=false AND (push_status = ? AND importance = ?)
2026-08-22 21:28:53.799 DEBUG 215277 --- [   scheduling-1] c.p.i.mapper.IntelNewsMapper.selectList  : ==> Parameters: none(String), high(String)
2026-08-22 21:28:53.800 DEBUG 215277 --- [   scheduling-1] c.p.i.mapper.IntelNewsMapper.selectList  : <==      Total: 0
2026-08-22 21:28:53.803 DEBUG 215277 --- [   scheduling-1] c.p.i.mapper.IntelNewsMapper.selectList  : ==>  Preparing: SELECT id,source_code,title,content,region_code,normalized_tags,importance,published_at,push_status,version,deleted,created_at,updated_at FROM intel_news WHERE deleted=false AND (push_status = ? AND importance = ?)
2026-08-22 21:28:53.803 DEBUG 215277 --- [   scheduling-1] c.p.i.mapper.IntelNewsMapper.selectList  : ==> Parameters: none(String), high(String)
2026-08-22 21:28:53.804 DEBUG 215277 --- [   scheduling-1] c.p.i.mapper.IntelNewsMapper.selectList  : <==      Total: 0
2026-08-22 21:28:53.804  INFO 215277 --- [   scheduling-1] com.ptidss.intel.service.IntelService    : 情报推送执行完成：匹配情报 0 条，派发消息 0 条，触发决策会话情报重评 0 个
2026-08-22 21:29:03.671 DEBUG 215277 --- [   scheduling-1] c.p.d.m.CollectTaskMapper.selectList     : ==>  Preparing: SELECT id,source_id,task_type,cron_expr,last_run_time,last_status,records_count,error_log,version,deleted,created_at,updated_at FROM collect_task WHERE deleted=false AND (cron_expr IS NOT NULL)
2026-08-22 21:29:03.672 DEBUG 215277 --- [   scheduling-1] c.p.d.m.CollectTaskMapper.selectList     : ==> Parameters: 
2026-08-22 21:29:03.674 DEBUG 215277 --- [   scheduling-1] c.p.d.m.CollectTaskMapper.selectList     : <==      Total: 3
2026-08-22 21:29:13.671 DEBUG 215277 --- [   scheduling-1] c.p.i.m.IntelSourceMapper.selectList     : ==>  Preparing: SELECT id,source_code,source_name,intel_type,fetch_mode,conn_type,conn_config,frequency,status,last_success_at,last_error,consecutive_failures,version,deleted,created_at,updated_at FROM intel_source WHERE deleted=false AND (status = ?)
2026-08-22 21:29:13.672 DEBUG 215277 --- [   scheduling-1] c.p.i.m.IntelSourceMapper.selectList     : ==> Parameters: enabled(String)
2026-08-22 21:29:13.893 DEBUG 215277 --- [   scheduling-1] c.p.i.m.IntelSourceMapper.selectList     : <==      Total: 21
2026-08-22 21:29:13.896  INFO 215277 --- [   scheduling-1] c.p.intel.service.IntelFetchService      : 行情采集执行完成：到期 0 个（成功 0 / 失败 0 / 跳过未到期 21）
2026-08-22 21:29:23.806 DEBUG 215277 --- [   scheduling-1] c.p.i.m.IntelPushRuleMapper.selectList   : ==>  Preparing: SELECT id,rule_name,tags_filter,importance_filter,target_roles,channel,silent_period,status,version,deleted,created_at,updated_at FROM intel_push_rule WHERE deleted=false AND (status = ?)
2026-08-22 21:29:23.806 DEBUG 215277 --- [   scheduling-1] c.p.i.m.IntelPushRuleMapper.selectList   : ==> Parameters: active(String)
2026-08-22 21:29:23.809 DEBUG 215277 --- [   scheduling-1] c.p.i.m.IntelPushRuleMapper.selectList   : <==      Total: 15
2026-08-22 21:29:23.810 DEBUG 215277 --- [   scheduling-1] c.p.i.mapper.IntelNewsMapper.selectList  : ==>  Preparing: SELECT id,source_code,title,content,region_code,normalized_tags,importance,published_at,push_status,version,deleted,created_at,updated_at FROM intel_news WHERE deleted=false AND (push_status = ? AND importance = ?)
2026-08-22 21:29:23.811 DEBUG 215277 --- [   scheduling-1] c.p.i.mapper.IntelNewsMapper.selectList  : ==> Parameters: none(String), high(String)
2026-08-22 21:29:23.811 DEBUG 215277 --- [   scheduling-1] c.p.i.mapper.IntelNewsMapper.selectList  : <==      Total: 0
2026-08-22 21:29:23.813 DEBUG 215277 --- [   scheduling-1] c.p.i.mapper.IntelNewsMapper.selectList  : ==>  Preparing: SELECT id,source_code,title,content,region_code,normalized_tags,importance,published_at,push_status,version,deleted,created_at,updated_at FROM intel_news WHERE deleted=false AND (push_status = ? AND importance = ?)
2026-08-22 21:29:23.813 DEBUG 215277 --- [   scheduling-1] c.p.i.mapper.IntelNewsMapper.selectList  : ==> Parameters: none(String), medium(String)
2026-08-22 21:29:23.836 DEBUG 215277 --- [   scheduling-1] c.p.i.mapper.IntelNewsMapper.selectList  : <==      Total: 289
2026-08-22 21:29:23.844 DEBUG 215277 --- [   scheduling-1] c.p.i.mapper.IntelNewsMapper.selectList  : ==>  Preparing: SELECT id,source_code,title,content,region_code,normalized_tags,importance,published_at,push_status,version,deleted,created_at,updated_at FROM intel_news WHERE deleted=false AND (push_status = ? AND importance = ?)
2026-08-22 21:29:23.844 DEBUG 215277 --- [   scheduling-1] c.p.i.mapper.IntelNewsMapper.selectList  : ==> Parameters: none(String), high(String)
2026-08-22 21:29:23.844 DEBUG 215277 --- [   scheduling-1] c.p.i.mapper.IntelNewsMapper.selectList  : <==      Total: 0
2026-08-22 21:29:23.845 DEBUG 215277 --- [   scheduling-1] c.p.i.mapper.IntelNewsMapper.selectList  : ==>  Preparing: SELECT id,source_code,title,content,region_code,normalized_tags,importance,published_at,push_status,version,deleted,created_at,updated_at FROM intel_news WHERE deleted=false AND (push_status = ? AND importance = ?)
2026-08-22 21:29:23.846 DEBUG 215277 --- [   scheduling-1] c.p.i.mapper.IntelNewsMapper.selectList  : ==> Parameters: none(String), high(String)
2026-08-22 21:29:23.846 DEBUG 215277 --- [   scheduling-1] c.p.i.mapper.IntelNewsMapper.selectList  : <==      Total: 0
2026-08-22 21:29:23.847 DEBUG 215277 --- [   scheduling-1] c.p.i.mapper.IntelNewsMapper.selectList  : ==>  Preparing: SELECT id,source_code,title,content,region_code,normalized_tags,importance,published_at,push_status,version,deleted,created_at,updated_at FROM intel_news WHERE deleted=false AND (push_status = ? AND importance = ?)
2026-08-22 21:29:23.847 DEBUG 215277 --- [   scheduling-1] c.p.i.mapper.IntelNewsMapper.selectList  : ==> Parameters: none(String), high(String)
2026-08-22 21:29:23.848 DEBUG 215277 --- [   scheduling-1] c.p.i.mapper.IntelNewsMapper.selectList  : <==      Total: 0
2026-08-22 21:29:23.849 DEBUG 215277 --- [   scheduling-1] c.p.i.mapper.IntelNewsMapper.selectList  : ==>  Preparing: SELECT id,source_code,title,content,region_code,normalized_tags,importance,published_at,push_status,version,deleted,created_at,updated_at FROM intel_news WHERE deleted=false AND (push_status = ? AND importance = ?)
2026-08-22 21:29:23.849 DEBUG 215277 --- [   scheduling-1] c.p.i.mapper.IntelNewsMapper.selectList  : ==> Parameters: none(String), high(String)
2026-08-22 21:29:23.849 DEBUG 215277 --- [   scheduling-1] c.p.i.mapper.IntelNewsMapper.selectList  : <==      Total: 0
2026-08-22 21:29:23.851 DEBUG 215277 --- [   scheduling-1] c.p.i.mapper.IntelNewsMapper.selectList  : ==>  Preparing: SELECT id,source_code,title,content,region_code,normalized_tags,importance,published_at,push_status,version,deleted,created_at,updated_at FROM intel_news WHERE deleted=false AND (push_status = ? AND importance = ?)
2026-08-22 21:29:23.851 DEBUG 215277 --- [   scheduling-1] c.p.i.mapper.IntelNewsMapper.selectList  : ==> Parameters: none(String), high(String)
2026-08-22 21:29:23.851 DEBUG 215277 --- [   scheduling-1] c.p.i.mapper.IntelNewsMapper.selectList  : <==      Total: 0
2026-08-22 21:29:23.852 DEBUG 215277 --- [   scheduling-1] c.p.i.mapper.IntelNewsMapper.selectList  : ==>  Preparing: SELECT id,source_code,title,content,region_code,normalized_tags,importance,published_at,push_status,version,deleted,created_at,updated_at FROM intel_news WHERE deleted=false AND (push_status = ? AND importance = ?)
2026-08-22 21:29:23.852 DEBUG 215277 --- [   scheduling-1] c.p.i.mapper.IntelNewsMapper.selectList  : ==> Parameters: none(String), high(String)
2026-08-22 21:29:23.853 DEBUG 215277 --- [   scheduling-1] c.p.i.mapper.IntelNewsMapper.selectList  : <==      Total: 0
2026-08-22 21:29:23.854 DEBUG 215277 --- [   scheduling-1] c.p.i.mapper.IntelNewsMapper.selectList  : ==>  Preparing: SELECT id,source_code,title,content,region_code,normalized_tags,importance,published_at,push_status,version,deleted,created_at,updated_at FROM intel_news WHERE deleted=false AND (push_status = ? AND importance = ?)
2026-08-22 21:29:23.854 DEBUG 215277 --- [   scheduling-1] c.p.i.mapper.IntelNewsMapper.selectList  : ==> Parameters: none(String), high(String)
2026-08-22 21:29:23.855 DEBUG 215277 --- [   scheduling-1] c.p.i.mapper.IntelNewsMapper.selectList  : <==      Total: 0
2026-08-22 21:29:23.856 DEBUG 215277 --- [   scheduling-1] c.p.i.mapper.IntelNewsMapper.selectList  : ==>  Preparing: SELECT id,source_code,title,content,region_code,normalized_tags,importance,published_at,push_status,version,deleted,created_at,updated_at FROM intel_news WHERE deleted=false AND (push_status = ? AND importance = ?)
2026-08-22 21:29:23.856 DEBUG 215277 --- [   scheduling-1] c.p.i.mapper.IntelNewsMapper.selectList  : ==> Parameters: none(String), high(String)
2026-08-22 21:29:23.856 DEBUG 215277 --- [   scheduling-1] c.p.i.mapper.IntelNewsMapper.selectList  : <==      Total: 0
2026-08-22 21:29:23.858 DEBUG 215277 --- [   scheduling-1] c.p.i.mapper.IntelNewsMapper.selectList  : ==>  Preparing: SELECT id,source_code,title,content,region_code,normalized_tags,importance,published_at,push_status,version,deleted,created_at,updated_at FROM intel_news WHERE deleted=false AND (push_status = ? AND importance = ?)
2026-08-22 21:29:23.858 DEBUG 215277 --- [   scheduling-1] c.p.i.mapper.IntelNewsMapper.selectList  : ==> Parameters: none(String), high(String)
2026-08-22 21:29:23.858 DEBUG 215277 --- [   scheduling-1] c.p.i.mapper.IntelNewsMapper.selectList  : <==      Total: 0
2026-08-22 21:29:23.859 DEBUG 215277 --- [   scheduling-1] c.p.i.mapper.IntelNewsMapper.selectList  : ==>  Preparing: SELECT id,source_code,title,content,region_code,normalized_tags,importance,published_at,push_status,version,deleted,created_at,updated_at FROM intel_news WHERE deleted=false AND (push_status = ? AND importance = ?)
2026-08-22 21:29:23.860 DEBUG 215277 --- [   scheduling-1] c.p.i.mapper.IntelNewsMapper.selectList  : ==> Parameters: none(String), high(String)
2026-08-22 21:29:23.860 DEBUG 215277 --- [   scheduling-1] c.p.i.mapper.IntelNewsMapper.selectList  : <==      Total: 0
2026-08-22 21:29:23.861 DEBUG 215277 --- [   scheduling-1] c.p.i.mapper.IntelNewsMapper.selectList  : ==>  Preparing: SELECT id,source_code,title,content,region_code,normalized_tags,importance,published_at,push_status,version,deleted,created_at,updated_at FROM intel_news WHERE deleted=false AND (push_status = ? AND importance = ?)
2026-08-22 21:29:23.861 DEBUG 215277 --- [   scheduling-1] c.p.i.mapper.IntelNewsMapper.selectList  : ==> Parameters: none(String), high(String)
2026-08-22 21:29:23.862 DEBUG 215277 --- [   scheduling-1] c.p.i.mapper.IntelNewsMapper.selectList  : <==      Total: 0
2026-08-22 21:29:23.863 DEBUG 215277 --- [   scheduling-1] c.p.i.mapper.IntelNewsMapper.selectList  : ==>  Preparing: SELECT id,source_code,title,content,region_code,normalized_tags,importance,published_at,push_status,version,deleted,created_at,updated_at FROM intel_news WHERE deleted=false AND (push_status = ? AND importance = ?)
2026-08-22 21:29:23.863 DEBUG 215277 --- [   scheduling-1] c.p.i.mapper.IntelNewsMapper.selectList  : ==> Parameters: none(String), high(String)
2026-08-22 21:29:23.863 DEBUG 215277 --- [   scheduling-1] c.p.i.mapper.IntelNewsMapper.selectList  : <==      Total: 0
2026-08-22 21:29:23.864 DEBUG 215277 --- [   scheduling-1] c.p.i.mapper.IntelNewsMapper.selectList  : ==>  Preparing: SELECT id,source_code,title,content,region_code,normalized_tags,importance,published_at,push_status,version,deleted,created_at,updated_at FROM intel_news WHERE deleted=false AND (push_status = ? AND importance = ?)
2026-08-22 21:29:23.865 DEBUG 215277 --- [   scheduling-1] c.p.i.mapper.IntelNewsMapper.selectList  : ==> Parameters: none(String), high(String)
2026-08-22 21:29:23.865 DEBUG 215277 --- [   scheduling-1] c.p.i.mapper.IntelNewsMapper.selectList  : <==      Total: 0
2026-08-22 21:29:23.865  INFO 215277 --- [   scheduling-1] com.ptidss.intel.service.IntelService    : 情报推送执行完成：匹配情报 0 条，派发消息 0 条，触发决策会话情报重评 0 个
2026-08-22 21:29:52.881 DEBUG 215277 --- [nio-9080-exec-2] c.p.s.mapper.SysUserMapper.selectList    : ==>  Preparing: SELECT id,username,display_name,password_hash,role_ids,org_code,phone,email,status,last_login_at,version,deleted,created_at,updated_at FROM sys_user WHERE deleted=false AND (username = ?)
2026-08-22 21:29:52.881 DEBUG 215277 --- [nio-9080-exec-2] c.p.s.mapper.SysUserMapper.selectList    : ==> Parameters: admin(String)
2026-08-22 21:29:52.982 DEBUG 215277 --- [nio-9080-exec-2] c.p.s.mapper.SysUserMapper.selectList    : <==      Total: 1
2026-08-22 21:29:53.090 DEBUG 215277 --- [nio-9080-exec-2] c.p.s.m.SysRoleMapper.selectBatchIds     : ==>  Preparing: SELECT id,role_code,role_name,description,status,version,deleted,created_at,updated_at FROM sys_role WHERE id IN ( ? ) AND deleted=false
2026-08-22 21:29:53.091 DEBUG 215277 --- [nio-9080-exec-2] c.p.s.m.SysRoleMapper.selectBatchIds     : ==> Parameters: 4(Long)
2026-08-22 21:29:53.092 DEBUG 215277 --- [nio-9080-exec-2] c.p.s.m.SysRoleMapper.selectBatchIds     : <==      Total: 1
2026-08-22 21:29:53.095 DEBUG 215277 --- [nio-9080-exec-2] c.p.s.m.SysPermissionMapper.selectList   : ==>  Preparing: SELECT id,perm_code,perm_name,resource_type,resource_pattern,status,version,deleted,created_at,updated_at FROM sys_permission WHERE deleted=false AND (status = ? AND EXISTS (SELECT 1 FROM sys_role_permission rp WHERE rp.permission_id = sys_permission.id AND rp.role_id = ?))
2026-08-22 21:29:53.095 DEBUG 215277 --- [nio-9080-exec-2] c.p.s.m.SysPermissionMapper.selectList   : ==> Parameters: active(String), 4(Long)
2026-08-22 21:29:53.099 DEBUG 215277 --- [nio-9080-exec-2] c.p.s.m.SysPermissionMapper.selectList   : <==      Total: 18
2026-08-22 21:29:53.103 DEBUG 215277 --- [nio-9080-exec-2] c.p.s.m.SysUserRegionMapper.selectList   : ==>  Preparing: SELECT user_id,region_code FROM sys_user_region WHERE (user_id = ?)
2026-08-22 21:29:53.103 DEBUG 215277 --- [nio-9080-exec-2] c.p.s.m.SysUserRegionMapper.selectList   : ==> Parameters: 1(Long)
2026-08-22 21:29:53.104 DEBUG 215277 --- [nio-9080-exec-2] c.p.s.m.SysUserRegionMapper.selectList   : <==      Total: 4
2026-08-22 21:29:53.107 DEBUG 215277 --- [nio-9080-exec-2] c.p.s.mapper.SysRegionMapper.selectList  : ==>  Preparing: SELECT id,region_code,region_name,market_support,exchange_channel,settlement_period,status,launch_order,version,deleted,created_at,updated_at FROM sys_region WHERE deleted=false AND (region_code = ? AND status = ?)
2026-08-22 21:29:53.107 DEBUG 215277 --- [nio-9080-exec-2] c.p.s.mapper.SysRegionMapper.selectList  : ==> Parameters: CN-31(String), enabled(String)
2026-08-22 21:29:53.109 DEBUG 215277 --- [nio-9080-exec-2] c.p.s.mapper.SysRegionMapper.selectList  : <==      Total: 1
2026-08-22 21:29:53.158 DEBUG 215277 --- [nio-9080-exec-2] c.p.s.mapper.SysUserMapper.updateById    : ==>  Preparing: UPDATE sys_user SET last_login_at=?, updated_at=? WHERE id=? AND deleted=false
2026-08-22 21:29:53.160 DEBUG 215277 --- [nio-9080-exec-2] c.p.s.mapper.SysUserMapper.updateById    : ==> Parameters: 2026-08-22 21:29:53.15(Timestamp), 2026-08-22 21:29:53.155(Timestamp), 1(Long)
2026-08-22 21:29:53.163 DEBUG 215277 --- [nio-9080-exec-2] c.p.s.mapper.SysUserMapper.updateById    : <==    Updates: 1
2026-08-22 21:29:53.169 DEBUG 215277 --- [nio-9080-exec-2] c.p.system.mapper.AuditLogMapper.insert  : ==>  Preparing: INSERT INTO audit_log ( id, trace_id, user_id, username, action, target_type, target_id, ip, user_agent, result, created_at ) VALUES ( ?, ?, ?, ?, ?, ?, ?, ?, ?, ?, ? )
2026-08-22 21:29:53.169 DEBUG 215277 --- [nio-9080-exec-2] c.p.system.mapper.AuditLogMapper.insert  : ==> Parameters: 216911758135267328(Long), d8ddf82aed52461b(String), 0(Long), admin(String), login(String), auth(String), LoginBody(username=admin, password=Ptidss@2026, captchaKey=null,(String), 127.0.0.1(String), curl/8.5.0(String), success(String), 2026-08-22 21:29:53.165(Timestamp)
2026-08-22 21:29:53.171 DEBUG 215277 --- [nio-9080-exec-2] c.p.system.mapper.AuditLogMapper.insert  : <==    Updates: 1
2026-08-22 21:29:53.867 DEBUG 215277 --- [   scheduling-1] c.p.i.m.IntelPushRuleMapper.selectList   : ==>  Preparing: SELECT id,rule_name,tags_filter,importance_filter,target_roles,channel,silent_period,status,version,deleted,created_at,updated_at FROM intel_push_rule WHERE deleted=false AND (status = ?)
2026-08-22 21:29:53.867 DEBUG 215277 --- [   scheduling-1] c.p.i.m.IntelPushRuleMapper.selectList   : ==> Parameters: active(String)
2026-08-22 21:29:53.869 DEBUG 215277 --- [   scheduling-1] c.p.i.m.IntelPushRuleMapper.selectList   : <==      Total: 15
2026-08-22 21:29:53.871 DEBUG 215277 --- [   scheduling-1] c.p.i.mapper.IntelNewsMapper.selectList  : ==>  Preparing: SELECT id,source_code,title,content,region_code,normalized_tags,importance,published_at,push_status,version,deleted,created_at,updated_at FROM intel_news WHERE deleted=false AND (push_status = ? AND importance = ?)
2026-08-22 21:29:53.871 DEBUG 215277 --- [   scheduling-1] c.p.i.mapper.IntelNewsMapper.selectList  : ==> Parameters: none(String), high(String)
2026-08-22 21:29:53.871 DEBUG 215277 --- [   scheduling-1] c.p.i.mapper.IntelNewsMapper.selectList  : <==      Total: 0
2026-08-22 21:29:53.873 DEBUG 215277 --- [   scheduling-1] c.p.i.mapper.IntelNewsMapper.selectList  : ==>  Preparing: SELECT id,source_code,title,content,region_code,normalized_tags,importance,published_at,push_status,version,deleted,created_at,updated_at FROM intel_news WHERE deleted=false AND (push_status = ? AND importance = ?)
2026-08-22 21:29:53.873 DEBUG 215277 --- [   scheduling-1] c.p.i.mapper.IntelNewsMapper.selectList  : ==> Parameters: none(String), medium(String)
2026-08-22 21:29:53.886 DEBUG 215277 --- [   scheduling-1] c.p.i.mapper.IntelNewsMapper.selectList  : <==      Total: 289
2026-08-22 21:29:53.892 DEBUG 215277 --- [   scheduling-1] c.p.i.mapper.IntelNewsMapper.selectList  : ==>  Preparing: SELECT id,source_code,title,content,region_code,normalized_tags,importance,published_at,push_status,version,deleted,created_at,updated_at FROM intel_news WHERE deleted=false AND (push_status = ? AND importance = ?)
2026-08-22 21:29:53.892 DEBUG 215277 --- [   scheduling-1] c.p.i.mapper.IntelNewsMapper.selectList  : ==> Parameters: none(String), high(String)
2026-08-22 21:29:53.893 DEBUG 215277 --- [   scheduling-1] c.p.i.mapper.IntelNewsMapper.selectList  : <==      Total: 0
2026-08-22 21:29:53.894 DEBUG 215277 --- [   scheduling-1] c.p.i.mapper.IntelNewsMapper.selectList  : ==>  Preparing: SELECT id,source_code,title,content,region_code,normalized_tags,importance,published_at,push_status,version,deleted,created_at,updated_at FROM intel_news WHERE deleted=false AND (push_status = ? AND importance = ?)
2026-08-22 21:29:53.894 DEBUG 215277 --- [   scheduling-1] c.p.i.mapper.IntelNewsMapper.selectList  : ==> Parameters: none(String), high(String)
2026-08-22 21:29:53.895 DEBUG 215277 --- [   scheduling-1] c.p.i.mapper.IntelNewsMapper.selectList  : <==      Total: 0
2026-08-22 21:29:53.896 DEBUG 215277 --- [   scheduling-1] c.p.i.mapper.IntelNewsMapper.selectList  : ==>  Preparing: SELECT id,source_code,title,content,region_code,normalized_tags,importance,published_at,push_status,version,deleted,created_at,updated_at FROM intel_news WHERE deleted=false AND (push_status = ? AND importance = ?)
2026-08-22 21:29:53.896 DEBUG 215277 --- [   scheduling-1] c.p.i.mapper.IntelNewsMapper.selectList  : ==> Parameters: none(String), high(String)
2026-08-22 21:29:53.896 DEBUG 215277 --- [   scheduling-1] c.p.i.mapper.IntelNewsMapper.selectList  : <==      Total: 0
2026-08-22 21:29:53.898 DEBUG 215277 --- [   scheduling-1] c.p.i.mapper.IntelNewsMapper.selectList  : ==>  Preparing: SELECT id,source_code,title,content,region_code,normalized_tags,importance,published_at,push_status,version,deleted,created_at,updated_at FROM intel_news WHERE deleted=false AND (push_status = ? AND importance = ?)
2026-08-22 21:29:53.898 DEBUG 215277 --- [   scheduling-1] c.p.i.mapper.IntelNewsMapper.selectList  : ==> Parameters: none(String), high(String)
2026-08-22 21:29:53.899 DEBUG 215277 --- [   scheduling-1] c.p.i.mapper.IntelNewsMapper.selectList  : <==      Total: 0
2026-08-22 21:29:53.900 DEBUG 215277 --- [   scheduling-1] c.p.i.mapper.IntelNewsMapper.selectList  : ==>  Preparing: SELECT id,source_code,title,content,region_code,normalized_tags,importance,published_at,push_status,version,deleted,created_at,updated_at FROM intel_news WHERE deleted=false AND (push_status = ? AND importance = ?)
2026-08-22 21:29:53.900 DEBUG 215277 --- [   scheduling-1] c.p.i.mapper.IntelNewsMapper.selectList  : ==> Parameters: none(String), high(String)
2026-08-22 21:29:53.901 DEBUG 215277 --- [   scheduling-1] c.p.i.mapper.IntelNewsMapper.selectList  : <==      Total: 0
2026-08-22 21:29:53.902 DEBUG 215277 --- [   scheduling-1] c.p.i.mapper.IntelNewsMapper.selectList  : ==>  Preparing: SELECT id,source_code,title,content,region_code,normalized_tags,importance,published_at,push_status,version,deleted,created_at,updated_at FROM intel_news WHERE deleted=false AND (push_status = ? AND importance = ?)
2026-08-22 21:29:53.902 DEBUG 215277 --- [   scheduling-1] c.p.i.mapper.IntelNewsMapper.selectList  : ==> Parameters: none(String), high(String)
2026-08-22 21:29:53.902 DEBUG 215277 --- [   scheduling-1] c.p.i.mapper.IntelNewsMapper.selectList  : <==      Total: 0
2026-08-22 21:29:53.903 DEBUG 215277 --- [   scheduling-1] c.p.i.mapper.IntelNewsMapper.selectList  : ==>  Preparing: SELECT id,source_code,title,content,region_code,normalized_tags,importance,published_at,push_status,version,deleted,created_at,updated_at FROM intel_news WHERE deleted=false AND (push_status = ? AND importance = ?)
2026-08-22 21:29:53.903 DEBUG 215277 --- [   scheduling-1] c.p.i.mapper.IntelNewsMapper.selectList  : ==> Parameters: none(String), high(String)
2026-08-22 21:29:53.904 DEBUG 215277 --- [   scheduling-1] c.p.i.mapper.IntelNewsMapper.selectList  : <==      Total: 0
2026-08-22 21:29:53.905 DEBUG 215277 --- [   scheduling-1] c.p.i.mapper.IntelNewsMapper.selectList  : ==>  Preparing: SELECT id,source_code,title,content,region_code,normalized_tags,importance,published_at,push_status,version,deleted,created_at,updated_at FROM intel_news WHERE deleted=false AND (push_status = ? AND importance = ?)
2026-08-22 21:29:53.905 DEBUG 215277 --- [   scheduling-1] c.p.i.mapper.IntelNewsMapper.selectList  : ==> Parameters: none(String), high(String)
2026-08-22 21:29:53.905 DEBUG 215277 --- [   scheduling-1] c.p.i.mapper.IntelNewsMapper.selectList  : <==      Total: 0
2026-08-22 21:29:53.906 DEBUG 215277 --- [   scheduling-1] c.p.i.mapper.IntelNewsMapper.selectList  : ==>  Preparing: SELECT id,source_code,title,content,region_code,normalized_tags,importance,published_at,push_status,version,deleted,created_at,updated_at FROM intel_news WHERE deleted=false AND (push_status = ? AND importance = ?)
2026-08-22 21:29:53.906 DEBUG 215277 --- [   scheduling-1] c.p.i.mapper.IntelNewsMapper.selectList  : ==> Parameters: none(String), high(String)
2026-08-22 21:29:53.907 DEBUG 215277 --- [   scheduling-1] c.p.i.mapper.IntelNewsMapper.selectList  : <==      Total: 0
2026-08-22 21:29:53.908 DEBUG 215277 --- [   scheduling-1] c.p.i.mapper.IntelNewsMapper.selectList  : ==>  Preparing: SELECT id,source_code,title,content,region_code,normalized_tags,importance,published_at,push_status,version,deleted,created_at,updated_at FROM intel_news WHERE deleted=false AND (push_status = ? AND importance = ?)
2026-08-22 21:29:53.908 DEBUG 215277 --- [   scheduling-1] c.p.i.mapper.IntelNewsMapper.selectList  : ==> Parameters: none(String), high(String)
2026-08-22 21:29:53.908 DEBUG 215277 --- [   scheduling-1] c.p.i.mapper.IntelNewsMapper.selectList  : <==      Total: 0
2026-08-22 21:29:53.909 DEBUG 215277 --- [   scheduling-1] c.p.i.mapper.IntelNewsMapper.selectList  : ==>  Preparing: SELECT id,source_code,title,content,region_code,normalized_tags,importance,published_at,push_status,version,deleted,created_at,updated_at FROM intel_news WHERE deleted=false AND (push_status = ? AND importance = ?)
2026-08-22 21:29:53.909 DEBUG 215277 --- [   scheduling-1] c.p.i.mapper.IntelNewsMapper.selectList  : ==> Parameters: none(String), high(String)
2026-08-22 21:29:53.909 DEBUG 215277 --- [   scheduling-1] c.p.i.mapper.IntelNewsMapper.selectList  : <==      Total: 0
2026-08-22 21:29:53.910 DEBUG 215277 --- [   scheduling-1] c.p.i.mapper.IntelNewsMapper.selectList  : ==>  Preparing: SELECT id,source_code,title,content,region_code,normalized_tags,importance,published_at,push_status,version,deleted,created_at,updated_at FROM intel_news WHERE deleted=false AND (push_status = ? AND importance = ?)
2026-08-22 21:29:53.910 DEBUG 215277 --- [   scheduling-1] c.p.i.mapper.IntelNewsMapper.selectList  : ==> Parameters: none(String), high(String)
2026-08-22 21:29:53.911 DEBUG 215277 --- [   scheduling-1] c.p.i.mapper.IntelNewsMapper.selectList  : <==      Total: 0
2026-08-22 21:29:53.911 DEBUG 215277 --- [   scheduling-1] c.p.i.mapper.IntelNewsMapper.selectList  : ==>  Preparing: SELECT id,source_code,title,content,region_code,normalized_tags,importance,published_at,push_status,version,deleted,created_at,updated_at FROM intel_news WHERE deleted=false AND (push_status = ? AND importance = ?)
2026-08-22 21:29:53.912 DEBUG 215277 --- [   scheduling-1] c.p.i.mapper.IntelNewsMapper.selectList  : ==> Parameters: none(String), high(String)
2026-08-22 21:29:53.912 DEBUG 215277 --- [   scheduling-1] c.p.i.mapper.IntelNewsMapper.selectList  : <==      Total: 0
2026-08-22 21:29:53.912  INFO 215277 --- [   scheduling-1] com.ptidss.intel.service.IntelService    : 情报推送执行完成：匹配情报 0 条，派发消息 0 条，触发决策会话情报重评 0 个
2026-08-22 21:30:03.676 DEBUG 215277 --- [   scheduling-1] c.p.d.m.CollectTaskMapper.selectList     : ==>  Preparing: SELECT id,source_id,task_type,cron_expr,last_run_time,last_status,records_count,error_log,version,deleted,created_at,updated_at FROM collect_task WHERE deleted=false AND (cron_expr IS NOT NULL)
2026-08-22 21:30:03.676 DEBUG 215277 --- [   scheduling-1] c.p.d.m.CollectTaskMapper.selectList     : ==> Parameters: 
2026-08-22 21:30:03.677 DEBUG 215277 --- [   scheduling-1] c.p.d.m.CollectTaskMapper.selectList     : <==      Total: 3
2026-08-22 21:30:03.682 DEBUG 215277 --- [   scheduling-1] c.p.d.m.CollectTaskMapper.updateById     : ==>  Preparing: UPDATE collect_task SET source_id=?, task_type=?, cron_expr=?, last_run_time=?, last_status=?, records_count=?, version=?, created_at=?, updated_at=? WHERE id=? AND version=? AND deleted=false
2026-08-22 21:30:03.683 DEBUG 215277 --- [   scheduling-1] c.p.d.m.CollectTaskMapper.updateById     : ==> Parameters: 2(Long), market(String), 0 0/30 * * * *(String), 2026-08-22 21:30:03.678(Timestamp), success(String), 1613(Long), 116(Integer), 2026-08-20 18:39:44.561(Timestamp), 2026-08-20 18:39:44.561(Timestamp), 1(Long), 115(Integer)
2026-08-22 21:30:03.686 DEBUG 215277 --- [   scheduling-1] c.p.d.m.CollectTaskMapper.updateById     : <==    Updates: 1
2026-08-22 21:30:03.686  INFO 215277 --- [   scheduling-1] com.ptidss.data.service.DataService      : 定时采集执行：task=market(1) cron=0 0/30 * * * * 记录数=1613
2026-08-22 21:30:13.898 DEBUG 215277 --- [   scheduling-1] c.p.i.m.IntelSourceMapper.selectList     : ==>  Preparing: SELECT id,source_code,source_name,intel_type,fetch_mode,conn_type,conn_config,frequency,status,last_success_at,last_error,consecutive_failures,version,deleted,created_at,updated_at FROM intel_source WHERE deleted=false AND (status = ?)
2026-08-22 21:30:13.898 DEBUG 215277 --- [   scheduling-1] c.p.i.m.IntelSourceMapper.selectList     : ==> Parameters: enabled(String)
2026-08-22 21:30:13.901 DEBUG 215277 --- [   scheduling-1] c.p.i.m.IntelSourceMapper.selectList     : <==      Total: 21
2026-08-22 21:30:13.902  INFO 215277 --- [   scheduling-1] c.p.intel.service.IntelFetchService      : 行情采集执行完成：到期 0 个（成功 0 / 失败 0 / 跳过未到期 21）
2026-08-22 21:30:23.914 DEBUG 215277 --- [   scheduling-1] c.p.i.m.IntelPushRuleMapper.selectList   : ==>  Preparing: SELECT id,rule_name,tags_filter,importance_filter,target_roles,channel,silent_period,status,version,deleted,created_at,updated_at FROM intel_push_rule WHERE deleted=false AND (status = ?)
2026-08-22 21:30:23.914 DEBUG 215277 --- [   scheduling-1] c.p.i.m.IntelPushRuleMapper.selectList   : ==> Parameters: active(String)
2026-08-22 21:30:23.915 DEBUG 215277 --- [   scheduling-1] c.p.i.m.IntelPushRuleMapper.selectList   : <==      Total: 15
2026-08-22 21:30:23.916 DEBUG 215277 --- [   scheduling-1] c.p.i.mapper.IntelNewsMapper.selectList  : ==>  Preparing: SELECT id,source_code,title,content,region_code,normalized_tags,importance,published_at,push_status,version,deleted,created_at,updated_at FROM intel_news WHERE deleted=false AND (push_status = ? AND importance = ?)
2026-08-22 21:30:23.916 DEBUG 215277 --- [   scheduling-1] c.p.i.mapper.IntelNewsMapper.selectList  : ==> Parameters: none(String), high(String)
2026-08-22 21:30:23.917 DEBUG 215277 --- [   scheduling-1] c.p.i.mapper.IntelNewsMapper.selectList  : <==      Total: 0
2026-08-22 21:30:23.918 DEBUG 215277 --- [   scheduling-1] c.p.i.mapper.IntelNewsMapper.selectList  : ==>  Preparing: SELECT id,source_code,title,content,region_code,normalized_tags,importance,published_at,push_status,version,deleted,created_at,updated_at FROM intel_news WHERE deleted=false AND (push_status = ? AND importance = ?)
2026-08-22 21:30:23.919 DEBUG 215277 --- [   scheduling-1] c.p.i.mapper.IntelNewsMapper.selectList  : ==> Parameters: none(String), medium(String)
2026-08-22 21:30:23.927 DEBUG 215277 --- [   scheduling-1] c.p.i.mapper.IntelNewsMapper.selectList  : <==      Total: 289
2026-08-22 21:30:23.931 DEBUG 215277 --- [   scheduling-1] c.p.i.mapper.IntelNewsMapper.selectList  : ==>  Preparing: SELECT id,source_code,title,content,region_code,normalized_tags,importance,published_at,push_status,version,deleted,created_at,updated_at FROM intel_news WHERE deleted=false AND (push_status = ? AND importance = ?)
2026-08-22 21:30:23.932 DEBUG 215277 --- [   scheduling-1] c.p.i.mapper.IntelNewsMapper.selectList  : ==> Parameters: none(String), high(String)
2026-08-22 21:30:23.932 DEBUG 215277 --- [   scheduling-1] c.p.i.mapper.IntelNewsMapper.selectList  : <==      Total: 0
2026-08-22 21:30:23.934 DEBUG 215277 --- [   scheduling-1] c.p.i.mapper.IntelNewsMapper.selectList  : ==>  Preparing: SELECT id,source_code,title,content,region_code,normalized_tags,importance,published_at,push_status,version,deleted,created_at,updated_at FROM intel_news WHERE deleted=false AND (push_status = ? AND importance = ?)
2026-08-22 21:30:23.934 DEBUG 215277 --- [   scheduling-1] c.p.i.mapper.IntelNewsMapper.selectList  : ==> Parameters: none(String), high(String)
2026-08-22 21:30:23.934 DEBUG 215277 --- [   scheduling-1] c.p.i.mapper.IntelNewsMapper.selectList  : <==      Total: 0
2026-08-22 21:30:23.936 DEBUG 215277 --- [   scheduling-1] c.p.i.mapper.IntelNewsMapper.selectList  : ==>  Preparing: SELECT id,source_code,title,content,region_code,normalized_tags,importance,published_at,push_status,version,deleted,created_at,updated_at FROM intel_news WHERE deleted=false AND (push_status = ? AND importance = ?)
2026-08-22 21:30:23.936 DEBUG 215277 --- [   scheduling-1] c.p.i.mapper.IntelNewsMapper.selectList  : ==> Parameters: none(String), high(String)
2026-08-22 21:30:23.936 DEBUG 215277 --- [   scheduling-1] c.p.i.mapper.IntelNewsMapper.selectList  : <==      Total: 0
2026-08-22 21:30:23.938 DEBUG 215277 --- [   scheduling-1] c.p.i.mapper.IntelNewsMapper.selectList  : ==>  Preparing: SELECT id,source_code,title,content,region_code,normalized_tags,importance,published_at,push_status,version,deleted,created_at,updated_at FROM intel_news WHERE deleted=false AND (push_status = ? AND importance = ?)
2026-08-22 21:30:23.938 DEBUG 215277 --- [   scheduling-1] c.p.i.mapper.IntelNewsMapper.selectList  : ==> Parameters: none(String), high(String)
2026-08-22 21:30:23.938 DEBUG 215277 --- [   scheduling-1] c.p.i.mapper.IntelNewsMapper.selectList  : <==      Total: 0
2026-08-22 21:30:23.940 DEBUG 215277 --- [   scheduling-1] c.p.i.mapper.IntelNewsMapper.selectList  : ==>  Preparing: SELECT id,source_code,title,content,region_code,normalized_tags,importance,published_at,push_status,version,deleted,created_at,updated_at FROM intel_news WHERE deleted=false AND (push_status = ? AND importance = ?)
2026-08-22 21:30:23.940 DEBUG 215277 --- [   scheduling-1] c.p.i.mapper.IntelNewsMapper.selectList  : ==> Parameters: none(String), high(String)
2026-08-22 21:30:23.940 DEBUG 215277 --- [   scheduling-1] c.p.i.mapper.IntelNewsMapper.selectList  : <==      Total: 0
2026-08-22 21:30:23.942 DEBUG 215277 --- [   scheduling-1] c.p.i.mapper.IntelNewsMapper.selectList  : ==>  Preparing: SELECT id,source_code,title,content,region_code,normalized_tags,importance,published_at,push_status,version,deleted,created_at,updated_at FROM intel_news WHERE deleted=false AND (push_status = ? AND importance = ?)
2026-08-22 21:30:23.942 DEBUG 215277 --- [   scheduling-1] c.p.i.mapper.IntelNewsMapper.selectList  : ==> Parameters: none(String), high(String)
2026-08-22 21:30:23.942 DEBUG 215277 --- [   scheduling-1] c.p.i.mapper.IntelNewsMapper.selectList  : <==      Total: 0
2026-08-22 21:30:23.944 DEBUG 215277 --- [   scheduling-1] c.p.i.mapper.IntelNewsMapper.selectList  : ==>  Preparing: SELECT id,source_code,title,content,region_code,normalized_tags,importance,published_at,push_status,version,deleted,created_at,updated_at FROM intel_news WHERE deleted=false AND (push_status = ? AND importance = ?)
2026-08-22 21:30:23.944 DEBUG 215277 --- [   scheduling-1] c.p.i.mapper.IntelNewsMapper.selectList  : ==> Parameters: none(String), high(String)
2026-08-22 21:30:23.944 DEBUG 215277 --- [   scheduling-1] c.p.i.mapper.IntelNewsMapper.selectList  : <==      Total: 0
2026-08-22 21:30:23.945 DEBUG 215277 --- [   scheduling-1] c.p.i.mapper.IntelNewsMapper.selectList  : ==>  Preparing: SELECT id,source_code,title,content,region_code,normalized_tags,importance,published_at,push_status,version,deleted,created_at,updated_at FROM intel_news WHERE deleted=false AND (push_status = ? AND importance = ?)
2026-08-22 21:30:23.946 DEBUG 215277 --- [   scheduling-1] c.p.i.mapper.IntelNewsMapper.selectList  : ==> Parameters: none(String), high(String)
2026-08-22 21:30:23.946 DEBUG 215277 --- [   scheduling-1] c.p.i.mapper.IntelNewsMapper.selectList  : <==      Total: 0
2026-08-22 21:30:23.947 DEBUG 215277 --- [   scheduling-1] c.p.i.mapper.IntelNewsMapper.selectList  : ==>  Preparing: SELECT id,source_code,title,content,region_code,normalized_tags,importance,published_at,push_status,version,deleted,created_at,updated_at FROM intel_news WHERE deleted=false AND (push_status = ? AND importance = ?)
2026-08-22 21:30:23.947 DEBUG 215277 --- [   scheduling-1] c.p.i.mapper.IntelNewsMapper.selectList  : ==> Parameters: none(String), high(String)
2026-08-22 21:30:23.948 DEBUG 215277 --- [   scheduling-1] c.p.i.mapper.IntelNewsMapper.selectList  : <==      Total: 0
2026-08-22 21:30:23.949 DEBUG 215277 --- [   scheduling-1] c.p.i.mapper.IntelNewsMapper.selectList  : ==>  Preparing: SELECT id,source_code,title,content,region_code,normalized_tags,importance,published_at,push_status,version,deleted,created_at,updated_at FROM intel_news WHERE deleted=false AND (push_status = ? AND importance = ?)
2026-08-22 21:30:23.949 DEBUG 215277 --- [   scheduling-1] c.p.i.mapper.IntelNewsMapper.selectList  : ==> Parameters: none(String), high(String)
2026-08-22 21:30:23.950 DEBUG 215277 --- [   scheduling-1] c.p.i.mapper.IntelNewsMapper.selectList  : <==      Total: 0
2026-08-22 21:30:23.951 DEBUG 215277 --- [   scheduling-1] c.p.i.mapper.IntelNewsMapper.selectList  : ==>  Preparing: SELECT id,source_code,title,content,region_code,normalized_tags,importance,published_at,push_status,version,deleted,created_at,updated_at FROM intel_news WHERE deleted=false AND (push_status = ? AND importance = ?)
2026-08-22 21:30:23.951 DEBUG 215277 --- [   scheduling-1] c.p.i.mapper.IntelNewsMapper.selectList  : ==> Parameters: none(String), high(String)
2026-08-22 21:30:23.952 DEBUG 215277 --- [   scheduling-1] c.p.i.mapper.IntelNewsMapper.selectList  : <==      Total: 0
2026-08-22 21:30:23.953 DEBUG 215277 --- [   scheduling-1] c.p.i.mapper.IntelNewsMapper.selectList  : ==>  Preparing: SELECT id,source_code,title,content,region_code,normalized_tags,importance,published_at,push_status,version,deleted,created_at,updated_at FROM intel_news WHERE deleted=false AND (push_status = ? AND importance = ?)
2026-08-22 21:30:23.953 DEBUG 215277 --- [   scheduling-1] c.p.i.mapper.IntelNewsMapper.selectList  : ==> Parameters: none(String), high(String)
2026-08-22 21:30:23.954 DEBUG 215277 --- [   scheduling-1] c.p.i.mapper.IntelNewsMapper.selectList  : <==      Total: 0
2026-08-22 21:30:23.955 DEBUG 215277 --- [   scheduling-1] c.p.i.mapper.IntelNewsMapper.selectList  : ==>  Preparing: SELECT id,source_code,title,content,region_code,normalized_tags,importance,published_at,push_status,version,deleted,created_at,updated_at FROM intel_news WHERE deleted=false AND (push_status = ? AND importance = ?)
2026-08-22 21:30:23.955 DEBUG 215277 --- [   scheduling-1] c.p.i.mapper.IntelNewsMapper.selectList  : ==> Parameters: none(String), high(String)
2026-08-22 21:30:23.955 DEBUG 215277 --- [   scheduling-1] c.p.i.mapper.IntelNewsMapper.selectList  : <==      Total: 0
2026-08-22 21:30:23.956  INFO 215277 --- [   scheduling-1] com.ptidss.intel.service.IntelService    : 情报推送执行完成：匹配情报 0 条，派发消息 0 条，触发决策会话情报重评 0 个
2026-08-22 21:30:53.957 DEBUG 215277 --- [   scheduling-1] c.p.i.m.IntelPushRuleMapper.selectList   : ==>  Preparing: SELECT id,rule_name,tags_filter,importance_filter,target_roles,channel,silent_period,status,version,deleted,created_at,updated_at FROM intel_push_rule WHERE deleted=false AND (status = ?)
2026-08-22 21:30:53.957 DEBUG 215277 --- [   scheduling-1] c.p.i.m.IntelPushRuleMapper.selectList   : ==> Parameters: active(String)
2026-08-22 21:30:53.959 DEBUG 215277 --- [   scheduling-1] c.p.i.m.IntelPushRuleMapper.selectList   : <==      Total: 15
2026-08-22 21:30:53.960 DEBUG 215277 --- [   scheduling-1] c.p.i.mapper.IntelNewsMapper.selectList  : ==>  Preparing: SELECT id,source_code,title,content,region_code,normalized_tags,importance,published_at,push_status,version,deleted,created_at,updated_at FROM intel_news WHERE deleted=false AND (push_status = ? AND importance = ?)
2026-08-22 21:30:53.960 DEBUG 215277 --- [   scheduling-1] c.p.i.mapper.IntelNewsMapper.selectList  : ==> Parameters: none(String), high(String)
2026-08-22 21:30:53.960 DEBUG 215277 --- [   scheduling-1] c.p.i.mapper.IntelNewsMapper.selectList  : <==      Total: 0
2026-08-22 21:30:53.961 DEBUG 215277 --- [   scheduling-1] c.p.i.mapper.IntelNewsMapper.selectList  : ==>  Preparing: SELECT id,source_code,title,content,region_code,normalized_tags,importance,published_at,push_status,version,deleted,created_at,updated_at FROM intel_news WHERE deleted=false AND (push_status = ? AND importance = ?)
2026-08-22 21:30:53.961 DEBUG 215277 --- [   scheduling-1] c.p.i.mapper.IntelNewsMapper.selectList  : ==> Parameters: none(String), medium(String)
2026-08-22 21:30:53.967 DEBUG 215277 --- [   scheduling-1] c.p.i.mapper.IntelNewsMapper.selectList  : <==      Total: 289
2026-08-22 21:30:53.968 DEBUG 215277 --- [   scheduling-1] c.p.i.mapper.IntelNewsMapper.selectList  : ==>  Preparing: SELECT id,source_code,title,content,region_code,normalized_tags,importance,published_at,push_status,version,deleted,created_at,updated_at FROM intel_news WHERE deleted=false AND (push_status = ? AND importance = ?)
2026-08-22 21:30:53.969 DEBUG 215277 --- [   scheduling-1] c.p.i.mapper.IntelNewsMapper.selectList  : ==> Parameters: none(String), high(String)
2026-08-22 21:30:53.969 DEBUG 215277 --- [   scheduling-1] c.p.i.mapper.IntelNewsMapper.selectList  : <==      Total: 0
2026-08-22 21:30:53.970 DEBUG 215277 --- [   scheduling-1] c.p.i.mapper.IntelNewsMapper.selectList  : ==>  Preparing: SELECT id,source_code,title,content,region_code,normalized_tags,importance,published_at,push_status,version,deleted,created_at,updated_at FROM intel_news WHERE deleted=false AND (push_status = ? AND importance = ?)
2026-08-22 21:30:53.970 DEBUG 215277 --- [   scheduling-1] c.p.i.mapper.IntelNewsMapper.selectList  : ==> Parameters: none(String), high(String)
2026-08-22 21:30:53.971 DEBUG 215277 --- [   scheduling-1] c.p.i.mapper.IntelNewsMapper.selectList  : <==      Total: 0
2026-08-22 21:30:53.972 DEBUG 215277 --- [   scheduling-1] c.p.i.mapper.IntelNewsMapper.selectList  : ==>  Preparing: SELECT id,source_code,title,content,region_code,normalized_tags,importance,published_at,push_status,version,deleted,created_at,updated_at FROM intel_news WHERE deleted=false AND (push_status = ? AND importance = ?)
2026-08-22 21:30:53.973 DEBUG 215277 --- [   scheduling-1] c.p.i.mapper.IntelNewsMapper.selectList  : ==> Parameters: none(String), high(String)
2026-08-22 21:30:53.973 DEBUG 215277 --- [   scheduling-1] c.p.i.mapper.IntelNewsMapper.selectList  : <==      Total: 0
2026-08-22 21:30:53.974 DEBUG 215277 --- [   scheduling-1] c.p.i.mapper.IntelNewsMapper.selectList  : ==>  Preparing: SELECT id,source_code,title,content,region_code,normalized_tags,importance,published_at,push_status,version,deleted,created_at,updated_at FROM intel_news WHERE deleted=false AND (push_status = ? AND importance = ?)
2026-08-22 21:30:53.974 DEBUG 215277 --- [   scheduling-1] c.p.i.mapper.IntelNewsMapper.selectList  : ==> Parameters: none(String), high(String)
2026-08-22 21:30:53.975 DEBUG 215277 --- [   scheduling-1] c.p.i.mapper.IntelNewsMapper.selectList  : <==      Total: 0
2026-08-22 21:30:53.976 DEBUG 215277 --- [   scheduling-1] c.p.i.mapper.IntelNewsMapper.selectList  : ==>  Preparing: SELECT id,source_code,title,content,region_code,normalized_tags,importance,published_at,push_status,version,deleted,created_at,updated_at FROM intel_news WHERE deleted=false AND (push_status = ? AND importance = ?)
2026-08-22 21:30:53.976 DEBUG 215277 --- [   scheduling-1] c.p.i.mapper.IntelNewsMapper.selectList  : ==> Parameters: none(String), high(String)
2026-08-22 21:30:53.977 DEBUG 215277 --- [   scheduling-1] c.p.i.mapper.IntelNewsMapper.selectList  : <==      Total: 0
2026-08-22 21:30:53.978 DEBUG 215277 --- [   scheduling-1] c.p.i.mapper.IntelNewsMapper.selectList  : ==>  Preparing: SELECT id,source_code,title,content,region_code,normalized_tags,importance,published_at,push_status,version,deleted,created_at,updated_at FROM intel_news WHERE deleted=false AND (push_status = ? AND importance = ?)
2026-08-22 21:30:53.978 DEBUG 215277 --- [   scheduling-1] c.p.i.mapper.IntelNewsMapper.selectList  : ==> Parameters: none(String), high(String)
2026-08-22 21:30:53.979 DEBUG 215277 --- [   scheduling-1] c.p.i.mapper.IntelNewsMapper.selectList  : <==      Total: 0
2026-08-22 21:30:53.979 DEBUG 215277 --- [   scheduling-1] c.p.i.mapper.IntelNewsMapper.selectList  : ==>  Preparing: SELECT id,source_code,title,content,region_code,normalized_tags,importance,published_at,push_status,version,deleted,created_at,updated_at FROM intel_news WHERE deleted=false AND (push_status = ? AND importance = ?)
2026-08-22 21:30:53.979 DEBUG 215277 --- [   scheduling-1] c.p.i.mapper.IntelNewsMapper.selectList  : ==> Parameters: none(String), high(String)
2026-08-22 21:30:53.980 DEBUG 215277 --- [   scheduling-1] c.p.i.mapper.IntelNewsMapper.selectList  : <==      Total: 0
2026-08-22 21:30:53.981 DEBUG 215277 --- [   scheduling-1] c.p.i.mapper.IntelNewsMapper.selectList  : ==>  Preparing: SELECT id,source_code,title,content,region_code,normalized_tags,importance,published_at,push_status,version,deleted,created_at,updated_at FROM intel_news WHERE deleted=false AND (push_status = ? AND importance = ?)
2026-08-22 21:30:53.981 DEBUG 215277 --- [   scheduling-1] c.p.i.mapper.IntelNewsMapper.selectList  : ==> Parameters: none(String), high(String)
2026-08-22 21:30:53.981 DEBUG 215277 --- [   scheduling-1] c.p.i.mapper.IntelNewsMapper.selectList  : <==      Total: 0
2026-08-22 21:30:53.982 DEBUG 215277 --- [   scheduling-1] c.p.i.mapper.IntelNewsMapper.selectList  : ==>  Preparing: SELECT id,source_code,title,content,region_code,normalized_tags,importance,published_at,push_status,version,deleted,created_at,updated_at FROM intel_news WHERE deleted=false AND (push_status = ? AND importance = ?)
2026-08-22 21:30:53.982 DEBUG 215277 --- [   scheduling-1] c.p.i.mapper.IntelNewsMapper.selectList  : ==> Parameters: none(String), high(String)
2026-08-22 21:30:53.983 DEBUG 215277 --- [   scheduling-1] c.p.i.mapper.IntelNewsMapper.selectList  : <==      Total: 0
2026-08-22 21:30:53.984 DEBUG 215277 --- [   scheduling-1] c.p.i.mapper.IntelNewsMapper.selectList  : ==>  Preparing: SELECT id,source_code,title,content,region_code,normalized_tags,importance,published_at,push_status,version,deleted,created_at,updated_at FROM intel_news WHERE deleted=false AND (push_status = ? AND importance = ?)
2026-08-22 21:30:53.984 DEBUG 215277 --- [   scheduling-1] c.p.i.mapper.IntelNewsMapper.selectList  : ==> Parameters: none(String), high(String)
2026-08-22 21:30:53.984 DEBUG 215277 --- [   scheduling-1] c.p.i.mapper.IntelNewsMapper.selectList  : <==      Total: 0
2026-08-22 21:30:53.985 DEBUG 215277 --- [   scheduling-1] c.p.i.mapper.IntelNewsMapper.selectList  : ==>  Preparing: SELECT id,source_code,title,content,region_code,normalized_tags,importance,published_at,push_status,version,deleted,created_at,updated_at FROM intel_news WHERE deleted=false AND (push_status = ? AND importance = ?)
2026-08-22 21:30:53.985 DEBUG 215277 --- [   scheduling-1] c.p.i.mapper.IntelNewsMapper.selectList  : ==> Parameters: none(String), high(String)
2026-08-22 21:30:53.986 DEBUG 215277 --- [   scheduling-1] c.p.i.mapper.IntelNewsMapper.selectList  : <==      Total: 0
2026-08-22 21:30:53.986 DEBUG 215277 --- [   scheduling-1] c.p.i.mapper.IntelNewsMapper.selectList  : ==>  Preparing: SELECT id,source_code,title,content,region_code,normalized_tags,importance,published_at,push_status,version,deleted,created_at,updated_at FROM intel_news WHERE deleted=false AND (push_status = ? AND importance = ?)
2026-08-22 21:30:53.987 DEBUG 215277 --- [   scheduling-1] c.p.i.mapper.IntelNewsMapper.selectList  : ==> Parameters: none(String), high(String)
2026-08-22 21:30:53.987 DEBUG 215277 --- [   scheduling-1] c.p.i.mapper.IntelNewsMapper.selectList  : <==      Total: 0
2026-08-22 21:30:53.988 DEBUG 215277 --- [   scheduling-1] c.p.i.mapper.IntelNewsMapper.selectList  : ==>  Preparing: SELECT id,source_code,title,content,region_code,normalized_tags,importance,published_at,push_status,version,deleted,created_at,updated_at FROM intel_news WHERE deleted=false AND (push_status = ? AND importance = ?)
2026-08-22 21:30:53.988 DEBUG 215277 --- [   scheduling-1] c.p.i.mapper.IntelNewsMapper.selectList  : ==> Parameters: none(String), high(String)
2026-08-22 21:30:53.989 DEBUG 215277 --- [   scheduling-1] c.p.i.mapper.IntelNewsMapper.selectList  : <==      Total: 0
2026-08-22 21:30:53.989  INFO 215277 --- [   scheduling-1] com.ptidss.intel.service.IntelService    : 情报推送执行完成：匹配情报 0 条，派发消息 0 条，触发决策会话情报重评 0 个
2026-08-22 21:31:03.688 DEBUG 215277 --- [   scheduling-1] c.p.d.m.CollectTaskMapper.selectList     : ==>  Preparing: SELECT id,source_id,task_type,cron_expr,last_run_time,last_status,records_count,error_log,version,deleted,created_at,updated_at FROM collect_task WHERE deleted=false AND (cron_expr IS NOT NULL)
2026-08-22 21:31:03.688 DEBUG 215277 --- [   scheduling-1] c.p.d.m.CollectTaskMapper.selectList     : ==> Parameters: 
2026-08-22 21:31:03.689 DEBUG 215277 --- [   scheduling-1] c.p.d.m.CollectTaskMapper.selectList     : <==      Total: 3
2026-08-22 21:31:13.903 DEBUG 215277 --- [   scheduling-1] c.p.i.m.IntelSourceMapper.selectList     : ==>  Preparing: SELECT id,source_code,source_name,intel_type,fetch_mode,conn_type,conn_config,frequency,status,last_success_at,last_error,consecutive_failures,version,deleted,created_at,updated_at FROM intel_source WHERE deleted=false AND (status = ?)
2026-08-22 21:31:13.903 DEBUG 215277 --- [   scheduling-1] c.p.i.m.IntelSourceMapper.selectList     : ==> Parameters: enabled(String)
2026-08-22 21:31:13.905 DEBUG 215277 --- [   scheduling-1] c.p.i.m.IntelSourceMapper.selectList     : <==      Total: 21
2026-08-22 21:31:13.906  INFO 215277 --- [   scheduling-1] c.p.intel.service.IntelFetchService      : 行情采集执行完成：到期 0 个（成功 0 / 失败 0 / 跳过未到期 21）
2026-08-22 21:31:23.990 DEBUG 215277 --- [   scheduling-1] c.p.i.m.IntelPushRuleMapper.selectList   : ==>  Preparing: SELECT id,rule_name,tags_filter,importance_filter,target_roles,channel,silent_period,status,version,deleted,created_at,updated_at FROM intel_push_rule WHERE deleted=false AND (status = ?)
2026-08-22 21:31:23.991 DEBUG 215277 --- [   scheduling-1] c.p.i.m.IntelPushRuleMapper.selectList   : ==> Parameters: active(String)
2026-08-22 21:31:23.992 DEBUG 215277 --- [   scheduling-1] c.p.i.m.IntelPushRuleMapper.selectList   : <==      Total: 15
2026-08-22 21:31:23.994 DEBUG 215277 --- [   scheduling-1] c.p.i.mapper.IntelNewsMapper.selectList  : ==>  Preparing: SELECT id,source_code,title,content,region_code,normalized_tags,importance,published_at,push_status,version,deleted,created_at,updated_at FROM intel_news WHERE deleted=false AND (push_status = ? AND importance = ?)
2026-08-22 21:31:23.994 DEBUG 215277 --- [   scheduling-1] c.p.i.mapper.IntelNewsMapper.selectList  : ==> Parameters: none(String), high(String)
2026-08-22 21:31:23.994 DEBUG 215277 --- [   scheduling-1] c.p.i.mapper.IntelNewsMapper.selectList  : <==      Total: 0
2026-08-22 21:31:23.995 DEBUG 215277 --- [   scheduling-1] c.p.i.mapper.IntelNewsMapper.selectList  : ==>  Preparing: SELECT id,source_code,title,content,region_code,normalized_tags,importance,published_at,push_status,version,deleted,created_at,updated_at FROM intel_news WHERE deleted=false AND (push_status = ? AND importance = ?)
2026-08-22 21:31:23.995 DEBUG 215277 --- [   scheduling-1] c.p.i.mapper.IntelNewsMapper.selectList  : ==> Parameters: none(String), medium(String)
2026-08-22 21:31:24.001 DEBUG 215277 --- [   scheduling-1] c.p.i.mapper.IntelNewsMapper.selectList  : <==      Total: 289
2026-08-22 21:31:24.003 DEBUG 215277 --- [   scheduling-1] c.p.i.mapper.IntelNewsMapper.selectList  : ==>  Preparing: SELECT id,source_code,title,content,region_code,normalized_tags,importance,published_at,push_status,version,deleted,created_at,updated_at FROM intel_news WHERE deleted=false AND (push_status = ? AND importance = ?)
2026-08-22 21:31:24.003 DEBUG 215277 --- [   scheduling-1] c.p.i.mapper.IntelNewsMapper.selectList  : ==> Parameters: none(String), high(String)
2026-08-22 21:31:24.003 DEBUG 215277 --- [   scheduling-1] c.p.i.mapper.IntelNewsMapper.selectList  : <==      Total: 0
2026-08-22 21:31:24.004 DEBUG 215277 --- [   scheduling-1] c.p.i.mapper.IntelNewsMapper.selectList  : ==>  Preparing: SELECT id,source_code,title,content,region_code,normalized_tags,importance,published_at,push_status,version,deleted,created_at,updated_at FROM intel_news WHERE deleted=false AND (push_status = ? AND importance = ?)
2026-08-22 21:31:24.005 DEBUG 215277 --- [   scheduling-1] c.p.i.mapper.IntelNewsMapper.selectList  : ==> Parameters: none(String), high(String)
2026-08-22 21:31:24.005 DEBUG 215277 --- [   scheduling-1] c.p.i.mapper.IntelNewsMapper.selectList  : <==      Total: 0
2026-08-22 21:31:24.006 DEBUG 215277 --- [   scheduling-1] c.p.i.mapper.IntelNewsMapper.selectList  : ==>  Preparing: SELECT id,source_code,title,content,region_code,normalized_tags,importance,published_at,push_status,version,deleted,created_at,updated_at FROM intel_news WHERE deleted=false AND (push_status = ? AND importance = ?)
2026-08-22 21:31:24.006 DEBUG 215277 --- [   scheduling-1] c.p.i.mapper.IntelNewsMapper.selectList  : ==> Parameters: none(String), high(String)
2026-08-22 21:31:24.007 DEBUG 215277 --- [   scheduling-1] c.p.i.mapper.IntelNewsMapper.selectList  : <==      Total: 0
2026-08-22 21:31:24.008 DEBUG 215277 --- [   scheduling-1] c.p.i.mapper.IntelNewsMapper.selectList  : ==>  Preparing: SELECT id,source_code,title,content,region_code,normalized_tags,importance,published_at,push_status,version,deleted,created_at,updated_at FROM intel_news WHERE deleted=false AND (push_status = ? AND importance = ?)
2026-08-22 21:31:24.008 DEBUG 215277 --- [   scheduling-1] c.p.i.mapper.IntelNewsMapper.selectList  : ==> Parameters: none(String), high(String)
2026-08-22 21:31:24.009 DEBUG 215277 --- [   scheduling-1] c.p.i.mapper.IntelNewsMapper.selectList  : <==      Total: 0
2026-08-22 21:31:24.010 DEBUG 215277 --- [   scheduling-1] c.p.i.mapper.IntelNewsMapper.selectList  : ==>  Preparing: SELECT id,source_code,title,content,region_code,normalized_tags,importance,published_at,push_status,version,deleted,created_at,updated_at FROM intel_news WHERE deleted=false AND (push_status = ? AND importance = ?)
2026-08-22 21:31:24.010 DEBUG 215277 --- [   scheduling-1] c.p.i.mapper.IntelNewsMapper.selectList  : ==> Parameters: none(String), high(String)
2026-08-22 21:31:24.011 DEBUG 215277 --- [   scheduling-1] c.p.i.mapper.IntelNewsMapper.selectList  : <==      Total: 0
2026-08-22 21:31:24.011 DEBUG 215277 --- [   scheduling-1] c.p.i.mapper.IntelNewsMapper.selectList  : ==>  Preparing: SELECT id,source_code,title,content,region_code,normalized_tags,importance,published_at,push_status,version,deleted,created_at,updated_at FROM intel_news WHERE deleted=false AND (push_status = ? AND importance = ?)
2026-08-22 21:31:24.012 DEBUG 215277 --- [   scheduling-1] c.p.i.mapper.IntelNewsMapper.selectList  : ==> Parameters: none(String), high(String)
2026-08-22 21:31:24.012 DEBUG 215277 --- [   scheduling-1] c.p.i.mapper.IntelNewsMapper.selectList  : <==      Total: 0
2026-08-22 21:31:24.013 DEBUG 215277 --- [   scheduling-1] c.p.i.mapper.IntelNewsMapper.selectList  : ==>  Preparing: SELECT id,source_code,title,content,region_code,normalized_tags,importance,published_at,push_status,version,deleted,created_at,updated_at FROM intel_news WHERE deleted=false AND (push_status = ? AND importance = ?)
2026-08-22 21:31:24.013 DEBUG 215277 --- [   scheduling-1] c.p.i.mapper.IntelNewsMapper.selectList  : ==> Parameters: none(String), high(String)
2026-08-22 21:31:24.013 DEBUG 215277 --- [   scheduling-1] c.p.i.mapper.IntelNewsMapper.selectList  : <==      Total: 0
2026-08-22 21:31:24.014 DEBUG 215277 --- [   scheduling-1] c.p.i.mapper.IntelNewsMapper.selectList  : ==>  Preparing: SELECT id,source_code,title,content,region_code,normalized_tags,importance,published_at,push_status,version,deleted,created_at,updated_at FROM intel_news WHERE deleted=false AND (push_status = ? AND importance = ?)
2026-08-22 21:31:24.014 DEBUG 215277 --- [   scheduling-1] c.p.i.mapper.IntelNewsMapper.selectList  : ==> Parameters: none(String), high(String)
2026-08-22 21:31:24.014 DEBUG 215277 --- [   scheduling-1] c.p.i.mapper.IntelNewsMapper.selectList  : <==      Total: 0
2026-08-22 21:31:24.015 DEBUG 215277 --- [   scheduling-1] c.p.i.mapper.IntelNewsMapper.selectList  : ==>  Preparing: SELECT id,source_code,title,content,region_code,normalized_tags,importance,published_at,push_status,version,deleted,created_at,updated_at FROM intel_news WHERE deleted=false AND (push_status = ? AND importance = ?)
2026-08-22 21:31:24.015 DEBUG 215277 --- [   scheduling-1] c.p.i.mapper.IntelNewsMapper.selectList  : ==> Parameters: none(String), high(String)
2026-08-22 21:31:24.016 DEBUG 215277 --- [   scheduling-1] c.p.i.mapper.IntelNewsMapper.selectList  : <==      Total: 0
2026-08-22 21:31:24.016 DEBUG 215277 --- [   scheduling-1] c.p.i.mapper.IntelNewsMapper.selectList  : ==>  Preparing: SELECT id,source_code,title,content,region_code,normalized_tags,importance,published_at,push_status,version,deleted,created_at,updated_at FROM intel_news WHERE deleted=false AND (push_status = ? AND importance = ?)
2026-08-22 21:31:24.016 DEBUG 215277 --- [   scheduling-1] c.p.i.mapper.IntelNewsMapper.selectList  : ==> Parameters: none(String), high(String)
2026-08-22 21:31:24.017 DEBUG 215277 --- [   scheduling-1] c.p.i.mapper.IntelNewsMapper.selectList  : <==      Total: 0
2026-08-22 21:31:24.017 DEBUG 215277 --- [   scheduling-1] c.p.i.mapper.IntelNewsMapper.selectList  : ==>  Preparing: SELECT id,source_code,title,content,region_code,normalized_tags,importance,published_at,push_status,version,deleted,created_at,updated_at FROM intel_news WHERE deleted=false AND (push_status = ? AND importance = ?)
2026-08-22 21:31:24.018 DEBUG 215277 --- [   scheduling-1] c.p.i.mapper.IntelNewsMapper.selectList  : ==> Parameters: none(String), high(String)
2026-08-22 21:31:24.018 DEBUG 215277 --- [   scheduling-1] c.p.i.mapper.IntelNewsMapper.selectList  : <==      Total: 0
2026-08-22 21:31:24.019 DEBUG 215277 --- [   scheduling-1] c.p.i.mapper.IntelNewsMapper.selectList  : ==>  Preparing: SELECT id,source_code,title,content,region_code,normalized_tags,importance,published_at,push_status,version,deleted,created_at,updated_at FROM intel_news WHERE deleted=false AND (push_status = ? AND importance = ?)
2026-08-22 21:31:24.019 DEBUG 215277 --- [   scheduling-1] c.p.i.mapper.IntelNewsMapper.selectList  : ==> Parameters: none(String), high(String)
2026-08-22 21:31:24.019 DEBUG 215277 --- [   scheduling-1] c.p.i.mapper.IntelNewsMapper.selectList  : <==      Total: 0
2026-08-22 21:31:24.020 DEBUG 215277 --- [   scheduling-1] c.p.i.mapper.IntelNewsMapper.selectList  : ==>  Preparing: SELECT id,source_code,title,content,region_code,normalized_tags,importance,published_at,push_status,version,deleted,created_at,updated_at FROM intel_news WHERE deleted=false AND (push_status = ? AND importance = ?)
2026-08-22 21:31:24.020 DEBUG 215277 --- [   scheduling-1] c.p.i.mapper.IntelNewsMapper.selectList  : ==> Parameters: none(String), high(String)
2026-08-22 21:31:24.021 DEBUG 215277 --- [   scheduling-1] c.p.i.mapper.IntelNewsMapper.selectList  : <==      Total: 0
2026-08-22 21:31:24.021  INFO 215277 --- [   scheduling-1] com.ptidss.intel.service.IntelService    : 情报推送执行完成：匹配情报 0 条，派发消息 0 条，触发决策会话情报重评 0 个
2026-08-22 21:31:46.984 DEBUG 215277 --- [nio-9080-exec-3] c.p.s.mapper.SysUserMapper.selectList    : ==>  Preparing: SELECT id,username,display_name,password_hash,role_ids,org_code,phone,email,status,last_login_at,version,deleted,created_at,updated_at FROM sys_user WHERE deleted=false AND (username = ?)
2026-08-22 21:31:46.984 DEBUG 215277 --- [nio-9080-exec-3] c.p.s.mapper.SysUserMapper.selectList    : ==> Parameters: admin(String)
2026-08-22 21:31:46.985 DEBUG 215277 --- [nio-9080-exec-3] c.p.s.mapper.SysUserMapper.selectList    : <==      Total: 1
2026-08-22 21:31:47.073 DEBUG 215277 --- [nio-9080-exec-3] c.p.s.m.SysRoleMapper.selectBatchIds     : ==>  Preparing: SELECT id,role_code,role_name,description,status,version,deleted,created_at,updated_at FROM sys_role WHERE id IN ( ? ) AND deleted=false
2026-08-22 21:31:47.074 DEBUG 215277 --- [nio-9080-exec-3] c.p.s.m.SysRoleMapper.selectBatchIds     : ==> Parameters: 4(Long)
2026-08-22 21:31:47.075 DEBUG 215277 --- [nio-9080-exec-3] c.p.s.m.SysRoleMapper.selectBatchIds     : <==      Total: 1
2026-08-22 21:31:47.075 DEBUG 215277 --- [nio-9080-exec-3] c.p.s.m.SysPermissionMapper.selectList   : ==>  Preparing: SELECT id,perm_code,perm_name,resource_type,resource_pattern,status,version,deleted,created_at,updated_at FROM sys_permission WHERE deleted=false AND (status = ? AND EXISTS (SELECT 1 FROM sys_role_permission rp WHERE rp.permission_id = sys_permission.id AND rp.role_id = ?))
2026-08-22 21:31:47.076 DEBUG 215277 --- [nio-9080-exec-3] c.p.s.m.SysPermissionMapper.selectList   : ==> Parameters: active(String), 4(Long)
2026-08-22 21:31:47.077 DEBUG 215277 --- [nio-9080-exec-3] c.p.s.m.SysPermissionMapper.selectList   : <==      Total: 18
2026-08-22 21:31:47.078 DEBUG 215277 --- [nio-9080-exec-3] c.p.s.m.SysUserRegionMapper.selectList   : ==>  Preparing: SELECT user_id,region_code FROM sys_user_region WHERE (user_id = ?)
2026-08-22 21:31:47.078 DEBUG 215277 --- [nio-9080-exec-3] c.p.s.m.SysUserRegionMapper.selectList   : ==> Parameters: 1(Long)
2026-08-22 21:31:47.078 DEBUG 215277 --- [nio-9080-exec-3] c.p.s.m.SysUserRegionMapper.selectList   : <==      Total: 4
2026-08-22 21:31:47.079 DEBUG 215277 --- [nio-9080-exec-3] c.p.s.mapper.SysRegionMapper.selectList  : ==>  Preparing: SELECT id,region_code,region_name,market_support,exchange_channel,settlement_period,status,launch_order,version,deleted,created_at,updated_at FROM sys_region WHERE deleted=false AND (region_code = ? AND status = ?)
2026-08-22 21:31:47.079 DEBUG 215277 --- [nio-9080-exec-3] c.p.s.mapper.SysRegionMapper.selectList  : ==> Parameters: CN-31(String), enabled(String)
2026-08-22 21:31:47.080 DEBUG 215277 --- [nio-9080-exec-3] c.p.s.mapper.SysRegionMapper.selectList  : <==      Total: 1
2026-08-22 21:31:47.081 DEBUG 215277 --- [nio-9080-exec-3] c.p.s.mapper.SysUserMapper.updateById    : ==>  Preparing: UPDATE sys_user SET last_login_at=?, updated_at=? WHERE id=? AND deleted=false
2026-08-22 21:31:47.082 DEBUG 215277 --- [nio-9080-exec-3] c.p.s.mapper.SysUserMapper.updateById    : ==> Parameters: 2026-08-22 21:31:47.081(Timestamp), 2026-08-22 21:31:47.081(Timestamp), 1(Long)
2026-08-22 21:31:47.083 DEBUG 215277 --- [nio-9080-exec-3] c.p.s.mapper.SysUserMapper.updateById    : <==    Updates: 1
2026-08-22 21:31:47.084 DEBUG 215277 --- [nio-9080-exec-3] c.p.system.mapper.AuditLogMapper.insert  : ==>  Preparing: INSERT INTO audit_log ( id, trace_id, user_id, username, action, target_type, target_id, ip, user_agent, result, created_at ) VALUES ( ?, ?, ?, ?, ?, ?, ?, ?, ?, ?, ? )
2026-08-22 21:31:47.084 DEBUG 215277 --- [nio-9080-exec-3] c.p.system.mapper.AuditLogMapper.insert  : ==> Parameters: 216912235946184704(Long), 9828832cdae242cc(String), 0(Long), admin(String), login(String), auth(String), LoginBody(username=admin, password=Ptidss@2026, captchaKey=null,(String), 127.0.0.1(String), curl/8.5.0(String), success(String), 2026-08-22 21:31:47.084(Timestamp)
2026-08-22 21:31:47.086 DEBUG 215277 --- [nio-9080-exec-3] c.p.system.mapper.AuditLogMapper.insert  : <==    Updates: 1
2026-08-22 21:31:47.111 ERROR 215277 --- [nio-9080-exec-4] c.p.c.exception.GlobalExceptionHandler   : 系统异常：PUT /ptidss/admin/users/4

org.springframework.web.HttpRequestMethodNotSupportedException: Request method 'PUT' not supported
	at org.springframework.web.servlet.mvc.method.RequestMappingInfoHandlerMapping.handleNoMatch(RequestMappingInfoHandlerMapping.java:260) ~[spring-webmvc-5.3.28.jar!/:5.3.28]
	at org.springframework.web.servlet.handler.AbstractHandlerMethodMapping.lookupHandlerMethod(AbstractHandlerMethodMapping.java:442) ~[spring-webmvc-5.3.28.jar!/:5.3.28]
	at org.springframework.web.servlet.handler.AbstractHandlerMethodMapping.getHandlerInternal(AbstractHandlerMethodMapping.java:383) ~[spring-webmvc-5.3.28.jar!/:5.3.28]
	at org.springframework.web.servlet.mvc.method.RequestMappingInfoHandlerMapping.getHandlerInternal(RequestMappingInfoHandlerMapping.java:125) ~[spring-webmvc-5.3.28.jar!/:5.3.28]
	at org.springframework.web.servlet.mvc.method.RequestMappingInfoHandlerMapping.getHandlerInternal(RequestMappingInfoHandlerMapping.java:67) ~[spring-webmvc-5.3.28.jar!/:5.3.28]
	at org.springframework.web.servlet.handler.AbstractHandlerMapping.getHandler(AbstractHandlerMapping.java:498) ~[spring-webmvc-5.3.28.jar!/:5.3.28]
	at org.springframework.web.servlet.DispatcherServlet.getHandler(DispatcherServlet.java:1266) ~[spring-webmvc-5.3.28.jar!/:5.3.28]
	at org.springframework.web.servlet.DispatcherServlet.doDispatch(DispatcherServlet.java:1048) ~[spring-webmvc-5.3.28.jar!/:5.3.28]
	at org.springframework.web.servlet.DispatcherServlet.doService(DispatcherServlet.java:965) ~[spring-webmvc-5.3.28.jar!/:5.3.28]
	at org.springframework.web.servlet.FrameworkServlet.processRequest(FrameworkServlet.java:1006) [spring-webmvc-5.3.28.jar!/:5.3.28]
	at org.springframework.web.servlet.FrameworkServlet.doPut(FrameworkServlet.java:920) [spring-webmvc-5.3.28.jar!/:5.3.28]
	at javax.servlet.http.HttpServlet.service(HttpServlet.java:558) [tomcat-embed-core-9.0.76.jar!/:4.0.1]
	at org.springframework.web.servlet.FrameworkServlet.service(FrameworkServlet.java:883) [spring-webmvc-5.3.28.jar!/:5.3.28]
	at javax.servlet.http.HttpServlet.service(HttpServlet.java:623) [tomcat-embed-core-9.0.76.jar!/:4.0.1]
	at org.apache.catalina.core.ApplicationFilterChain.internalDoFilter(ApplicationFilterChain.java:209) [tomcat-embed-core-9.0.76.jar!/:na]
	at org.apache.catalina.core.ApplicationFilterChain.doFilter(ApplicationFilterChain.java:153) [tomcat-embed-core-9.0.76.jar!/:na]
	at org.apache.tomcat.websocket.server.WsFilter.doFilter(WsFilter.java:51) [tomcat-embed-websocket-9.0.76.jar!/:na]
	at org.apache.catalina.core.ApplicationFilterChain.internalDoFilter(ApplicationFilterChain.java:178) [tomcat-embed-core-9.0.76.jar!/:na]
	at org.apache.catalina.core.ApplicationFilterChain.doFilter(ApplicationFilterChain.java:153) [tomcat-embed-core-9.0.76.jar!/:na]
	at org.springframework.web.filter.RequestContextFilter.doFilterInternal(RequestContextFilter.java:100) [spring-web-5.3.28.jar!/:5.3.28]
	at org.springframework.web.filter.OncePerRequestFilter.doFilter(OncePerRequestFilter.java:117) [spring-web-5.3.28.jar!/:5.3.28]
	at org.apache.catalina.core.ApplicationFilterChain.internalDoFilter(ApplicationFilterChain.java:178) [tomcat-embed-core-9.0.76.jar!/:na]
	at org.apache.catalina.core.ApplicationFilterChain.doFilter(ApplicationFilterChain.java:153) [tomcat-embed-core-9.0.76.jar!/:na]
	at org.springframework.web.filter.FormContentFilter.doFilterInternal(FormContentFilter.java:93) [spring-web-5.3.28.jar!/:5.3.28]
	at org.springframework.web.filter.OncePerRequestFilter.doFilter(OncePerRequestFilter.java:117) [spring-web-5.3.28.jar!/:5.3.28]
	at org.apache.catalina.core.ApplicationFilterChain.internalDoFilter(ApplicationFilterChain.java:178) [tomcat-embed-core-9.0.76.jar!/:na]
	at org.apache.catalina.core.ApplicationFilterChain.doFilter(ApplicationFilterChain.java:153) [tomcat-embed-core-9.0.76.jar!/:na]
	at org.springframework.web.filter.CharacterEncodingFilter.doFilterInternal(CharacterEncodingFilter.java:201) [spring-web-5.3.28.jar!/:5.3.28]
	at org.springframework.web.filter.OncePerRequestFilter.doFilter(OncePerRequestFilter.java:117) [spring-web-5.3.28.jar!/:5.3.28]
	at org.apache.catalina.core.ApplicationFilterChain.internalDoFilter(ApplicationFilterChain.java:178) [tomcat-embed-core-9.0.76.jar!/:na]
	at org.apache.catalina.core.ApplicationFilterChain.doFilter(ApplicationFilterChain.java:153) [tomcat-embed-core-9.0.76.jar!/:na]
	at org.apache.catalina.core.StandardWrapperValve.invoke(StandardWrapperValve.java:167) [tomcat-embed-core-9.0.76.jar!/:na]
	at org.apache.catalina.core.StandardContextValve.invoke(StandardContextValve.java:90) [tomcat-embed-core-9.0.76.jar!/:na]
	at org.apache.catalina.authenticator.AuthenticatorBase.invoke(AuthenticatorBase.java:481) [tomcat-embed-core-9.0.76.jar!/:na]
	at org.apache.catalina.core.StandardHostValve.invoke(StandardHostValve.java:130) [tomcat-embed-core-9.0.76.jar!/:na]
	at org.apache.catalina.valves.ErrorReportValve.invoke(ErrorReportValve.java:93) [tomcat-embed-core-9.0.76.jar!/:na]
	at org.apache.catalina.core.StandardEngineValve.invoke(StandardEngineValve.java:74) [tomcat-embed-core-9.0.76.jar!/:na]
	at org.apache.catalina.connector.CoyoteAdapter.service(CoyoteAdapter.java:343) [tomcat-embed-core-9.0.76.jar!/:na]
	at org.apache.coyote.http11.Http11Processor.service(Http11Processor.java:390) [tomcat-embed-core-9.0.76.jar!/:na]
	at org.apache.coyote.AbstractProcessorLight.process(AbstractProcessorLight.java:63) [tomcat-embed-core-9.0.76.jar!/:na]
	at org.apache.coyote.AbstractProtocol$ConnectionHandler.process(AbstractProtocol.java:926) [tomcat-embed-core-9.0.76.jar!/:na]
	at org.apache.tomcat.util.net.NioEndpoint$SocketProcessor.doRun(NioEndpoint.java:1791) [tomcat-embed-core-9.0.76.jar!/:na]
	at org.apache.tomcat.util.net.SocketProcessorBase.run(SocketProcessorBase.java:52) [tomcat-embed-core-9.0.76.jar!/:na]
	at org.apache.tomcat.util.threads.ThreadPoolExecutor.runWorker(ThreadPoolExecutor.java:1191) [tomcat-embed-core-9.0.76.jar!/:na]
	at org.apache.tomcat.util.threads.ThreadPoolExecutor$Worker.run(ThreadPoolExecutor.java:659) [tomcat-embed-core-9.0.76.jar!/:na]
	at org.apache.tomcat.util.threads.TaskThread$WrappingRunnable.run(TaskThread.java:61) [tomcat-embed-core-9.0.76.jar!/:na]
	at java.lang.Thread.run(Thread.java:750) [na:1.8.0_502]

2026-08-22 21:31:47.157 ERROR 215277 --- [nio-9080-exec-6] c.p.c.exception.GlobalExceptionHandler   : 系统异常：PUT /ptidss/admin/roles/5

org.springframework.web.HttpRequestMethodNotSupportedException: Request method 'PUT' not supported
	at org.springframework.web.servlet.mvc.method.RequestMappingInfoHandlerMapping.handleNoMatch(RequestMappingInfoHandlerMapping.java:260) ~[spring-webmvc-5.3.28.jar!/:5.3.28]
	at org.springframework.web.servlet.handler.AbstractHandlerMethodMapping.lookupHandlerMethod(AbstractHandlerMethodMapping.java:442) ~[spring-webmvc-5.3.28.jar!/:5.3.28]
	at org.springframework.web.servlet.handler.AbstractHandlerMethodMapping.getHandlerInternal(AbstractHandlerMethodMapping.java:383) ~[spring-webmvc-5.3.28.jar!/:5.3.28]
	at org.springframework.web.servlet.mvc.method.RequestMappingInfoHandlerMapping.getHandlerInternal(RequestMappingInfoHandlerMapping.java:125) ~[spring-webmvc-5.3.28.jar!/:5.3.28]
	at org.springframework.web.servlet.mvc.method.RequestMappingInfoHandlerMapping.getHandlerInternal(RequestMappingInfoHandlerMapping.java:67) ~[spring-webmvc-5.3.28.jar!/:5.3.28]
	at org.springframework.web.servlet.handler.AbstractHandlerMapping.getHandler(AbstractHandlerMapping.java:498) ~[spring-webmvc-5.3.28.jar!/:5.3.28]
	at org.springframework.web.servlet.DispatcherServlet.getHandler(DispatcherServlet.java:1266) ~[spring-webmvc-5.3.28.jar!/:5.3.28]
	at org.springframework.web.servlet.DispatcherServlet.doDispatch(DispatcherServlet.java:1048) ~[spring-webmvc-5.3.28.jar!/:5.3.28]
	at org.springframework.web.servlet.DispatcherServlet.doService(DispatcherServlet.java:965) ~[spring-webmvc-5.3.28.jar!/:5.3.28]
	at org.springframework.web.servlet.FrameworkServlet.processRequest(FrameworkServlet.java:1006) [spring-webmvc-5.3.28.jar!/:5.3.28]
	at org.springframework.web.servlet.FrameworkServlet.doPut(FrameworkServlet.java:920) [spring-webmvc-5.3.28.jar!/:5.3.28]
	at javax.servlet.http.HttpServlet.service(HttpServlet.java:558) [tomcat-embed-core-9.0.76.jar!/:4.0.1]
	at org.springframework.web.servlet.FrameworkServlet.service(FrameworkServlet.java:883) [spring-webmvc-5.3.28.jar!/:5.3.28]
	at javax.servlet.http.HttpServlet.service(HttpServlet.java:623) [tomcat-embed-core-9.0.76.jar!/:4.0.1]
	at org.apache.catalina.core.ApplicationFilterChain.internalDoFilter(ApplicationFilterChain.java:209) [tomcat-embed-core-9.0.76.jar!/:na]
	at org.apache.catalina.core.ApplicationFilterChain.doFilter(ApplicationFilterChain.java:153) [tomcat-embed-core-9.0.76.jar!/:na]
	at org.apache.tomcat.websocket.server.WsFilter.doFilter(WsFilter.java:51) [tomcat-embed-websocket-9.0.76.jar!/:na]
	at org.apache.catalina.core.ApplicationFilterChain.internalDoFilter(ApplicationFilterChain.java:178) [tomcat-embed-core-9.0.76.jar!/:na]
	at org.apache.catalina.core.ApplicationFilterChain.doFilter(ApplicationFilterChain.java:153) [tomcat-embed-core-9.0.76.jar!/:na]
	at org.springframework.web.filter.RequestContextFilter.doFilterInternal(RequestContextFilter.java:100) [spring-web-5.3.28.jar!/:5.3.28]
	at org.springframework.web.filter.OncePerRequestFilter.doFilter(OncePerRequestFilter.java:117) [spring-web-5.3.28.jar!/:5.3.28]
	at org.apache.catalina.core.ApplicationFilterChain.internalDoFilter(ApplicationFilterChain.java:178) [tomcat-embed-core-9.0.76.jar!/:na]
	at org.apache.catalina.core.ApplicationFilterChain.doFilter(ApplicationFilterChain.java:153) [tomcat-embed-core-9.0.76.jar!/:na]
	at org.springframework.web.filter.FormContentFilter.doFilterInternal(FormContentFilter.java:93) [spring-web-5.3.28.jar!/:5.3.28]
	at org.springframework.web.filter.OncePerRequestFilter.doFilter(OncePerRequestFilter.java:117) [spring-web-5.3.28.jar!/:5.3.28]
	at org.apache.catalina.core.ApplicationFilterChain.internalDoFilter(ApplicationFilterChain.java:178) [tomcat-embed-core-9.0.76.jar!/:na]
	at org.apache.catalina.core.ApplicationFilterChain.doFilter(ApplicationFilterChain.java:153) [tomcat-embed-core-9.0.76.jar!/:na]
	at org.springframework.web.filter.CharacterEncodingFilter.doFilterInternal(CharacterEncodingFilter.java:201) [spring-web-5.3.28.jar!/:5.3.28]
	at org.springframework.web.filter.OncePerRequestFilter.doFilter(OncePerRequestFilter.java:117) [spring-web-5.3.28.jar!/:5.3.28]
	at org.apache.catalina.core.ApplicationFilterChain.internalDoFilter(ApplicationFilterChain.java:178) [tomcat-embed-core-9.0.76.jar!/:na]
	at org.apache.catalina.core.ApplicationFilterChain.doFilter(ApplicationFilterChain.java:153) [tomcat-embed-core-9.0.76.jar!/:na]
	at org.apache.catalina.core.StandardWrapperValve.invoke(StandardWrapperValve.java:167) [tomcat-embed-core-9.0.76.jar!/:na]
	at org.apache.catalina.core.StandardContextValve.invoke(StandardContextValve.java:90) [tomcat-embed-core-9.0.76.jar!/:na]
	at org.apache.catalina.authenticator.AuthenticatorBase.invoke(AuthenticatorBase.java:481) [tomcat-embed-core-9.0.76.jar!/:na]
	at org.apache.catalina.core.StandardHostValve.invoke(StandardHostValve.java:130) [tomcat-embed-core-9.0.76.jar!/:na]
	at org.apache.catalina.valves.ErrorReportValve.invoke(ErrorReportValve.java:93) [tomcat-embed-core-9.0.76.jar!/:na]
	at org.apache.catalina.core.StandardEngineValve.invoke(StandardEngineValve.java:74) [tomcat-embed-core-9.0.76.jar!/:na]
	at org.apache.catalina.connector.CoyoteAdapter.service(CoyoteAdapter.java:343) [tomcat-embed-core-9.0.76.jar!/:na]
	at org.apache.coyote.http11.Http11Processor.service(Http11Processor.java:390) [tomcat-embed-core-9.0.76.jar!/:na]
	at org.apache.coyote.AbstractProcessorLight.process(AbstractProcessorLight.java:63) [tomcat-embed-core-9.0.76.jar!/:na]
	at org.apache.coyote.AbstractProtocol$ConnectionHandler.process(AbstractProtocol.java:926) [tomcat-embed-core-9.0.76.jar!/:na]
	at org.apache.tomcat.util.net.NioEndpoint$SocketProcessor.doRun(NioEndpoint.java:1791) [tomcat-embed-core-9.0.76.jar!/:na]
	at org.apache.tomcat.util.net.SocketProcessorBase.run(SocketProcessorBase.java:52) [tomcat-embed-core-9.0.76.jar!/:na]
	at org.apache.tomcat.util.threads.ThreadPoolExecutor.runWorker(ThreadPoolExecutor.java:1191) [tomcat-embed-core-9.0.76.jar!/:na]
	at org.apache.tomcat.util.threads.ThreadPoolExecutor$Worker.run(ThreadPoolExecutor.java:659) [tomcat-embed-core-9.0.76.jar!/:na]
	at org.apache.tomcat.util.threads.TaskThread$WrappingRunnable.run(TaskThread.java:61) [tomcat-embed-core-9.0.76.jar!/:na]
	at java.lang.Thread.run(Thread.java:750) [na:1.8.0_502]

2026-08-22 21:31:47.204 DEBUG 215277 --- [nio-9080-exec-8] c.p.s.mapper.SysUserMapper.selectList    : ==>  Preparing: SELECT id,username,display_name,password_hash,role_ids,org_code,phone,email,status,last_login_at,version,deleted,created_at,updated_at FROM sys_user WHERE deleted=false AND (username = ?)
2026-08-22 21:31:47.204 DEBUG 215277 --- [nio-9080-exec-8] c.p.s.mapper.SysUserMapper.selectList    : ==> Parameters: manager01(String)
2026-08-22 21:31:47.205 DEBUG 215277 --- [nio-9080-exec-8] c.p.s.mapper.SysUserMapper.selectList    : <==      Total: 1
2026-08-22 21:31:47.298 DEBUG 215277 --- [nio-9080-exec-8] c.p.s.m.SysRoleMapper.selectBatchIds     : ==>  Preparing: SELECT id,role_code,role_name,description,status,version,deleted,created_at,updated_at FROM sys_role WHERE id IN ( ? ) AND deleted=false
2026-08-22 21:31:47.298 DEBUG 215277 --- [nio-9080-exec-8] c.p.s.m.SysRoleMapper.selectBatchIds     : ==> Parameters: 5(Long)
2026-08-22 21:31:47.299 DEBUG 215277 --- [nio-9080-exec-8] c.p.s.m.SysRoleMapper.selectBatchIds     : <==      Total: 1
2026-08-22 21:31:47.300 DEBUG 215277 --- [nio-9080-exec-8] c.p.s.m.SysPermissionMapper.selectList   : ==>  Preparing: SELECT id,perm_code,perm_name,resource_type,resource_pattern,status,version,deleted,created_at,updated_at FROM sys_permission WHERE deleted=false AND (status = ? AND EXISTS (SELECT 1 FROM sys_role_permission rp WHERE rp.permission_id = sys_permission.id AND rp.role_id = ?))
2026-08-22 21:31:47.300 DEBUG 215277 --- [nio-9080-exec-8] c.p.s.m.SysPermissionMapper.selectList   : ==> Parameters: active(String), 5(Long)
2026-08-22 21:31:47.301 DEBUG 215277 --- [nio-9080-exec-8] c.p.s.m.SysPermissionMapper.selectList   : <==      Total: 8
2026-08-22 21:31:47.302 DEBUG 215277 --- [nio-9080-exec-8] c.p.s.m.SysUserRegionMapper.selectList   : ==>  Preparing: SELECT user_id,region_code FROM sys_user_region WHERE (user_id = ?)
2026-08-22 21:31:47.302 DEBUG 215277 --- [nio-9080-exec-8] c.p.s.m.SysUserRegionMapper.selectList   : ==> Parameters: 4(Long)
2026-08-22 21:31:47.302 DEBUG 215277 --- [nio-9080-exec-8] c.p.s.m.SysUserRegionMapper.selectList   : <==      Total: 1
2026-08-22 21:31:47.304 DEBUG 215277 --- [nio-9080-exec-8] c.p.s.m.SysRoleRegionMapper.selectList   : ==>  Preparing: SELECT role_id,region_code FROM sys_role_region WHERE (role_id = ?)
2026-08-22 21:31:47.304 DEBUG 215277 --- [nio-9080-exec-8] c.p.s.m.SysRoleRegionMapper.selectList   : ==> Parameters: 5(Long)
2026-08-22 21:31:47.304 DEBUG 215277 --- [nio-9080-exec-8] c.p.s.m.SysRoleRegionMapper.selectList   : <==      Total: 0
2026-08-22 21:31:47.305 DEBUG 215277 --- [nio-9080-exec-8] c.p.s.mapper.SysRegionMapper.selectList  : ==>  Preparing: SELECT id,region_code,region_name,market_support,exchange_channel,settlement_period,status,launch_order,version,deleted,created_at,updated_at FROM sys_region WHERE deleted=false AND (region_code = ? AND status = ?)
2026-08-22 21:31:47.306 DEBUG 215277 --- [nio-9080-exec-8] c.p.s.mapper.SysRegionMapper.selectList  : ==> Parameters: CN-32(String), enabled(String)
2026-08-22 21:31:47.306 DEBUG 215277 --- [nio-9080-exec-8] c.p.s.mapper.SysRegionMapper.selectList  : <==      Total: 1
2026-08-22 21:31:47.308 DEBUG 215277 --- [nio-9080-exec-8] c.p.s.mapper.SysUserMapper.updateById    : ==>  Preparing: UPDATE sys_user SET last_login_at=?, updated_at=? WHERE id=? AND deleted=false
2026-08-22 21:31:47.308 DEBUG 215277 --- [nio-9080-exec-8] c.p.s.mapper.SysUserMapper.updateById    : ==> Parameters: 2026-08-22 21:31:47.307(Timestamp), 2026-08-22 21:31:47.307(Timestamp), 4(Long)
2026-08-22 21:31:47.311 DEBUG 215277 --- [nio-9080-exec-8] c.p.s.mapper.SysUserMapper.updateById    : <==    Updates: 1
2026-08-22 21:31:47.311 DEBUG 215277 --- [nio-9080-exec-8] c.p.system.mapper.AuditLogMapper.insert  : ==>  Preparing: INSERT INTO audit_log ( id, trace_id, user_id, username, action, target_type, target_id, ip, user_agent, result, created_at ) VALUES ( ?, ?, ?, ?, ?, ?, ?, ?, ?, ?, ? )
2026-08-22 21:31:47.312 DEBUG 215277 --- [nio-9080-exec-8] c.p.system.mapper.AuditLogMapper.insert  : ==> Parameters: 216912236898291712(Long), 7aa78c264e9b44ec(String), 0(Long), manager01(String), login(String), auth(String), LoginBody(username=manager01, password=Ptidss@2026, captchaKey=n(String), 127.0.0.1(String), curl/8.5.0(String), success(String), 2026-08-22 21:31:47.311(Timestamp)
2026-08-22 21:31:47.313 DEBUG 215277 --- [nio-9080-exec-8] c.p.system.mapper.AuditLogMapper.insert  : <==    Updates: 1
2026-08-22 21:31:47.509 DEBUG 215277 --- [nio-9080-exec-1] c.p.f.m.F.selectPage_mpCount             : ==>  Preparing: SELECT COUNT(*) AS total FROM flow_instance WHERE deleted = false AND (status = ? AND (current_assignee = ? OR current_assignee IN (?)))
2026-08-22 21:31:47.509 DEBUG 215277 --- [nio-9080-exec-1] c.p.f.m.F.selectPage_mpCount             : ==> Parameters: running(String), manager01(String), manager(String)
2026-08-22 21:31:47.511 DEBUG 215277 --- [nio-9080-exec-1] c.p.f.m.F.selectPage_mpCount             : <==      Total: 1
2026-08-22 21:31:47.514 DEBUG 215277 --- [nio-9080-exec-1] c.p.f.m.FlowInstanceMapper.selectPage    : ==>  Preparing: SELECT id,instance_no,process_key,biz_type,biz_id,variables,status,current_node,current_assignee,start_by,start_time,end_time,version,deleted,created_at,updated_at FROM flow_instance WHERE deleted=false AND (status = ? AND (current_assignee = ? OR current_assignee IN (?))) ORDER BY start_time DESC LIMIT ?
2026-08-22 21:31:47.514 DEBUG 215277 --- [nio-9080-exec-1] c.p.f.m.FlowInstanceMapper.selectPage    : ==> Parameters: running(String), manager01(String), manager(String), 10(Long)
2026-08-22 21:31:47.515 DEBUG 215277 --- [nio-9080-exec-1] c.p.f.m.FlowInstanceMapper.selectPage    : <==      Total: 3
2026-08-22 21:31:47.548 DEBUG 215277 --- [nio-9080-exec-3] c.p.f.m.F.selectPage_mpCount             : ==>  Preparing: SELECT COUNT(*) AS total FROM flow_instance WHERE deleted = false AND (status = ? AND (current_assignee = ? OR current_assignee IN (?)))
2026-08-22 21:31:47.548 DEBUG 215277 --- [nio-9080-exec-3] c.p.f.m.F.selectPage_mpCount             : ==> Parameters: running(String), manager01(String), manager(String)
2026-08-22 21:31:47.549 DEBUG 215277 --- [nio-9080-exec-3] c.p.f.m.F.selectPage_mpCount             : <==      Total: 1
2026-08-22 21:31:47.549 DEBUG 215277 --- [nio-9080-exec-3] c.p.f.m.FlowInstanceMapper.selectPage    : ==>  Preparing: SELECT id,instance_no,process_key,biz_type,biz_id,variables,status,current_node,current_assignee,start_by,start_time,end_time,version,deleted,created_at,updated_at FROM flow_instance WHERE deleted=false AND (status = ? AND (current_assignee = ? OR current_assignee IN (?))) ORDER BY start_time DESC LIMIT ?
2026-08-22 21:31:47.550 DEBUG 215277 --- [nio-9080-exec-3] c.p.f.m.FlowInstanceMapper.selectPage    : ==> Parameters: running(String), manager01(String), manager(String), 10(Long)
2026-08-22 21:31:47.550 DEBUG 215277 --- [nio-9080-exec-3] c.p.f.m.FlowInstanceMapper.selectPage    : <==      Total: 3
2026-08-22 21:31:47.562 DEBUG 215277 --- [nio-9080-exec-5] c.p.s.mapper.SysUserMapper.selectList    : ==>  Preparing: SELECT id,username,display_name,password_hash,role_ids,org_code,phone,email,status,last_login_at,version,deleted,created_at,updated_at FROM sys_user WHERE deleted=false AND (username = ?)
2026-08-22 21:31:47.562 DEBUG 215277 --- [nio-9080-exec-5] c.p.s.mapper.SysUserMapper.selectList    : ==> Parameters: trader01(String)
2026-08-22 21:31:47.563 DEBUG 215277 --- [nio-9080-exec-5] c.p.s.mapper.SysUserMapper.selectList    : <==      Total: 1
2026-08-22 21:31:47.648 DEBUG 215277 --- [nio-9080-exec-5] c.p.s.m.SysRoleMapper.selectBatchIds     : ==>  Preparing: SELECT id,role_code,role_name,description,status,version,deleted,created_at,updated_at FROM sys_role WHERE id IN ( ? , ? ) AND deleted=false
2026-08-22 21:31:47.649 DEBUG 215277 --- [nio-9080-exec-5] c.p.s.m.SysRoleMapper.selectBatchIds     : ==> Parameters: 1(Long), 7(Long)
2026-08-22 21:31:47.649 DEBUG 215277 --- [nio-9080-exec-5] c.p.s.m.SysRoleMapper.selectBatchIds     : <==      Total: 2
2026-08-22 21:31:47.650 DEBUG 215277 --- [nio-9080-exec-5] c.p.s.m.SysPermissionMapper.selectList   : ==>  Preparing: SELECT id,perm_code,perm_name,resource_type,resource_pattern,status,version,deleted,created_at,updated_at FROM sys_permission WHERE deleted=false AND (status = ? AND EXISTS (SELECT 1 FROM sys_role_permission rp WHERE rp.permission_id = sys_permission.id AND rp.role_id = ?))
2026-08-22 21:31:47.651 DEBUG 215277 --- [nio-9080-exec-5] c.p.s.m.SysPermissionMapper.selectList   : ==> Parameters: active(String), 1(Long)
2026-08-22 21:31:47.652 DEBUG 215277 --- [nio-9080-exec-5] c.p.s.m.SysPermissionMapper.selectList   : <==      Total: 9
2026-08-22 21:31:47.652 DEBUG 215277 --- [nio-9080-exec-5] c.p.s.m.SysPermissionMapper.selectList   : ==>  Preparing: SELECT id,perm_code,perm_name,resource_type,resource_pattern,status,version,deleted,created_at,updated_at FROM sys_permission WHERE deleted=false AND (status = ? AND EXISTS (SELECT 1 FROM sys_role_permission rp WHERE rp.permission_id = sys_permission.id AND rp.role_id = ?))
2026-08-22 21:31:47.653 DEBUG 215277 --- [nio-9080-exec-5] c.p.s.m.SysPermissionMapper.selectList   : ==> Parameters: active(String), 7(Long)
2026-08-22 21:31:47.653 DEBUG 215277 --- [nio-9080-exec-5] c.p.s.m.SysPermissionMapper.selectList   : <==      Total: 5
2026-08-22 21:31:47.654 DEBUG 215277 --- [nio-9080-exec-5] c.p.s.m.SysUserRegionMapper.selectList   : ==>  Preparing: SELECT user_id,region_code FROM sys_user_region WHERE (user_id = ?)
2026-08-22 21:31:47.654 DEBUG 215277 --- [nio-9080-exec-5] c.p.s.m.SysUserRegionMapper.selectList   : ==> Parameters: 2(Long)
2026-08-22 21:31:47.655 DEBUG 215277 --- [nio-9080-exec-5] c.p.s.m.SysUserRegionMapper.selectList   : <==      Total: 1
2026-08-22 21:31:47.656 DEBUG 215277 --- [nio-9080-exec-5] c.p.s.m.SysRoleRegionMapper.selectList   : ==>  Preparing: SELECT role_id,region_code FROM sys_role_region WHERE (role_id = ?)
2026-08-22 21:31:47.656 DEBUG 215277 --- [nio-9080-exec-5] c.p.s.m.SysRoleRegionMapper.selectList   : ==> Parameters: 1(Long)
2026-08-22 21:31:47.657 DEBUG 215277 --- [nio-9080-exec-5] c.p.s.m.SysRoleRegionMapper.selectList   : <==      Total: 0
2026-08-22 21:31:47.658 DEBUG 215277 --- [nio-9080-exec-5] c.p.s.m.SysRoleRegionMapper.selectList   : ==>  Preparing: SELECT role_id,region_code FROM sys_role_region WHERE (role_id = ?)
2026-08-22 21:31:47.658 DEBUG 215277 --- [nio-9080-exec-5] c.p.s.m.SysRoleRegionMapper.selectList   : ==> Parameters: 7(Long)
2026-08-22 21:31:47.658 DEBUG 215277 --- [nio-9080-exec-5] c.p.s.m.SysRoleRegionMapper.selectList   : <==      Total: 0
2026-08-22 21:31:47.659 DEBUG 215277 --- [nio-9080-exec-5] c.p.s.mapper.SysRegionMapper.selectList  : ==>  Preparing: SELECT id,region_code,region_name,market_support,exchange_channel,settlement_period,status,launch_order,version,deleted,created_at,updated_at FROM sys_region WHERE deleted=false AND (region_code = ? AND status = ?)
2026-08-22 21:31:47.659 DEBUG 215277 --- [nio-9080-exec-5] c.p.s.mapper.SysRegionMapper.selectList  : ==> Parameters: CN-32(String), enabled(String)
2026-08-22 21:31:47.660 DEBUG 215277 --- [nio-9080-exec-5] c.p.s.mapper.SysRegionMapper.selectList  : <==      Total: 1
2026-08-22 21:31:47.661 DEBUG 215277 --- [nio-9080-exec-5] c.p.s.mapper.SysUserMapper.updateById    : ==>  Preparing: UPDATE sys_user SET last_login_at=?, updated_at=? WHERE id=? AND deleted=false
2026-08-22 21:31:47.661 DEBUG 215277 --- [nio-9080-exec-5] c.p.s.mapper.SysUserMapper.updateById    : ==> Parameters: 2026-08-22 21:31:47.661(Timestamp), 2026-08-22 21:31:47.661(Timestamp), 2(Long)
2026-08-22 21:31:47.663 DEBUG 215277 --- [nio-9080-exec-5] c.p.s.mapper.SysUserMapper.updateById    : <==    Updates: 1
2026-08-22 21:31:47.663 DEBUG 215277 --- [nio-9080-exec-5] c.p.system.mapper.AuditLogMapper.insert  : ==>  Preparing: INSERT INTO audit_log ( id, trace_id, user_id, username, action, target_type, target_id, ip, user_agent, result, created_at ) VALUES ( ?, ?, ?, ?, ?, ?, ?, ?, ?, ?, ? )
2026-08-22 21:31:47.664 DEBUG 215277 --- [nio-9080-exec-5] c.p.system.mapper.AuditLogMapper.insert  : ==> Parameters: 216912238374686720(Long), d031da192d404ff7(String), 0(Long), trader01(String), login(String), auth(String), LoginBody(username=trader01, password=Ptidss@2026, captchaKey=nu(String), 127.0.0.1(String), curl/8.5.0(String), success(String), 2026-08-22 21:31:47.663(Timestamp)
2026-08-22 21:31:47.665 DEBUG 215277 --- [nio-9080-exec-5] c.p.system.mapper.AuditLogMapper.insert  : <==    Updates: 1
2026-08-22 21:31:47.740 DEBUG 215277 --- [nio-9080-exec-7] c.p.f.m.F.selectPage_mpCount             : ==>  Preparing: SELECT COUNT(*) AS total FROM flow_instance WHERE deleted = false AND (status = ? AND (current_assignee = ? OR current_assignee IN (?, ?)))
2026-08-22 21:31:47.740 DEBUG 215277 --- [nio-9080-exec-7] c.p.f.m.F.selectPage_mpCount             : ==> Parameters: running(String), trader01(String), trader(String), mobile(String)
2026-08-22 21:31:47.741 DEBUG 215277 --- [nio-9080-exec-7] c.p.f.m.F.selectPage_mpCount             : <==      Total: 1
2026-08-22 21:31:47.754 ERROR 215277 --- [nio-9080-exec-9] c.p.c.exception.GlobalExceptionHandler   : 系统异常：PUT /ptidss/admin/roles/5

org.springframework.web.HttpRequestMethodNotSupportedException: Request method 'PUT' not supported
	at org.springframework.web.servlet.mvc.method.RequestMappingInfoHandlerMapping.handleNoMatch(RequestMappingInfoHandlerMapping.java:260) ~[spring-webmvc-5.3.28.jar!/:5.3.28]
	at org.springframework.web.servlet.handler.AbstractHandlerMethodMapping.lookupHandlerMethod(AbstractHandlerMethodMapping.java:442) ~[spring-webmvc-5.3.28.jar!/:5.3.28]
	at org.springframework.web.servlet.handler.AbstractHandlerMethodMapping.getHandlerInternal(AbstractHandlerMethodMapping.java:383) ~[spring-webmvc-5.3.28.jar!/:5.3.28]
	at org.springframework.web.servlet.mvc.method.RequestMappingInfoHandlerMapping.getHandlerInternal(RequestMappingInfoHandlerMapping.java:125) ~[spring-webmvc-5.3.28.jar!/:5.3.28]
	at org.springframework.web.servlet.mvc.method.RequestMappingInfoHandlerMapping.getHandlerInternal(RequestMappingInfoHandlerMapping.java:67) ~[spring-webmvc-5.3.28.jar!/:5.3.28]
	at org.springframework.web.servlet.handler.AbstractHandlerMapping.getHandler(AbstractHandlerMapping.java:498) ~[spring-webmvc-5.3.28.jar!/:5.3.28]
	at org.springframework.web.servlet.DispatcherServlet.getHandler(DispatcherServlet.java:1266) ~[spring-webmvc-5.3.28.jar!/:5.3.28]
	at org.springframework.web.servlet.DispatcherServlet.doDispatch(DispatcherServlet.java:1048) ~[spring-webmvc-5.3.28.jar!/:5.3.28]
	at org.springframework.web.servlet.DispatcherServlet.doService(DispatcherServlet.java:965) ~[spring-webmvc-5.3.28.jar!/:5.3.28]
	at org.springframework.web.servlet.FrameworkServlet.processRequest(FrameworkServlet.java:1006) [spring-webmvc-5.3.28.jar!/:5.3.28]
	at org.springframework.web.servlet.FrameworkServlet.doPut(FrameworkServlet.java:920) [spring-webmvc-5.3.28.jar!/:5.3.28]
	at javax.servlet.http.HttpServlet.service(HttpServlet.java:558) [tomcat-embed-core-9.0.76.jar!/:4.0.1]
	at org.springframework.web.servlet.FrameworkServlet.service(FrameworkServlet.java:883) [spring-webmvc-5.3.28.jar!/:5.3.28]
	at javax.servlet.http.HttpServlet.service(HttpServlet.java:623) [tomcat-embed-core-9.0.76.jar!/:4.0.1]
	at org.apache.catalina.core.ApplicationFilterChain.internalDoFilter(ApplicationFilterChain.java:209) [tomcat-embed-core-9.0.76.jar!/:na]
	at org.apache.catalina.core.ApplicationFilterChain.doFilter(ApplicationFilterChain.java:153) [tomcat-embed-core-9.0.76.jar!/:na]
	at org.apache.tomcat.websocket.server.WsFilter.doFilter(WsFilter.java:51) [tomcat-embed-websocket-9.0.76.jar!/:na]
	at org.apache.catalina.core.ApplicationFilterChain.internalDoFilter(ApplicationFilterChain.java:178) [tomcat-embed-core-9.0.76.jar!/:na]
	at org.apache.catalina.core.ApplicationFilterChain.doFilter(ApplicationFilterChain.java:153) [tomcat-embed-core-9.0.76.jar!/:na]
	at org.springframework.web.filter.RequestContextFilter.doFilterInternal(RequestContextFilter.java:100) [spring-web-5.3.28.jar!/:5.3.28]
	at org.springframework.web.filter.OncePerRequestFilter.doFilter(OncePerRequestFilter.java:117) [spring-web-5.3.28.jar!/:5.3.28]
	at org.apache.catalina.core.ApplicationFilterChain.internalDoFilter(ApplicationFilterChain.java:178) [tomcat-embed-core-9.0.76.jar!/:na]
	at org.apache.catalina.core.ApplicationFilterChain.doFilter(ApplicationFilterChain.java:153) [tomcat-embed-core-9.0.76.jar!/:na]
	at org.springframework.web.filter.FormContentFilter.doFilterInternal(FormContentFilter.java:93) [spring-web-5.3.28.jar!/:5.3.28]
	at org.springframework.web.filter.OncePerRequestFilter.doFilter(OncePerRequestFilter.java:117) [spring-web-5.3.28.jar!/:5.3.28]
	at org.apache.catalina.core.ApplicationFilterChain.internalDoFilter(ApplicationFilterChain.java:178) [tomcat-embed-core-9.0.76.jar!/:na]
	at org.apache.catalina.core.ApplicationFilterChain.doFilter(ApplicationFilterChain.java:153) [tomcat-embed-core-9.0.76.jar!/:na]
	at org.springframework.web.filter.CharacterEncodingFilter.doFilterInternal(CharacterEncodingFilter.java:201) [spring-web-5.3.28.jar!/:5.3.28]
	at org.springframework.web.filter.OncePerRequestFilter.doFilter(OncePerRequestFilter.java:117) [spring-web-5.3.28.jar!/:5.3.28]
	at org.apache.catalina.core.ApplicationFilterChain.internalDoFilter(ApplicationFilterChain.java:178) [tomcat-embed-core-9.0.76.jar!/:na]
	at org.apache.catalina.core.ApplicationFilterChain.doFilter(ApplicationFilterChain.java:153) [tomcat-embed-core-9.0.76.jar!/:na]
	at org.apache.catalina.core.StandardWrapperValve.invoke(StandardWrapperValve.java:167) [tomcat-embed-core-9.0.76.jar!/:na]
	at org.apache.catalina.core.StandardContextValve.invoke(StandardContextValve.java:90) [tomcat-embed-core-9.0.76.jar!/:na]
	at org.apache.catalina.authenticator.AuthenticatorBase.invoke(AuthenticatorBase.java:481) [tomcat-embed-core-9.0.76.jar!/:na]
	at org.apache.catalina.core.StandardHostValve.invoke(StandardHostValve.java:130) [tomcat-embed-core-9.0.76.jar!/:na]
	at org.apache.catalina.valves.ErrorReportValve.invoke(ErrorReportValve.java:93) [tomcat-embed-core-9.0.76.jar!/:na]
	at org.apache.catalina.core.StandardEngineValve.invoke(StandardEngineValve.java:74) [tomcat-embed-core-9.0.76.jar!/:na]
	at org.apache.catalina.connector.CoyoteAdapter.service(CoyoteAdapter.java:343) [tomcat-embed-core-9.0.76.jar!/:na]
	at org.apache.coyote.http11.Http11Processor.service(Http11Processor.java:390) [tomcat-embed-core-9.0.76.jar!/:na]
	at org.apache.coyote.AbstractProcessorLight.process(AbstractProcessorLight.java:63) [tomcat-embed-core-9.0.76.jar!/:na]
	at org.apache.coyote.AbstractProtocol$ConnectionHandler.process(AbstractProtocol.java:926) [tomcat-embed-core-9.0.76.jar!/:na]
	at org.apache.tomcat.util.net.NioEndpoint$SocketProcessor.doRun(NioEndpoint.java:1791) [tomcat-embed-core-9.0.76.jar!/:na]
	at org.apache.tomcat.util.net.SocketProcessorBase.run(SocketProcessorBase.java:52) [tomcat-embed-core-9.0.76.jar!/:na]
	at org.apache.tomcat.util.threads.ThreadPoolExecutor.runWorker(ThreadPoolExecutor.java:1191) [tomcat-embed-core-9.0.76.jar!/:na]
	at org.apache.tomcat.util.threads.ThreadPoolExecutor$Worker.run(ThreadPoolExecutor.java:659) [tomcat-embed-core-9.0.76.jar!/:na]
	at org.apache.tomcat.util.threads.TaskThread$WrappingRunnable.run(TaskThread.java:61) [tomcat-embed-core-9.0.76.jar!/:na]
	at java.lang.Thread.run(Thread.java:750) [na:1.8.0_502]

2026-08-22 21:31:47.809 DEBUG 215277 --- [nio-9080-exec-1] c.p.f.m.F.selectPage_mpCount             : ==>  Preparing: SELECT COUNT(*) AS total FROM flow_instance WHERE deleted = false AND (status = ? AND (current_assignee = ? OR current_assignee IN (?)))
2026-08-22 21:31:47.810 DEBUG 215277 --- [nio-9080-exec-1] c.p.f.m.F.selectPage_mpCount             : ==> Parameters: running(String), manager01(String), manager(String)
2026-08-22 21:31:47.810 DEBUG 215277 --- [nio-9080-exec-1] c.p.f.m.F.selectPage_mpCount             : <==      Total: 1
2026-08-22 21:31:47.811 DEBUG 215277 --- [nio-9080-exec-1] c.p.f.m.FlowInstanceMapper.selectPage    : ==>  Preparing: SELECT id,instance_no,process_key,biz_type,biz_id,variables,status,current_node,current_assignee,start_by,start_time,end_time,version,deleted,created_at,updated_at FROM flow_instance WHERE deleted=false AND (status = ? AND (current_assignee = ? OR current_assignee IN (?))) ORDER BY start_time DESC LIMIT ?
2026-08-22 21:31:47.811 DEBUG 215277 --- [nio-9080-exec-1] c.p.f.m.FlowInstanceMapper.selectPage    : ==> Parameters: running(String), manager01(String), manager(String), 10(Long)
2026-08-22 21:31:47.812 DEBUG 215277 --- [nio-9080-exec-1] c.p.f.m.FlowInstanceMapper.selectPage    : <==      Total: 3
2026-08-22 21:31:47.825 DEBUG 215277 --- [nio-9080-exec-3] c.p.s.mapper.SysUserMapper.selectList    : ==>  Preparing: SELECT id,username,display_name,password_hash,role_ids,org_code,phone,email,status,last_login_at,version,deleted,created_at,updated_at FROM sys_user WHERE deleted=false AND (username = ?)
2026-08-22 21:31:47.825 DEBUG 215277 --- [nio-9080-exec-3] c.p.s.mapper.SysUserMapper.selectList    : ==> Parameters: manager01(String)
2026-08-22 21:31:47.826 DEBUG 215277 --- [nio-9080-exec-3] c.p.s.mapper.SysUserMapper.selectList    : <==      Total: 1
2026-08-22 21:31:47.912 DEBUG 215277 --- [nio-9080-exec-3] c.p.s.m.SysRoleMapper.selectBatchIds     : ==>  Preparing: SELECT id,role_code,role_name,description,status,version,deleted,created_at,updated_at FROM sys_role WHERE id IN ( ? ) AND deleted=false
2026-08-22 21:31:47.912 DEBUG 215277 --- [nio-9080-exec-3] c.p.s.m.SysRoleMapper.selectBatchIds     : ==> Parameters: 5(Long)
2026-08-22 21:31:47.913 DEBUG 215277 --- [nio-9080-exec-3] c.p.s.m.SysRoleMapper.selectBatchIds     : <==      Total: 1
2026-08-22 21:31:47.914 DEBUG 215277 --- [nio-9080-exec-3] c.p.s.m.SysPermissionMapper.selectList   : ==>  Preparing: SELECT id,perm_code,perm_name,resource_type,resource_pattern,status,version,deleted,created_at,updated_at FROM sys_permission WHERE deleted=false AND (status = ? AND EXISTS (SELECT 1 FROM sys_role_permission rp WHERE rp.permission_id = sys_permission.id AND rp.role_id = ?))
2026-08-22 21:31:47.914 DEBUG 215277 --- [nio-9080-exec-3] c.p.s.m.SysPermissionMapper.selectList   : ==> Parameters: active(String), 5(Long)
2026-08-22 21:31:47.915 DEBUG 215277 --- [nio-9080-exec-3] c.p.s.m.SysPermissionMapper.selectList   : <==      Total: 8
2026-08-22 21:31:47.916 DEBUG 215277 --- [nio-9080-exec-3] c.p.s.m.SysUserRegionMapper.selectList   : ==>  Preparing: SELECT user_id,region_code FROM sys_user_region WHERE (user_id = ?)
2026-08-22 21:31:47.916 DEBUG 215277 --- [nio-9080-exec-3] c.p.s.m.SysUserRegionMapper.selectList   : ==> Parameters: 4(Long)
2026-08-22 21:31:47.916 DEBUG 215277 --- [nio-9080-exec-3] c.p.s.m.SysUserRegionMapper.selectList   : <==      Total: 1
2026-08-22 21:31:47.917 DEBUG 215277 --- [nio-9080-exec-3] c.p.s.m.SysRoleRegionMapper.selectList   : ==>  Preparing: SELECT role_id,region_code FROM sys_role_region WHERE (role_id = ?)
2026-08-22 21:31:47.917 DEBUG 215277 --- [nio-9080-exec-3] c.p.s.m.SysRoleRegionMapper.selectList   : ==> Parameters: 5(Long)
2026-08-22 21:31:47.918 DEBUG 215277 --- [nio-9080-exec-3] c.p.s.m.SysRoleRegionMapper.selectList   : <==      Total: 0
2026-08-22 21:31:47.918 DEBUG 215277 --- [nio-9080-exec-3] c.p.s.mapper.SysRegionMapper.selectList  : ==>  Preparing: SELECT id,region_code,region_name,market_support,exchange_channel,settlement_period,status,launch_order,version,deleted,created_at,updated_at FROM sys_region WHERE deleted=false AND (region_code = ? AND status = ?)
2026-08-22 21:31:47.918 DEBUG 215277 --- [nio-9080-exec-3] c.p.s.mapper.SysRegionMapper.selectList  : ==> Parameters: CN-32(String), enabled(String)
2026-08-22 21:31:47.919 DEBUG 215277 --- [nio-9080-exec-3] c.p.s.mapper.SysRegionMapper.selectList  : <==      Total: 1
2026-08-22 21:31:47.920 DEBUG 215277 --- [nio-9080-exec-3] c.p.s.mapper.SysUserMapper.updateById    : ==>  Preparing: UPDATE sys_user SET last_login_at=?, updated_at=? WHERE id=? AND deleted=false
2026-08-22 21:31:47.921 DEBUG 215277 --- [nio-9080-exec-3] c.p.s.mapper.SysUserMapper.updateById    : ==> Parameters: 2026-08-22 21:31:47.92(Timestamp), 2026-08-22 21:31:47.92(Timestamp), 4(Long)
2026-08-22 21:31:47.924 DEBUG 215277 --- [nio-9080-exec-3] c.p.s.mapper.SysUserMapper.updateById    : <==    Updates: 1
2026-08-22 21:31:47.925 DEBUG 215277 --- [nio-9080-exec-3] c.p.system.mapper.AuditLogMapper.insert  : ==>  Preparing: INSERT INTO audit_log ( id, trace_id, user_id, username, action, target_type, target_id, ip, user_agent, result, created_at ) VALUES ( ?, ?, ?, ?, ?, ?, ?, ?, ?, ?, ? )
2026-08-22 21:31:47.925 DEBUG 215277 --- [nio-9080-exec-3] c.p.system.mapper.AuditLogMapper.insert  : ==> Parameters: 216912239469400064(Long), fce824d75fd74fe6(String), 0(Long), manager01(String), login(String), auth(String), LoginBody(username=manager01, password=Ptidss@2026, captchaKey=n(String), 127.0.0.1(String), curl/8.5.0(String), success(String), 2026-08-22 21:31:47.925(Timestamp)
2026-08-22 21:31:47.926 DEBUG 215277 --- [nio-9080-exec-3] c.p.system.mapper.AuditLogMapper.insert  : <==    Updates: 1
2026-08-22 21:31:47.942 ERROR 215277 --- [nio-9080-exec-4] c.p.c.exception.GlobalExceptionHandler   : 系统异常：PUT /ptidss/admin/users/4

org.springframework.web.HttpRequestMethodNotSupportedException: Request method 'PUT' not supported
	at org.springframework.web.servlet.mvc.method.RequestMappingInfoHandlerMapping.handleNoMatch(RequestMappingInfoHandlerMapping.java:260) ~[spring-webmvc-5.3.28.jar!/:5.3.28]
	at org.springframework.web.servlet.handler.AbstractHandlerMethodMapping.lookupHandlerMethod(AbstractHandlerMethodMapping.java:442) ~[spring-webmvc-5.3.28.jar!/:5.3.28]
	at org.springframework.web.servlet.handler.AbstractHandlerMethodMapping.getHandlerInternal(AbstractHandlerMethodMapping.java:383) ~[spring-webmvc-5.3.28.jar!/:5.3.28]
	at org.springframework.web.servlet.mvc.method.RequestMappingInfoHandlerMapping.getHandlerInternal(RequestMappingInfoHandlerMapping.java:125) ~[spring-webmvc-5.3.28.jar!/:5.3.28]
	at org.springframework.web.servlet.mvc.method.RequestMappingInfoHandlerMapping.getHandlerInternal(RequestMappingInfoHandlerMapping.java:67) ~[spring-webmvc-5.3.28.jar!/:5.3.28]
	at org.springframework.web.servlet.handler.AbstractHandlerMapping.getHandler(AbstractHandlerMapping.java:498) ~[spring-webmvc-5.3.28.jar!/:5.3.28]
	at org.springframework.web.servlet.DispatcherServlet.getHandler(DispatcherServlet.java:1266) ~[spring-webmvc-5.3.28.jar!/:5.3.28]
	at org.springframework.web.servlet.DispatcherServlet.doDispatch(DispatcherServlet.java:1048) ~[spring-webmvc-5.3.28.jar!/:5.3.28]
	at org.springframework.web.servlet.DispatcherServlet.doService(DispatcherServlet.java:965) ~[spring-webmvc-5.3.28.jar!/:5.3.28]
	at org.springframework.web.servlet.FrameworkServlet.processRequest(FrameworkServlet.java:1006) [spring-webmvc-5.3.28.jar!/:5.3.28]
	at org.springframework.web.servlet.FrameworkServlet.doPut(FrameworkServlet.java:920) [spring-webmvc-5.3.28.jar!/:5.3.28]
	at javax.servlet.http.HttpServlet.service(HttpServlet.java:558) [tomcat-embed-core-9.0.76.jar!/:4.0.1]
	at org.springframework.web.servlet.FrameworkServlet.service(FrameworkServlet.java:883) [spring-webmvc-5.3.28.jar!/:5.3.28]
	at javax.servlet.http.HttpServlet.service(HttpServlet.java:623) [tomcat-embed-core-9.0.76.jar!/:4.0.1]
	at org.apache.catalina.core.ApplicationFilterChain.internalDoFilter(ApplicationFilterChain.java:209) [tomcat-embed-core-9.0.76.jar!/:na]
	at org.apache.catalina.core.ApplicationFilterChain.doFilter(ApplicationFilterChain.java:153) [tomcat-embed-core-9.0.76.jar!/:na]
	at org.apache.tomcat.websocket.server.WsFilter.doFilter(WsFilter.java:51) [tomcat-embed-websocket-9.0.76.jar!/:na]
	at org.apache.catalina.core.ApplicationFilterChain.internalDoFilter(ApplicationFilterChain.java:178) [tomcat-embed-core-9.0.76.jar!/:na]
	at org.apache.catalina.core.ApplicationFilterChain.doFilter(ApplicationFilterChain.java:153) [tomcat-embed-core-9.0.76.jar!/:na]
	at org.springframework.web.filter.RequestContextFilter.doFilterInternal(RequestContextFilter.java:100) [spring-web-5.3.28.jar!/:5.3.28]
	at org.springframework.web.filter.OncePerRequestFilter.doFilter(OncePerRequestFilter.java:117) [spring-web-5.3.28.jar!/:5.3.28]
	at org.apache.catalina.core.ApplicationFilterChain.internalDoFilter(ApplicationFilterChain.java:178) [tomcat-embed-core-9.0.76.jar!/:na]
	at org.apache.catalina.core.ApplicationFilterChain.doFilter(ApplicationFilterChain.java:153) [tomcat-embed-core-9.0.76.jar!/:na]
	at org.springframework.web.filter.FormContentFilter.doFilterInternal(FormContentFilter.java:93) [spring-web-5.3.28.jar!/:5.3.28]
	at org.springframework.web.filter.OncePerRequestFilter.doFilter(OncePerRequestFilter.java:117) [spring-web-5.3.28.jar!/:5.3.28]
	at org.apache.catalina.core.ApplicationFilterChain.internalDoFilter(ApplicationFilterChain.java:178) [tomcat-embed-core-9.0.76.jar!/:na]
	at org.apache.catalina.core.ApplicationFilterChain.doFilter(ApplicationFilterChain.java:153) [tomcat-embed-core-9.0.76.jar!/:na]
	at org.springframework.web.filter.CharacterEncodingFilter.doFilterInternal(CharacterEncodingFilter.java:201) [spring-web-5.3.28.jar!/:5.3.28]
	at org.springframework.web.filter.OncePerRequestFilter.doFilter(OncePerRequestFilter.java:117) [spring-web-5.3.28.jar!/:5.3.28]
	at org.apache.catalina.core.ApplicationFilterChain.internalDoFilter(ApplicationFilterChain.java:178) [tomcat-embed-core-9.0.76.jar!/:na]
	at org.apache.catalina.core.ApplicationFilterChain.doFilter(ApplicationFilterChain.java:153) [tomcat-embed-core-9.0.76.jar!/:na]
	at org.apache.catalina.core.StandardWrapperValve.invoke(StandardWrapperValve.java:167) [tomcat-embed-core-9.0.76.jar!/:na]
	at org.apache.catalina.core.StandardContextValve.invoke(StandardContextValve.java:90) [tomcat-embed-core-9.0.76.jar!/:na]
	at org.apache.catalina.authenticator.AuthenticatorBase.invoke(AuthenticatorBase.java:481) [tomcat-embed-core-9.0.76.jar!/:na]
	at org.apache.catalina.core.StandardHostValve.invoke(StandardHostValve.java:130) [tomcat-embed-core-9.0.76.jar!/:na]
	at org.apache.catalina.valves.ErrorReportValve.invoke(ErrorReportValve.java:93) [tomcat-embed-core-9.0.76.jar!/:na]
	at org.apache.catalina.core.StandardEngineValve.invoke(StandardEngineValve.java:74) [tomcat-embed-core-9.0.76.jar!/:na]
	at org.apache.catalina.connector.CoyoteAdapter.service(CoyoteAdapter.java:343) [tomcat-embed-core-9.0.76.jar!/:na]
	at org.apache.coyote.http11.Http11Processor.service(Http11Processor.java:390) [tomcat-embed-core-9.0.76.jar!/:na]
	at org.apache.coyote.AbstractProcessorLight.process(AbstractProcessorLight.java:63) [tomcat-embed-core-9.0.76.jar!/:na]
	at org.apache.coyote.AbstractProtocol$ConnectionHandler.process(AbstractProtocol.java:926) [tomcat-embed-core-9.0.76.jar!/:na]
	at org.apache.tomcat.util.net.NioEndpoint$SocketProcessor.doRun(NioEndpoint.java:1791) [tomcat-embed-core-9.0.76.jar!/:na]
	at org.apache.tomcat.util.net.SocketProcessorBase.run(SocketProcessorBase.java:52) [tomcat-embed-core-9.0.76.jar!/:na]
	at org.apache.tomcat.util.threads.ThreadPoolExecutor.runWorker(ThreadPoolExecutor.java:1191) [tomcat-embed-core-9.0.76.jar!/:na]
	at org.apache.tomcat.util.threads.ThreadPoolExecutor$Worker.run(ThreadPoolExecutor.java:659) [tomcat-embed-core-9.0.76.jar!/:na]
	at org.apache.tomcat.util.threads.TaskThread$WrappingRunnable.run(TaskThread.java:61) [tomcat-embed-core-9.0.76.jar!/:na]
	at java.lang.Thread.run(Thread.java:750) [na:1.8.0_502]

2026-08-22 21:31:47.952 ERROR 215277 --- [nio-9080-exec-6] c.p.c.exception.GlobalExceptionHandler   : 系统异常：PUT /ptidss/admin/roles/5

org.springframework.web.HttpRequestMethodNotSupportedException: Request method 'PUT' not supported
	at org.springframework.web.servlet.mvc.method.RequestMappingInfoHandlerMapping.handleNoMatch(RequestMappingInfoHandlerMapping.java:260) ~[spring-webmvc-5.3.28.jar!/:5.3.28]
	at org.springframework.web.servlet.handler.AbstractHandlerMethodMapping.lookupHandlerMethod(AbstractHandlerMethodMapping.java:442) ~[spring-webmvc-5.3.28.jar!/:5.3.28]
	at org.springframework.web.servlet.handler.AbstractHandlerMethodMapping.getHandlerInternal(AbstractHandlerMethodMapping.java:383) ~[spring-webmvc-5.3.28.jar!/:5.3.28]
	at org.springframework.web.servlet.mvc.method.RequestMappingInfoHandlerMapping.getHandlerInternal(RequestMappingInfoHandlerMapping.java:125) ~[spring-webmvc-5.3.28.jar!/:5.3.28]
	at org.springframework.web.servlet.mvc.method.RequestMappingInfoHandlerMapping.getHandlerInternal(RequestMappingInfoHandlerMapping.java:67) ~[spring-webmvc-5.3.28.jar!/:5.3.28]
	at org.springframework.web.servlet.handler.AbstractHandlerMapping.getHandler(AbstractHandlerMapping.java:498) ~[spring-webmvc-5.3.28.jar!/:5.3.28]
	at org.springframework.web.servlet.DispatcherServlet.getHandler(DispatcherServlet.java:1266) ~[spring-webmvc-5.3.28.jar!/:5.3.28]
	at org.springframework.web.servlet.DispatcherServlet.doDispatch(DispatcherServlet.java:1048) ~[spring-webmvc-5.3.28.jar!/:5.3.28]
	at org.springframework.web.servlet.DispatcherServlet.doService(DispatcherServlet.java:965) ~[spring-webmvc-5.3.28.jar!/:5.3.28]
	at org.springframework.web.servlet.FrameworkServlet.processRequest(FrameworkServlet.java:1006) [spring-webmvc-5.3.28.jar!/:5.3.28]
	at org.springframework.web.servlet.FrameworkServlet.doPut(FrameworkServlet.java:920) [spring-webmvc-5.3.28.jar!/:5.3.28]
	at javax.servlet.http.HttpServlet.service(HttpServlet.java:558) [tomcat-embed-core-9.0.76.jar!/:4.0.1]
	at org.springframework.web.servlet.FrameworkServlet.service(FrameworkServlet.java:883) [spring-webmvc-5.3.28.jar!/:5.3.28]
	at javax.servlet.http.HttpServlet.service(HttpServlet.java:623) [tomcat-embed-core-9.0.76.jar!/:4.0.1]
	at org.apache.catalina.core.ApplicationFilterChain.internalDoFilter(ApplicationFilterChain.java:209) [tomcat-embed-core-9.0.76.jar!/:na]
	at org.apache.catalina.core.ApplicationFilterChain.doFilter(ApplicationFilterChain.java:153) [tomcat-embed-core-9.0.76.jar!/:na]
	at org.apache.tomcat.websocket.server.WsFilter.doFilter(WsFilter.java:51) [tomcat-embed-websocket-9.0.76.jar!/:na]
	at org.apache.catalina.core.ApplicationFilterChain.internalDoFilter(ApplicationFilterChain.java:178) [tomcat-embed-core-9.0.76.jar!/:na]
	at org.apache.catalina.core.ApplicationFilterChain.doFilter(ApplicationFilterChain.java:153) [tomcat-embed-core-9.0.76.jar!/:na]
	at org.springframework.web.filter.RequestContextFilter.doFilterInternal(RequestContextFilter.java:100) [spring-web-5.3.28.jar!/:5.3.28]
	at org.springframework.web.filter.OncePerRequestFilter.doFilter(OncePerRequestFilter.java:117) [spring-web-5.3.28.jar!/:5.3.28]
	at org.apache.catalina.core.ApplicationFilterChain.internalDoFilter(ApplicationFilterChain.java:178) [tomcat-embed-core-9.0.76.jar!/:na]
	at org.apache.catalina.core.ApplicationFilterChain.doFilter(ApplicationFilterChain.java:153) [tomcat-embed-core-9.0.76.jar!/:na]
	at org.springframework.web.filter.FormContentFilter.doFilterInternal(FormContentFilter.java:93) [spring-web-5.3.28.jar!/:5.3.28]
	at org.springframework.web.filter.OncePerRequestFilter.doFilter(OncePerRequestFilter.java:117) [spring-web-5.3.28.jar!/:5.3.28]
	at org.apache.catalina.core.ApplicationFilterChain.internalDoFilter(ApplicationFilterChain.java:178) [tomcat-embed-core-9.0.76.jar!/:na]
	at org.apache.catalina.core.ApplicationFilterChain.doFilter(ApplicationFilterChain.java:153) [tomcat-embed-core-9.0.76.jar!/:na]
	at org.springframework.web.filter.CharacterEncodingFilter.doFilterInternal(CharacterEncodingFilter.java:201) [spring-web-5.3.28.jar!/:5.3.28]
	at org.springframework.web.filter.OncePerRequestFilter.doFilter(OncePerRequestFilter.java:117) [spring-web-5.3.28.jar!/:5.3.28]
	at org.apache.catalina.core.ApplicationFilterChain.internalDoFilter(ApplicationFilterChain.java:178) [tomcat-embed-core-9.0.76.jar!/:na]
	at org.apache.catalina.core.ApplicationFilterChain.doFilter(ApplicationFilterChain.java:153) [tomcat-embed-core-9.0.76.jar!/:na]
	at org.apache.catalina.core.StandardWrapperValve.invoke(StandardWrapperValve.java:167) [tomcat-embed-core-9.0.76.jar!/:na]
	at org.apache.catalina.core.StandardContextValve.invoke(StandardContextValve.java:90) [tomcat-embed-core-9.0.76.jar!/:na]
	at org.apache.catalina.authenticator.AuthenticatorBase.invoke(AuthenticatorBase.java:481) [tomcat-embed-core-9.0.76.jar!/:na]
	at org.apache.catalina.core.StandardHostValve.invoke(StandardHostValve.java:130) [tomcat-embed-core-9.0.76.jar!/:na]
	at org.apache.catalina.valves.ErrorReportValve.invoke(ErrorReportValve.java:93) [tomcat-embed-core-9.0.76.jar!/:na]
	at org.apache.catalina.core.StandardEngineValve.invoke(StandardEngineValve.java:74) [tomcat-embed-core-9.0.76.jar!/:na]
	at org.apache.catalina.connector.CoyoteAdapter.service(CoyoteAdapter.java:343) [tomcat-embed-core-9.0.76.jar!/:na]
	at org.apache.coyote.http11.Http11Processor.service(Http11Processor.java:390) [tomcat-embed-core-9.0.76.jar!/:na]
	at org.apache.coyote.AbstractProcessorLight.process(AbstractProcessorLight.java:63) [tomcat-embed-core-9.0.76.jar!/:na]
	at org.apache.coyote.AbstractProtocol$ConnectionHandler.process(AbstractProtocol.java:926) [tomcat-embed-core-9.0.76.jar!/:na]
	at org.apache.tomcat.util.net.NioEndpoint$SocketProcessor.doRun(NioEndpoint.java:1791) [tomcat-embed-core-9.0.76.jar!/:na]
	at org.apache.tomcat.util.net.SocketProcessorBase.run(SocketProcessorBase.java:52) [tomcat-embed-core-9.0.76.jar!/:na]
	at org.apache.tomcat.util.threads.ThreadPoolExecutor.runWorker(ThreadPoolExecutor.java:1191) [tomcat-embed-core-9.0.76.jar!/:na]
	at org.apache.tomcat.util.threads.ThreadPoolExecutor$Worker.run(ThreadPoolExecutor.java:659) [tomcat-embed-core-9.0.76.jar!/:na]
	at org.apache.tomcat.util.threads.TaskThread$WrappingRunnable.run(TaskThread.java:61) [tomcat-embed-core-9.0.76.jar!/:na]
	at java.lang.Thread.run(Thread.java:750) [na:1.8.0_502]

2026-08-22 21:31:54.022 DEBUG 215277 --- [   scheduling-1] c.p.i.m.IntelPushRuleMapper.selectList   : ==>  Preparing: SELECT id,rule_name,tags_filter,importance_filter,target_roles,channel,silent_period,status,version,deleted,created_at,updated_at FROM intel_push_rule WHERE deleted=false AND (status = ?)
2026-08-22 21:31:54.022 DEBUG 215277 --- [   scheduling-1] c.p.i.m.IntelPushRuleMapper.selectList   : ==> Parameters: active(String)
2026-08-22 21:31:54.023 DEBUG 215277 --- [   scheduling-1] c.p.i.m.IntelPushRuleMapper.selectList   : <==      Total: 15
2026-08-22 21:31:54.025 DEBUG 215277 --- [   scheduling-1] c.p.i.mapper.IntelNewsMapper.selectList  : ==>  Preparing: SELECT id,source_code,title,content,region_code,normalized_tags,importance,published_at,push_status,version,deleted,created_at,updated_at FROM intel_news WHERE deleted=false AND (push_status = ? AND importance = ?)
2026-08-22 21:31:54.026 DEBUG 215277 --- [   scheduling-1] c.p.i.mapper.IntelNewsMapper.selectList  : ==> Parameters: none(String), high(String)
2026-08-22 21:31:54.026 DEBUG 215277 --- [   scheduling-1] c.p.i.mapper.IntelNewsMapper.selectList  : <==      Total: 0
2026-08-22 21:31:54.027 DEBUG 215277 --- [   scheduling-1] c.p.i.mapper.IntelNewsMapper.selectList  : ==>  Preparing: SELECT id,source_code,title,content,region_code,normalized_tags,importance,published_at,push_status,version,deleted,created_at,updated_at FROM intel_news WHERE deleted=false AND (push_status = ? AND importance = ?)
2026-08-22 21:31:54.028 DEBUG 215277 --- [   scheduling-1] c.p.i.mapper.IntelNewsMapper.selectList  : ==> Parameters: none(String), medium(String)
2026-08-22 21:31:54.034 DEBUG 215277 --- [   scheduling-1] c.p.i.mapper.IntelNewsMapper.selectList  : <==      Total: 289
2026-08-22 21:31:54.036 DEBUG 215277 --- [   scheduling-1] c.p.i.mapper.IntelNewsMapper.selectList  : ==>  Preparing: SELECT id,source_code,title,content,region_code,normalized_tags,importance,published_at,push_status,version,deleted,created_at,updated_at FROM intel_news WHERE deleted=false AND (push_status = ? AND importance = ?)
2026-08-22 21:31:54.037 DEBUG 215277 --- [   scheduling-1] c.p.i.mapper.IntelNewsMapper.selectList  : ==> Parameters: none(String), high(String)
2026-08-22 21:31:54.037 DEBUG 215277 --- [   scheduling-1] c.p.i.mapper.IntelNewsMapper.selectList  : <==      Total: 0
2026-08-22 21:31:54.038 DEBUG 215277 --- [   scheduling-1] c.p.i.mapper.IntelNewsMapper.selectList  : ==>  Preparing: SELECT id,source_code,title,content,region_code,normalized_tags,importance,published_at,push_status,version,deleted,created_at,updated_at FROM intel_news WHERE deleted=false AND (push_status = ? AND importance = ?)
2026-08-22 21:31:54.038 DEBUG 215277 --- [   scheduling-1] c.p.i.mapper.IntelNewsMapper.selectList  : ==> Parameters: none(String), high(String)
2026-08-22 21:31:54.039 DEBUG 215277 --- [   scheduling-1] c.p.i.mapper.IntelNewsMapper.selectList  : <==      Total: 0
2026-08-22 21:31:54.040 DEBUG 215277 --- [   scheduling-1] c.p.i.mapper.IntelNewsMapper.selectList  : ==>  Preparing: SELECT id,source_code,title,content,region_code,normalized_tags,importance,published_at,push_status,version,deleted,created_at,updated_at FROM intel_news WHERE deleted=false AND (push_status = ? AND importance = ?)
2026-08-22 21:31:54.040 DEBUG 215277 --- [   scheduling-1] c.p.i.mapper.IntelNewsMapper.selectList  : ==> Parameters: none(String), high(String)
2026-08-22 21:31:54.041 DEBUG 215277 --- [   scheduling-1] c.p.i.mapper.IntelNewsMapper.selectList  : <==      Total: 0
2026-08-22 21:31:54.042 DEBUG 215277 --- [   scheduling-1] c.p.i.mapper.IntelNewsMapper.selectList  : ==>  Preparing: SELECT id,source_code,title,content,region_code,normalized_tags,importance,published_at,push_status,version,deleted,created_at,updated_at FROM intel_news WHERE deleted=false AND (push_status = ? AND importance = ?)
2026-08-22 21:31:54.043 DEBUG 215277 --- [   scheduling-1] c.p.i.mapper.IntelNewsMapper.selectList  : ==> Parameters: none(String), high(String)
2026-08-22 21:31:54.043 DEBUG 215277 --- [   scheduling-1] c.p.i.mapper.IntelNewsMapper.selectList  : <==      Total: 0
2026-08-22 21:31:54.044 DEBUG 215277 --- [   scheduling-1] c.p.i.mapper.IntelNewsMapper.selectList  : ==>  Preparing: SELECT id,source_code,title,content,region_code,normalized_tags,importance,published_at,push_status,version,deleted,created_at,updated_at FROM intel_news WHERE deleted=false AND (push_status = ? AND importance = ?)
2026-08-22 21:31:54.044 DEBUG 215277 --- [   scheduling-1] c.p.i.mapper.IntelNewsMapper.selectList  : ==> Parameters: none(String), high(String)
2026-08-22 21:31:54.045 DEBUG 215277 --- [   scheduling-1] c.p.i.mapper.IntelNewsMapper.selectList  : <==      Total: 0
2026-08-22 21:31:54.046 DEBUG 215277 --- [   scheduling-1] c.p.i.mapper.IntelNewsMapper.selectList  : ==>  Preparing: SELECT id,source_code,title,content,region_code,normalized_tags,importance,published_at,push_status,version,deleted,created_at,updated_at FROM intel_news WHERE deleted=false AND (push_status = ? AND importance = ?)
2026-08-22 21:31:54.046 DEBUG 215277 --- [   scheduling-1] c.p.i.mapper.IntelNewsMapper.selectList  : ==> Parameters: none(String), high(String)
2026-08-22 21:31:54.046 DEBUG 215277 --- [   scheduling-1] c.p.i.mapper.IntelNewsMapper.selectList  : <==      Total: 0
2026-08-22 21:31:54.047 DEBUG 215277 --- [   scheduling-1] c.p.i.mapper.IntelNewsMapper.selectList  : ==>  Preparing: SELECT id,source_code,title,content,region_code,normalized_tags,importance,published_at,push_status,version,deleted,created_at,updated_at FROM intel_news WHERE deleted=false AND (push_status = ? AND importance = ?)
2026-08-22 21:31:54.047 DEBUG 215277 --- [   scheduling-1] c.p.i.mapper.IntelNewsMapper.selectList  : ==> Parameters: none(String), high(String)
2026-08-22 21:31:54.048 DEBUG 215277 --- [   scheduling-1] c.p.i.mapper.IntelNewsMapper.selectList  : <==      Total: 0
2026-08-22 21:31:54.049 DEBUG 215277 --- [   scheduling-1] c.p.i.mapper.IntelNewsMapper.selectList  : ==>  Preparing: SELECT id,source_code,title,content,region_code,normalized_tags,importance,published_at,push_status,version,deleted,created_at,updated_at FROM intel_news WHERE deleted=false AND (push_status = ? AND importance = ?)
2026-08-22 21:31:54.049 DEBUG 215277 --- [   scheduling-1] c.p.i.mapper.IntelNewsMapper.selectList  : ==> Parameters: none(String), high(String)
2026-08-22 21:31:54.049 DEBUG 215277 --- [   scheduling-1] c.p.i.mapper.IntelNewsMapper.selectList  : <==      Total: 0
2026-08-22 21:31:54.050 DEBUG 215277 --- [   scheduling-1] c.p.i.mapper.IntelNewsMapper.selectList  : ==>  Preparing: SELECT id,source_code,title,content,region_code,normalized_tags,importance,published_at,push_status,version,deleted,created_at,updated_at FROM intel_news WHERE deleted=false AND (push_status = ? AND importance = ?)
2026-08-22 21:31:54.050 DEBUG 215277 --- [   scheduling-1] c.p.i.mapper.IntelNewsMapper.selectList  : ==> Parameters: none(String), high(String)
2026-08-22 21:31:54.051 DEBUG 215277 --- [   scheduling-1] c.p.i.mapper.IntelNewsMapper.selectList  : <==      Total: 0
2026-08-22 21:31:54.051 DEBUG 215277 --- [   scheduling-1] c.p.i.mapper.IntelNewsMapper.selectList  : ==>  Preparing: SELECT id,source_code,title,content,region_code,normalized_tags,importance,published_at,push_status,version,deleted,created_at,updated_at FROM intel_news WHERE deleted=false AND (push_status = ? AND importance = ?)
2026-08-22 21:31:54.052 DEBUG 215277 --- [   scheduling-1] c.p.i.mapper.IntelNewsMapper.selectList  : ==> Parameters: none(String), high(String)
2026-08-22 21:31:54.052 DEBUG 215277 --- [   scheduling-1] c.p.i.mapper.IntelNewsMapper.selectList  : <==      Total: 0
2026-08-22 21:31:54.053 DEBUG 215277 --- [   scheduling-1] c.p.i.mapper.IntelNewsMapper.selectList  : ==>  Preparing: SELECT id,source_code,title,content,region_code,normalized_tags,importance,published_at,push_status,version,deleted,created_at,updated_at FROM intel_news WHERE deleted=false AND (push_status = ? AND importance = ?)
2026-08-22 21:31:54.053 DEBUG 215277 --- [   scheduling-1] c.p.i.mapper.IntelNewsMapper.selectList  : ==> Parameters: none(String), high(String)
2026-08-22 21:31:54.054 DEBUG 215277 --- [   scheduling-1] c.p.i.mapper.IntelNewsMapper.selectList  : <==      Total: 0
2026-08-22 21:31:54.054 DEBUG 215277 --- [   scheduling-1] c.p.i.mapper.IntelNewsMapper.selectList  : ==>  Preparing: SELECT id,source_code,title,content,region_code,normalized_tags,importance,published_at,push_status,version,deleted,created_at,updated_at FROM intel_news WHERE deleted=false AND (push_status = ? AND importance = ?)
2026-08-22 21:31:54.055 DEBUG 215277 --- [   scheduling-1] c.p.i.mapper.IntelNewsMapper.selectList  : ==> Parameters: none(String), high(String)
2026-08-22 21:31:54.055 DEBUG 215277 --- [   scheduling-1] c.p.i.mapper.IntelNewsMapper.selectList  : <==      Total: 0
2026-08-22 21:31:54.056 DEBUG 215277 --- [   scheduling-1] c.p.i.mapper.IntelNewsMapper.selectList  : ==>  Preparing: SELECT id,source_code,title,content,region_code,normalized_tags,importance,published_at,push_status,version,deleted,created_at,updated_at FROM intel_news WHERE deleted=false AND (push_status = ? AND importance = ?)
2026-08-22 21:31:54.056 DEBUG 215277 --- [   scheduling-1] c.p.i.mapper.IntelNewsMapper.selectList  : ==> Parameters: none(String), high(String)
2026-08-22 21:31:54.057 DEBUG 215277 --- [   scheduling-1] c.p.i.mapper.IntelNewsMapper.selectList  : <==      Total: 0
2026-08-22 21:31:54.057  INFO 215277 --- [   scheduling-1] com.ptidss.intel.service.IntelService    : 情报推送执行完成：匹配情报 0 条，派发消息 0 条，触发决策会话情报重评 0 个
2026-08-22 21:32:03.692 DEBUG 215277 --- [   scheduling-1] c.p.d.m.CollectTaskMapper.selectList     : ==>  Preparing: SELECT id,source_id,task_type,cron_expr,last_run_time,last_status,records_count,error_log,version,deleted,created_at,updated_at FROM collect_task WHERE deleted=false AND (cron_expr IS NOT NULL)
2026-08-22 21:32:03.692 DEBUG 215277 --- [   scheduling-1] c.p.d.m.CollectTaskMapper.selectList     : ==> Parameters: 
2026-08-22 21:32:03.693 DEBUG 215277 --- [   scheduling-1] c.p.d.m.CollectTaskMapper.selectList     : <==      Total: 3
2026-08-22 21:32:13.907 DEBUG 215277 --- [   scheduling-1] c.p.i.m.IntelSourceMapper.selectList     : ==>  Preparing: SELECT id,source_code,source_name,intel_type,fetch_mode,conn_type,conn_config,frequency,status,last_success_at,last_error,consecutive_failures,version,deleted,created_at,updated_at FROM intel_source WHERE deleted=false AND (status = ?)
2026-08-22 21:32:13.908 DEBUG 215277 --- [   scheduling-1] c.p.i.m.IntelSourceMapper.selectList     : ==> Parameters: enabled(String)
2026-08-22 21:32:13.909 DEBUG 215277 --- [   scheduling-1] c.p.i.m.IntelSourceMapper.selectList     : <==      Total: 21
2026-08-22 21:32:13.909  INFO 215277 --- [   scheduling-1] c.p.intel.service.IntelFetchService      : 行情采集执行完成：到期 0 个（成功 0 / 失败 0 / 跳过未到期 21）
2026-08-22 21:32:24.058 DEBUG 215277 --- [   scheduling-1] c.p.i.m.IntelPushRuleMapper.selectList   : ==>  Preparing: SELECT id,rule_name,tags_filter,importance_filter,target_roles,channel,silent_period,status,version,deleted,created_at,updated_at FROM intel_push_rule WHERE deleted=false AND (status = ?)
2026-08-22 21:32:24.058 DEBUG 215277 --- [   scheduling-1] c.p.i.m.IntelPushRuleMapper.selectList   : ==> Parameters: active(String)
2026-08-22 21:32:24.059 DEBUG 215277 --- [   scheduling-1] c.p.i.m.IntelPushRuleMapper.selectList   : <==      Total: 15
2026-08-22 21:32:24.060 DEBUG 215277 --- [   scheduling-1] c.p.i.mapper.IntelNewsMapper.selectList  : ==>  Preparing: SELECT id,source_code,title,content,region_code,normalized_tags,importance,published_at,push_status,version,deleted,created_at,updated_at FROM intel_news WHERE deleted=false AND (push_status = ? AND importance = ?)
2026-08-22 21:32:24.061 DEBUG 215277 --- [   scheduling-1] c.p.i.mapper.IntelNewsMapper.selectList  : ==> Parameters: none(String), high(String)
2026-08-22 21:32:24.061 DEBUG 215277 --- [   scheduling-1] c.p.i.mapper.IntelNewsMapper.selectList  : <==      Total: 0
2026-08-22 21:32:24.062 DEBUG 215277 --- [   scheduling-1] c.p.i.mapper.IntelNewsMapper.selectList  : ==>  Preparing: SELECT id,source_code,title,content,region_code,normalized_tags,importance,published_at,push_status,version,deleted,created_at,updated_at FROM intel_news WHERE deleted=false AND (push_status = ? AND importance = ?)
2026-08-22 21:32:24.062 DEBUG 215277 --- [   scheduling-1] c.p.i.mapper.IntelNewsMapper.selectList  : ==> Parameters: none(String), medium(String)
2026-08-22 21:32:24.067 DEBUG 215277 --- [   scheduling-1] c.p.i.mapper.IntelNewsMapper.selectList  : <==      Total: 289
2026-08-22 21:32:24.068 DEBUG 215277 --- [   scheduling-1] c.p.i.mapper.IntelNewsMapper.selectList  : ==>  Preparing: SELECT id,source_code,title,content,region_code,normalized_tags,importance,published_at,push_status,version,deleted,created_at,updated_at FROM intel_news WHERE deleted=false AND (push_status = ? AND importance = ?)
2026-08-22 21:32:24.068 DEBUG 215277 --- [   scheduling-1] c.p.i.mapper.IntelNewsMapper.selectList  : ==> Parameters: none(String), high(String)
2026-08-22 21:32:24.069 DEBUG 215277 --- [   scheduling-1] c.p.i.mapper.IntelNewsMapper.selectList  : <==      Total: 0
2026-08-22 21:32:24.070 DEBUG 215277 --- [   scheduling-1] c.p.i.mapper.IntelNewsMapper.selectList  : ==>  Preparing: SELECT id,source_code,title,content,region_code,normalized_tags,importance,published_at,push_status,version,deleted,created_at,updated_at FROM intel_news WHERE deleted=false AND (push_status = ? AND importance = ?)
2026-08-22 21:32:24.070 DEBUG 215277 --- [   scheduling-1] c.p.i.mapper.IntelNewsMapper.selectList  : ==> Parameters: none(String), high(String)
2026-08-22 21:32:24.070 DEBUG 215277 --- [   scheduling-1] c.p.i.mapper.IntelNewsMapper.selectList  : <==      Total: 0
2026-08-22 21:32:24.071 DEBUG 215277 --- [   scheduling-1] c.p.i.mapper.IntelNewsMapper.selectList  : ==>  Preparing: SELECT id,source_code,title,content,region_code,normalized_tags,importance,published_at,push_status,version,deleted,created_at,updated_at FROM intel_news WHERE deleted=false AND (push_status = ? AND importance = ?)
2026-08-22 21:32:24.071 DEBUG 215277 --- [   scheduling-1] c.p.i.mapper.IntelNewsMapper.selectList  : ==> Parameters: none(String), high(String)
2026-08-22 21:32:24.071 DEBUG 215277 --- [   scheduling-1] c.p.i.mapper.IntelNewsMapper.selectList  : <==      Total: 0
2026-08-22 21:32:24.072 DEBUG 215277 --- [   scheduling-1] c.p.i.mapper.IntelNewsMapper.selectList  : ==>  Preparing: SELECT id,source_code,title,content,region_code,normalized_tags,importance,published_at,push_status,version,deleted,created_at,updated_at FROM intel_news WHERE deleted=false AND (push_status = ? AND importance = ?)
2026-08-22 21:32:24.072 DEBUG 215277 --- [   scheduling-1] c.p.i.mapper.IntelNewsMapper.selectList  : ==> Parameters: none(String), high(String)
2026-08-22 21:32:24.073 DEBUG 215277 --- [   scheduling-1] c.p.i.mapper.IntelNewsMapper.selectList  : <==      Total: 0
2026-08-22 21:32:24.074 DEBUG 215277 --- [   scheduling-1] c.p.i.mapper.IntelNewsMapper.selectList  : ==>  Preparing: SELECT id,source_code,title,content,region_code,normalized_tags,importance,published_at,push_status,version,deleted,created_at,updated_at FROM intel_news WHERE deleted=false AND (push_status = ? AND importance = ?)
2026-08-22 21:32:24.074 DEBUG 215277 --- [   scheduling-1] c.p.i.mapper.IntelNewsMapper.selectList  : ==> Parameters: none(String), high(String)
2026-08-22 21:32:24.074 DEBUG 215277 --- [   scheduling-1] c.p.i.mapper.IntelNewsMapper.selectList  : <==      Total: 0
2026-08-22 21:32:24.075 DEBUG 215277 --- [   scheduling-1] c.p.i.mapper.IntelNewsMapper.selectList  : ==>  Preparing: SELECT id,source_code,title,content,region_code,normalized_tags,importance,published_at,push_status,version,deleted,created_at,updated_at FROM intel_news WHERE deleted=false AND (push_status = ? AND importance = ?)
2026-08-22 21:32:24.075 DEBUG 215277 --- [   scheduling-1] c.p.i.mapper.IntelNewsMapper.selectList  : ==> Parameters: none(String), high(String)
2026-08-22 21:32:24.076 DEBUG 215277 --- [   scheduling-1] c.p.i.mapper.IntelNewsMapper.selectList  : <==      Total: 0
2026-08-22 21:32:24.076 DEBUG 215277 --- [   scheduling-1] c.p.i.mapper.IntelNewsMapper.selectList  : ==>  Preparing: SELECT id,source_code,title,content,region_code,normalized_tags,importance,published_at,push_status,version,deleted,created_at,updated_at FROM intel_news WHERE deleted=false AND (push_status = ? AND importance = ?)
2026-08-22 21:32:24.077 DEBUG 215277 --- [   scheduling-1] c.p.i.mapper.IntelNewsMapper.selectList  : ==> Parameters: none(String), high(String)
2026-08-22 21:32:24.077 DEBUG 215277 --- [   scheduling-1] c.p.i.mapper.IntelNewsMapper.selectList  : <==      Total: 0
2026-08-22 21:32:24.078 DEBUG 215277 --- [   scheduling-1] c.p.i.mapper.IntelNewsMapper.selectList  : ==>  Preparing: SELECT id,source_code,title,content,region_code,normalized_tags,importance,published_at,push_status,version,deleted,created_at,updated_at FROM intel_news WHERE deleted=false AND (push_status = ? AND importance = ?)
2026-08-22 21:32:24.078 DEBUG 215277 --- [   scheduling-1] c.p.i.mapper.IntelNewsMapper.selectList  : ==> Parameters: none(String), high(String)
2026-08-22 21:32:24.078 DEBUG 215277 --- [   scheduling-1] c.p.i.mapper.IntelNewsMapper.selectList  : <==      Total: 0
2026-08-22 21:32:24.079 DEBUG 215277 --- [   scheduling-1] c.p.i.mapper.IntelNewsMapper.selectList  : ==>  Preparing: SELECT id,source_code,title,content,region_code,normalized_tags,importance,published_at,push_status,version,deleted,created_at,updated_at FROM intel_news WHERE deleted=false AND (push_status = ? AND importance = ?)
2026-08-22 21:32:24.079 DEBUG 215277 --- [   scheduling-1] c.p.i.mapper.IntelNewsMapper.selectList  : ==> Parameters: none(String), high(String)
2026-08-22 21:32:24.080 DEBUG 215277 --- [   scheduling-1] c.p.i.mapper.IntelNewsMapper.selectList  : <==      Total: 0
2026-08-22 21:32:24.080 DEBUG 215277 --- [   scheduling-1] c.p.i.mapper.IntelNewsMapper.selectList  : ==>  Preparing: SELECT id,source_code,title,content,region_code,normalized_tags,importance,published_at,push_status,version,deleted,created_at,updated_at FROM intel_news WHERE deleted=false AND (push_status = ? AND importance = ?)
2026-08-22 21:32:24.080 DEBUG 215277 --- [   scheduling-1] c.p.i.mapper.IntelNewsMapper.selectList  : ==> Parameters: none(String), high(String)
2026-08-22 21:32:24.081 DEBUG 215277 --- [   scheduling-1] c.p.i.mapper.IntelNewsMapper.selectList  : <==      Total: 0
2026-08-22 21:32:24.082 DEBUG 215277 --- [   scheduling-1] c.p.i.mapper.IntelNewsMapper.selectList  : ==>  Preparing: SELECT id,source_code,title,content,region_code,normalized_tags,importance,published_at,push_status,version,deleted,created_at,updated_at FROM intel_news WHERE deleted=false AND (push_status = ? AND importance = ?)
2026-08-22 21:32:24.082 DEBUG 215277 --- [   scheduling-1] c.p.i.mapper.IntelNewsMapper.selectList  : ==> Parameters: none(String), high(String)
2026-08-22 21:32:24.082 DEBUG 215277 --- [   scheduling-1] c.p.i.mapper.IntelNewsMapper.selectList  : <==      Total: 0
2026-08-22 21:32:24.083 DEBUG 215277 --- [   scheduling-1] c.p.i.mapper.IntelNewsMapper.selectList  : ==>  Preparing: SELECT id,source_code,title,content,region_code,normalized_tags,importance,published_at,push_status,version,deleted,created_at,updated_at FROM intel_news WHERE deleted=false AND (push_status = ? AND importance = ?)
2026-08-22 21:32:24.083 DEBUG 215277 --- [   scheduling-1] c.p.i.mapper.IntelNewsMapper.selectList  : ==> Parameters: none(String), high(String)
2026-08-22 21:32:24.083 DEBUG 215277 --- [   scheduling-1] c.p.i.mapper.IntelNewsMapper.selectList  : <==      Total: 0
2026-08-22 21:32:24.084 DEBUG 215277 --- [   scheduling-1] c.p.i.mapper.IntelNewsMapper.selectList  : ==>  Preparing: SELECT id,source_code,title,content,region_code,normalized_tags,importance,published_at,push_status,version,deleted,created_at,updated_at FROM intel_news WHERE deleted=false AND (push_status = ? AND importance = ?)
2026-08-22 21:32:24.084 DEBUG 215277 --- [   scheduling-1] c.p.i.mapper.IntelNewsMapper.selectList  : ==> Parameters: none(String), high(String)
2026-08-22 21:32:24.085 DEBUG 215277 --- [   scheduling-1] c.p.i.mapper.IntelNewsMapper.selectList  : <==      Total: 0
2026-08-22 21:32:24.085  INFO 215277 --- [   scheduling-1] com.ptidss.intel.service.IntelService    : 情报推送执行完成：匹配情报 0 条，派发消息 0 条，触发决策会话情报重评 0 个
2026-08-22 21:32:54.086 DEBUG 215277 --- [   scheduling-1] c.p.i.m.IntelPushRuleMapper.selectList   : ==>  Preparing: SELECT id,rule_name,tags_filter,importance_filter,target_roles,channel,silent_period,status,version,deleted,created_at,updated_at FROM intel_push_rule WHERE deleted=false AND (status = ?)
2026-08-22 21:32:54.087 DEBUG 215277 --- [   scheduling-1] c.p.i.m.IntelPushRuleMapper.selectList   : ==> Parameters: active(String)
2026-08-22 21:32:54.088 DEBUG 215277 --- [   scheduling-1] c.p.i.m.IntelPushRuleMapper.selectList   : <==      Total: 15
2026-08-22 21:32:54.089 DEBUG 215277 --- [   scheduling-1] c.p.i.mapper.IntelNewsMapper.selectList  : ==>  Preparing: SELECT id,source_code,title,content,region_code,normalized_tags,importance,published_at,push_status,version,deleted,created_at,updated_at FROM intel_news WHERE deleted=false AND (push_status = ? AND importance = ?)
2026-08-22 21:32:54.089 DEBUG 215277 --- [   scheduling-1] c.p.i.mapper.IntelNewsMapper.selectList  : ==> Parameters: none(String), high(String)
2026-08-22 21:32:54.090 DEBUG 215277 --- [   scheduling-1] c.p.i.mapper.IntelNewsMapper.selectList  : <==      Total: 0
2026-08-22 21:32:54.091 DEBUG 215277 --- [   scheduling-1] c.p.i.mapper.IntelNewsMapper.selectList  : ==>  Preparing: SELECT id,source_code,title,content,region_code,normalized_tags,importance,published_at,push_status,version,deleted,created_at,updated_at FROM intel_news WHERE deleted=false AND (push_status = ? AND importance = ?)
2026-08-22 21:32:54.091 DEBUG 215277 --- [   scheduling-1] c.p.i.mapper.IntelNewsMapper.selectList  : ==> Parameters: none(String), medium(String)
2026-08-22 21:32:54.097 DEBUG 215277 --- [   scheduling-1] c.p.i.mapper.IntelNewsMapper.selectList  : <==      Total: 289
2026-08-22 21:32:54.100 DEBUG 215277 --- [   scheduling-1] c.p.i.mapper.IntelNewsMapper.selectList  : ==>  Preparing: SELECT id,source_code,title,content,region_code,normalized_tags,importance,published_at,push_status,version,deleted,created_at,updated_at FROM intel_news WHERE deleted=false AND (push_status = ? AND importance = ?)
2026-08-22 21:32:54.100 DEBUG 215277 --- [   scheduling-1] c.p.i.mapper.IntelNewsMapper.selectList  : ==> Parameters: none(String), high(String)
2026-08-22 21:32:54.100 DEBUG 215277 --- [   scheduling-1] c.p.i.mapper.IntelNewsMapper.selectList  : <==      Total: 0
2026-08-22 21:32:54.101 DEBUG 215277 --- [   scheduling-1] c.p.i.mapper.IntelNewsMapper.selectList  : ==>  Preparing: SELECT id,source_code,title,content,region_code,normalized_tags,importance,published_at,push_status,version,deleted,created_at,updated_at FROM intel_news WHERE deleted=false AND (push_status = ? AND importance = ?)
2026-08-22 21:32:54.102 DEBUG 215277 --- [   scheduling-1] c.p.i.mapper.IntelNewsMapper.selectList  : ==> Parameters: none(String), high(String)
2026-08-22 21:32:54.102 DEBUG 215277 --- [   scheduling-1] c.p.i.mapper.IntelNewsMapper.selectList  : <==      Total: 0
2026-08-22 21:32:54.103 DEBUG 215277 --- [   scheduling-1] c.p.i.mapper.IntelNewsMapper.selectList  : ==>  Preparing: SELECT id,source_code,title,content,region_code,normalized_tags,importance,published_at,push_status,version,deleted,created_at,updated_at FROM intel_news WHERE deleted=false AND (push_status = ? AND importance = ?)
2026-08-22 21:32:54.103 DEBUG 215277 --- [   scheduling-1] c.p.i.mapper.IntelNewsMapper.selectList  : ==> Parameters: none(String), high(String)
2026-08-22 21:32:54.104 DEBUG 215277 --- [   scheduling-1] c.p.i.mapper.IntelNewsMapper.selectList  : <==      Total: 0
2026-08-22 21:32:54.105 DEBUG 215277 --- [   scheduling-1] c.p.i.mapper.IntelNewsMapper.selectList  : ==>  Preparing: SELECT id,source_code,title,content,region_code,normalized_tags,importance,published_at,push_status,version,deleted,created_at,updated_at FROM intel_news WHERE deleted=false AND (push_status = ? AND importance = ?)
2026-08-22 21:32:54.105 DEBUG 215277 --- [   scheduling-1] c.p.i.mapper.IntelNewsMapper.selectList  : ==> Parameters: none(String), high(String)
2026-08-22 21:32:54.105 DEBUG 215277 --- [   scheduling-1] c.p.i.mapper.IntelNewsMapper.selectList  : <==      Total: 0
2026-08-22 21:32:54.106 DEBUG 215277 --- [   scheduling-1] c.p.i.mapper.IntelNewsMapper.selectList  : ==>  Preparing: SELECT id,source_code,title,content,region_code,normalized_tags,importance,published_at,push_status,version,deleted,created_at,updated_at FROM intel_news WHERE deleted=false AND (push_status = ? AND importance = ?)
2026-08-22 21:32:54.106 DEBUG 215277 --- [   scheduling-1] c.p.i.mapper.IntelNewsMapper.selectList  : ==> Parameters: none(String), high(String)
2026-08-22 21:32:54.107 DEBUG 215277 --- [   scheduling-1] c.p.i.mapper.IntelNewsMapper.selectList  : <==      Total: 0
2026-08-22 21:32:54.108 DEBUG 215277 --- [   scheduling-1] c.p.i.mapper.IntelNewsMapper.selectList  : ==>  Preparing: SELECT id,source_code,title,content,region_code,normalized_tags,importance,published_at,push_status,version,deleted,created_at,updated_at FROM intel_news WHERE deleted=false AND (push_status = ? AND importance = ?)
2026-08-22 21:32:54.108 DEBUG 215277 --- [   scheduling-1] c.p.i.mapper.IntelNewsMapper.selectList  : ==> Parameters: none(String), high(String)
2026-08-22 21:32:54.109 DEBUG 215277 --- [   scheduling-1] c.p.i.mapper.IntelNewsMapper.selectList  : <==      Total: 0
2026-08-22 21:32:54.110 DEBUG 215277 --- [   scheduling-1] c.p.i.mapper.IntelNewsMapper.selectList  : ==>  Preparing: SELECT id,source_code,title,content,region_code,normalized_tags,importance,published_at,push_status,version,deleted,created_at,updated_at FROM intel_news WHERE deleted=false AND (push_status = ? AND importance = ?)
2026-08-22 21:32:54.111 DEBUG 215277 --- [   scheduling-1] c.p.i.mapper.IntelNewsMapper.selectList  : ==> Parameters: none(String), high(String)
2026-08-22 21:32:54.111 DEBUG 215277 --- [   scheduling-1] c.p.i.mapper.IntelNewsMapper.selectList  : <==      Total: 0
2026-08-22 21:32:54.112 DEBUG 215277 --- [   scheduling-1] c.p.i.mapper.IntelNewsMapper.selectList  : ==>  Preparing: SELECT id,source_code,title,content,region_code,normalized_tags,importance,published_at,push_status,version,deleted,created_at,updated_at FROM intel_news WHERE deleted=false AND (push_status = ? AND importance = ?)
2026-08-22 21:32:54.112 DEBUG 215277 --- [   scheduling-1] c.p.i.mapper.IntelNewsMapper.selectList  : ==> Parameters: none(String), high(String)
2026-08-22 21:32:54.113 DEBUG 215277 --- [   scheduling-1] c.p.i.mapper.IntelNewsMapper.selectList  : <==      Total: 0
2026-08-22 21:32:54.114 DEBUG 215277 --- [   scheduling-1] c.p.i.mapper.IntelNewsMapper.selectList  : ==>  Preparing: SELECT id,source_code,title,content,region_code,normalized_tags,importance,published_at,push_status,version,deleted,created_at,updated_at FROM intel_news WHERE deleted=false AND (push_status = ? AND importance = ?)
2026-08-22 21:32:54.114 DEBUG 215277 --- [   scheduling-1] c.p.i.mapper.IntelNewsMapper.selectList  : ==> Parameters: none(String), high(String)
2026-08-22 21:32:54.114 DEBUG 215277 --- [   scheduling-1] c.p.i.mapper.IntelNewsMapper.selectList  : <==      Total: 0
2026-08-22 21:32:54.115 DEBUG 215277 --- [   scheduling-1] c.p.i.mapper.IntelNewsMapper.selectList  : ==>  Preparing: SELECT id,source_code,title,content,region_code,normalized_tags,importance,published_at,push_status,version,deleted,created_at,updated_at FROM intel_news WHERE deleted=false AND (push_status = ? AND importance = ?)
2026-08-22 21:32:54.115 DEBUG 215277 --- [   scheduling-1] c.p.i.mapper.IntelNewsMapper.selectList  : ==> Parameters: none(String), high(String)
2026-08-22 21:32:54.116 DEBUG 215277 --- [   scheduling-1] c.p.i.mapper.IntelNewsMapper.selectList  : <==      Total: 0
2026-08-22 21:32:54.117 DEBUG 215277 --- [   scheduling-1] c.p.i.mapper.IntelNewsMapper.selectList  : ==>  Preparing: SELECT id,source_code,title,content,region_code,normalized_tags,importance,published_at,push_status,version,deleted,created_at,updated_at FROM intel_news WHERE deleted=false AND (push_status = ? AND importance = ?)
2026-08-22 21:32:54.117 DEBUG 215277 --- [   scheduling-1] c.p.i.mapper.IntelNewsMapper.selectList  : ==> Parameters: none(String), high(String)
2026-08-22 21:32:54.117 DEBUG 215277 --- [   scheduling-1] c.p.i.mapper.IntelNewsMapper.selectList  : <==      Total: 0
2026-08-22 21:32:54.118 DEBUG 215277 --- [   scheduling-1] c.p.i.mapper.IntelNewsMapper.selectList  : ==>  Preparing: SELECT id,source_code,title,content,region_code,normalized_tags,importance,published_at,push_status,version,deleted,created_at,updated_at FROM intel_news WHERE deleted=false AND (push_status = ? AND importance = ?)
2026-08-22 21:32:54.118 DEBUG 215277 --- [   scheduling-1] c.p.i.mapper.IntelNewsMapper.selectList  : ==> Parameters: none(String), high(String)
2026-08-22 21:32:54.119 DEBUG 215277 --- [   scheduling-1] c.p.i.mapper.IntelNewsMapper.selectList  : <==      Total: 0
2026-08-22 21:32:54.120 DEBUG 215277 --- [   scheduling-1] c.p.i.mapper.IntelNewsMapper.selectList  : ==>  Preparing: SELECT id,source_code,title,content,region_code,normalized_tags,importance,published_at,push_status,version,deleted,created_at,updated_at FROM intel_news WHERE deleted=false AND (push_status = ? AND importance = ?)
2026-08-22 21:32:54.120 DEBUG 215277 --- [   scheduling-1] c.p.i.mapper.IntelNewsMapper.selectList  : ==> Parameters: none(String), high(String)
2026-08-22 21:32:54.120 DEBUG 215277 --- [   scheduling-1] c.p.i.mapper.IntelNewsMapper.selectList  : <==      Total: 0
2026-08-22 21:32:54.120  INFO 215277 --- [   scheduling-1] com.ptidss.intel.service.IntelService    : 情报推送执行完成：匹配情报 0 条，派发消息 0 条，触发决策会话情报重评 0 个
2026-08-22 21:33:03.694 DEBUG 215277 --- [   scheduling-1] c.p.d.m.CollectTaskMapper.selectList     : ==>  Preparing: SELECT id,source_id,task_type,cron_expr,last_run_time,last_status,records_count,error_log,version,deleted,created_at,updated_at FROM collect_task WHERE deleted=false AND (cron_expr IS NOT NULL)
2026-08-22 21:33:03.695 DEBUG 215277 --- [   scheduling-1] c.p.d.m.CollectTaskMapper.selectList     : ==> Parameters: 
2026-08-22 21:33:03.695 DEBUG 215277 --- [   scheduling-1] c.p.d.m.CollectTaskMapper.selectList     : <==      Total: 3
2026-08-22 21:33:13.911 DEBUG 215277 --- [   scheduling-1] c.p.i.m.IntelSourceMapper.selectList     : ==>  Preparing: SELECT id,source_code,source_name,intel_type,fetch_mode,conn_type,conn_config,frequency,status,last_success_at,last_error,consecutive_failures,version,deleted,created_at,updated_at FROM intel_source WHERE deleted=false AND (status = ?)
2026-08-22 21:33:13.911 DEBUG 215277 --- [   scheduling-1] c.p.i.m.IntelSourceMapper.selectList     : ==> Parameters: enabled(String)
2026-08-22 21:33:13.912 DEBUG 215277 --- [   scheduling-1] c.p.i.m.IntelSourceMapper.selectList     : <==      Total: 21
2026-08-22 21:33:13.913  INFO 215277 --- [   scheduling-1] c.p.intel.service.IntelFetchService      : 行情采集执行完成：到期 0 个（成功 0 / 失败 0 / 跳过未到期 21）
2026-08-22 21:33:24.122 DEBUG 215277 --- [   scheduling-1] c.p.i.m.IntelPushRuleMapper.selectList   : ==>  Preparing: SELECT id,rule_name,tags_filter,importance_filter,target_roles,channel,silent_period,status,version,deleted,created_at,updated_at FROM intel_push_rule WHERE deleted=false AND (status = ?)
2026-08-22 21:33:24.122 DEBUG 215277 --- [   scheduling-1] c.p.i.m.IntelPushRuleMapper.selectList   : ==> Parameters: active(String)
2026-08-22 21:33:24.123 DEBUG 215277 --- [   scheduling-1] c.p.i.m.IntelPushRuleMapper.selectList   : <==      Total: 15
2026-08-22 21:33:24.124 DEBUG 215277 --- [   scheduling-1] c.p.i.mapper.IntelNewsMapper.selectList  : ==>  Preparing: SELECT id,source_code,title,content,region_code,normalized_tags,importance,published_at,push_status,version,deleted,created_at,updated_at FROM intel_news WHERE deleted=false AND (push_status = ? AND importance = ?)
2026-08-22 21:33:24.124 DEBUG 215277 --- [   scheduling-1] c.p.i.mapper.IntelNewsMapper.selectList  : ==> Parameters: none(String), high(String)
2026-08-22 21:33:24.124 DEBUG 215277 --- [   scheduling-1] c.p.i.mapper.IntelNewsMapper.selectList  : <==      Total: 0
2026-08-22 21:33:24.125 DEBUG 215277 --- [   scheduling-1] c.p.i.mapper.IntelNewsMapper.selectList  : ==>  Preparing: SELECT id,source_code,title,content,region_code,normalized_tags,importance,published_at,push_status,version,deleted,created_at,updated_at FROM intel_news WHERE deleted=false AND (push_status = ? AND importance = ?)
2026-08-22 21:33:24.125 DEBUG 215277 --- [   scheduling-1] c.p.i.mapper.IntelNewsMapper.selectList  : ==> Parameters: none(String), medium(String)
2026-08-22 21:33:24.129 DEBUG 215277 --- [   scheduling-1] c.p.i.mapper.IntelNewsMapper.selectList  : <==      Total: 289
2026-08-22 21:33:24.131 DEBUG 215277 --- [   scheduling-1] c.p.i.mapper.IntelNewsMapper.selectList  : ==>  Preparing: SELECT id,source_code,title,content,region_code,normalized_tags,importance,published_at,push_status,version,deleted,created_at,updated_at FROM intel_news WHERE deleted=false AND (push_status = ? AND importance = ?)
2026-08-22 21:33:24.131 DEBUG 215277 --- [   scheduling-1] c.p.i.mapper.IntelNewsMapper.selectList  : ==> Parameters: none(String), high(String)
2026-08-22 21:33:24.132 DEBUG 215277 --- [   scheduling-1] c.p.i.mapper.IntelNewsMapper.selectList  : <==      Total: 0
2026-08-22 21:33:24.132 DEBUG 215277 --- [   scheduling-1] c.p.i.mapper.IntelNewsMapper.selectList  : ==>  Preparing: SELECT id,source_code,title,content,region_code,normalized_tags,importance,published_at,push_status,version,deleted,created_at,updated_at FROM intel_news WHERE deleted=false AND (push_status = ? AND importance = ?)
2026-08-22 21:33:24.133 DEBUG 215277 --- [   scheduling-1] c.p.i.mapper.IntelNewsMapper.selectList  : ==> Parameters: none(String), high(String)
2026-08-22 21:33:24.133 DEBUG 215277 --- [   scheduling-1] c.p.i.mapper.IntelNewsMapper.selectList  : <==      Total: 0
2026-08-22 21:33:24.134 DEBUG 215277 --- [   scheduling-1] c.p.i.mapper.IntelNewsMapper.selectList  : ==>  Preparing: SELECT id,source_code,title,content,region_code,normalized_tags,importance,published_at,push_status,version,deleted,created_at,updated_at FROM intel_news WHERE deleted=false AND (push_status = ? AND importance = ?)
2026-08-22 21:33:24.134 DEBUG 215277 --- [   scheduling-1] c.p.i.mapper.IntelNewsMapper.selectList  : ==> Parameters: none(String), high(String)
2026-08-22 21:33:24.134 DEBUG 215277 --- [   scheduling-1] c.p.i.mapper.IntelNewsMapper.selectList  : <==      Total: 0
2026-08-22 21:33:24.135 DEBUG 215277 --- [   scheduling-1] c.p.i.mapper.IntelNewsMapper.selectList  : ==>  Preparing: SELECT id,source_code,title,content,region_code,normalized_tags,importance,published_at,push_status,version,deleted,created_at,updated_at FROM intel_news WHERE deleted=false AND (push_status = ? AND importance = ?)
2026-08-22 21:33:24.135 DEBUG 215277 --- [   scheduling-1] c.p.i.mapper.IntelNewsMapper.selectList  : ==> Parameters: none(String), high(String)
2026-08-22 21:33:24.136 DEBUG 215277 --- [   scheduling-1] c.p.i.mapper.IntelNewsMapper.selectList  : <==      Total: 0
2026-08-22 21:33:24.136 DEBUG 215277 --- [   scheduling-1] c.p.i.mapper.IntelNewsMapper.selectList  : ==>  Preparing: SELECT id,source_code,title,content,region_code,normalized_tags,importance,published_at,push_status,version,deleted,created_at,updated_at FROM intel_news WHERE deleted=false AND (push_status = ? AND importance = ?)
2026-08-22 21:33:24.136 DEBUG 215277 --- [   scheduling-1] c.p.i.mapper.IntelNewsMapper.selectList  : ==> Parameters: none(String), high(String)
2026-08-22 21:33:24.137 DEBUG 215277 --- [   scheduling-1] c.p.i.mapper.IntelNewsMapper.selectList  : <==      Total: 0
2026-08-22 21:33:24.138 DEBUG 215277 --- [   scheduling-1] c.p.i.mapper.IntelNewsMapper.selectList  : ==>  Preparing: SELECT id,source_code,title,content,region_code,normalized_tags,importance,published_at,push_status,version,deleted,created_at,updated_at FROM intel_news WHERE deleted=false AND (push_status = ? AND importance = ?)
2026-08-22 21:33:24.138 DEBUG 215277 --- [   scheduling-1] c.p.i.mapper.IntelNewsMapper.selectList  : ==> Parameters: none(String), high(String)
2026-08-22 21:33:24.138 DEBUG 215277 --- [   scheduling-1] c.p.i.mapper.IntelNewsMapper.selectList  : <==      Total: 0
2026-08-22 21:33:24.139 DEBUG 215277 --- [   scheduling-1] c.p.i.mapper.IntelNewsMapper.selectList  : ==>  Preparing: SELECT id,source_code,title,content,region_code,normalized_tags,importance,published_at,push_status,version,deleted,created_at,updated_at FROM intel_news WHERE deleted=false AND (push_status = ? AND importance = ?)
2026-08-22 21:33:24.139 DEBUG 215277 --- [   scheduling-1] c.p.i.mapper.IntelNewsMapper.selectList  : ==> Parameters: none(String), high(String)
2026-08-22 21:33:24.139 DEBUG 215277 --- [   scheduling-1] c.p.i.mapper.IntelNewsMapper.selectList  : <==      Total: 0
2026-08-22 21:33:24.140 DEBUG 215277 --- [   scheduling-1] c.p.i.mapper.IntelNewsMapper.selectList  : ==>  Preparing: SELECT id,source_code,title,content,region_code,normalized_tags,importance,published_at,push_status,version,deleted,created_at,updated_at FROM intel_news WHERE deleted=false AND (push_status = ? AND importance = ?)
2026-08-22 21:33:24.140 DEBUG 215277 --- [   scheduling-1] c.p.i.mapper.IntelNewsMapper.selectList  : ==> Parameters: none(String), high(String)
2026-08-22 21:33:24.141 DEBUG 215277 --- [   scheduling-1] c.p.i.mapper.IntelNewsMapper.selectList  : <==      Total: 0
2026-08-22 21:33:24.142 DEBUG 215277 --- [   scheduling-1] c.p.i.mapper.IntelNewsMapper.selectList  : ==>  Preparing: SELECT id,source_code,title,content,region_code,normalized_tags,importance,published_at,push_status,version,deleted,created_at,updated_at FROM intel_news WHERE deleted=false AND (push_status = ? AND importance = ?)
2026-08-22 21:33:24.142 DEBUG 215277 --- [   scheduling-1] c.p.i.mapper.IntelNewsMapper.selectList  : ==> Parameters: none(String), high(String)
2026-08-22 21:33:24.142 DEBUG 215277 --- [   scheduling-1] c.p.i.mapper.IntelNewsMapper.selectList  : <==      Total: 0
2026-08-22 21:33:24.143 DEBUG 215277 --- [   scheduling-1] c.p.i.mapper.IntelNewsMapper.selectList  : ==>  Preparing: SELECT id,source_code,title,content,region_code,normalized_tags,importance,published_at,push_status,version,deleted,created_at,updated_at FROM intel_news WHERE deleted=false AND (push_status = ? AND importance = ?)
2026-08-22 21:33:24.143 DEBUG 215277 --- [   scheduling-1] c.p.i.mapper.IntelNewsMapper.selectList  : ==> Parameters: none(String), high(String)
2026-08-22 21:33:24.144 DEBUG 215277 --- [   scheduling-1] c.p.i.mapper.IntelNewsMapper.selectList  : <==      Total: 0
2026-08-22 21:33:24.144 DEBUG 215277 --- [   scheduling-1] c.p.i.mapper.IntelNewsMapper.selectList  : ==>  Preparing: SELECT id,source_code,title,content,region_code,normalized_tags,importance,published_at,push_status,version,deleted,created_at,updated_at FROM intel_news WHERE deleted=false AND (push_status = ? AND importance = ?)
2026-08-22 21:33:24.144 DEBUG 215277 --- [   scheduling-1] c.p.i.mapper.IntelNewsMapper.selectList  : ==> Parameters: none(String), high(String)
2026-08-22 21:33:24.145 DEBUG 215277 --- [   scheduling-1] c.p.i.mapper.IntelNewsMapper.selectList  : <==      Total: 0
2026-08-22 21:33:24.146 DEBUG 215277 --- [   scheduling-1] c.p.i.mapper.IntelNewsMapper.selectList  : ==>  Preparing: SELECT id,source_code,title,content,region_code,normalized_tags,importance,published_at,push_status,version,deleted,created_at,updated_at FROM intel_news WHERE deleted=false AND (push_status = ? AND importance = ?)
2026-08-22 21:33:24.146 DEBUG 215277 --- [   scheduling-1] c.p.i.mapper.IntelNewsMapper.selectList  : ==> Parameters: none(String), high(String)
2026-08-22 21:33:24.146 DEBUG 215277 --- [   scheduling-1] c.p.i.mapper.IntelNewsMapper.selectList  : <==      Total: 0
2026-08-22 21:33:24.147 DEBUG 215277 --- [   scheduling-1] c.p.i.mapper.IntelNewsMapper.selectList  : ==>  Preparing: SELECT id,source_code,title,content,region_code,normalized_tags,importance,published_at,push_status,version,deleted,created_at,updated_at FROM intel_news WHERE deleted=false AND (push_status = ? AND importance = ?)
2026-08-22 21:33:24.147 DEBUG 215277 --- [   scheduling-1] c.p.i.mapper.IntelNewsMapper.selectList  : ==> Parameters: none(String), high(String)
2026-08-22 21:33:24.148 DEBUG 215277 --- [   scheduling-1] c.p.i.mapper.IntelNewsMapper.selectList  : <==      Total: 0
2026-08-22 21:33:24.148  INFO 215277 --- [   scheduling-1] com.ptidss.intel.service.IntelService    : 情报推送执行完成：匹配情报 0 条，派发消息 0 条，触发决策会话情报重评 0 个
2026-08-22 21:33:54.149 DEBUG 215277 --- [   scheduling-1] c.p.i.m.IntelPushRuleMapper.selectList   : ==>  Preparing: SELECT id,rule_name,tags_filter,importance_filter,target_roles,channel,silent_period,status,version,deleted,created_at,updated_at FROM intel_push_rule WHERE deleted=false AND (status = ?)
2026-08-22 21:33:54.149 DEBUG 215277 --- [   scheduling-1] c.p.i.m.IntelPushRuleMapper.selectList   : ==> Parameters: active(String)
2026-08-22 21:33:54.150 DEBUG 215277 --- [   scheduling-1] c.p.i.m.IntelPushRuleMapper.selectList   : <==      Total: 15
2026-08-22 21:33:54.151 DEBUG 215277 --- [   scheduling-1] c.p.i.mapper.IntelNewsMapper.selectList  : ==>  Preparing: SELECT id,source_code,title,content,region_code,normalized_tags,importance,published_at,push_status,version,deleted,created_at,updated_at FROM intel_news WHERE deleted=false AND (push_status = ? AND importance = ?)
2026-08-22 21:33:54.151 DEBUG 215277 --- [   scheduling-1] c.p.i.mapper.IntelNewsMapper.selectList  : ==> Parameters: none(String), high(String)
2026-08-22 21:33:54.151 DEBUG 215277 --- [   scheduling-1] c.p.i.mapper.IntelNewsMapper.selectList  : <==      Total: 0
2026-08-22 21:33:54.152 DEBUG 215277 --- [   scheduling-1] c.p.i.mapper.IntelNewsMapper.selectList  : ==>  Preparing: SELECT id,source_code,title,content,region_code,normalized_tags,importance,published_at,push_status,version,deleted,created_at,updated_at FROM intel_news WHERE deleted=false AND (push_status = ? AND importance = ?)
2026-08-22 21:33:54.152 DEBUG 215277 --- [   scheduling-1] c.p.i.mapper.IntelNewsMapper.selectList  : ==> Parameters: none(String), medium(String)
2026-08-22 21:33:54.158 DEBUG 215277 --- [   scheduling-1] c.p.i.mapper.IntelNewsMapper.selectList  : <==      Total: 289
2026-08-22 21:33:54.161 DEBUG 215277 --- [   scheduling-1] c.p.i.mapper.IntelNewsMapper.selectList  : ==>  Preparing: SELECT id,source_code,title,content,region_code,normalized_tags,importance,published_at,push_status,version,deleted,created_at,updated_at FROM intel_news WHERE deleted=false AND (push_status = ? AND importance = ?)
2026-08-22 21:33:54.161 DEBUG 215277 --- [   scheduling-1] c.p.i.mapper.IntelNewsMapper.selectList  : ==> Parameters: none(String), high(String)
2026-08-22 21:33:54.162 DEBUG 215277 --- [   scheduling-1] c.p.i.mapper.IntelNewsMapper.selectList  : <==      Total: 0
2026-08-22 21:33:54.163 DEBUG 215277 --- [   scheduling-1] c.p.i.mapper.IntelNewsMapper.selectList  : ==>  Preparing: SELECT id,source_code,title,content,region_code,normalized_tags,importance,published_at,push_status,version,deleted,created_at,updated_at FROM intel_news WHERE deleted=false AND (push_status = ? AND importance = ?)
2026-08-22 21:33:54.163 DEBUG 215277 --- [   scheduling-1] c.p.i.mapper.IntelNewsMapper.selectList  : ==> Parameters: none(String), high(String)
2026-08-22 21:33:54.164 DEBUG 215277 --- [   scheduling-1] c.p.i.mapper.IntelNewsMapper.selectList  : <==      Total: 0
2026-08-22 21:33:54.165 DEBUG 215277 --- [   scheduling-1] c.p.i.mapper.IntelNewsMapper.selectList  : ==>  Preparing: SELECT id,source_code,title,content,region_code,normalized_tags,importance,published_at,push_status,version,deleted,created_at,updated_at FROM intel_news WHERE deleted=false AND (push_status = ? AND importance = ?)
2026-08-22 21:33:54.165 DEBUG 215277 --- [   scheduling-1] c.p.i.mapper.IntelNewsMapper.selectList  : ==> Parameters: none(String), high(String)
2026-08-22 21:33:54.165 DEBUG 215277 --- [   scheduling-1] c.p.i.mapper.IntelNewsMapper.selectList  : <==      Total: 0
2026-08-22 21:33:54.166 DEBUG 215277 --- [   scheduling-1] c.p.i.mapper.IntelNewsMapper.selectList  : ==>  Preparing: SELECT id,source_code,title,content,region_code,normalized_tags,importance,published_at,push_status,version,deleted,created_at,updated_at FROM intel_news WHERE deleted=false AND (push_status = ? AND importance = ?)
2026-08-22 21:33:54.166 DEBUG 215277 --- [   scheduling-1] c.p.i.mapper.IntelNewsMapper.selectList  : ==> Parameters: none(String), high(String)
2026-08-22 21:33:54.167 DEBUG 215277 --- [   scheduling-1] c.p.i.mapper.IntelNewsMapper.selectList  : <==      Total: 0
2026-08-22 21:33:54.168 DEBUG 215277 --- [   scheduling-1] c.p.i.mapper.IntelNewsMapper.selectList  : ==>  Preparing: SELECT id,source_code,title,content,region_code,normalized_tags,importance,published_at,push_status,version,deleted,created_at,updated_at FROM intel_news WHERE deleted=false AND (push_status = ? AND importance = ?)
2026-08-22 21:33:54.168 DEBUG 215277 --- [   scheduling-1] c.p.i.mapper.IntelNewsMapper.selectList  : ==> Parameters: none(String), high(String)
2026-08-22 21:33:54.168 DEBUG 215277 --- [   scheduling-1] c.p.i.mapper.IntelNewsMapper.selectList  : <==      Total: 0
2026-08-22 21:33:54.169 DEBUG 215277 --- [   scheduling-1] c.p.i.mapper.IntelNewsMapper.selectList  : ==>  Preparing: SELECT id,source_code,title,content,region_code,normalized_tags,importance,published_at,push_status,version,deleted,created_at,updated_at FROM intel_news WHERE deleted=false AND (push_status = ? AND importance = ?)
2026-08-22 21:33:54.169 DEBUG 215277 --- [   scheduling-1] c.p.i.mapper.IntelNewsMapper.selectList  : ==> Parameters: none(String), high(String)
2026-08-22 21:33:54.170 DEBUG 215277 --- [   scheduling-1] c.p.i.mapper.IntelNewsMapper.selectList  : <==      Total: 0
2026-08-22 21:33:54.171 DEBUG 215277 --- [   scheduling-1] c.p.i.mapper.IntelNewsMapper.selectList  : ==>  Preparing: SELECT id,source_code,title,content,region_code,normalized_tags,importance,published_at,push_status,version,deleted,created_at,updated_at FROM intel_news WHERE deleted=false AND (push_status = ? AND importance = ?)
2026-08-22 21:33:54.171 DEBUG 215277 --- [   scheduling-1] c.p.i.mapper.IntelNewsMapper.selectList  : ==> Parameters: none(String), high(String)
2026-08-22 21:33:54.172 DEBUG 215277 --- [   scheduling-1] c.p.i.mapper.IntelNewsMapper.selectList  : <==      Total: 0
2026-08-22 21:33:54.172 DEBUG 215277 --- [   scheduling-1] c.p.i.mapper.IntelNewsMapper.selectList  : ==>  Preparing: SELECT id,source_code,title,content,region_code,normalized_tags,importance,published_at,push_status,version,deleted,created_at,updated_at FROM intel_news WHERE deleted=false AND (push_status = ? AND importance = ?)
2026-08-22 21:33:54.173 DEBUG 215277 --- [   scheduling-1] c.p.i.mapper.IntelNewsMapper.selectList  : ==> Parameters: none(String), high(String)
2026-08-22 21:33:54.173 DEBUG 215277 --- [   scheduling-1] c.p.i.mapper.IntelNewsMapper.selectList  : <==      Total: 0
2026-08-22 21:33:54.174 DEBUG 215277 --- [   scheduling-1] c.p.i.mapper.IntelNewsMapper.selectList  : ==>  Preparing: SELECT id,source_code,title,content,region_code,normalized_tags,importance,published_at,push_status,version,deleted,created_at,updated_at FROM intel_news WHERE deleted=false AND (push_status = ? AND importance = ?)
2026-08-22 21:33:54.174 DEBUG 215277 --- [   scheduling-1] c.p.i.mapper.IntelNewsMapper.selectList  : ==> Parameters: none(String), high(String)
2026-08-22 21:33:54.175 DEBUG 215277 --- [   scheduling-1] c.p.i.mapper.IntelNewsMapper.selectList  : <==      Total: 0
2026-08-22 21:33:54.176 DEBUG 215277 --- [   scheduling-1] c.p.i.mapper.IntelNewsMapper.selectList  : ==>  Preparing: SELECT id,source_code,title,content,region_code,normalized_tags,importance,published_at,push_status,version,deleted,created_at,updated_at FROM intel_news WHERE deleted=false AND (push_status = ? AND importance = ?)
2026-08-22 21:33:54.176 DEBUG 215277 --- [   scheduling-1] c.p.i.mapper.IntelNewsMapper.selectList  : ==> Parameters: none(String), high(String)
2026-08-22 21:33:54.176 DEBUG 215277 --- [   scheduling-1] c.p.i.mapper.IntelNewsMapper.selectList  : <==      Total: 0
2026-08-22 21:33:54.177 DEBUG 215277 --- [   scheduling-1] c.p.i.mapper.IntelNewsMapper.selectList  : ==>  Preparing: SELECT id,source_code,title,content,region_code,normalized_tags,importance,published_at,push_status,version,deleted,created_at,updated_at FROM intel_news WHERE deleted=false AND (push_status = ? AND importance = ?)
2026-08-22 21:33:54.178 DEBUG 215277 --- [   scheduling-1] c.p.i.mapper.IntelNewsMapper.selectList  : ==> Parameters: none(String), high(String)
2026-08-22 21:33:54.178 DEBUG 215277 --- [   scheduling-1] c.p.i.mapper.IntelNewsMapper.selectList  : <==      Total: 0
2026-08-22 21:33:54.179 DEBUG 215277 --- [   scheduling-1] c.p.i.mapper.IntelNewsMapper.selectList  : ==>  Preparing: SELECT id,source_code,title,content,region_code,normalized_tags,importance,published_at,push_status,version,deleted,created_at,updated_at FROM intel_news WHERE deleted=false AND (push_status = ? AND importance = ?)
2026-08-22 21:33:54.179 DEBUG 215277 --- [   scheduling-1] c.p.i.mapper.IntelNewsMapper.selectList  : ==> Parameters: none(String), high(String)
2026-08-22 21:33:54.179 DEBUG 215277 --- [   scheduling-1] c.p.i.mapper.IntelNewsMapper.selectList  : <==      Total: 0
2026-08-22 21:33:54.180 DEBUG 215277 --- [   scheduling-1] c.p.i.mapper.IntelNewsMapper.selectList  : ==>  Preparing: SELECT id,source_code,title,content,region_code,normalized_tags,importance,published_at,push_status,version,deleted,created_at,updated_at FROM intel_news WHERE deleted=false AND (push_status = ? AND importance = ?)
2026-08-22 21:33:54.181 DEBUG 215277 --- [   scheduling-1] c.p.i.mapper.IntelNewsMapper.selectList  : ==> Parameters: none(String), high(String)
2026-08-22 21:33:54.181 DEBUG 215277 --- [   scheduling-1] c.p.i.mapper.IntelNewsMapper.selectList  : <==      Total: 0
2026-08-22 21:33:54.181  INFO 215277 --- [   scheduling-1] com.ptidss.intel.service.IntelService    : 情报推送执行完成：匹配情报 0 条，派发消息 0 条，触发决策会话情报重评 0 个
2026-08-22 21:34:03.697 DEBUG 215277 --- [   scheduling-1] c.p.d.m.CollectTaskMapper.selectList     : ==>  Preparing: SELECT id,source_id,task_type,cron_expr,last_run_time,last_status,records_count,error_log,version,deleted,created_at,updated_at FROM collect_task WHERE deleted=false AND (cron_expr IS NOT NULL)
2026-08-22 21:34:03.697 DEBUG 215277 --- [   scheduling-1] c.p.d.m.CollectTaskMapper.selectList     : ==> Parameters: 
2026-08-22 21:34:03.699 DEBUG 215277 --- [   scheduling-1] c.p.d.m.CollectTaskMapper.selectList     : <==      Total: 3
2026-08-22 21:34:04.251 DEBUG 215277 --- [nio-9080-exec-8] c.p.s.mapper.SysUserMapper.selectList    : ==>  Preparing: SELECT id,username,display_name,password_hash,role_ids,org_code,phone,email,status,last_login_at,version,deleted,created_at,updated_at FROM sys_user WHERE deleted=false AND (username = ?)
2026-08-22 21:34:04.251 DEBUG 215277 --- [nio-9080-exec-8] c.p.s.mapper.SysUserMapper.selectList    : ==> Parameters: manager01(String)
2026-08-22 21:34:04.252 DEBUG 215277 --- [nio-9080-exec-8] c.p.s.mapper.SysUserMapper.selectList    : <==      Total: 1
2026-08-22 21:34:04.340 DEBUG 215277 --- [nio-9080-exec-8] c.p.s.m.SysRoleMapper.selectBatchIds     : ==>  Preparing: SELECT id,role_code,role_name,description,status,version,deleted,created_at,updated_at FROM sys_role WHERE id IN ( ? ) AND deleted=false
2026-08-22 21:34:04.340 DEBUG 215277 --- [nio-9080-exec-8] c.p.s.m.SysRoleMapper.selectBatchIds     : ==> Parameters: 5(Long)
2026-08-22 21:34:04.341 DEBUG 215277 --- [nio-9080-exec-8] c.p.s.m.SysRoleMapper.selectBatchIds     : <==      Total: 1
2026-08-22 21:34:04.342 DEBUG 215277 --- [nio-9080-exec-8] c.p.s.m.SysPermissionMapper.selectList   : ==>  Preparing: SELECT id,perm_code,perm_name,resource_type,resource_pattern,status,version,deleted,created_at,updated_at FROM sys_permission WHERE deleted=false AND (status = ? AND EXISTS (SELECT 1 FROM sys_role_permission rp WHERE rp.permission_id = sys_permission.id AND rp.role_id = ?))
2026-08-22 21:34:04.342 DEBUG 215277 --- [nio-9080-exec-8] c.p.s.m.SysPermissionMapper.selectList   : ==> Parameters: active(String), 5(Long)
2026-08-22 21:34:04.342 DEBUG 215277 --- [nio-9080-exec-8] c.p.s.m.SysPermissionMapper.selectList   : <==      Total: 8
2026-08-22 21:34:04.343 DEBUG 215277 --- [nio-9080-exec-8] c.p.s.m.SysUserRegionMapper.selectList   : ==>  Preparing: SELECT user_id,region_code FROM sys_user_region WHERE (user_id = ?)
2026-08-22 21:34:04.343 DEBUG 215277 --- [nio-9080-exec-8] c.p.s.m.SysUserRegionMapper.selectList   : ==> Parameters: 4(Long)
2026-08-22 21:34:04.344 DEBUG 215277 --- [nio-9080-exec-8] c.p.s.m.SysUserRegionMapper.selectList   : <==      Total: 1
2026-08-22 21:34:04.345 DEBUG 215277 --- [nio-9080-exec-8] c.p.s.m.SysRoleRegionMapper.selectList   : ==>  Preparing: SELECT role_id,region_code FROM sys_role_region WHERE (role_id = ?)
2026-08-22 21:34:04.345 DEBUG 215277 --- [nio-9080-exec-8] c.p.s.m.SysRoleRegionMapper.selectList   : ==> Parameters: 5(Long)
2026-08-22 21:34:04.345 DEBUG 215277 --- [nio-9080-exec-8] c.p.s.m.SysRoleRegionMapper.selectList   : <==      Total: 0
2026-08-22 21:34:04.346 DEBUG 215277 --- [nio-9080-exec-8] c.p.s.mapper.SysRegionMapper.selectList  : ==>  Preparing: SELECT id,region_code,region_name,market_support,exchange_channel,settlement_period,status,launch_order,version,deleted,created_at,updated_at FROM sys_region WHERE deleted=false AND (region_code = ? AND status = ?)
2026-08-22 21:34:04.346 DEBUG 215277 --- [nio-9080-exec-8] c.p.s.mapper.SysRegionMapper.selectList  : ==> Parameters: CN-32(String), enabled(String)
2026-08-22 21:34:04.347 DEBUG 215277 --- [nio-9080-exec-8] c.p.s.mapper.SysRegionMapper.selectList  : <==      Total: 1
2026-08-22 21:34:04.348 DEBUG 215277 --- [nio-9080-exec-8] c.p.s.mapper.SysUserMapper.updateById    : ==>  Preparing: UPDATE sys_user SET last_login_at=?, updated_at=? WHERE id=? AND deleted=false
2026-08-22 21:34:04.348 DEBUG 215277 --- [nio-9080-exec-8] c.p.s.mapper.SysUserMapper.updateById    : ==> Parameters: 2026-08-22 21:34:04.348(Timestamp), 2026-08-22 21:34:04.348(Timestamp), 4(Long)
2026-08-22 21:34:04.350 DEBUG 215277 --- [nio-9080-exec-8] c.p.s.mapper.SysUserMapper.updateById    : <==    Updates: 1
2026-08-22 21:34:04.352 DEBUG 215277 --- [nio-9080-exec-8] c.p.system.mapper.AuditLogMapper.insert  : ==>  Preparing: INSERT INTO audit_log ( id, trace_id, user_id, username, action, target_type, target_id, ip, user_agent, result, created_at ) VALUES ( ?, ?, ?, ?, ?, ?, ?, ?, ?, ?, ? )
2026-08-22 21:34:04.352 DEBUG 215277 --- [nio-9080-exec-8] c.p.system.mapper.AuditLogMapper.insert  : ==> Parameters: 216912811681517568(Long), c18edf3ba4c34408(String), 0(Long), manager01(String), login(String), auth(String), LoginBody(username=manager01, password=Ptidss@2026, captchaKey=n(String), 127.0.0.1(String), curl/8.5.0(String), success(String), 2026-08-22 21:34:04.35(Timestamp)
2026-08-22 21:34:04.353 DEBUG 215277 --- [nio-9080-exec-8] c.p.system.mapper.AuditLogMapper.insert  : <==    Updates: 1
2026-08-22 21:34:04.394 DEBUG 215277 --- [nio-9080-exec-2] c.p.f.m.F.selectPage_mpCount             : ==>  Preparing: SELECT COUNT(*) AS total FROM flow_instance WHERE deleted = false AND (status = ? AND (current_assignee = ? OR current_assignee IN (?)))
2026-08-22 21:34:04.394 DEBUG 215277 --- [nio-9080-exec-2] c.p.f.m.F.selectPage_mpCount             : ==> Parameters: running(String), manager01(String), manager(String)
2026-08-22 21:34:04.394 DEBUG 215277 --- [nio-9080-exec-2] c.p.f.m.F.selectPage_mpCount             : <==      Total: 1
2026-08-22 21:34:04.395 DEBUG 215277 --- [nio-9080-exec-2] c.p.f.m.FlowInstanceMapper.selectPage    : ==>  Preparing: SELECT id,instance_no,process_key,biz_type,biz_id,variables,status,current_node,current_assignee,start_by,start_time,end_time,version,deleted,created_at,updated_at FROM flow_instance WHERE deleted=false AND (status = ? AND (current_assignee = ? OR current_assignee IN (?))) ORDER BY start_time DESC LIMIT ?
2026-08-22 21:34:04.395 DEBUG 215277 --- [nio-9080-exec-2] c.p.f.m.FlowInstanceMapper.selectPage    : ==> Parameters: running(String), manager01(String), manager(String), 10(Long)
2026-08-22 21:34:04.396 DEBUG 215277 --- [nio-9080-exec-2] c.p.f.m.FlowInstanceMapper.selectPage    : <==      Total: 3
2026-08-22 21:34:13.914 DEBUG 215277 --- [   scheduling-1] c.p.i.m.IntelSourceMapper.selectList     : ==>  Preparing: SELECT id,source_code,source_name,intel_type,fetch_mode,conn_type,conn_config,frequency,status,last_success_at,last_error,consecutive_failures,version,deleted,created_at,updated_at FROM intel_source WHERE deleted=false AND (status = ?)
2026-08-22 21:34:13.914 DEBUG 215277 --- [   scheduling-1] c.p.i.m.IntelSourceMapper.selectList     : ==> Parameters: enabled(String)
2026-08-22 21:34:13.915 DEBUG 215277 --- [   scheduling-1] c.p.i.m.IntelSourceMapper.selectList     : <==      Total: 21
2026-08-22 21:34:13.915  INFO 215277 --- [   scheduling-1] c.p.intel.service.IntelFetchService      : 行情采集执行完成：到期 0 个（成功 0 / 失败 0 / 跳过未到期 21）
2026-08-22 21:34:24.182 DEBUG 215277 --- [   scheduling-1] c.p.i.m.IntelPushRuleMapper.selectList   : ==>  Preparing: SELECT id,rule_name,tags_filter,importance_filter,target_roles,channel,silent_period,status,version,deleted,created_at,updated_at FROM intel_push_rule WHERE deleted=false AND (status = ?)
2026-08-22 21:34:24.182 DEBUG 215277 --- [   scheduling-1] c.p.i.m.IntelPushRuleMapper.selectList   : ==> Parameters: active(String)
2026-08-22 21:34:24.183 DEBUG 215277 --- [   scheduling-1] c.p.i.m.IntelPushRuleMapper.selectList   : <==      Total: 15
2026-08-22 21:34:24.184 DEBUG 215277 --- [   scheduling-1] c.p.i.mapper.IntelNewsMapper.selectList  : ==>  Preparing: SELECT id,source_code,title,content,region_code,normalized_tags,importance,published_at,push_status,version,deleted,created_at,updated_at FROM intel_news WHERE deleted=false AND (push_status = ? AND importance = ?)
2026-08-22 21:34:24.184 DEBUG 215277 --- [   scheduling-1] c.p.i.mapper.IntelNewsMapper.selectList  : ==> Parameters: none(String), high(String)
2026-08-22 21:34:24.184 DEBUG 215277 --- [   scheduling-1] c.p.i.mapper.IntelNewsMapper.selectList  : <==      Total: 0
2026-08-22 21:34:24.185 DEBUG 215277 --- [   scheduling-1] c.p.i.mapper.IntelNewsMapper.selectList  : ==>  Preparing: SELECT id,source_code,title,content,region_code,normalized_tags,importance,published_at,push_status,version,deleted,created_at,updated_at FROM intel_news WHERE deleted=false AND (push_status = ? AND importance = ?)
2026-08-22 21:34:24.185 DEBUG 215277 --- [   scheduling-1] c.p.i.mapper.IntelNewsMapper.selectList  : ==> Parameters: none(String), medium(String)
2026-08-22 21:34:24.188 DEBUG 215277 --- [   scheduling-1] c.p.i.mapper.IntelNewsMapper.selectList  : <==      Total: 289
2026-08-22 21:34:24.189 DEBUG 215277 --- [   scheduling-1] c.p.i.mapper.IntelNewsMapper.selectList  : ==>  Preparing: SELECT id,source_code,title,content,region_code,normalized_tags,importance,published_at,push_status,version,deleted,created_at,updated_at FROM intel_news WHERE deleted=false AND (push_status = ? AND importance = ?)
2026-08-22 21:34:24.189 DEBUG 215277 --- [   scheduling-1] c.p.i.mapper.IntelNewsMapper.selectList  : ==> Parameters: none(String), high(String)
2026-08-22 21:34:24.190 DEBUG 215277 --- [   scheduling-1] c.p.i.mapper.IntelNewsMapper.selectList  : <==      Total: 0
2026-08-22 21:34:24.190 DEBUG 215277 --- [   scheduling-1] c.p.i.mapper.IntelNewsMapper.selectList  : ==>  Preparing: SELECT id,source_code,title,content,region_code,normalized_tags,importance,published_at,push_status,version,deleted,created_at,updated_at FROM intel_news WHERE deleted=false AND (push_status = ? AND importance = ?)
2026-08-22 21:34:24.190 DEBUG 215277 --- [   scheduling-1] c.p.i.mapper.IntelNewsMapper.selectList  : ==> Parameters: none(String), high(String)
2026-08-22 21:34:24.191 DEBUG 215277 --- [   scheduling-1] c.p.i.mapper.IntelNewsMapper.selectList  : <==      Total: 0
2026-08-22 21:34:24.192 DEBUG 215277 --- [   scheduling-1] c.p.i.mapper.IntelNewsMapper.selectList  : ==>  Preparing: SELECT id,source_code,title,content,region_code,normalized_tags,importance,published_at,push_status,version,deleted,created_at,updated_at FROM intel_news WHERE deleted=false AND (push_status = ? AND importance = ?)
2026-08-22 21:34:24.192 DEBUG 215277 --- [   scheduling-1] c.p.i.mapper.IntelNewsMapper.selectList  : ==> Parameters: none(String), high(String)
2026-08-22 21:34:24.192 DEBUG 215277 --- [   scheduling-1] c.p.i.mapper.IntelNewsMapper.selectList  : <==      Total: 0
2026-08-22 21:34:24.193 DEBUG 215277 --- [   scheduling-1] c.p.i.mapper.IntelNewsMapper.selectList  : ==>  Preparing: SELECT id,source_code,title,content,region_code,normalized_tags,importance,published_at,push_status,version,deleted,created_at,updated_at FROM intel_news WHERE deleted=false AND (push_status = ? AND importance = ?)
2026-08-22 21:34:24.193 DEBUG 215277 --- [   scheduling-1] c.p.i.mapper.IntelNewsMapper.selectList  : ==> Parameters: none(String), high(String)
2026-08-22 21:34:24.193 DEBUG 215277 --- [   scheduling-1] c.p.i.mapper.IntelNewsMapper.selectList  : <==      Total: 0
2026-08-22 21:34:24.194 DEBUG 215277 --- [   scheduling-1] c.p.i.mapper.IntelNewsMapper.selectList  : ==>  Preparing: SELECT id,source_code,title,content,region_code,normalized_tags,importance,published_at,push_status,version,deleted,created_at,updated_at FROM intel_news WHERE deleted=false AND (push_status = ? AND importance = ?)
2026-08-22 21:34:24.194 DEBUG 215277 --- [   scheduling-1] c.p.i.mapper.IntelNewsMapper.selectList  : ==> Parameters: none(String), high(String)
2026-08-22 21:34:24.195 DEBUG 215277 --- [   scheduling-1] c.p.i.mapper.IntelNewsMapper.selectList  : <==      Total: 0
2026-08-22 21:34:24.196 DEBUG 215277 --- [   scheduling-1] c.p.i.mapper.IntelNewsMapper.selectList  : ==>  Preparing: SELECT id,source_code,title,content,region_code,normalized_tags,importance,published_at,push_status,version,deleted,created_at,updated_at FROM intel_news WHERE deleted=false AND (push_status = ? AND importance = ?)
2026-08-22 21:34:24.196 DEBUG 215277 --- [   scheduling-1] c.p.i.mapper.IntelNewsMapper.selectList  : ==> Parameters: none(String), high(String)
2026-08-22 21:34:24.196 DEBUG 215277 --- [   scheduling-1] c.p.i.mapper.IntelNewsMapper.selectList  : <==      Total: 0
2026-08-22 21:34:24.197 DEBUG 215277 --- [   scheduling-1] c.p.i.mapper.IntelNewsMapper.selectList  : ==>  Preparing: SELECT id,source_code,title,content,region_code,normalized_tags,importance,published_at,push_status,version,deleted,created_at,updated_at FROM intel_news WHERE deleted=false AND (push_status = ? AND importance = ?)
2026-08-22 21:34:24.197 DEBUG 215277 --- [   scheduling-1] c.p.i.mapper.IntelNewsMapper.selectList  : ==> Parameters: none(String), high(String)
2026-08-22 21:34:24.197 DEBUG 215277 --- [   scheduling-1] c.p.i.mapper.IntelNewsMapper.selectList  : <==      Total: 0
2026-08-22 21:34:24.198 DEBUG 215277 --- [   scheduling-1] c.p.i.mapper.IntelNewsMapper.selectList  : ==>  Preparing: SELECT id,source_code,title,content,region_code,normalized_tags,importance,published_at,push_status,version,deleted,created_at,updated_at FROM intel_news WHERE deleted=false AND (push_status = ? AND importance = ?)
2026-08-22 21:34:24.198 DEBUG 215277 --- [   scheduling-1] c.p.i.mapper.IntelNewsMapper.selectList  : ==> Parameters: none(String), high(String)
2026-08-22 21:34:24.199 DEBUG 215277 --- [   scheduling-1] c.p.i.mapper.IntelNewsMapper.selectList  : <==      Total: 0
2026-08-22 21:34:24.199 DEBUG 215277 --- [   scheduling-1] c.p.i.mapper.IntelNewsMapper.selectList  : ==>  Preparing: SELECT id,source_code,title,content,region_code,normalized_tags,importance,published_at,push_status,version,deleted,created_at,updated_at FROM intel_news WHERE deleted=false AND (push_status = ? AND importance = ?)
2026-08-22 21:34:24.199 DEBUG 215277 --- [   scheduling-1] c.p.i.mapper.IntelNewsMapper.selectList  : ==> Parameters: none(String), high(String)
2026-08-22 21:34:24.200 DEBUG 215277 --- [   scheduling-1] c.p.i.mapper.IntelNewsMapper.selectList  : <==      Total: 0
2026-08-22 21:34:24.201 DEBUG 215277 --- [   scheduling-1] c.p.i.mapper.IntelNewsMapper.selectList  : ==>  Preparing: SELECT id,source_code,title,content,region_code,normalized_tags,importance,published_at,push_status,version,deleted,created_at,updated_at FROM intel_news WHERE deleted=false AND (push_status = ? AND importance = ?)
2026-08-22 21:34:24.201 DEBUG 215277 --- [   scheduling-1] c.p.i.mapper.IntelNewsMapper.selectList  : ==> Parameters: none(String), high(String)
2026-08-22 21:34:24.201 DEBUG 215277 --- [   scheduling-1] c.p.i.mapper.IntelNewsMapper.selectList  : <==      Total: 0
2026-08-22 21:34:24.202 DEBUG 215277 --- [   scheduling-1] c.p.i.mapper.IntelNewsMapper.selectList  : ==>  Preparing: SELECT id,source_code,title,content,region_code,normalized_tags,importance,published_at,push_status,version,deleted,created_at,updated_at FROM intel_news WHERE deleted=false AND (push_status = ? AND importance = ?)
2026-08-22 21:34:24.202 DEBUG 215277 --- [   scheduling-1] c.p.i.mapper.IntelNewsMapper.selectList  : ==> Parameters: none(String), high(String)
2026-08-22 21:34:24.202 DEBUG 215277 --- [   scheduling-1] c.p.i.mapper.IntelNewsMapper.selectList  : <==      Total: 0
2026-08-22 21:34:24.203 DEBUG 215277 --- [   scheduling-1] c.p.i.mapper.IntelNewsMapper.selectList  : ==>  Preparing: SELECT id,source_code,title,content,region_code,normalized_tags,importance,published_at,push_status,version,deleted,created_at,updated_at FROM intel_news WHERE deleted=false AND (push_status = ? AND importance = ?)
2026-08-22 21:34:24.203 DEBUG 215277 --- [   scheduling-1] c.p.i.mapper.IntelNewsMapper.selectList  : ==> Parameters: none(String), high(String)
2026-08-22 21:34:24.203 DEBUG 215277 --- [   scheduling-1] c.p.i.mapper.IntelNewsMapper.selectList  : <==      Total: 0
2026-08-22 21:34:24.204 DEBUG 215277 --- [   scheduling-1] c.p.i.mapper.IntelNewsMapper.selectList  : ==>  Preparing: SELECT id,source_code,title,content,region_code,normalized_tags,importance,published_at,push_status,version,deleted,created_at,updated_at FROM intel_news WHERE deleted=false AND (push_status = ? AND importance = ?)
2026-08-22 21:34:24.204 DEBUG 215277 --- [   scheduling-1] c.p.i.mapper.IntelNewsMapper.selectList  : ==> Parameters: none(String), high(String)
2026-08-22 21:34:24.204 DEBUG 215277 --- [   scheduling-1] c.p.i.mapper.IntelNewsMapper.selectList  : <==      Total: 0
2026-08-22 21:34:24.205  INFO 215277 --- [   scheduling-1] com.ptidss.intel.service.IntelService    : 情报推送执行完成：匹配情报 0 条，派发消息 0 条，触发决策会话情报重评 0 个
2026-08-22 21:34:50.963 DEBUG 215277 --- [nio-9080-exec-4] c.p.s.mapper.SysUserMapper.selectList    : ==>  Preparing: SELECT id,username,display_name,password_hash,role_ids,org_code,phone,email,status,last_login_at,version,deleted,created_at,updated_at FROM sys_user WHERE deleted=false AND (username = ?)
2026-08-22 21:34:50.963 DEBUG 215277 --- [nio-9080-exec-4] c.p.s.mapper.SysUserMapper.selectList    : ==> Parameters: admin(String)
2026-08-22 21:34:50.964 DEBUG 215277 --- [nio-9080-exec-4] c.p.s.mapper.SysUserMapper.selectList    : <==      Total: 1
2026-08-22 21:34:51.050 DEBUG 215277 --- [nio-9080-exec-4] c.p.s.m.SysRoleMapper.selectBatchIds     : ==>  Preparing: SELECT id,role_code,role_name,description,status,version,deleted,created_at,updated_at FROM sys_role WHERE id IN ( ? ) AND deleted=false
2026-08-22 21:34:51.050 DEBUG 215277 --- [nio-9080-exec-4] c.p.s.m.SysRoleMapper.selectBatchIds     : ==> Parameters: 4(Long)
2026-08-22 21:34:51.050 DEBUG 215277 --- [nio-9080-exec-4] c.p.s.m.SysRoleMapper.selectBatchIds     : <==      Total: 1
2026-08-22 21:34:51.051 DEBUG 215277 --- [nio-9080-exec-4] c.p.s.m.SysPermissionMapper.selectList   : ==>  Preparing: SELECT id,perm_code,perm_name,resource_type,resource_pattern,status,version,deleted,created_at,updated_at FROM sys_permission WHERE deleted=false AND (status = ? AND EXISTS (SELECT 1 FROM sys_role_permission rp WHERE rp.permission_id = sys_permission.id AND rp.role_id = ?))
2026-08-22 21:34:51.051 DEBUG 215277 --- [nio-9080-exec-4] c.p.s.m.SysPermissionMapper.selectList   : ==> Parameters: active(String), 4(Long)
2026-08-22 21:34:51.052 DEBUG 215277 --- [nio-9080-exec-4] c.p.s.m.SysPermissionMapper.selectList   : <==      Total: 18
2026-08-22 21:34:51.053 DEBUG 215277 --- [nio-9080-exec-4] c.p.s.m.SysUserRegionMapper.selectList   : ==>  Preparing: SELECT user_id,region_code FROM sys_user_region WHERE (user_id = ?)
2026-08-22 21:34:51.053 DEBUG 215277 --- [nio-9080-exec-4] c.p.s.m.SysUserRegionMapper.selectList   : ==> Parameters: 1(Long)
2026-08-22 21:34:51.054 DEBUG 215277 --- [nio-9080-exec-4] c.p.s.m.SysUserRegionMapper.selectList   : <==      Total: 4
2026-08-22 21:34:51.055 DEBUG 215277 --- [nio-9080-exec-4] c.p.s.mapper.SysRegionMapper.selectList  : ==>  Preparing: SELECT id,region_code,region_name,market_support,exchange_channel,settlement_period,status,launch_order,version,deleted,created_at,updated_at FROM sys_region WHERE deleted=false AND (region_code = ? AND status = ?)
2026-08-22 21:34:51.055 DEBUG 215277 --- [nio-9080-exec-4] c.p.s.mapper.SysRegionMapper.selectList  : ==> Parameters: CN-31(String), enabled(String)
2026-08-22 21:34:51.055 DEBUG 215277 --- [nio-9080-exec-4] c.p.s.mapper.SysRegionMapper.selectList  : <==      Total: 1
2026-08-22 21:34:51.056 DEBUG 215277 --- [nio-9080-exec-4] c.p.s.mapper.SysUserMapper.updateById    : ==>  Preparing: UPDATE sys_user SET last_login_at=?, updated_at=? WHERE id=? AND deleted=false
2026-08-22 21:34:51.057 DEBUG 215277 --- [nio-9080-exec-4] c.p.s.mapper.SysUserMapper.updateById    : ==> Parameters: 2026-08-22 21:34:51.056(Timestamp), 2026-08-22 21:34:51.056(Timestamp), 1(Long)
2026-08-22 21:34:51.060 DEBUG 215277 --- [nio-9080-exec-4] c.p.s.mapper.SysUserMapper.updateById    : <==    Updates: 1
2026-08-22 21:34:51.060 DEBUG 215277 --- [nio-9080-exec-4] c.p.system.mapper.AuditLogMapper.insert  : ==>  Preparing: INSERT INTO audit_log ( id, trace_id, user_id, username, action, target_type, target_id, ip, user_agent, result, created_at ) VALUES ( ?, ?, ?, ?, ?, ?, ?, ?, ?, ?, ? )
2026-08-22 21:34:51.060 DEBUG 215277 --- [nio-9080-exec-4] c.p.system.mapper.AuditLogMapper.insert  : ==> Parameters: 216913007597457408(Long), 4bd96126036b4093(String), 0(Long), admin(String), login(String), auth(String), LoginBody(username=admin, password=Ptidss@2026, captchaKey=null,(String), 127.0.0.1(String), curl/8.5.0(String), success(String), 2026-08-22 21:34:51.06(Timestamp)
2026-08-22 21:34:51.062 DEBUG 215277 --- [nio-9080-exec-4] c.p.system.mapper.AuditLogMapper.insert  : <==    Updates: 1
2026-08-22 21:34:51.101 DEBUG 215277 --- [nio-9080-exec-6] c.p.s.mapper.SysUserMapper.selectById    : ==>  Preparing: SELECT id,username,display_name,password_hash,role_ids,org_code,phone,email,status,last_login_at,version,deleted,created_at,updated_at FROM sys_user WHERE id=? AND deleted=false
2026-08-22 21:34:51.101 DEBUG 215277 --- [nio-9080-exec-6] c.p.s.mapper.SysUserMapper.selectById    : ==> Parameters: 4(Long)
2026-08-22 21:34:51.104 DEBUG 215277 --- [nio-9080-exec-6] c.p.s.mapper.SysUserMapper.selectById    : <==      Total: 1
2026-08-22 21:34:51.105 DEBUG 215277 --- [nio-9080-exec-6] c.p.s.mapper.SysUserMapper.updateById    : ==>  Preparing: UPDATE sys_user SET updated_at=? WHERE id=? AND deleted=false
2026-08-22 21:34:51.106 DEBUG 215277 --- [nio-9080-exec-6] c.p.s.mapper.SysUserMapper.updateById    : ==> Parameters: 2026-08-22 21:34:51.105(Timestamp), 4(Long)
2026-08-22 21:34:51.106 DEBUG 215277 --- [nio-9080-exec-6] c.p.s.mapper.SysUserMapper.updateById    : <==    Updates: 1
2026-08-22 21:34:51.108 DEBUG 215277 --- [nio-9080-exec-6] c.p.s.mapper.SysUserRegionMapper.delete  : ==>  Preparing: DELETE FROM sys_user_region WHERE (user_id = ?)
2026-08-22 21:34:51.108 DEBUG 215277 --- [nio-9080-exec-6] c.p.s.mapper.SysUserRegionMapper.delete  : ==> Parameters: 4(Long)
2026-08-22 21:34:51.108 DEBUG 215277 --- [nio-9080-exec-6] c.p.s.mapper.SysUserRegionMapper.delete  : <==    Updates: 1
2026-08-22 21:34:51.109 DEBUG 215277 --- [nio-9080-exec-6] c.p.s.mapper.SysUserRegionMapper.insert  : ==>  Preparing: INSERT INTO sys_user_region ( user_id, region_code ) VALUES ( ?, ? )
2026-08-22 21:34:51.109 DEBUG 215277 --- [nio-9080-exec-6] c.p.s.mapper.SysUserRegionMapper.insert  : ==> Parameters: 4(Long), CN-11(String)
2026-08-22 21:34:51.109 DEBUG 215277 --- [nio-9080-exec-6] c.p.s.mapper.SysUserRegionMapper.insert  : <==    Updates: 1
2026-08-22 21:34:51.110 DEBUG 215277 --- [nio-9080-exec-6] c.p.s.mapper.SysUserRegionMapper.insert  : ==>  Preparing: INSERT INTO sys_user_region ( user_id, region_code ) VALUES ( ?, ? )
2026-08-22 21:34:51.110 DEBUG 215277 --- [nio-9080-exec-6] c.p.s.mapper.SysUserRegionMapper.insert  : ==> Parameters: 4(Long), CN-32(String)
2026-08-22 21:34:51.110 DEBUG 215277 --- [nio-9080-exec-6] c.p.s.mapper.SysUserRegionMapper.insert  : <==    Updates: 1
2026-08-22 21:34:51.134 DEBUG 215277 --- [nio-9080-exec-6] c.p.system.mapper.AuditLogMapper.insert  : ==>  Preparing: INSERT INTO audit_log ( id, trace_id, user_id, username, action, target_type, target_id, after_snapshot, ip, user_agent, result, region_code, created_at ) VALUES ( ?, ?, ?, ?, ?, ?, ?, ?, ?, ?, ?, ?, ? )
2026-08-22 21:34:51.134 DEBUG 215277 --- [nio-9080-exec-6] c.p.system.mapper.AuditLogMapper.insert  : ==> Parameters: 216913007849115648(Long), 31fddfd5e1e344cb(String), 1(Long), admin(String), user_update(String), sys_user(String), {id=4, regions=[CN-11, CN-32]}(String), [{"id":4,"regions":["CN-11","CN-32"]}](String), 127.0.0.1(String), curl/8.5.0(String), success(String), CN-31(String), 2026-08-22 21:34:51.12(Timestamp)
2026-08-22 21:34:51.136 DEBUG 215277 --- [nio-9080-exec-6] c.p.system.mapper.AuditLogMapper.insert  : <==    Updates: 1
2026-08-22 21:34:51.199 DEBUG 215277 --- [nio-9080-exec-8] c.p.s.mapper.SysRoleMapper.updateById    : ==>  Preparing: UPDATE sys_role SET role_code=?, updated_at=? WHERE id=? AND deleted=false
2026-08-22 21:34:51.200 DEBUG 215277 --- [nio-9080-exec-8] c.p.s.mapper.SysRoleMapper.updateById    : ==> Parameters: manager(String), 2026-08-22 21:34:51.199(Timestamp), 5(Long)
2026-08-22 21:34:51.200 DEBUG 215277 --- [nio-9080-exec-8] c.p.s.mapper.SysRoleMapper.updateById    : <==    Updates: 1
2026-08-22 21:34:51.202 DEBUG 215277 --- [nio-9080-exec-8] c.p.s.mapper.SysRoleRegionMapper.delete  : ==>  Preparing: DELETE FROM sys_role_region WHERE (role_id = ?)
2026-08-22 21:34:51.202 DEBUG 215277 --- [nio-9080-exec-8] c.p.s.mapper.SysRoleRegionMapper.delete  : ==> Parameters: 5(Long)
2026-08-22 21:34:51.202 DEBUG 215277 --- [nio-9080-exec-8] c.p.s.mapper.SysRoleRegionMapper.delete  : <==    Updates: 0
2026-08-22 21:34:51.203 DEBUG 215277 --- [nio-9080-exec-8] c.p.s.mapper.SysRoleRegionMapper.insert  : ==>  Preparing: INSERT INTO sys_role_region ( role_id, region_code ) VALUES ( ?, ? )
2026-08-22 21:34:51.203 DEBUG 215277 --- [nio-9080-exec-8] c.p.s.mapper.SysRoleRegionMapper.insert  : ==> Parameters: 5(Long), CN-32(String)
2026-08-22 21:34:51.204 DEBUG 215277 --- [nio-9080-exec-8] c.p.s.mapper.SysRoleRegionMapper.insert  : <==    Updates: 1
2026-08-22 21:34:51.250 DEBUG 215277 --- [nio-9080-exec-8] c.p.system.mapper.AuditLogMapper.insert  : ==>  Preparing: INSERT INTO audit_log ( id, trace_id, user_id, username, action, target_type, target_id, after_snapshot, ip, user_agent, result, region_code, created_at ) VALUES ( ?, ?, ?, ?, ?, ?, ?, ?, ?, ?, ?, ?, ? )
2026-08-22 21:34:51.250 DEBUG 215277 --- [nio-9080-exec-8] c.p.system.mapper.AuditLogMapper.insert  : ==> Parameters: 216913008209825792(Long), 799d96da861641c3(String), 1(Long), admin(String), role_update(String), sys_role(String), SysRole(id=5, roleCode=manager, roleName=null, description=null,(String), [{"id":5,"regionCodes":["CN-32"],"roleCode":"manager","updatedAt":"2026-08-22T21:34:51.199+08:00"}](String), 127.0.0.1(String), curl/8.5.0(String), success(String), CN-31(String), 2026-08-22 21:34:51.207(Timestamp)
2026-08-22 21:34:51.252 DEBUG 215277 --- [nio-9080-exec-8] c.p.system.mapper.AuditLogMapper.insert  : <==    Updates: 1
2026-08-22 21:34:51.311 DEBUG 215277 --- [io-9080-exec-10] c.p.s.mapper.SysUserMapper.selectList    : ==>  Preparing: SELECT id,username,display_name,password_hash,role_ids,org_code,phone,email,status,last_login_at,version,deleted,created_at,updated_at FROM sys_user WHERE deleted=false AND (username = ?)
2026-08-22 21:34:51.311 DEBUG 215277 --- [io-9080-exec-10] c.p.s.mapper.SysUserMapper.selectList    : ==> Parameters: manager01(String)
2026-08-22 21:34:51.312 DEBUG 215277 --- [io-9080-exec-10] c.p.s.mapper.SysUserMapper.selectList    : <==      Total: 1
2026-08-22 21:34:51.414 DEBUG 215277 --- [io-9080-exec-10] c.p.s.m.SysRoleMapper.selectBatchIds     : ==>  Preparing: SELECT id,role_code,role_name,description,status,version,deleted,created_at,updated_at FROM sys_role WHERE id IN ( ? ) AND deleted=false
2026-08-22 21:34:51.414 DEBUG 215277 --- [io-9080-exec-10] c.p.s.m.SysRoleMapper.selectBatchIds     : ==> Parameters: 5(Long)
2026-08-22 21:34:51.415 DEBUG 215277 --- [io-9080-exec-10] c.p.s.m.SysRoleMapper.selectBatchIds     : <==      Total: 1
2026-08-22 21:34:51.416 DEBUG 215277 --- [io-9080-exec-10] c.p.s.m.SysPermissionMapper.selectList   : ==>  Preparing: SELECT id,perm_code,perm_name,resource_type,resource_pattern,status,version,deleted,created_at,updated_at FROM sys_permission WHERE deleted=false AND (status = ? AND EXISTS (SELECT 1 FROM sys_role_permission rp WHERE rp.permission_id = sys_permission.id AND rp.role_id = ?))
2026-08-22 21:34:51.416 DEBUG 215277 --- [io-9080-exec-10] c.p.s.m.SysPermissionMapper.selectList   : ==> Parameters: active(String), 5(Long)
2026-08-22 21:34:51.417 DEBUG 215277 --- [io-9080-exec-10] c.p.s.m.SysPermissionMapper.selectList   : <==      Total: 8
2026-08-22 21:34:51.417 DEBUG 215277 --- [io-9080-exec-10] c.p.s.m.SysUserRegionMapper.selectList   : ==>  Preparing: SELECT user_id,region_code FROM sys_user_region WHERE (user_id = ?)
2026-08-22 21:34:51.418 DEBUG 215277 --- [io-9080-exec-10] c.p.s.m.SysUserRegionMapper.selectList   : ==> Parameters: 4(Long)
2026-08-22 21:34:51.418 DEBUG 215277 --- [io-9080-exec-10] c.p.s.m.SysUserRegionMapper.selectList   : <==      Total: 2
2026-08-22 21:34:51.420 DEBUG 215277 --- [io-9080-exec-10] c.p.s.m.SysRoleRegionMapper.selectList   : ==>  Preparing: SELECT role_id,region_code FROM sys_role_region WHERE (role_id = ?)
2026-08-22 21:34:51.420 DEBUG 215277 --- [io-9080-exec-10] c.p.s.m.SysRoleRegionMapper.selectList   : ==> Parameters: 5(Long)
2026-08-22 21:34:51.420 DEBUG 215277 --- [io-9080-exec-10] c.p.s.m.SysRoleRegionMapper.selectList   : <==      Total: 1
2026-08-22 21:34:51.421 DEBUG 215277 --- [io-9080-exec-10] c.p.s.mapper.SysRegionMapper.selectList  : ==>  Preparing: SELECT id,region_code,region_name,market_support,exchange_channel,settlement_period,status,launch_order,version,deleted,created_at,updated_at FROM sys_region WHERE deleted=false AND (region_code = ? AND status = ?)
2026-08-22 21:34:51.421 DEBUG 215277 --- [io-9080-exec-10] c.p.s.mapper.SysRegionMapper.selectList  : ==> Parameters: CN-32(String), enabled(String)
2026-08-22 21:34:51.422 DEBUG 215277 --- [io-9080-exec-10] c.p.s.mapper.SysRegionMapper.selectList  : <==      Total: 1
2026-08-22 21:34:51.423 DEBUG 215277 --- [io-9080-exec-10] c.p.s.mapper.SysUserMapper.updateById    : ==>  Preparing: UPDATE sys_user SET last_login_at=?, updated_at=? WHERE id=? AND deleted=false
2026-08-22 21:34:51.423 DEBUG 215277 --- [io-9080-exec-10] c.p.s.mapper.SysUserMapper.updateById    : ==> Parameters: 2026-08-22 21:34:51.422(Timestamp), 2026-08-22 21:34:51.423(Timestamp), 4(Long)
2026-08-22 21:34:51.426 DEBUG 215277 --- [io-9080-exec-10] c.p.s.mapper.SysUserMapper.updateById    : <==    Updates: 1
2026-08-22 21:34:51.427 DEBUG 215277 --- [io-9080-exec-10] c.p.system.mapper.AuditLogMapper.insert  : ==>  Preparing: INSERT INTO audit_log ( id, trace_id, user_id, username, action, target_type, target_id, ip, user_agent, result, created_at ) VALUES ( ?, ?, ?, ?, ?, ?, ?, ?, ?, ?, ? )
2026-08-22 21:34:51.427 DEBUG 215277 --- [io-9080-exec-10] c.p.system.mapper.AuditLogMapper.insert  : ==> Parameters: 216913009132572672(Long), 43e5ef6e93a742be(String), 0(Long), manager01(String), login(String), auth(String), LoginBody(username=manager01, password=Ptidss@2026, captchaKey=n(String), 127.0.0.1(String), curl/8.5.0(String), success(String), 2026-08-22 21:34:51.426(Timestamp)
2026-08-22 21:34:51.428 DEBUG 215277 --- [io-9080-exec-10] c.p.system.mapper.AuditLogMapper.insert  : <==    Updates: 1
2026-08-22 21:34:51.532 DEBUG 215277 --- [nio-9080-exec-3] c.p.f.m.F.selectPage_mpCount             : ==>  Preparing: SELECT COUNT(*) AS total FROM flow_instance WHERE deleted = false AND (status = ? AND (current_assignee = ? OR current_assignee IN (?)))
2026-08-22 21:34:51.532 DEBUG 215277 --- [nio-9080-exec-3] c.p.f.m.F.selectPage_mpCount             : ==> Parameters: running(String), manager01(String), manager(String)
2026-08-22 21:34:51.533 DEBUG 215277 --- [nio-9080-exec-3] c.p.f.m.F.selectPage_mpCount             : <==      Total: 1
2026-08-22 21:34:51.533 DEBUG 215277 --- [nio-9080-exec-3] c.p.f.m.FlowInstanceMapper.selectPage    : ==>  Preparing: SELECT id,instance_no,process_key,biz_type,biz_id,variables,status,current_node,current_assignee,start_by,start_time,end_time,version,deleted,created_at,updated_at FROM flow_instance WHERE deleted=false AND (status = ? AND (current_assignee = ? OR current_assignee IN (?))) ORDER BY start_time DESC LIMIT ?
2026-08-22 21:34:51.533 DEBUG 215277 --- [nio-9080-exec-3] c.p.f.m.FlowInstanceMapper.selectPage    : ==> Parameters: running(String), manager01(String), manager(String), 10(Long)
2026-08-22 21:34:51.534 DEBUG 215277 --- [nio-9080-exec-3] c.p.f.m.FlowInstanceMapper.selectPage    : <==      Total: 3
2026-08-22 21:34:51.588 DEBUG 215277 --- [nio-9080-exec-5] c.p.f.m.F.selectPage_mpCount             : ==>  Preparing: SELECT COUNT(*) AS total FROM flow_instance WHERE deleted = false AND (status = ? AND (current_assignee = ? OR current_assignee IN (?)))
2026-08-22 21:34:51.589 DEBUG 215277 --- [nio-9080-exec-5] c.p.f.m.F.selectPage_mpCount             : ==> Parameters: running(String), manager01(String), manager(String)
2026-08-22 21:34:51.589 DEBUG 215277 --- [nio-9080-exec-5] c.p.f.m.F.selectPage_mpCount             : <==      Total: 1
2026-08-22 21:34:51.590 DEBUG 215277 --- [nio-9080-exec-5] c.p.f.m.FlowInstanceMapper.selectPage    : ==>  Preparing: SELECT id,instance_no,process_key,biz_type,biz_id,variables,status,current_node,current_assignee,start_by,start_time,end_time,version,deleted,created_at,updated_at FROM flow_instance WHERE deleted=false AND (status = ? AND (current_assignee = ? OR current_assignee IN (?))) ORDER BY start_time DESC LIMIT ?
2026-08-22 21:34:51.590 DEBUG 215277 --- [nio-9080-exec-5] c.p.f.m.FlowInstanceMapper.selectPage    : ==> Parameters: running(String), manager01(String), manager(String), 10(Long)
2026-08-22 21:34:51.594 DEBUG 215277 --- [nio-9080-exec-5] c.p.f.m.FlowInstanceMapper.selectPage    : <==      Total: 3
2026-08-22 21:34:51.614 DEBUG 215277 --- [nio-9080-exec-7] c.p.s.mapper.SysUserMapper.selectList    : ==>  Preparing: SELECT id,username,display_name,password_hash,role_ids,org_code,phone,email,status,last_login_at,version,deleted,created_at,updated_at FROM sys_user WHERE deleted=false AND (username = ?)
2026-08-22 21:34:51.614 DEBUG 215277 --- [nio-9080-exec-7] c.p.s.mapper.SysUserMapper.selectList    : ==> Parameters: trader01(String)
2026-08-22 21:34:51.615 DEBUG 215277 --- [nio-9080-exec-7] c.p.s.mapper.SysUserMapper.selectList    : <==      Total: 1
2026-08-22 21:34:51.699 DEBUG 215277 --- [nio-9080-exec-7] c.p.s.m.SysRoleMapper.selectBatchIds     : ==>  Preparing: SELECT id,role_code,role_name,description,status,version,deleted,created_at,updated_at FROM sys_role WHERE id IN ( ? , ? ) AND deleted=false
2026-08-22 21:34:51.699 DEBUG 215277 --- [nio-9080-exec-7] c.p.s.m.SysRoleMapper.selectBatchIds     : ==> Parameters: 1(Long), 7(Long)
2026-08-22 21:34:51.700 DEBUG 215277 --- [nio-9080-exec-7] c.p.s.m.SysRoleMapper.selectBatchIds     : <==      Total: 2
2026-08-22 21:34:51.700 DEBUG 215277 --- [nio-9080-exec-7] c.p.s.m.SysPermissionMapper.selectList   : ==>  Preparing: SELECT id,perm_code,perm_name,resource_type,resource_pattern,status,version,deleted,created_at,updated_at FROM sys_permission WHERE deleted=false AND (status = ? AND EXISTS (SELECT 1 FROM sys_role_permission rp WHERE rp.permission_id = sys_permission.id AND rp.role_id = ?))
2026-08-22 21:34:51.700 DEBUG 215277 --- [nio-9080-exec-7] c.p.s.m.SysPermissionMapper.selectList   : ==> Parameters: active(String), 1(Long)
2026-08-22 21:34:51.701 DEBUG 215277 --- [nio-9080-exec-7] c.p.s.m.SysPermissionMapper.selectList   : <==      Total: 9
2026-08-22 21:34:51.702 DEBUG 215277 --- [nio-9080-exec-7] c.p.s.m.SysPermissionMapper.selectList   : ==>  Preparing: SELECT id,perm_code,perm_name,resource_type,resource_pattern,status,version,deleted,created_at,updated_at FROM sys_permission WHERE deleted=false AND (status = ? AND EXISTS (SELECT 1 FROM sys_role_permission rp WHERE rp.permission_id = sys_permission.id AND rp.role_id = ?))
2026-08-22 21:34:51.702 DEBUG 215277 --- [nio-9080-exec-7] c.p.s.m.SysPermissionMapper.selectList   : ==> Parameters: active(String), 7(Long)
2026-08-22 21:34:51.703 DEBUG 215277 --- [nio-9080-exec-7] c.p.s.m.SysPermissionMapper.selectList   : <==      Total: 5
2026-08-22 21:34:51.703 DEBUG 215277 --- [nio-9080-exec-7] c.p.s.m.SysUserRegionMapper.selectList   : ==>  Preparing: SELECT user_id,region_code FROM sys_user_region WHERE (user_id = ?)
2026-08-22 21:34:51.703 DEBUG 215277 --- [nio-9080-exec-7] c.p.s.m.SysUserRegionMapper.selectList   : ==> Parameters: 2(Long)
2026-08-22 21:34:51.704 DEBUG 215277 --- [nio-9080-exec-7] c.p.s.m.SysUserRegionMapper.selectList   : <==      Total: 1
2026-08-22 21:34:51.704 DEBUG 215277 --- [nio-9080-exec-7] c.p.s.m.SysRoleRegionMapper.selectList   : ==>  Preparing: SELECT role_id,region_code FROM sys_role_region WHERE (role_id = ?)
2026-08-22 21:34:51.704 DEBUG 215277 --- [nio-9080-exec-7] c.p.s.m.SysRoleRegionMapper.selectList   : ==> Parameters: 1(Long)
2026-08-22 21:34:51.705 DEBUG 215277 --- [nio-9080-exec-7] c.p.s.m.SysRoleRegionMapper.selectList   : <==      Total: 0
2026-08-22 21:34:51.705 DEBUG 215277 --- [nio-9080-exec-7] c.p.s.m.SysRoleRegionMapper.selectList   : ==>  Preparing: SELECT role_id,region_code FROM sys_role_region WHERE (role_id = ?)
2026-08-22 21:34:51.705 DEBUG 215277 --- [nio-9080-exec-7] c.p.s.m.SysRoleRegionMapper.selectList   : ==> Parameters: 7(Long)
2026-08-22 21:34:51.706 DEBUG 215277 --- [nio-9080-exec-7] c.p.s.m.SysRoleRegionMapper.selectList   : <==      Total: 0
2026-08-22 21:34:51.706 DEBUG 215277 --- [nio-9080-exec-7] c.p.s.mapper.SysRegionMapper.selectList  : ==>  Preparing: SELECT id,region_code,region_name,market_support,exchange_channel,settlement_period,status,launch_order,version,deleted,created_at,updated_at FROM sys_region WHERE deleted=false AND (region_code = ? AND status = ?)
2026-08-22 21:34:51.706 DEBUG 215277 --- [nio-9080-exec-7] c.p.s.mapper.SysRegionMapper.selectList  : ==> Parameters: CN-32(String), enabled(String)
2026-08-22 21:34:51.707 DEBUG 215277 --- [nio-9080-exec-7] c.p.s.mapper.SysRegionMapper.selectList  : <==      Total: 1
2026-08-22 21:34:51.708 DEBUG 215277 --- [nio-9080-exec-7] c.p.s.mapper.SysUserMapper.updateById    : ==>  Preparing: UPDATE sys_user SET last_login_at=?, updated_at=? WHERE id=? AND deleted=false
2026-08-22 21:34:51.708 DEBUG 215277 --- [nio-9080-exec-7] c.p.s.mapper.SysUserMapper.updateById    : ==> Parameters: 2026-08-22 21:34:51.708(Timestamp), 2026-08-22 21:34:51.708(Timestamp), 2(Long)
2026-08-22 21:34:51.711 DEBUG 215277 --- [nio-9080-exec-7] c.p.s.mapper.SysUserMapper.updateById    : <==    Updates: 1
2026-08-22 21:34:51.712 DEBUG 215277 --- [nio-9080-exec-7] c.p.system.mapper.AuditLogMapper.insert  : ==>  Preparing: INSERT INTO audit_log ( id, trace_id, user_id, username, action, target_type, target_id, ip, user_agent, result, created_at ) VALUES ( ?, ?, ?, ?, ?, ?, ?, ?, ?, ?, ? )
2026-08-22 21:34:51.712 DEBUG 215277 --- [nio-9080-exec-7] c.p.system.mapper.AuditLogMapper.insert  : ==> Parameters: 216913010327949312(Long), dc7377e5775b4f0a(String), 0(Long), trader01(String), login(String), auth(String), LoginBody(username=trader01, password=Ptidss@2026, captchaKey=nu(String), 127.0.0.1(String), curl/8.5.0(String), success(String), 2026-08-22 21:34:51.711(Timestamp)
2026-08-22 21:34:51.713 DEBUG 215277 --- [nio-9080-exec-7] c.p.system.mapper.AuditLogMapper.insert  : <==    Updates: 1
2026-08-22 21:34:51.807 DEBUG 215277 --- [nio-9080-exec-9] c.p.f.m.F.selectPage_mpCount             : ==>  Preparing: SELECT COUNT(*) AS total FROM flow_instance WHERE deleted = false AND (status = ? AND (current_assignee = ? OR current_assignee IN (?, ?)))
2026-08-22 21:34:51.808 DEBUG 215277 --- [nio-9080-exec-9] c.p.f.m.F.selectPage_mpCount             : ==> Parameters: running(String), trader01(String), trader(String), mobile(String)
2026-08-22 21:34:51.808 DEBUG 215277 --- [nio-9080-exec-9] c.p.f.m.F.selectPage_mpCount             : <==      Total: 1
2026-08-22 21:34:51.845 DEBUG 215277 --- [nio-9080-exec-1] c.p.s.mapper.SysRoleMapper.updateById    : ==>  Preparing: UPDATE sys_role SET role_code=?, updated_at=? WHERE id=? AND deleted=false
2026-08-22 21:34:51.845 DEBUG 215277 --- [nio-9080-exec-1] c.p.s.mapper.SysRoleMapper.updateById    : ==> Parameters: manager(String), 2026-08-22 21:34:51.844(Timestamp), 5(Long)
2026-08-22 21:34:51.845 DEBUG 215277 --- [nio-9080-exec-1] c.p.s.mapper.SysRoleMapper.updateById    : <==    Updates: 1
2026-08-22 21:34:51.846 DEBUG 215277 --- [nio-9080-exec-1] c.p.s.mapper.SysRoleRegionMapper.delete  : ==>  Preparing: DELETE FROM sys_role_region WHERE (role_id = ?)
2026-08-22 21:34:51.846 DEBUG 215277 --- [nio-9080-exec-1] c.p.s.mapper.SysRoleRegionMapper.delete  : ==> Parameters: 5(Long)
2026-08-22 21:34:51.847 DEBUG 215277 --- [nio-9080-exec-1] c.p.s.mapper.SysRoleRegionMapper.delete  : <==    Updates: 1
2026-08-22 21:34:51.847 DEBUG 215277 --- [nio-9080-exec-1] c.p.s.mapper.SysRoleRegionMapper.insert  : ==>  Preparing: INSERT INTO sys_role_region ( role_id, region_code ) VALUES ( ?, ? )
2026-08-22 21:34:51.847 DEBUG 215277 --- [nio-9080-exec-1] c.p.s.mapper.SysRoleRegionMapper.insert  : ==> Parameters: 5(Long), CN-32(String)
2026-08-22 21:34:51.847 DEBUG 215277 --- [nio-9080-exec-1] c.p.s.mapper.SysRoleRegionMapper.insert  : <==    Updates: 1
2026-08-22 21:34:51.848 DEBUG 215277 --- [nio-9080-exec-1] c.p.s.mapper.SysRoleRegionMapper.insert  : ==>  Preparing: INSERT INTO sys_role_region ( role_id, region_code ) VALUES ( ?, ? )
2026-08-22 21:34:51.848 DEBUG 215277 --- [nio-9080-exec-1] c.p.s.mapper.SysRoleRegionMapper.insert  : ==> Parameters: 5(Long), CN-11(String)
2026-08-22 21:34:51.848 DEBUG 215277 --- [nio-9080-exec-1] c.p.s.mapper.SysRoleRegionMapper.insert  : <==    Updates: 1
2026-08-22 21:34:51.853 DEBUG 215277 --- [nio-9080-exec-1] c.p.system.mapper.AuditLogMapper.insert  : ==>  Preparing: INSERT INTO audit_log ( id, trace_id, user_id, username, action, target_type, target_id, after_snapshot, ip, user_agent, result, region_code, created_at ) VALUES ( ?, ?, ?, ?, ?, ?, ?, ?, ?, ?, ?, ?, ? )
2026-08-22 21:34:51.853 DEBUG 215277 --- [nio-9080-exec-1] c.p.system.mapper.AuditLogMapper.insert  : ==> Parameters: 216913010919346176(Long), b6b7e5dc88594b23(String), 1(Long), admin(String), role_update(String), sys_role(String), SysRole(id=5, roleCode=manager, roleName=null, description=null,(String), [{"id":5,"regionCodes":["CN-32","CN-11"],"roleCode":"manager","updatedAt":"2026-08-22T21:34:51.844+08:00"}](String), 127.0.0.1(String), curl/8.5.0(String), success(String), CN-31(String), 2026-08-22 21:34:51.852(Timestamp)
2026-08-22 21:34:51.854 DEBUG 215277 --- [nio-9080-exec-1] c.p.system.mapper.AuditLogMapper.insert  : <==    Updates: 1
2026-08-22 21:34:51.935 DEBUG 215277 --- [nio-9080-exec-5] c.p.s.mapper.SysUserMapper.selectList    : ==>  Preparing: SELECT id,username,display_name,password_hash,role_ids,org_code,phone,email,status,last_login_at,version,deleted,created_at,updated_at FROM sys_user WHERE deleted=false AND (username = ?)
2026-08-22 21:34:51.935 DEBUG 215277 --- [nio-9080-exec-5] c.p.s.mapper.SysUserMapper.selectList    : ==> Parameters: manager01(String)
2026-08-22 21:34:51.936 DEBUG 215277 --- [nio-9080-exec-5] c.p.s.mapper.SysUserMapper.selectList    : <==      Total: 1
2026-08-22 21:34:52.031 DEBUG 215277 --- [nio-9080-exec-5] c.p.s.m.SysRoleMapper.selectBatchIds     : ==>  Preparing: SELECT id,role_code,role_name,description,status,version,deleted,created_at,updated_at FROM sys_role WHERE id IN ( ? ) AND deleted=false
2026-08-22 21:34:52.031 DEBUG 215277 --- [nio-9080-exec-5] c.p.s.m.SysRoleMapper.selectBatchIds     : ==> Parameters: 5(Long)
2026-08-22 21:34:52.032 DEBUG 215277 --- [nio-9080-exec-5] c.p.s.m.SysRoleMapper.selectBatchIds     : <==      Total: 1
2026-08-22 21:34:52.032 DEBUG 215277 --- [nio-9080-exec-5] c.p.s.m.SysPermissionMapper.selectList   : ==>  Preparing: SELECT id,perm_code,perm_name,resource_type,resource_pattern,status,version,deleted,created_at,updated_at FROM sys_permission WHERE deleted=false AND (status = ? AND EXISTS (SELECT 1 FROM sys_role_permission rp WHERE rp.permission_id = sys_permission.id AND rp.role_id = ?))
2026-08-22 21:34:52.032 DEBUG 215277 --- [nio-9080-exec-5] c.p.s.m.SysPermissionMapper.selectList   : ==> Parameters: active(String), 5(Long)
2026-08-22 21:34:52.033 DEBUG 215277 --- [nio-9080-exec-5] c.p.s.m.SysPermissionMapper.selectList   : <==      Total: 8
2026-08-22 21:34:52.034 DEBUG 215277 --- [nio-9080-exec-5] c.p.s.m.SysUserRegionMapper.selectList   : ==>  Preparing: SELECT user_id,region_code FROM sys_user_region WHERE (user_id = ?)
2026-08-22 21:34:52.034 DEBUG 215277 --- [nio-9080-exec-5] c.p.s.m.SysUserRegionMapper.selectList   : ==> Parameters: 4(Long)
2026-08-22 21:34:52.034 DEBUG 215277 --- [nio-9080-exec-5] c.p.s.m.SysUserRegionMapper.selectList   : <==      Total: 2
2026-08-22 21:34:52.035 DEBUG 215277 --- [nio-9080-exec-5] c.p.s.m.SysRoleRegionMapper.selectList   : ==>  Preparing: SELECT role_id,region_code FROM sys_role_region WHERE (role_id = ?)
2026-08-22 21:34:52.035 DEBUG 215277 --- [nio-9080-exec-5] c.p.s.m.SysRoleRegionMapper.selectList   : ==> Parameters: 5(Long)
2026-08-22 21:34:52.035 DEBUG 215277 --- [nio-9080-exec-5] c.p.s.m.SysRoleRegionMapper.selectList   : <==      Total: 2
2026-08-22 21:34:52.036 DEBUG 215277 --- [nio-9080-exec-5] c.p.s.mapper.SysRegionMapper.selectList  : ==>  Preparing: SELECT id,region_code,region_name,market_support,exchange_channel,settlement_period,status,launch_order,version,deleted,created_at,updated_at FROM sys_region WHERE deleted=false AND (region_code = ? AND status = ?)
2026-08-22 21:34:52.036 DEBUG 215277 --- [nio-9080-exec-5] c.p.s.mapper.SysRegionMapper.selectList  : ==> Parameters: CN-32(String), enabled(String)
2026-08-22 21:34:52.036 DEBUG 215277 --- [nio-9080-exec-5] c.p.s.mapper.SysRegionMapper.selectList  : <==      Total: 1
2026-08-22 21:34:52.037 DEBUG 215277 --- [nio-9080-exec-5] c.p.s.mapper.SysUserMapper.updateById    : ==>  Preparing: UPDATE sys_user SET last_login_at=?, updated_at=? WHERE id=? AND deleted=false
2026-08-22 21:34:52.037 DEBUG 215277 --- [nio-9080-exec-5] c.p.s.mapper.SysUserMapper.updateById    : ==> Parameters: 2026-08-22 21:34:52.037(Timestamp), 2026-08-22 21:34:52.037(Timestamp), 4(Long)
2026-08-22 21:34:52.040 DEBUG 215277 --- [nio-9080-exec-5] c.p.s.mapper.SysUserMapper.updateById    : <==    Updates: 1
2026-08-22 21:34:52.041 DEBUG 215277 --- [nio-9080-exec-5] c.p.system.mapper.AuditLogMapper.insert  : ==>  Preparing: INSERT INTO audit_log ( id, trace_id, user_id, username, action, target_type, target_id, ip, user_agent, result, created_at ) VALUES ( ?, ?, ?, ?, ?, ?, ?, ?, ?, ?, ? )
2026-08-22 21:34:52.041 DEBUG 215277 --- [nio-9080-exec-5] c.p.system.mapper.AuditLogMapper.insert  : ==> Parameters: 216913011707875328(Long), aa4b24166d3147aa(String), 0(Long), manager01(String), login(String), auth(String), LoginBody(username=manager01, password=Ptidss@2026, captchaKey=n(String), 127.0.0.1(String), curl/8.5.0(String), success(String), 2026-08-22 21:34:52.04(Timestamp)
2026-08-22 21:34:52.042 DEBUG 215277 --- [nio-9080-exec-5] c.p.system.mapper.AuditLogMapper.insert  : <==    Updates: 1
2026-08-22 21:34:52.061 DEBUG 215277 --- [nio-9080-exec-7] c.p.s.mapper.SysUserMapper.selectById    : ==>  Preparing: SELECT id,username,display_name,password_hash,role_ids,org_code,phone,email,status,last_login_at,version,deleted,created_at,updated_at FROM sys_user WHERE id=? AND deleted=false
2026-08-22 21:34:52.061 DEBUG 215277 --- [nio-9080-exec-7] c.p.s.mapper.SysUserMapper.selectById    : ==> Parameters: 4(Long)
2026-08-22 21:34:52.062 DEBUG 215277 --- [nio-9080-exec-7] c.p.s.mapper.SysUserMapper.selectById    : <==      Total: 1
2026-08-22 21:34:52.063 DEBUG 215277 --- [nio-9080-exec-7] c.p.s.mapper.SysUserMapper.updateById    : ==>  Preparing: UPDATE sys_user SET updated_at=? WHERE id=? AND deleted=false
2026-08-22 21:34:52.063 DEBUG 215277 --- [nio-9080-exec-7] c.p.s.mapper.SysUserMapper.updateById    : ==> Parameters: 2026-08-22 21:34:52.062(Timestamp), 4(Long)
2026-08-22 21:34:52.063 DEBUG 215277 --- [nio-9080-exec-7] c.p.s.mapper.SysUserMapper.updateById    : <==    Updates: 1
2026-08-22 21:34:52.064 DEBUG 215277 --- [nio-9080-exec-7] c.p.s.mapper.SysUserRegionMapper.delete  : ==>  Preparing: DELETE FROM sys_user_region WHERE (user_id = ?)
2026-08-22 21:34:52.064 DEBUG 215277 --- [nio-9080-exec-7] c.p.s.mapper.SysUserRegionMapper.delete  : ==> Parameters: 4(Long)
2026-08-22 21:34:52.064 DEBUG 215277 --- [nio-9080-exec-7] c.p.s.mapper.SysUserRegionMapper.delete  : <==    Updates: 2
2026-08-22 21:34:52.064 DEBUG 215277 --- [nio-9080-exec-7] c.p.s.mapper.SysUserRegionMapper.insert  : ==>  Preparing: INSERT INTO sys_user_region ( user_id, region_code ) VALUES ( ?, ? )
2026-08-22 21:34:52.064 DEBUG 215277 --- [nio-9080-exec-7] c.p.s.mapper.SysUserRegionMapper.insert  : ==> Parameters: 4(Long), CN-32(String)
2026-08-22 21:34:52.065 DEBUG 215277 --- [nio-9080-exec-7] c.p.s.mapper.SysUserRegionMapper.insert  : <==    Updates: 1
2026-08-22 21:34:52.067 DEBUG 215277 --- [nio-9080-exec-7] c.p.system.mapper.AuditLogMapper.insert  : ==>  Preparing: INSERT INTO audit_log ( id, trace_id, user_id, username, action, target_type, target_id, after_snapshot, ip, user_agent, result, region_code, created_at ) VALUES ( ?, ?, ?, ?, ?, ?, ?, ?, ?, ?, ?, ?, ? )
2026-08-22 21:34:52.067 DEBUG 215277 --- [nio-9080-exec-7] c.p.system.mapper.AuditLogMapper.insert  : ==> Parameters: 216913011821121536(Long), 0dfa6f03767742cf(String), 1(Long), admin(String), user_update(String), sys_user(String), {id=4, regions=[CN-32]}(String), [{"id":4,"regions":["CN-32"]}](String), 127.0.0.1(String), curl/8.5.0(String), success(String), CN-31(String), 2026-08-22 21:34:52.067(Timestamp)
2026-08-22 21:34:52.069 DEBUG 215277 --- [nio-9080-exec-7] c.p.system.mapper.AuditLogMapper.insert  : <==    Updates: 1
2026-08-22 21:34:52.081 DEBUG 215277 --- [nio-9080-exec-9] c.p.s.mapper.SysRoleMapper.updateById    : ==>  Preparing: UPDATE sys_role SET role_code=?, updated_at=? WHERE id=? AND deleted=false
2026-08-22 21:34:52.081 DEBUG 215277 --- [nio-9080-exec-9] c.p.s.mapper.SysRoleMapper.updateById    : ==> Parameters: manager(String), 2026-08-22 21:34:52.081(Timestamp), 5(Long)
2026-08-22 21:34:52.082 DEBUG 215277 --- [nio-9080-exec-9] c.p.s.mapper.SysRoleMapper.updateById    : <==    Updates: 1
2026-08-22 21:34:52.083 DEBUG 215277 --- [nio-9080-exec-9] c.p.s.mapper.SysRoleRegionMapper.delete  : ==>  Preparing: DELETE FROM sys_role_region WHERE (role_id = ?)
2026-08-22 21:34:52.083 DEBUG 215277 --- [nio-9080-exec-9] c.p.s.mapper.SysRoleRegionMapper.delete  : ==> Parameters: 5(Long)
2026-08-22 21:34:52.083 DEBUG 215277 --- [nio-9080-exec-9] c.p.s.mapper.SysRoleRegionMapper.delete  : <==    Updates: 2
2026-08-22 21:34:52.083 DEBUG 215277 --- [nio-9080-exec-9] c.p.s.mapper.SysRoleRegionMapper.insert  : ==>  Preparing: INSERT INTO sys_role_region ( role_id, region_code ) VALUES ( ?, ? )
2026-08-22 21:34:52.084 DEBUG 215277 --- [nio-9080-exec-9] c.p.s.mapper.SysRoleRegionMapper.insert  : ==> Parameters: 5(Long), CN-32(String)
2026-08-22 21:34:52.084 DEBUG 215277 --- [nio-9080-exec-9] c.p.s.mapper.SysRoleRegionMapper.insert  : <==    Updates: 1
2026-08-22 21:34:52.087 DEBUG 215277 --- [nio-9080-exec-9] c.p.system.mapper.AuditLogMapper.insert  : ==>  Preparing: INSERT INTO audit_log ( id, trace_id, user_id, username, action, target_type, target_id, after_snapshot, ip, user_agent, result, region_code, created_at ) VALUES ( ?, ?, ?, ?, ?, ?, ?, ?, ?, ?, ?, ?, ? )
2026-08-22 21:34:52.087 DEBUG 215277 --- [nio-9080-exec-9] c.p.system.mapper.AuditLogMapper.insert  : ==> Parameters: 216913011900813312(Long), eab3a594d8bf4294(String), 1(Long), admin(String), role_update(String), sys_role(String), SysRole(id=5, roleCode=manager, roleName=null, description=null,(String), [{"id":5,"regionCodes":["CN-32"],"roleCode":"manager","updatedAt":"2026-08-22T21:34:52.081+08:00"}](String), 127.0.0.1(String), curl/8.5.0(String), success(String), CN-31(String), 2026-08-22 21:34:52.086(Timestamp)
2026-08-22 21:34:52.088 DEBUG 215277 --- [nio-9080-exec-9] c.p.system.mapper.AuditLogMapper.insert  : <==    Updates: 1
2026-08-22 21:34:54.205 DEBUG 215277 --- [   scheduling-1] c.p.i.m.IntelPushRuleMapper.selectList   : ==>  Preparing: SELECT id,rule_name,tags_filter,importance_filter,target_roles,channel,silent_period,status,version,deleted,created_at,updated_at FROM intel_push_rule WHERE deleted=false AND (status = ?)
2026-08-22 21:34:54.206 DEBUG 215277 --- [   scheduling-1] c.p.i.m.IntelPushRuleMapper.selectList   : ==> Parameters: active(String)
2026-08-22 21:34:54.206 DEBUG 215277 --- [   scheduling-1] c.p.i.m.IntelPushRuleMapper.selectList   : <==      Total: 15
2026-08-22 21:34:54.207 DEBUG 215277 --- [   scheduling-1] c.p.i.mapper.IntelNewsMapper.selectList  : ==>  Preparing: SELECT id,source_code,title,content,region_code,normalized_tags,importance,published_at,push_status,version,deleted,created_at,updated_at FROM intel_news WHERE deleted=false AND (push_status = ? AND importance = ?)
2026-08-22 21:34:54.207 DEBUG 215277 --- [   scheduling-1] c.p.i.mapper.IntelNewsMapper.selectList  : ==> Parameters: none(String), high(String)
2026-08-22 21:34:54.207 DEBUG 215277 --- [   scheduling-1] c.p.i.mapper.IntelNewsMapper.selectList  : <==      Total: 0
2026-08-22 21:34:54.208 DEBUG 215277 --- [   scheduling-1] c.p.i.mapper.IntelNewsMapper.selectList  : ==>  Preparing: SELECT id,source_code,title,content,region_code,normalized_tags,importance,published_at,push_status,version,deleted,created_at,updated_at FROM intel_news WHERE deleted=false AND (push_status = ? AND importance = ?)
2026-08-22 21:34:54.208 DEBUG 215277 --- [   scheduling-1] c.p.i.mapper.IntelNewsMapper.selectList  : ==> Parameters: none(String), medium(String)
2026-08-22 21:34:54.210 DEBUG 215277 --- [   scheduling-1] c.p.i.mapper.IntelNewsMapper.selectList  : <==      Total: 289
2026-08-22 21:34:54.212 DEBUG 215277 --- [   scheduling-1] c.p.i.mapper.IntelNewsMapper.selectList  : ==>  Preparing: SELECT id,source_code,title,content,region_code,normalized_tags,importance,published_at,push_status,version,deleted,created_at,updated_at FROM intel_news WHERE deleted=false AND (push_status = ? AND importance = ?)
2026-08-22 21:34:54.212 DEBUG 215277 --- [   scheduling-1] c.p.i.mapper.IntelNewsMapper.selectList  : ==> Parameters: none(String), high(String)
2026-08-22 21:34:54.213 DEBUG 215277 --- [   scheduling-1] c.p.i.mapper.IntelNewsMapper.selectList  : <==      Total: 0
2026-08-22 21:34:54.213 DEBUG 215277 --- [   scheduling-1] c.p.i.mapper.IntelNewsMapper.selectList  : ==>  Preparing: SELECT id,source_code,title,content,region_code,normalized_tags,importance,published_at,push_status,version,deleted,created_at,updated_at FROM intel_news WHERE deleted=false AND (push_status = ? AND importance = ?)
2026-08-22 21:34:54.213 DEBUG 215277 --- [   scheduling-1] c.p.i.mapper.IntelNewsMapper.selectList  : ==> Parameters: none(String), high(String)
2026-08-22 21:34:54.214 DEBUG 215277 --- [   scheduling-1] c.p.i.mapper.IntelNewsMapper.selectList  : <==      Total: 0
2026-08-22 21:34:54.214 DEBUG 215277 --- [   scheduling-1] c.p.i.mapper.IntelNewsMapper.selectList  : ==>  Preparing: SELECT id,source_code,title,content,region_code,normalized_tags,importance,published_at,push_status,version,deleted,created_at,updated_at FROM intel_news WHERE deleted=false AND (push_status = ? AND importance = ?)
2026-08-22 21:34:54.214 DEBUG 215277 --- [   scheduling-1] c.p.i.mapper.IntelNewsMapper.selectList  : ==> Parameters: none(String), high(String)
2026-08-22 21:34:54.215 DEBUG 215277 --- [   scheduling-1] c.p.i.mapper.IntelNewsMapper.selectList  : <==      Total: 0
2026-08-22 21:34:54.215 DEBUG 215277 --- [   scheduling-1] c.p.i.mapper.IntelNewsMapper.selectList  : ==>  Preparing: SELECT id,source_code,title,content,region_code,normalized_tags,importance,published_at,push_status,version,deleted,created_at,updated_at FROM intel_news WHERE deleted=false AND (push_status = ? AND importance = ?)
2026-08-22 21:34:54.215 DEBUG 215277 --- [   scheduling-1] c.p.i.mapper.IntelNewsMapper.selectList  : ==> Parameters: none(String), high(String)
2026-08-22 21:34:54.216 DEBUG 215277 --- [   scheduling-1] c.p.i.mapper.IntelNewsMapper.selectList  : <==      Total: 0
2026-08-22 21:34:54.216 DEBUG 215277 --- [   scheduling-1] c.p.i.mapper.IntelNewsMapper.selectList  : ==>  Preparing: SELECT id,source_code,title,content,region_code,normalized_tags,importance,published_at,push_status,version,deleted,created_at,updated_at FROM intel_news WHERE deleted=false AND (push_status = ? AND importance = ?)
2026-08-22 21:34:54.216 DEBUG 215277 --- [   scheduling-1] c.p.i.mapper.IntelNewsMapper.selectList  : ==> Parameters: none(String), high(String)
2026-08-22 21:34:54.216 DEBUG 215277 --- [   scheduling-1] c.p.i.mapper.IntelNewsMapper.selectList  : <==      Total: 0
2026-08-22 21:34:54.217 DEBUG 215277 --- [   scheduling-1] c.p.i.mapper.IntelNewsMapper.selectList  : ==>  Preparing: SELECT id,source_code,title,content,region_code,normalized_tags,importance,published_at,push_status,version,deleted,created_at,updated_at FROM intel_news WHERE deleted=false AND (push_status = ? AND importance = ?)
2026-08-22 21:34:54.217 DEBUG 215277 --- [   scheduling-1] c.p.i.mapper.IntelNewsMapper.selectList  : ==> Parameters: none(String), high(String)
2026-08-22 21:34:54.217 DEBUG 215277 --- [   scheduling-1] c.p.i.mapper.IntelNewsMapper.selectList  : <==      Total: 0
2026-08-22 21:34:54.218 DEBUG 215277 --- [   scheduling-1] c.p.i.mapper.IntelNewsMapper.selectList  : ==>  Preparing: SELECT id,source_code,title,content,region_code,normalized_tags,importance,published_at,push_status,version,deleted,created_at,updated_at FROM intel_news WHERE deleted=false AND (push_status = ? AND importance = ?)
2026-08-22 21:34:54.218 DEBUG 215277 --- [   scheduling-1] c.p.i.mapper.IntelNewsMapper.selectList  : ==> Parameters: none(String), high(String)
2026-08-22 21:34:54.218 DEBUG 215277 --- [   scheduling-1] c.p.i.mapper.IntelNewsMapper.selectList  : <==      Total: 0
2026-08-22 21:34:54.219 DEBUG 215277 --- [   scheduling-1] c.p.i.mapper.IntelNewsMapper.selectList  : ==>  Preparing: SELECT id,source_code,title,content,region_code,normalized_tags,importance,published_at,push_status,version,deleted,created_at,updated_at FROM intel_news WHERE deleted=false AND (push_status = ? AND importance = ?)
2026-08-22 21:34:54.219 DEBUG 215277 --- [   scheduling-1] c.p.i.mapper.IntelNewsMapper.selectList  : ==> Parameters: none(String), high(String)
2026-08-22 21:34:54.219 DEBUG 215277 --- [   scheduling-1] c.p.i.mapper.IntelNewsMapper.selectList  : <==      Total: 0
2026-08-22 21:34:54.219 DEBUG 215277 --- [   scheduling-1] c.p.i.mapper.IntelNewsMapper.selectList  : ==>  Preparing: SELECT id,source_code,title,content,region_code,normalized_tags,importance,published_at,push_status,version,deleted,created_at,updated_at FROM intel_news WHERE deleted=false AND (push_status = ? AND importance = ?)
2026-08-22 21:34:54.220 DEBUG 215277 --- [   scheduling-1] c.p.i.mapper.IntelNewsMapper.selectList  : ==> Parameters: none(String), high(String)
2026-08-22 21:34:54.220 DEBUG 215277 --- [   scheduling-1] c.p.i.mapper.IntelNewsMapper.selectList  : <==      Total: 0
2026-08-22 21:34:54.220 DEBUG 215277 --- [   scheduling-1] c.p.i.mapper.IntelNewsMapper.selectList  : ==>  Preparing: SELECT id,source_code,title,content,region_code,normalized_tags,importance,published_at,push_status,version,deleted,created_at,updated_at FROM intel_news WHERE deleted=false AND (push_status = ? AND importance = ?)
2026-08-22 21:34:54.220 DEBUG 215277 --- [   scheduling-1] c.p.i.mapper.IntelNewsMapper.selectList  : ==> Parameters: none(String), high(String)
2026-08-22 21:34:54.221 DEBUG 215277 --- [   scheduling-1] c.p.i.mapper.IntelNewsMapper.selectList  : <==      Total: 0
2026-08-22 21:34:54.221 DEBUG 215277 --- [   scheduling-1] c.p.i.mapper.IntelNewsMapper.selectList  : ==>  Preparing: SELECT id,source_code,title,content,region_code,normalized_tags,importance,published_at,push_status,version,deleted,created_at,updated_at FROM intel_news WHERE deleted=false AND (push_status = ? AND importance = ?)
2026-08-22 21:34:54.221 DEBUG 215277 --- [   scheduling-1] c.p.i.mapper.IntelNewsMapper.selectList  : ==> Parameters: none(String), high(String)
2026-08-22 21:34:54.221 DEBUG 215277 --- [   scheduling-1] c.p.i.mapper.IntelNewsMapper.selectList  : <==      Total: 0
2026-08-22 21:34:54.222 DEBUG 215277 --- [   scheduling-1] c.p.i.mapper.IntelNewsMapper.selectList  : ==>  Preparing: SELECT id,source_code,title,content,region_code,normalized_tags,importance,published_at,push_status,version,deleted,created_at,updated_at FROM intel_news WHERE deleted=false AND (push_status = ? AND importance = ?)
2026-08-22 21:34:54.222 DEBUG 215277 --- [   scheduling-1] c.p.i.mapper.IntelNewsMapper.selectList  : ==> Parameters: none(String), high(String)
2026-08-22 21:34:54.222 DEBUG 215277 --- [   scheduling-1] c.p.i.mapper.IntelNewsMapper.selectList  : <==      Total: 0
2026-08-22 21:34:54.223 DEBUG 215277 --- [   scheduling-1] c.p.i.mapper.IntelNewsMapper.selectList  : ==>  Preparing: SELECT id,source_code,title,content,region_code,normalized_tags,importance,published_at,push_status,version,deleted,created_at,updated_at FROM intel_news WHERE deleted=false AND (push_status = ? AND importance = ?)
2026-08-22 21:34:54.223 DEBUG 215277 --- [   scheduling-1] c.p.i.mapper.IntelNewsMapper.selectList  : ==> Parameters: none(String), high(String)
2026-08-22 21:34:54.223 DEBUG 215277 --- [   scheduling-1] c.p.i.mapper.IntelNewsMapper.selectList  : <==      Total: 0
2026-08-22 21:34:54.223  INFO 215277 --- [   scheduling-1] com.ptidss.intel.service.IntelService    : 情报推送执行完成：匹配情报 0 条，派发消息 0 条，触发决策会话情报重评 0 个
2026-08-22 21:35:03.700 DEBUG 215277 --- [   scheduling-1] c.p.d.m.CollectTaskMapper.selectList     : ==>  Preparing: SELECT id,source_id,task_type,cron_expr,last_run_time,last_status,records_count,error_log,version,deleted,created_at,updated_at FROM collect_task WHERE deleted=false AND (cron_expr IS NOT NULL)
2026-08-22 21:35:03.700 DEBUG 215277 --- [   scheduling-1] c.p.d.m.CollectTaskMapper.selectList     : ==> Parameters: 
2026-08-22 21:35:03.700 DEBUG 215277 --- [   scheduling-1] c.p.d.m.CollectTaskMapper.selectList     : <==      Total: 3
2026-08-22 21:35:13.917 DEBUG 215277 --- [   scheduling-1] c.p.i.m.IntelSourceMapper.selectList     : ==>  Preparing: SELECT id,source_code,source_name,intel_type,fetch_mode,conn_type,conn_config,frequency,status,last_success_at,last_error,consecutive_failures,version,deleted,created_at,updated_at FROM intel_source WHERE deleted=false AND (status = ?)
2026-08-22 21:35:13.917 DEBUG 215277 --- [   scheduling-1] c.p.i.m.IntelSourceMapper.selectList     : ==> Parameters: enabled(String)
2026-08-22 21:35:13.918 DEBUG 215277 --- [   scheduling-1] c.p.i.m.IntelSourceMapper.selectList     : <==      Total: 21
2026-08-22 21:35:13.918  INFO 215277 --- [   scheduling-1] c.p.intel.service.IntelFetchService      : 行情采集执行完成：到期 0 个（成功 0 / 失败 0 / 跳过未到期 21）
2026-08-22 21:35:24.224 DEBUG 215277 --- [   scheduling-1] c.p.i.m.IntelPushRuleMapper.selectList   : ==>  Preparing: SELECT id,rule_name,tags_filter,importance_filter,target_roles,channel,silent_period,status,version,deleted,created_at,updated_at FROM intel_push_rule WHERE deleted=false AND (status = ?)
2026-08-22 21:35:24.225 DEBUG 215277 --- [   scheduling-1] c.p.i.m.IntelPushRuleMapper.selectList   : ==> Parameters: active(String)
2026-08-22 21:35:24.226 DEBUG 215277 --- [   scheduling-1] c.p.i.m.IntelPushRuleMapper.selectList   : <==      Total: 15
2026-08-22 21:35:24.226 DEBUG 215277 --- [   scheduling-1] c.p.i.mapper.IntelNewsMapper.selectList  : ==>  Preparing: SELECT id,source_code,title,content,region_code,normalized_tags,importance,published_at,push_status,version,deleted,created_at,updated_at FROM intel_news WHERE deleted=false AND (push_status = ? AND importance = ?)
2026-08-22 21:35:24.226 DEBUG 215277 --- [   scheduling-1] c.p.i.mapper.IntelNewsMapper.selectList  : ==> Parameters: none(String), high(String)
2026-08-22 21:35:24.227 DEBUG 215277 --- [   scheduling-1] c.p.i.mapper.IntelNewsMapper.selectList  : <==      Total: 0
2026-08-22 21:35:24.228 DEBUG 215277 --- [   scheduling-1] c.p.i.mapper.IntelNewsMapper.selectList  : ==>  Preparing: SELECT id,source_code,title,content,region_code,normalized_tags,importance,published_at,push_status,version,deleted,created_at,updated_at FROM intel_news WHERE deleted=false AND (push_status = ? AND importance = ?)
2026-08-22 21:35:24.228 DEBUG 215277 --- [   scheduling-1] c.p.i.mapper.IntelNewsMapper.selectList  : ==> Parameters: none(String), medium(String)
2026-08-22 21:35:24.234 DEBUG 215277 --- [   scheduling-1] c.p.i.mapper.IntelNewsMapper.selectList  : <==      Total: 289
2026-08-22 21:35:24.236 DEBUG 215277 --- [   scheduling-1] c.p.i.mapper.IntelNewsMapper.selectList  : ==>  Preparing: SELECT id,source_code,title,content,region_code,normalized_tags,importance,published_at,push_status,version,deleted,created_at,updated_at FROM intel_news WHERE deleted=false AND (push_status = ? AND importance = ?)
2026-08-22 21:35:24.236 DEBUG 215277 --- [   scheduling-1] c.p.i.mapper.IntelNewsMapper.selectList  : ==> Parameters: none(String), high(String)
2026-08-22 21:35:24.236 DEBUG 215277 --- [   scheduling-1] c.p.i.mapper.IntelNewsMapper.selectList  : <==      Total: 0
2026-08-22 21:35:24.237 DEBUG 215277 --- [   scheduling-1] c.p.i.mapper.IntelNewsMapper.selectList  : ==>  Preparing: SELECT id,source_code,title,content,region_code,normalized_tags,importance,published_at,push_status,version,deleted,created_at,updated_at FROM intel_news WHERE deleted=false AND (push_status = ? AND importance = ?)
2026-08-22 21:35:24.237 DEBUG 215277 --- [   scheduling-1] c.p.i.mapper.IntelNewsMapper.selectList  : ==> Parameters: none(String), high(String)
2026-08-22 21:35:24.237 DEBUG 215277 --- [   scheduling-1] c.p.i.mapper.IntelNewsMapper.selectList  : <==      Total: 0
2026-08-22 21:35:24.238 DEBUG 215277 --- [   scheduling-1] c.p.i.mapper.IntelNewsMapper.selectList  : ==>  Preparing: SELECT id,source_code,title,content,region_code,normalized_tags,importance,published_at,push_status,version,deleted,created_at,updated_at FROM intel_news WHERE deleted=false AND (push_status = ? AND importance = ?)
2026-08-22 21:35:24.238 DEBUG 215277 --- [   scheduling-1] c.p.i.mapper.IntelNewsMapper.selectList  : ==> Parameters: none(String), high(String)
2026-08-22 21:35:24.238 DEBUG 215277 --- [   scheduling-1] c.p.i.mapper.IntelNewsMapper.selectList  : <==      Total: 0
2026-08-22 21:35:24.239 DEBUG 215277 --- [   scheduling-1] c.p.i.mapper.IntelNewsMapper.selectList  : ==>  Preparing: SELECT id,source_code,title,content,region_code,normalized_tags,importance,published_at,push_status,version,deleted,created_at,updated_at FROM intel_news WHERE deleted=false AND (push_status = ? AND importance = ?)
2026-08-22 21:35:24.239 DEBUG 215277 --- [   scheduling-1] c.p.i.mapper.IntelNewsMapper.selectList  : ==> Parameters: none(String), high(String)
2026-08-22 21:35:24.240 DEBUG 215277 --- [   scheduling-1] c.p.i.mapper.IntelNewsMapper.selectList  : <==      Total: 0
2026-08-22 21:35:24.240 DEBUG 215277 --- [   scheduling-1] c.p.i.mapper.IntelNewsMapper.selectList  : ==>  Preparing: SELECT id,source_code,title,content,region_code,normalized_tags,importance,published_at,push_status,version,deleted,created_at,updated_at FROM intel_news WHERE deleted=false AND (push_status = ? AND importance = ?)
2026-08-22 21:35:24.240 DEBUG 215277 --- [   scheduling-1] c.p.i.mapper.IntelNewsMapper.selectList  : ==> Parameters: none(String), high(String)
2026-08-22 21:35:24.241 DEBUG 215277 --- [   scheduling-1] c.p.i.mapper.IntelNewsMapper.selectList  : <==      Total: 0
2026-08-22 21:35:24.241 DEBUG 215277 --- [   scheduling-1] c.p.i.mapper.IntelNewsMapper.selectList  : ==>  Preparing: SELECT id,source_code,title,content,region_code,normalized_tags,importance,published_at,push_status,version,deleted,created_at,updated_at FROM intel_news WHERE deleted=false AND (push_status = ? AND importance = ?)
2026-08-22 21:35:24.241 DEBUG 215277 --- [   scheduling-1] c.p.i.mapper.IntelNewsMapper.selectList  : ==> Parameters: none(String), high(String)
2026-08-22 21:35:24.242 DEBUG 215277 --- [   scheduling-1] c.p.i.mapper.IntelNewsMapper.selectList  : <==      Total: 0
2026-08-22 21:35:24.243 DEBUG 215277 --- [   scheduling-1] c.p.i.mapper.IntelNewsMapper.selectList  : ==>  Preparing: SELECT id,source_code,title,content,region_code,normalized_tags,importance,published_at,push_status,version,deleted,created_at,updated_at FROM intel_news WHERE deleted=false AND (push_status = ? AND importance = ?)
2026-08-22 21:35:24.243 DEBUG 215277 --- [   scheduling-1] c.p.i.mapper.IntelNewsMapper.selectList  : ==> Parameters: none(String), high(String)
2026-08-22 21:35:24.243 DEBUG 215277 --- [   scheduling-1] c.p.i.mapper.IntelNewsMapper.selectList  : <==      Total: 0
2026-08-22 21:35:24.244 DEBUG 215277 --- [   scheduling-1] c.p.i.mapper.IntelNewsMapper.selectList  : ==>  Preparing: SELECT id,source_code,title,content,region_code,normalized_tags,importance,published_at,push_status,version,deleted,created_at,updated_at FROM intel_news WHERE deleted=false AND (push_status = ? AND importance = ?)
2026-08-22 21:35:24.244 DEBUG 215277 --- [   scheduling-1] c.p.i.mapper.IntelNewsMapper.selectList  : ==> Parameters: none(String), high(String)
2026-08-22 21:35:24.244 DEBUG 215277 --- [   scheduling-1] c.p.i.mapper.IntelNewsMapper.selectList  : <==      Total: 0
2026-08-22 21:35:24.245 DEBUG 215277 --- [   scheduling-1] c.p.i.mapper.IntelNewsMapper.selectList  : ==>  Preparing: SELECT id,source_code,title,content,region_code,normalized_tags,importance,published_at,push_status,version,deleted,created_at,updated_at FROM intel_news WHERE deleted=false AND (push_status = ? AND importance = ?)
2026-08-22 21:35:24.245 DEBUG 215277 --- [   scheduling-1] c.p.i.mapper.IntelNewsMapper.selectList  : ==> Parameters: none(String), high(String)
2026-08-22 21:35:24.245 DEBUG 215277 --- [   scheduling-1] c.p.i.mapper.IntelNewsMapper.selectList  : <==      Total: 0
2026-08-22 21:35:24.246 DEBUG 215277 --- [   scheduling-1] c.p.i.mapper.IntelNewsMapper.selectList  : ==>  Preparing: SELECT id,source_code,title,content,region_code,normalized_tags,importance,published_at,push_status,version,deleted,created_at,updated_at FROM intel_news WHERE deleted=false AND (push_status = ? AND importance = ?)
2026-08-22 21:35:24.246 DEBUG 215277 --- [   scheduling-1] c.p.i.mapper.IntelNewsMapper.selectList  : ==> Parameters: none(String), high(String)
2026-08-22 21:35:24.247 DEBUG 215277 --- [   scheduling-1] c.p.i.mapper.IntelNewsMapper.selectList  : <==      Total: 0
2026-08-22 21:35:24.248 DEBUG 215277 --- [   scheduling-1] c.p.i.mapper.IntelNewsMapper.selectList  : ==>  Preparing: SELECT id,source_code,title,content,region_code,normalized_tags,importance,published_at,push_status,version,deleted,created_at,updated_at FROM intel_news WHERE deleted=false AND (push_status = ? AND importance = ?)
2026-08-22 21:35:24.248 DEBUG 215277 --- [   scheduling-1] c.p.i.mapper.IntelNewsMapper.selectList  : ==> Parameters: none(String), high(String)
2026-08-22 21:35:24.248 DEBUG 215277 --- [   scheduling-1] c.p.i.mapper.IntelNewsMapper.selectList  : <==      Total: 0
2026-08-22 21:35:24.248 DEBUG 215277 --- [   scheduling-1] c.p.i.mapper.IntelNewsMapper.selectList  : ==>  Preparing: SELECT id,source_code,title,content,region_code,normalized_tags,importance,published_at,push_status,version,deleted,created_at,updated_at FROM intel_news WHERE deleted=false AND (push_status = ? AND importance = ?)
2026-08-22 21:35:24.249 DEBUG 215277 --- [   scheduling-1] c.p.i.mapper.IntelNewsMapper.selectList  : ==> Parameters: none(String), high(String)
2026-08-22 21:35:24.249 DEBUG 215277 --- [   scheduling-1] c.p.i.mapper.IntelNewsMapper.selectList  : <==      Total: 0
2026-08-22 21:35:24.249 DEBUG 215277 --- [   scheduling-1] c.p.i.mapper.IntelNewsMapper.selectList  : ==>  Preparing: SELECT id,source_code,title,content,region_code,normalized_tags,importance,published_at,push_status,version,deleted,created_at,updated_at FROM intel_news WHERE deleted=false AND (push_status = ? AND importance = ?)
2026-08-22 21:35:24.249 DEBUG 215277 --- [   scheduling-1] c.p.i.mapper.IntelNewsMapper.selectList  : ==> Parameters: none(String), high(String)
2026-08-22 21:35:24.250 DEBUG 215277 --- [   scheduling-1] c.p.i.mapper.IntelNewsMapper.selectList  : <==      Total: 0
2026-08-22 21:35:24.250  INFO 215277 --- [   scheduling-1] com.ptidss.intel.service.IntelService    : 情报推送执行完成：匹配情报 0 条，派发消息 0 条，触发决策会话情报重评 0 个
2026-08-22 21:35:54.251 DEBUG 215277 --- [   scheduling-1] c.p.i.m.IntelPushRuleMapper.selectList   : ==>  Preparing: SELECT id,rule_name,tags_filter,importance_filter,target_roles,channel,silent_period,status,version,deleted,created_at,updated_at FROM intel_push_rule WHERE deleted=false AND (status = ?)
2026-08-22 21:35:54.251 DEBUG 215277 --- [   scheduling-1] c.p.i.m.IntelPushRuleMapper.selectList   : ==> Parameters: active(String)
2026-08-22 21:35:54.252 DEBUG 215277 --- [   scheduling-1] c.p.i.m.IntelPushRuleMapper.selectList   : <==      Total: 15
2026-08-22 21:35:54.252 DEBUG 215277 --- [   scheduling-1] c.p.i.mapper.IntelNewsMapper.selectList  : ==>  Preparing: SELECT id,source_code,title,content,region_code,normalized_tags,importance,published_at,push_status,version,deleted,created_at,updated_at FROM intel_news WHERE deleted=false AND (push_status = ? AND importance = ?)
2026-08-22 21:35:54.252 DEBUG 215277 --- [   scheduling-1] c.p.i.mapper.IntelNewsMapper.selectList  : ==> Parameters: none(String), high(String)
2026-08-22 21:35:54.253 DEBUG 215277 --- [   scheduling-1] c.p.i.mapper.IntelNewsMapper.selectList  : <==      Total: 0
2026-08-22 21:35:54.253 DEBUG 215277 --- [   scheduling-1] c.p.i.mapper.IntelNewsMapper.selectList  : ==>  Preparing: SELECT id,source_code,title,content,region_code,normalized_tags,importance,published_at,push_status,version,deleted,created_at,updated_at FROM intel_news WHERE deleted=false AND (push_status = ? AND importance = ?)
2026-08-22 21:35:54.253 DEBUG 215277 --- [   scheduling-1] c.p.i.mapper.IntelNewsMapper.selectList  : ==> Parameters: none(String), medium(String)
2026-08-22 21:35:54.258 DEBUG 215277 --- [   scheduling-1] c.p.i.mapper.IntelNewsMapper.selectList  : <==      Total: 289
2026-08-22 21:35:54.259 DEBUG 215277 --- [   scheduling-1] c.p.i.mapper.IntelNewsMapper.selectList  : ==>  Preparing: SELECT id,source_code,title,content,region_code,normalized_tags,importance,published_at,push_status,version,deleted,created_at,updated_at FROM intel_news WHERE deleted=false AND (push_status = ? AND importance = ?)
2026-08-22 21:35:54.260 DEBUG 215277 --- [   scheduling-1] c.p.i.mapper.IntelNewsMapper.selectList  : ==> Parameters: none(String), high(String)
2026-08-22 21:35:54.260 DEBUG 215277 --- [   scheduling-1] c.p.i.mapper.IntelNewsMapper.selectList  : <==      Total: 0
2026-08-22 21:35:54.261 DEBUG 215277 --- [   scheduling-1] c.p.i.mapper.IntelNewsMapper.selectList  : ==>  Preparing: SELECT id,source_code,title,content,region_code,normalized_tags,importance,published_at,push_status,version,deleted,created_at,updated_at FROM intel_news WHERE deleted=false AND (push_status = ? AND importance = ?)
2026-08-22 21:35:54.261 DEBUG 215277 --- [   scheduling-1] c.p.i.mapper.IntelNewsMapper.selectList  : ==> Parameters: none(String), high(String)
2026-08-22 21:35:54.261 DEBUG 215277 --- [   scheduling-1] c.p.i.mapper.IntelNewsMapper.selectList  : <==      Total: 0
2026-08-22 21:35:54.262 DEBUG 215277 --- [   scheduling-1] c.p.i.mapper.IntelNewsMapper.selectList  : ==>  Preparing: SELECT id,source_code,title,content,region_code,normalized_tags,importance,published_at,push_status,version,deleted,created_at,updated_at FROM intel_news WHERE deleted=false AND (push_status = ? AND importance = ?)
2026-08-22 21:35:54.262 DEBUG 215277 --- [   scheduling-1] c.p.i.mapper.IntelNewsMapper.selectList  : ==> Parameters: none(String), high(String)
2026-08-22 21:35:54.262 DEBUG 215277 --- [   scheduling-1] c.p.i.mapper.IntelNewsMapper.selectList  : <==      Total: 0
2026-08-22 21:35:54.263 DEBUG 215277 --- [   scheduling-1] c.p.i.mapper.IntelNewsMapper.selectList  : ==>  Preparing: SELECT id,source_code,title,content,region_code,normalized_tags,importance,published_at,push_status,version,deleted,created_at,updated_at FROM intel_news WHERE deleted=false AND (push_status = ? AND importance = ?)
2026-08-22 21:35:54.263 DEBUG 215277 --- [   scheduling-1] c.p.i.mapper.IntelNewsMapper.selectList  : ==> Parameters: none(String), high(String)
2026-08-22 21:35:54.263 DEBUG 215277 --- [   scheduling-1] c.p.i.mapper.IntelNewsMapper.selectList  : <==      Total: 0
2026-08-22 21:35:54.264 DEBUG 215277 --- [   scheduling-1] c.p.i.mapper.IntelNewsMapper.selectList  : ==>  Preparing: SELECT id,source_code,title,content,region_code,normalized_tags,importance,published_at,push_status,version,deleted,created_at,updated_at FROM intel_news WHERE deleted=false AND (push_status = ? AND importance = ?)
2026-08-22 21:35:54.264 DEBUG 215277 --- [   scheduling-1] c.p.i.mapper.IntelNewsMapper.selectList  : ==> Parameters: none(String), high(String)
2026-08-22 21:35:54.265 DEBUG 215277 --- [   scheduling-1] c.p.i.mapper.IntelNewsMapper.selectList  : <==      Total: 0
2026-08-22 21:35:54.265 DEBUG 215277 --- [   scheduling-1] c.p.i.mapper.IntelNewsMapper.selectList  : ==>  Preparing: SELECT id,source_code,title,content,region_code,normalized_tags,importance,published_at,push_status,version,deleted,created_at,updated_at FROM intel_news WHERE deleted=false AND (push_status = ? AND importance = ?)
2026-08-22 21:35:54.266 DEBUG 215277 --- [   scheduling-1] c.p.i.mapper.IntelNewsMapper.selectList  : ==> Parameters: none(String), high(String)
2026-08-22 21:35:54.266 DEBUG 215277 --- [   scheduling-1] c.p.i.mapper.IntelNewsMapper.selectList  : <==      Total: 0
2026-08-22 21:35:54.267 DEBUG 215277 --- [   scheduling-1] c.p.i.mapper.IntelNewsMapper.selectList  : ==>  Preparing: SELECT id,source_code,title,content,region_code,normalized_tags,importance,published_at,push_status,version,deleted,created_at,updated_at FROM intel_news WHERE deleted=false AND (push_status = ? AND importance = ?)
2026-08-22 21:35:54.267 DEBUG 215277 --- [   scheduling-1] c.p.i.mapper.IntelNewsMapper.selectList  : ==> Parameters: none(String), high(String)
2026-08-22 21:35:54.267 DEBUG 215277 --- [   scheduling-1] c.p.i.mapper.IntelNewsMapper.selectList  : <==      Total: 0
2026-08-22 21:35:54.268 DEBUG 215277 --- [   scheduling-1] c.p.i.mapper.IntelNewsMapper.selectList  : ==>  Preparing: SELECT id,source_code,title,content,region_code,normalized_tags,importance,published_at,push_status,version,deleted,created_at,updated_at FROM intel_news WHERE deleted=false AND (push_status = ? AND importance = ?)
2026-08-22 21:35:54.268 DEBUG 215277 --- [   scheduling-1] c.p.i.mapper.IntelNewsMapper.selectList  : ==> Parameters: none(String), high(String)
2026-08-22 21:35:54.268 DEBUG 215277 --- [   scheduling-1] c.p.i.mapper.IntelNewsMapper.selectList  : <==      Total: 0
2026-08-22 21:35:54.269 DEBUG 215277 --- [   scheduling-1] c.p.i.mapper.IntelNewsMapper.selectList  : ==>  Preparing: SELECT id,source_code,title,content,region_code,normalized_tags,importance,published_at,push_status,version,deleted,created_at,updated_at FROM intel_news WHERE deleted=false AND (push_status = ? AND importance = ?)
2026-08-22 21:35:54.269 DEBUG 215277 --- [   scheduling-1] c.p.i.mapper.IntelNewsMapper.selectList  : ==> Parameters: none(String), high(String)
2026-08-22 21:35:54.270 DEBUG 215277 --- [   scheduling-1] c.p.i.mapper.IntelNewsMapper.selectList  : <==      Total: 0
2026-08-22 21:35:54.270 DEBUG 215277 --- [   scheduling-1] c.p.i.mapper.IntelNewsMapper.selectList  : ==>  Preparing: SELECT id,source_code,title,content,region_code,normalized_tags,importance,published_at,push_status,version,deleted,created_at,updated_at FROM intel_news WHERE deleted=false AND (push_status = ? AND importance = ?)
2026-08-22 21:35:54.270 DEBUG 215277 --- [   scheduling-1] c.p.i.mapper.IntelNewsMapper.selectList  : ==> Parameters: none(String), high(String)
2026-08-22 21:35:54.271 DEBUG 215277 --- [   scheduling-1] c.p.i.mapper.IntelNewsMapper.selectList  : <==      Total: 0
2026-08-22 21:35:54.271 DEBUG 215277 --- [   scheduling-1] c.p.i.mapper.IntelNewsMapper.selectList  : ==>  Preparing: SELECT id,source_code,title,content,region_code,normalized_tags,importance,published_at,push_status,version,deleted,created_at,updated_at FROM intel_news WHERE deleted=false AND (push_status = ? AND importance = ?)
2026-08-22 21:35:54.271 DEBUG 215277 --- [   scheduling-1] c.p.i.mapper.IntelNewsMapper.selectList  : ==> Parameters: none(String), high(String)
2026-08-22 21:35:54.272 DEBUG 215277 --- [   scheduling-1] c.p.i.mapper.IntelNewsMapper.selectList  : <==      Total: 0
2026-08-22 21:35:54.272 DEBUG 215277 --- [   scheduling-1] c.p.i.mapper.IntelNewsMapper.selectList  : ==>  Preparing: SELECT id,source_code,title,content,region_code,normalized_tags,importance,published_at,push_status,version,deleted,created_at,updated_at FROM intel_news WHERE deleted=false AND (push_status = ? AND importance = ?)
2026-08-22 21:35:54.272 DEBUG 215277 --- [   scheduling-1] c.p.i.mapper.IntelNewsMapper.selectList  : ==> Parameters: none(String), high(String)
2026-08-22 21:35:54.273 DEBUG 215277 --- [   scheduling-1] c.p.i.mapper.IntelNewsMapper.selectList  : <==      Total: 0
2026-08-22 21:35:54.273 DEBUG 215277 --- [   scheduling-1] c.p.i.mapper.IntelNewsMapper.selectList  : ==>  Preparing: SELECT id,source_code,title,content,region_code,normalized_tags,importance,published_at,push_status,version,deleted,created_at,updated_at FROM intel_news WHERE deleted=false AND (push_status = ? AND importance = ?)
2026-08-22 21:35:54.273 DEBUG 215277 --- [   scheduling-1] c.p.i.mapper.IntelNewsMapper.selectList  : ==> Parameters: none(String), high(String)
2026-08-22 21:35:54.274 DEBUG 215277 --- [   scheduling-1] c.p.i.mapper.IntelNewsMapper.selectList  : <==      Total: 0
2026-08-22 21:35:54.274  INFO 215277 --- [   scheduling-1] com.ptidss.intel.service.IntelService    : 情报推送执行完成：匹配情报 0 条，派发消息 0 条，触发决策会话情报重评 0 个
2026-08-22 21:36:03.702 DEBUG 215277 --- [   scheduling-1] c.p.d.m.CollectTaskMapper.selectList     : ==>  Preparing: SELECT id,source_id,task_type,cron_expr,last_run_time,last_status,records_count,error_log,version,deleted,created_at,updated_at FROM collect_task WHERE deleted=false AND (cron_expr IS NOT NULL)
2026-08-22 21:36:03.702 DEBUG 215277 --- [   scheduling-1] c.p.d.m.CollectTaskMapper.selectList     : ==> Parameters: 
2026-08-22 21:36:03.702 DEBUG 215277 --- [   scheduling-1] c.p.d.m.CollectTaskMapper.selectList     : <==      Total: 3
2026-08-22 21:36:13.920 DEBUG 215277 --- [   scheduling-1] c.p.i.m.IntelSourceMapper.selectList     : ==>  Preparing: SELECT id,source_code,source_name,intel_type,fetch_mode,conn_type,conn_config,frequency,status,last_success_at,last_error,consecutive_failures,version,deleted,created_at,updated_at FROM intel_source WHERE deleted=false AND (status = ?)
2026-08-22 21:36:13.920 DEBUG 215277 --- [   scheduling-1] c.p.i.m.IntelSourceMapper.selectList     : ==> Parameters: enabled(String)
2026-08-22 21:36:13.921 DEBUG 215277 --- [   scheduling-1] c.p.i.m.IntelSourceMapper.selectList     : <==      Total: 21
2026-08-22 21:36:13.922  INFO 215277 --- [   scheduling-1] c.p.intel.service.IntelFetchService      : 行情采集执行完成：到期 0 个（成功 0 / 失败 0 / 跳过未到期 21）
2026-08-22 21:36:24.275 DEBUG 215277 --- [   scheduling-1] c.p.i.m.IntelPushRuleMapper.selectList   : ==>  Preparing: SELECT id,rule_name,tags_filter,importance_filter,target_roles,channel,silent_period,status,version,deleted,created_at,updated_at FROM intel_push_rule WHERE deleted=false AND (status = ?)
2026-08-22 21:36:24.275 DEBUG 215277 --- [   scheduling-1] c.p.i.m.IntelPushRuleMapper.selectList   : ==> Parameters: active(String)
2026-08-22 21:36:24.276 DEBUG 215277 --- [   scheduling-1] c.p.i.m.IntelPushRuleMapper.selectList   : <==      Total: 15
2026-08-22 21:36:24.277 DEBUG 215277 --- [   scheduling-1] c.p.i.mapper.IntelNewsMapper.selectList  : ==>  Preparing: SELECT id,source_code,title,content,region_code,normalized_tags,importance,published_at,push_status,version,deleted,created_at,updated_at FROM intel_news WHERE deleted=false AND (push_status = ? AND importance = ?)
2026-08-22 21:36:24.277 DEBUG 215277 --- [   scheduling-1] c.p.i.mapper.IntelNewsMapper.selectList  : ==> Parameters: none(String), high(String)
2026-08-22 21:36:24.277 DEBUG 215277 --- [   scheduling-1] c.p.i.mapper.IntelNewsMapper.selectList  : <==      Total: 0
2026-08-22 21:36:24.278 DEBUG 215277 --- [   scheduling-1] c.p.i.mapper.IntelNewsMapper.selectList  : ==>  Preparing: SELECT id,source_code,title,content,region_code,normalized_tags,importance,published_at,push_status,version,deleted,created_at,updated_at FROM intel_news WHERE deleted=false AND (push_status = ? AND importance = ?)
2026-08-22 21:36:24.278 DEBUG 215277 --- [   scheduling-1] c.p.i.mapper.IntelNewsMapper.selectList  : ==> Parameters: none(String), medium(String)
2026-08-22 21:36:24.284 DEBUG 215277 --- [   scheduling-1] c.p.i.mapper.IntelNewsMapper.selectList  : <==      Total: 289
2026-08-22 21:36:24.285 DEBUG 215277 --- [   scheduling-1] c.p.i.mapper.IntelNewsMapper.selectList  : ==>  Preparing: SELECT id,source_code,title,content,region_code,normalized_tags,importance,published_at,push_status,version,deleted,created_at,updated_at FROM intel_news WHERE deleted=false AND (push_status = ? AND importance = ?)
2026-08-22 21:36:24.285 DEBUG 215277 --- [   scheduling-1] c.p.i.mapper.IntelNewsMapper.selectList  : ==> Parameters: none(String), high(String)
2026-08-22 21:36:24.286 DEBUG 215277 --- [   scheduling-1] c.p.i.mapper.IntelNewsMapper.selectList  : <==      Total: 0
2026-08-22 21:36:24.286 DEBUG 215277 --- [   scheduling-1] c.p.i.mapper.IntelNewsMapper.selectList  : ==>  Preparing: SELECT id,source_code,title,content,region_code,normalized_tags,importance,published_at,push_status,version,deleted,created_at,updated_at FROM intel_news WHERE deleted=false AND (push_status = ? AND importance = ?)
2026-08-22 21:36:24.287 DEBUG 215277 --- [   scheduling-1] c.p.i.mapper.IntelNewsMapper.selectList  : ==> Parameters: none(String), high(String)
2026-08-22 21:36:24.287 DEBUG 215277 --- [   scheduling-1] c.p.i.mapper.IntelNewsMapper.selectList  : <==      Total: 0
2026-08-22 21:36:24.288 DEBUG 215277 --- [   scheduling-1] c.p.i.mapper.IntelNewsMapper.selectList  : ==>  Preparing: SELECT id,source_code,title,content,region_code,normalized_tags,importance,published_at,push_status,version,deleted,created_at,updated_at FROM intel_news WHERE deleted=false AND (push_status = ? AND importance = ?)
2026-08-22 21:36:24.288 DEBUG 215277 --- [   scheduling-1] c.p.i.mapper.IntelNewsMapper.selectList  : ==> Parameters: none(String), high(String)
2026-08-22 21:36:24.288 DEBUG 215277 --- [   scheduling-1] c.p.i.mapper.IntelNewsMapper.selectList  : <==      Total: 0
2026-08-22 21:36:24.289 DEBUG 215277 --- [   scheduling-1] c.p.i.mapper.IntelNewsMapper.selectList  : ==>  Preparing: SELECT id,source_code,title,content,region_code,normalized_tags,importance,published_at,push_status,version,deleted,created_at,updated_at FROM intel_news WHERE deleted=false AND (push_status = ? AND importance = ?)
2026-08-22 21:36:24.289 DEBUG 215277 --- [   scheduling-1] c.p.i.mapper.IntelNewsMapper.selectList  : ==> Parameters: none(String), high(String)
2026-08-22 21:36:24.289 DEBUG 215277 --- [   scheduling-1] c.p.i.mapper.IntelNewsMapper.selectList  : <==      Total: 0
2026-08-22 21:36:24.290 DEBUG 215277 --- [   scheduling-1] c.p.i.mapper.IntelNewsMapper.selectList  : ==>  Preparing: SELECT id,source_code,title,content,region_code,normalized_tags,importance,published_at,push_status,version,deleted,created_at,updated_at FROM intel_news WHERE deleted=false AND (push_status = ? AND importance = ?)
2026-08-22 21:36:24.290 DEBUG 215277 --- [   scheduling-1] c.p.i.mapper.IntelNewsMapper.selectList  : ==> Parameters: none(String), high(String)
2026-08-22 21:36:24.290 DEBUG 215277 --- [   scheduling-1] c.p.i.mapper.IntelNewsMapper.selectList  : <==      Total: 0
2026-08-22 21:36:24.291 DEBUG 215277 --- [   scheduling-1] c.p.i.mapper.IntelNewsMapper.selectList  : ==>  Preparing: SELECT id,source_code,title,content,region_code,normalized_tags,importance,published_at,push_status,version,deleted,created_at,updated_at FROM intel_news WHERE deleted=false AND (push_status = ? AND importance = ?)
2026-08-22 21:36:24.291 DEBUG 215277 --- [   scheduling-1] c.p.i.mapper.IntelNewsMapper.selectList  : ==> Parameters: none(String), high(String)
2026-08-22 21:36:24.291 DEBUG 215277 --- [   scheduling-1] c.p.i.mapper.IntelNewsMapper.selectList  : <==      Total: 0
2026-08-22 21:36:24.292 DEBUG 215277 --- [   scheduling-1] c.p.i.mapper.IntelNewsMapper.selectList  : ==>  Preparing: SELECT id,source_code,title,content,region_code,normalized_tags,importance,published_at,push_status,version,deleted,created_at,updated_at FROM intel_news WHERE deleted=false AND (push_status = ? AND importance = ?)
2026-08-22 21:36:24.292 DEBUG 215277 --- [   scheduling-1] c.p.i.mapper.IntelNewsMapper.selectList  : ==> Parameters: none(String), high(String)
2026-08-22 21:36:24.292 DEBUG 215277 --- [   scheduling-1] c.p.i.mapper.IntelNewsMapper.selectList  : <==      Total: 0
2026-08-22 21:36:24.292 DEBUG 215277 --- [   scheduling-1] c.p.i.mapper.IntelNewsMapper.selectList  : ==>  Preparing: SELECT id,source_code,title,content,region_code,normalized_tags,importance,published_at,push_status,version,deleted,created_at,updated_at FROM intel_news WHERE deleted=false AND (push_status = ? AND importance = ?)
2026-08-22 21:36:24.292 DEBUG 215277 --- [   scheduling-1] c.p.i.mapper.IntelNewsMapper.selectList  : ==> Parameters: none(String), high(String)
2026-08-22 21:36:24.293 DEBUG 215277 --- [   scheduling-1] c.p.i.mapper.IntelNewsMapper.selectList  : <==      Total: 0
2026-08-22 21:36:24.293 DEBUG 215277 --- [   scheduling-1] c.p.i.mapper.IntelNewsMapper.selectList  : ==>  Preparing: SELECT id,source_code,title,content,region_code,normalized_tags,importance,published_at,push_status,version,deleted,created_at,updated_at FROM intel_news WHERE deleted=false AND (push_status = ? AND importance = ?)
2026-08-22 21:36:24.293 DEBUG 215277 --- [   scheduling-1] c.p.i.mapper.IntelNewsMapper.selectList  : ==> Parameters: none(String), high(String)
2026-08-22 21:36:24.294 DEBUG 215277 --- [   scheduling-1] c.p.i.mapper.IntelNewsMapper.selectList  : <==      Total: 0
2026-08-22 21:36:24.294 DEBUG 215277 --- [   scheduling-1] c.p.i.mapper.IntelNewsMapper.selectList  : ==>  Preparing: SELECT id,source_code,title,content,region_code,normalized_tags,importance,published_at,push_status,version,deleted,created_at,updated_at FROM intel_news WHERE deleted=false AND (push_status = ? AND importance = ?)
2026-08-22 21:36:24.294 DEBUG 215277 --- [   scheduling-1] c.p.i.mapper.IntelNewsMapper.selectList  : ==> Parameters: none(String), high(String)
2026-08-22 21:36:24.294 DEBUG 215277 --- [   scheduling-1] c.p.i.mapper.IntelNewsMapper.selectList  : <==      Total: 0
2026-08-22 21:36:24.295 DEBUG 215277 --- [   scheduling-1] c.p.i.mapper.IntelNewsMapper.selectList  : ==>  Preparing: SELECT id,source_code,title,content,region_code,normalized_tags,importance,published_at,push_status,version,deleted,created_at,updated_at FROM intel_news WHERE deleted=false AND (push_status = ? AND importance = ?)
2026-08-22 21:36:24.295 DEBUG 215277 --- [   scheduling-1] c.p.i.mapper.IntelNewsMapper.selectList  : ==> Parameters: none(String), high(String)
2026-08-22 21:36:24.295 DEBUG 215277 --- [   scheduling-1] c.p.i.mapper.IntelNewsMapper.selectList  : <==      Total: 0
2026-08-22 21:36:24.296 DEBUG 215277 --- [   scheduling-1] c.p.i.mapper.IntelNewsMapper.selectList  : ==>  Preparing: SELECT id,source_code,title,content,region_code,normalized_tags,importance,published_at,push_status,version,deleted,created_at,updated_at FROM intel_news WHERE deleted=false AND (push_status = ? AND importance = ?)
2026-08-22 21:36:24.296 DEBUG 215277 --- [   scheduling-1] c.p.i.mapper.IntelNewsMapper.selectList  : ==> Parameters: none(String), high(String)
2026-08-22 21:36:24.297 DEBUG 215277 --- [   scheduling-1] c.p.i.mapper.IntelNewsMapper.selectList  : <==      Total: 0
2026-08-22 21:36:24.297 DEBUG 215277 --- [   scheduling-1] c.p.i.mapper.IntelNewsMapper.selectList  : ==>  Preparing: SELECT id,source_code,title,content,region_code,normalized_tags,importance,published_at,push_status,version,deleted,created_at,updated_at FROM intel_news WHERE deleted=false AND (push_status = ? AND importance = ?)
2026-08-22 21:36:24.297 DEBUG 215277 --- [   scheduling-1] c.p.i.mapper.IntelNewsMapper.selectList  : ==> Parameters: none(String), high(String)
2026-08-22 21:36:24.297 DEBUG 215277 --- [   scheduling-1] c.p.i.mapper.IntelNewsMapper.selectList  : <==      Total: 0
2026-08-22 21:36:24.298  INFO 215277 --- [   scheduling-1] com.ptidss.intel.service.IntelService    : 情报推送执行完成：匹配情报 0 条，派发消息 0 条，触发决策会话情报重评 0 个
2026-08-22 21:36:54.299 DEBUG 215277 --- [   scheduling-1] c.p.i.m.IntelPushRuleMapper.selectList   : ==>  Preparing: SELECT id,rule_name,tags_filter,importance_filter,target_roles,channel,silent_period,status,version,deleted,created_at,updated_at FROM intel_push_rule WHERE deleted=false AND (status = ?)
2026-08-22 21:36:54.300 DEBUG 215277 --- [   scheduling-1] c.p.i.m.IntelPushRuleMapper.selectList   : ==> Parameters: active(String)
2026-08-22 21:36:54.301 DEBUG 215277 --- [   scheduling-1] c.p.i.m.IntelPushRuleMapper.selectList   : <==      Total: 15
2026-08-22 21:36:54.303 DEBUG 215277 --- [   scheduling-1] c.p.i.mapper.IntelNewsMapper.selectList  : ==>  Preparing: SELECT id,source_code,title,content,region_code,normalized_tags,importance,published_at,push_status,version,deleted,created_at,updated_at FROM intel_news WHERE deleted=false AND (push_status = ? AND importance = ?)
2026-08-22 21:36:54.303 DEBUG 215277 --- [   scheduling-1] c.p.i.mapper.IntelNewsMapper.selectList  : ==> Parameters: none(String), high(String)
2026-08-22 21:36:54.304 DEBUG 215277 --- [   scheduling-1] c.p.i.mapper.IntelNewsMapper.selectList  : <==      Total: 0
2026-08-22 21:36:54.305 DEBUG 215277 --- [   scheduling-1] c.p.i.mapper.IntelNewsMapper.selectList  : ==>  Preparing: SELECT id,source_code,title,content,region_code,normalized_tags,importance,published_at,push_status,version,deleted,created_at,updated_at FROM intel_news WHERE deleted=false AND (push_status = ? AND importance = ?)
2026-08-22 21:36:54.305 DEBUG 215277 --- [   scheduling-1] c.p.i.mapper.IntelNewsMapper.selectList  : ==> Parameters: none(String), medium(String)
2026-08-22 21:36:54.312 DEBUG 215277 --- [   scheduling-1] c.p.i.mapper.IntelNewsMapper.selectList  : <==      Total: 289
2026-08-22 21:36:54.315 DEBUG 215277 --- [   scheduling-1] c.p.i.mapper.IntelNewsMapper.selectList  : ==>  Preparing: SELECT id,source_code,title,content,region_code,normalized_tags,importance,published_at,push_status,version,deleted,created_at,updated_at FROM intel_news WHERE deleted=false AND (push_status = ? AND importance = ?)
2026-08-22 21:36:54.315 DEBUG 215277 --- [   scheduling-1] c.p.i.mapper.IntelNewsMapper.selectList  : ==> Parameters: none(String), high(String)
2026-08-22 21:36:54.316 DEBUG 215277 --- [   scheduling-1] c.p.i.mapper.IntelNewsMapper.selectList  : <==      Total: 0
2026-08-22 21:36:54.317 DEBUG 215277 --- [   scheduling-1] c.p.i.mapper.IntelNewsMapper.selectList  : ==>  Preparing: SELECT id,source_code,title,content,region_code,normalized_tags,importance,published_at,push_status,version,deleted,created_at,updated_at FROM intel_news WHERE deleted=false AND (push_status = ? AND importance = ?)
2026-08-22 21:36:54.317 DEBUG 215277 --- [   scheduling-1] c.p.i.mapper.IntelNewsMapper.selectList  : ==> Parameters: none(String), high(String)
2026-08-22 21:36:54.318 DEBUG 215277 --- [   scheduling-1] c.p.i.mapper.IntelNewsMapper.selectList  : <==      Total: 0
2026-08-22 21:36:54.319 DEBUG 215277 --- [   scheduling-1] c.p.i.mapper.IntelNewsMapper.selectList  : ==>  Preparing: SELECT id,source_code,title,content,region_code,normalized_tags,importance,published_at,push_status,version,deleted,created_at,updated_at FROM intel_news WHERE deleted=false AND (push_status = ? AND importance = ?)
2026-08-22 21:36:54.319 DEBUG 215277 --- [   scheduling-1] c.p.i.mapper.IntelNewsMapper.selectList  : ==> Parameters: none(String), high(String)
2026-08-22 21:36:54.320 DEBUG 215277 --- [   scheduling-1] c.p.i.mapper.IntelNewsMapper.selectList  : <==      Total: 0
2026-08-22 21:36:54.321 DEBUG 215277 --- [   scheduling-1] c.p.i.mapper.IntelNewsMapper.selectList  : ==>  Preparing: SELECT id,source_code,title,content,region_code,normalized_tags,importance,published_at,push_status,version,deleted,created_at,updated_at FROM intel_news WHERE deleted=false AND (push_status = ? AND importance = ?)
2026-08-22 21:36:54.321 DEBUG 215277 --- [   scheduling-1] c.p.i.mapper.IntelNewsMapper.selectList  : ==> Parameters: none(String), high(String)
2026-08-22 21:36:54.322 DEBUG 215277 --- [   scheduling-1] c.p.i.mapper.IntelNewsMapper.selectList  : <==      Total: 0
2026-08-22 21:36:54.323 DEBUG 215277 --- [   scheduling-1] c.p.i.mapper.IntelNewsMapper.selectList  : ==>  Preparing: SELECT id,source_code,title,content,region_code,normalized_tags,importance,published_at,push_status,version,deleted,created_at,updated_at FROM intel_news WHERE deleted=false AND (push_status = ? AND importance = ?)
2026-08-22 21:36:54.323 DEBUG 215277 --- [   scheduling-1] c.p.i.mapper.IntelNewsMapper.selectList  : ==> Parameters: none(String), high(String)
2026-08-22 21:36:54.324 DEBUG 215277 --- [   scheduling-1] c.p.i.mapper.IntelNewsMapper.selectList  : <==      Total: 0
2026-08-22 21:36:54.324 DEBUG 215277 --- [   scheduling-1] c.p.i.mapper.IntelNewsMapper.selectList  : ==>  Preparing: SELECT id,source_code,title,content,region_code,normalized_tags,importance,published_at,push_status,version,deleted,created_at,updated_at FROM intel_news WHERE deleted=false AND (push_status = ? AND importance = ?)
2026-08-22 21:36:54.325 DEBUG 215277 --- [   scheduling-1] c.p.i.mapper.IntelNewsMapper.selectList  : ==> Parameters: none(String), high(String)
2026-08-22 21:36:54.325 DEBUG 215277 --- [   scheduling-1] c.p.i.mapper.IntelNewsMapper.selectList  : <==      Total: 0
2026-08-22 21:36:54.326 DEBUG 215277 --- [   scheduling-1] c.p.i.mapper.IntelNewsMapper.selectList  : ==>  Preparing: SELECT id,source_code,title,content,region_code,normalized_tags,importance,published_at,push_status,version,deleted,created_at,updated_at FROM intel_news WHERE deleted=false AND (push_status = ? AND importance = ?)
2026-08-22 21:36:54.326 DEBUG 215277 --- [   scheduling-1] c.p.i.mapper.IntelNewsMapper.selectList  : ==> Parameters: none(String), high(String)
2026-08-22 21:36:54.326 DEBUG 215277 --- [   scheduling-1] c.p.i.mapper.IntelNewsMapper.selectList  : <==      Total: 0
2026-08-22 21:36:54.327 DEBUG 215277 --- [   scheduling-1] c.p.i.mapper.IntelNewsMapper.selectList  : ==>  Preparing: SELECT id,source_code,title,content,region_code,normalized_tags,importance,published_at,push_status,version,deleted,created_at,updated_at FROM intel_news WHERE deleted=false AND (push_status = ? AND importance = ?)
2026-08-22 21:36:54.327 DEBUG 215277 --- [   scheduling-1] c.p.i.mapper.IntelNewsMapper.selectList  : ==> Parameters: none(String), high(String)
2026-08-22 21:36:54.328 DEBUG 215277 --- [   scheduling-1] c.p.i.mapper.IntelNewsMapper.selectList  : <==      Total: 0
2026-08-22 21:36:54.329 DEBUG 215277 --- [   scheduling-1] c.p.i.mapper.IntelNewsMapper.selectList  : ==>  Preparing: SELECT id,source_code,title,content,region_code,normalized_tags,importance,published_at,push_status,version,deleted,created_at,updated_at FROM intel_news WHERE deleted=false AND (push_status = ? AND importance = ?)
2026-08-22 21:36:54.329 DEBUG 215277 --- [   scheduling-1] c.p.i.mapper.IntelNewsMapper.selectList  : ==> Parameters: none(String), high(String)
2026-08-22 21:36:54.329 DEBUG 215277 --- [   scheduling-1] c.p.i.mapper.IntelNewsMapper.selectList  : <==      Total: 0
2026-08-22 21:36:54.330 DEBUG 215277 --- [   scheduling-1] c.p.i.mapper.IntelNewsMapper.selectList  : ==>  Preparing: SELECT id,source_code,title,content,region_code,normalized_tags,importance,published_at,push_status,version,deleted,created_at,updated_at FROM intel_news WHERE deleted=false AND (push_status = ? AND importance = ?)
2026-08-22 21:36:54.330 DEBUG 215277 --- [   scheduling-1] c.p.i.mapper.IntelNewsMapper.selectList  : ==> Parameters: none(String), high(String)
2026-08-22 21:36:54.331 DEBUG 215277 --- [   scheduling-1] c.p.i.mapper.IntelNewsMapper.selectList  : <==      Total: 0
2026-08-22 21:36:54.331 DEBUG 215277 --- [   scheduling-1] c.p.i.mapper.IntelNewsMapper.selectList  : ==>  Preparing: SELECT id,source_code,title,content,region_code,normalized_tags,importance,published_at,push_status,version,deleted,created_at,updated_at FROM intel_news WHERE deleted=false AND (push_status = ? AND importance = ?)
2026-08-22 21:36:54.331 DEBUG 215277 --- [   scheduling-1] c.p.i.mapper.IntelNewsMapper.selectList  : ==> Parameters: none(String), high(String)
2026-08-22 21:36:54.332 DEBUG 215277 --- [   scheduling-1] c.p.i.mapper.IntelNewsMapper.selectList  : <==      Total: 0
2026-08-22 21:36:54.333 DEBUG 215277 --- [   scheduling-1] c.p.i.mapper.IntelNewsMapper.selectList  : ==>  Preparing: SELECT id,source_code,title,content,region_code,normalized_tags,importance,published_at,push_status,version,deleted,created_at,updated_at FROM intel_news WHERE deleted=false AND (push_status = ? AND importance = ?)
2026-08-22 21:36:54.333 DEBUG 215277 --- [   scheduling-1] c.p.i.mapper.IntelNewsMapper.selectList  : ==> Parameters: none(String), high(String)
2026-08-22 21:36:54.333 DEBUG 215277 --- [   scheduling-1] c.p.i.mapper.IntelNewsMapper.selectList  : <==      Total: 0
2026-08-22 21:36:54.334 DEBUG 215277 --- [   scheduling-1] c.p.i.mapper.IntelNewsMapper.selectList  : ==>  Preparing: SELECT id,source_code,title,content,region_code,normalized_tags,importance,published_at,push_status,version,deleted,created_at,updated_at FROM intel_news WHERE deleted=false AND (push_status = ? AND importance = ?)
2026-08-22 21:36:54.334 DEBUG 215277 --- [   scheduling-1] c.p.i.mapper.IntelNewsMapper.selectList  : ==> Parameters: none(String), high(String)
2026-08-22 21:36:54.334 DEBUG 215277 --- [   scheduling-1] c.p.i.mapper.IntelNewsMapper.selectList  : <==      Total: 0
2026-08-22 21:36:54.334  INFO 215277 --- [   scheduling-1] com.ptidss.intel.service.IntelService    : 情报推送执行完成：匹配情报 0 条，派发消息 0 条，触发决策会话情报重评 0 个
2026-08-22 21:37:03.704 DEBUG 215277 --- [   scheduling-1] c.p.d.m.CollectTaskMapper.selectList     : ==>  Preparing: SELECT id,source_id,task_type,cron_expr,last_run_time,last_status,records_count,error_log,version,deleted,created_at,updated_at FROM collect_task WHERE deleted=false AND (cron_expr IS NOT NULL)
2026-08-22 21:37:03.704 DEBUG 215277 --- [   scheduling-1] c.p.d.m.CollectTaskMapper.selectList     : ==> Parameters: 
2026-08-22 21:37:03.704 DEBUG 215277 --- [   scheduling-1] c.p.d.m.CollectTaskMapper.selectList     : <==      Total: 3
2026-08-22 21:37:13.923 DEBUG 215277 --- [   scheduling-1] c.p.i.m.IntelSourceMapper.selectList     : ==>  Preparing: SELECT id,source_code,source_name,intel_type,fetch_mode,conn_type,conn_config,frequency,status,last_success_at,last_error,consecutive_failures,version,deleted,created_at,updated_at FROM intel_source WHERE deleted=false AND (status = ?)
2026-08-22 21:37:13.923 DEBUG 215277 --- [   scheduling-1] c.p.i.m.IntelSourceMapper.selectList     : ==> Parameters: enabled(String)
2026-08-22 21:37:13.924 DEBUG 215277 --- [   scheduling-1] c.p.i.m.IntelSourceMapper.selectList     : <==      Total: 21
2026-08-22 21:37:13.925  INFO 215277 --- [   scheduling-1] c.p.intel.service.IntelFetchService      : 行情采集执行完成：到期 0 个（成功 0 / 失败 0 / 跳过未到期 21）
2026-08-22 21:37:24.335 DEBUG 215277 --- [   scheduling-1] c.p.i.m.IntelPushRuleMapper.selectList   : ==>  Preparing: SELECT id,rule_name,tags_filter,importance_filter,target_roles,channel,silent_period,status,version,deleted,created_at,updated_at FROM intel_push_rule WHERE deleted=false AND (status = ?)
2026-08-22 21:37:24.336 DEBUG 215277 --- [   scheduling-1] c.p.i.m.IntelPushRuleMapper.selectList   : ==> Parameters: active(String)
2026-08-22 21:37:24.337 DEBUG 215277 --- [   scheduling-1] c.p.i.m.IntelPushRuleMapper.selectList   : <==      Total: 15
2026-08-22 21:37:24.337 DEBUG 215277 --- [   scheduling-1] c.p.i.mapper.IntelNewsMapper.selectList  : ==>  Preparing: SELECT id,source_code,title,content,region_code,normalized_tags,importance,published_at,push_status,version,deleted,created_at,updated_at FROM intel_news WHERE deleted=false AND (push_status = ? AND importance = ?)
2026-08-22 21:37:24.337 DEBUG 215277 --- [   scheduling-1] c.p.i.mapper.IntelNewsMapper.selectList  : ==> Parameters: none(String), high(String)
2026-08-22 21:37:24.338 DEBUG 215277 --- [   scheduling-1] c.p.i.mapper.IntelNewsMapper.selectList  : <==      Total: 0
2026-08-22 21:37:24.338 DEBUG 215277 --- [   scheduling-1] c.p.i.mapper.IntelNewsMapper.selectList  : ==>  Preparing: SELECT id,source_code,title,content,region_code,normalized_tags,importance,published_at,push_status,version,deleted,created_at,updated_at FROM intel_news WHERE deleted=false AND (push_status = ? AND importance = ?)
2026-08-22 21:37:24.338 DEBUG 215277 --- [   scheduling-1] c.p.i.mapper.IntelNewsMapper.selectList  : ==> Parameters: none(String), medium(String)
2026-08-22 21:37:24.345 DEBUG 215277 --- [   scheduling-1] c.p.i.mapper.IntelNewsMapper.selectList  : <==      Total: 289
2026-08-22 21:37:24.347 DEBUG 215277 --- [   scheduling-1] c.p.i.mapper.IntelNewsMapper.selectList  : ==>  Preparing: SELECT id,source_code,title,content,region_code,normalized_tags,importance,published_at,push_status,version,deleted,created_at,updated_at FROM intel_news WHERE deleted=false AND (push_status = ? AND importance = ?)
2026-08-22 21:37:24.347 DEBUG 215277 --- [   scheduling-1] c.p.i.mapper.IntelNewsMapper.selectList  : ==> Parameters: none(String), high(String)
2026-08-22 21:37:24.348 DEBUG 215277 --- [   scheduling-1] c.p.i.mapper.IntelNewsMapper.selectList  : <==      Total: 0
2026-08-22 21:37:24.348 DEBUG 215277 --- [   scheduling-1] c.p.i.mapper.IntelNewsMapper.selectList  : ==>  Preparing: SELECT id,source_code,title,content,region_code,normalized_tags,importance,published_at,push_status,version,deleted,created_at,updated_at FROM intel_news WHERE deleted=false AND (push_status = ? AND importance = ?)
2026-08-22 21:37:24.348 DEBUG 215277 --- [   scheduling-1] c.p.i.mapper.IntelNewsMapper.selectList  : ==> Parameters: none(String), high(String)
2026-08-22 21:37:24.349 DEBUG 215277 --- [   scheduling-1] c.p.i.mapper.IntelNewsMapper.selectList  : <==      Total: 0
2026-08-22 21:37:24.349 DEBUG 215277 --- [   scheduling-1] c.p.i.mapper.IntelNewsMapper.selectList  : ==>  Preparing: SELECT id,source_code,title,content,region_code,normalized_tags,importance,published_at,push_status,version,deleted,created_at,updated_at FROM intel_news WHERE deleted=false AND (push_status = ? AND importance = ?)
2026-08-22 21:37:24.349 DEBUG 215277 --- [   scheduling-1] c.p.i.mapper.IntelNewsMapper.selectList  : ==> Parameters: none(String), high(String)
2026-08-22 21:37:24.350 DEBUG 215277 --- [   scheduling-1] c.p.i.mapper.IntelNewsMapper.selectList  : <==      Total: 0
2026-08-22 21:37:24.350 DEBUG 215277 --- [   scheduling-1] c.p.i.mapper.IntelNewsMapper.selectList  : ==>  Preparing: SELECT id,source_code,title,content,region_code,normalized_tags,importance,published_at,push_status,version,deleted,created_at,updated_at FROM intel_news WHERE deleted=false AND (push_status = ? AND importance = ?)
2026-08-22 21:37:24.350 DEBUG 215277 --- [   scheduling-1] c.p.i.mapper.IntelNewsMapper.selectList  : ==> Parameters: none(String), high(String)
2026-08-22 21:37:24.351 DEBUG 215277 --- [   scheduling-1] c.p.i.mapper.IntelNewsMapper.selectList  : <==      Total: 0
2026-08-22 21:37:24.352 DEBUG 215277 --- [   scheduling-1] c.p.i.mapper.IntelNewsMapper.selectList  : ==>  Preparing: SELECT id,source_code,title,content,region_code,normalized_tags,importance,published_at,push_status,version,deleted,created_at,updated_at FROM intel_news WHERE deleted=false AND (push_status = ? AND importance = ?)
2026-08-22 21:37:24.352 DEBUG 215277 --- [   scheduling-1] c.p.i.mapper.IntelNewsMapper.selectList  : ==> Parameters: none(String), high(String)
2026-08-22 21:37:24.352 DEBUG 215277 --- [   scheduling-1] c.p.i.mapper.IntelNewsMapper.selectList  : <==      Total: 0
2026-08-22 21:37:24.353 DEBUG 215277 --- [   scheduling-1] c.p.i.mapper.IntelNewsMapper.selectList  : ==>  Preparing: SELECT id,source_code,title,content,region_code,normalized_tags,importance,published_at,push_status,version,deleted,created_at,updated_at FROM intel_news WHERE deleted=false AND (push_status = ? AND importance = ?)
2026-08-22 21:37:24.353 DEBUG 215277 --- [   scheduling-1] c.p.i.mapper.IntelNewsMapper.selectList  : ==> Parameters: none(String), high(String)
2026-08-22 21:37:24.353 DEBUG 215277 --- [   scheduling-1] c.p.i.mapper.IntelNewsMapper.selectList  : <==      Total: 0
2026-08-22 21:37:24.354 DEBUG 215277 --- [   scheduling-1] c.p.i.mapper.IntelNewsMapper.selectList  : ==>  Preparing: SELECT id,source_code,title,content,region_code,normalized_tags,importance,published_at,push_status,version,deleted,created_at,updated_at FROM intel_news WHERE deleted=false AND (push_status = ? AND importance = ?)
2026-08-22 21:37:24.354 DEBUG 215277 --- [   scheduling-1] c.p.i.mapper.IntelNewsMapper.selectList  : ==> Parameters: none(String), high(String)
2026-08-22 21:37:24.354 DEBUG 215277 --- [   scheduling-1] c.p.i.mapper.IntelNewsMapper.selectList  : <==      Total: 0
2026-08-22 21:37:24.355 DEBUG 215277 --- [   scheduling-1] c.p.i.mapper.IntelNewsMapper.selectList  : ==>  Preparing: SELECT id,source_code,title,content,region_code,normalized_tags,importance,published_at,push_status,version,deleted,created_at,updated_at FROM intel_news WHERE deleted=false AND (push_status = ? AND importance = ?)
2026-08-22 21:37:24.355 DEBUG 215277 --- [   scheduling-1] c.p.i.mapper.IntelNewsMapper.selectList  : ==> Parameters: none(String), high(String)
2026-08-22 21:37:24.355 DEBUG 215277 --- [   scheduling-1] c.p.i.mapper.IntelNewsMapper.selectList  : <==      Total: 0
2026-08-22 21:37:24.356 DEBUG 215277 --- [   scheduling-1] c.p.i.mapper.IntelNewsMapper.selectList  : ==>  Preparing: SELECT id,source_code,title,content,region_code,normalized_tags,importance,published_at,push_status,version,deleted,created_at,updated_at FROM intel_news WHERE deleted=false AND (push_status = ? AND importance = ?)
2026-08-22 21:37:24.356 DEBUG 215277 --- [   scheduling-1] c.p.i.mapper.IntelNewsMapper.selectList  : ==> Parameters: none(String), high(String)
2026-08-22 21:37:24.356 DEBUG 215277 --- [   scheduling-1] c.p.i.mapper.IntelNewsMapper.selectList  : <==      Total: 0
2026-08-22 21:37:24.357 DEBUG 215277 --- [   scheduling-1] c.p.i.mapper.IntelNewsMapper.selectList  : ==>  Preparing: SELECT id,source_code,title,content,region_code,normalized_tags,importance,published_at,push_status,version,deleted,created_at,updated_at FROM intel_news WHERE deleted=false AND (push_status = ? AND importance = ?)
2026-08-22 21:37:24.357 DEBUG 215277 --- [   scheduling-1] c.p.i.mapper.IntelNewsMapper.selectList  : ==> Parameters: none(String), high(String)
2026-08-22 21:37:24.357 DEBUG 215277 --- [   scheduling-1] c.p.i.mapper.IntelNewsMapper.selectList  : <==      Total: 0
2026-08-22 21:37:24.358 DEBUG 215277 --- [   scheduling-1] c.p.i.mapper.IntelNewsMapper.selectList  : ==>  Preparing: SELECT id,source_code,title,content,region_code,normalized_tags,importance,published_at,push_status,version,deleted,created_at,updated_at FROM intel_news WHERE deleted=false AND (push_status = ? AND importance = ?)
2026-08-22 21:37:24.358 DEBUG 215277 --- [   scheduling-1] c.p.i.mapper.IntelNewsMapper.selectList  : ==> Parameters: none(String), high(String)
2026-08-22 21:37:24.358 DEBUG 215277 --- [   scheduling-1] c.p.i.mapper.IntelNewsMapper.selectList  : <==      Total: 0
2026-08-22 21:37:24.359 DEBUG 215277 --- [   scheduling-1] c.p.i.mapper.IntelNewsMapper.selectList  : ==>  Preparing: SELECT id,source_code,title,content,region_code,normalized_tags,importance,published_at,push_status,version,deleted,created_at,updated_at FROM intel_news WHERE deleted=false AND (push_status = ? AND importance = ?)
2026-08-22 21:37:24.359 DEBUG 215277 --- [   scheduling-1] c.p.i.mapper.IntelNewsMapper.selectList  : ==> Parameters: none(String), high(String)
2026-08-22 21:37:24.359 DEBUG 215277 --- [   scheduling-1] c.p.i.mapper.IntelNewsMapper.selectList  : <==      Total: 0
2026-08-22 21:37:24.360 DEBUG 215277 --- [   scheduling-1] c.p.i.mapper.IntelNewsMapper.selectList  : ==>  Preparing: SELECT id,source_code,title,content,region_code,normalized_tags,importance,published_at,push_status,version,deleted,created_at,updated_at FROM intel_news WHERE deleted=false AND (push_status = ? AND importance = ?)
2026-08-22 21:37:24.360 DEBUG 215277 --- [   scheduling-1] c.p.i.mapper.IntelNewsMapper.selectList  : ==> Parameters: none(String), high(String)
2026-08-22 21:37:24.360 DEBUG 215277 --- [   scheduling-1] c.p.i.mapper.IntelNewsMapper.selectList  : <==      Total: 0
2026-08-22 21:37:24.360  INFO 215277 --- [   scheduling-1] com.ptidss.intel.service.IntelService    : 情报推送执行完成：匹配情报 0 条，派发消息 0 条，触发决策会话情报重评 0 个
2026-08-22 21:37:54.362 DEBUG 215277 --- [   scheduling-1] c.p.i.m.IntelPushRuleMapper.selectList   : ==>  Preparing: SELECT id,rule_name,tags_filter,importance_filter,target_roles,channel,silent_period,status,version,deleted,created_at,updated_at FROM intel_push_rule WHERE deleted=false AND (status = ?)
2026-08-22 21:37:54.362 DEBUG 215277 --- [   scheduling-1] c.p.i.m.IntelPushRuleMapper.selectList   : ==> Parameters: active(String)
2026-08-22 21:37:54.363 DEBUG 215277 --- [   scheduling-1] c.p.i.m.IntelPushRuleMapper.selectList   : <==      Total: 15
2026-08-22 21:37:54.364 DEBUG 215277 --- [   scheduling-1] c.p.i.mapper.IntelNewsMapper.selectList  : ==>  Preparing: SELECT id,source_code,title,content,region_code,normalized_tags,importance,published_at,push_status,version,deleted,created_at,updated_at FROM intel_news WHERE deleted=false AND (push_status = ? AND importance = ?)
2026-08-22 21:37:54.364 DEBUG 215277 --- [   scheduling-1] c.p.i.mapper.IntelNewsMapper.selectList  : ==> Parameters: none(String), high(String)
2026-08-22 21:37:54.364 DEBUG 215277 --- [   scheduling-1] c.p.i.mapper.IntelNewsMapper.selectList  : <==      Total: 0
2026-08-22 21:37:54.365 DEBUG 215277 --- [   scheduling-1] c.p.i.mapper.IntelNewsMapper.selectList  : ==>  Preparing: SELECT id,source_code,title,content,region_code,normalized_tags,importance,published_at,push_status,version,deleted,created_at,updated_at FROM intel_news WHERE deleted=false AND (push_status = ? AND importance = ?)
2026-08-22 21:37:54.365 DEBUG 215277 --- [   scheduling-1] c.p.i.mapper.IntelNewsMapper.selectList  : ==> Parameters: none(String), medium(String)
2026-08-22 21:37:54.372 DEBUG 215277 --- [   scheduling-1] c.p.i.mapper.IntelNewsMapper.selectList  : <==      Total: 289
2026-08-22 21:37:54.374 DEBUG 215277 --- [   scheduling-1] c.p.i.mapper.IntelNewsMapper.selectList  : ==>  Preparing: SELECT id,source_code,title,content,region_code,normalized_tags,importance,published_at,push_status,version,deleted,created_at,updated_at FROM intel_news WHERE deleted=false AND (push_status = ? AND importance = ?)
2026-08-22 21:37:54.374 DEBUG 215277 --- [   scheduling-1] c.p.i.mapper.IntelNewsMapper.selectList  : ==> Parameters: none(String), high(String)
2026-08-22 21:37:54.374 DEBUG 215277 --- [   scheduling-1] c.p.i.mapper.IntelNewsMapper.selectList  : <==      Total: 0
2026-08-22 21:37:54.375 DEBUG 215277 --- [   scheduling-1] c.p.i.mapper.IntelNewsMapper.selectList  : ==>  Preparing: SELECT id,source_code,title,content,region_code,normalized_tags,importance,published_at,push_status,version,deleted,created_at,updated_at FROM intel_news WHERE deleted=false AND (push_status = ? AND importance = ?)
2026-08-22 21:37:54.375 DEBUG 215277 --- [   scheduling-1] c.p.i.mapper.IntelNewsMapper.selectList  : ==> Parameters: none(String), high(String)
2026-08-22 21:37:54.375 DEBUG 215277 --- [   scheduling-1] c.p.i.mapper.IntelNewsMapper.selectList  : <==      Total: 0
2026-08-22 21:37:54.376 DEBUG 215277 --- [   scheduling-1] c.p.i.mapper.IntelNewsMapper.selectList  : ==>  Preparing: SELECT id,source_code,title,content,region_code,normalized_tags,importance,published_at,push_status,version,deleted,created_at,updated_at FROM intel_news WHERE deleted=false AND (push_status = ? AND importance = ?)
2026-08-22 21:37:54.376 DEBUG 215277 --- [   scheduling-1] c.p.i.mapper.IntelNewsMapper.selectList  : ==> Parameters: none(String), high(String)
2026-08-22 21:37:54.376 DEBUG 215277 --- [   scheduling-1] c.p.i.mapper.IntelNewsMapper.selectList  : <==      Total: 0
2026-08-22 21:37:54.377 DEBUG 215277 --- [   scheduling-1] c.p.i.mapper.IntelNewsMapper.selectList  : ==>  Preparing: SELECT id,source_code,title,content,region_code,normalized_tags,importance,published_at,push_status,version,deleted,created_at,updated_at FROM intel_news WHERE deleted=false AND (push_status = ? AND importance = ?)
2026-08-22 21:37:54.377 DEBUG 215277 --- [   scheduling-1] c.p.i.mapper.IntelNewsMapper.selectList  : ==> Parameters: none(String), high(String)
2026-08-22 21:37:54.377 DEBUG 215277 --- [   scheduling-1] c.p.i.mapper.IntelNewsMapper.selectList  : <==      Total: 0
2026-08-22 21:37:54.378 DEBUG 215277 --- [   scheduling-1] c.p.i.mapper.IntelNewsMapper.selectList  : ==>  Preparing: SELECT id,source_code,title,content,region_code,normalized_tags,importance,published_at,push_status,version,deleted,created_at,updated_at FROM intel_news WHERE deleted=false AND (push_status = ? AND importance = ?)
2026-08-22 21:37:54.378 DEBUG 215277 --- [   scheduling-1] c.p.i.mapper.IntelNewsMapper.selectList  : ==> Parameters: none(String), high(String)
2026-08-22 21:37:54.378 DEBUG 215277 --- [   scheduling-1] c.p.i.mapper.IntelNewsMapper.selectList  : <==      Total: 0
2026-08-22 21:37:54.379 DEBUG 215277 --- [   scheduling-1] c.p.i.mapper.IntelNewsMapper.selectList  : ==>  Preparing: SELECT id,source_code,title,content,region_code,normalized_tags,importance,published_at,push_status,version,deleted,created_at,updated_at FROM intel_news WHERE deleted=false AND (push_status = ? AND importance = ?)
2026-08-22 21:37:54.379 DEBUG 215277 --- [   scheduling-1] c.p.i.mapper.IntelNewsMapper.selectList  : ==> Parameters: none(String), high(String)
2026-08-22 21:37:54.379 DEBUG 215277 --- [   scheduling-1] c.p.i.mapper.IntelNewsMapper.selectList  : <==      Total: 0
2026-08-22 21:37:54.380 DEBUG 215277 --- [   scheduling-1] c.p.i.mapper.IntelNewsMapper.selectList  : ==>  Preparing: SELECT id,source_code,title,content,region_code,normalized_tags,importance,published_at,push_status,version,deleted,created_at,updated_at FROM intel_news WHERE deleted=false AND (push_status = ? AND importance = ?)
2026-08-22 21:37:54.380 DEBUG 215277 --- [   scheduling-1] c.p.i.mapper.IntelNewsMapper.selectList  : ==> Parameters: none(String), high(String)
2026-08-22 21:37:54.380 DEBUG 215277 --- [   scheduling-1] c.p.i.mapper.IntelNewsMapper.selectList  : <==      Total: 0
2026-08-22 21:37:54.381 DEBUG 215277 --- [   scheduling-1] c.p.i.mapper.IntelNewsMapper.selectList  : ==>  Preparing: SELECT id,source_code,title,content,region_code,normalized_tags,importance,published_at,push_status,version,deleted,created_at,updated_at FROM intel_news WHERE deleted=false AND (push_status = ? AND importance = ?)
2026-08-22 21:37:54.381 DEBUG 215277 --- [   scheduling-1] c.p.i.mapper.IntelNewsMapper.selectList  : ==> Parameters: none(String), high(String)
2026-08-22 21:37:54.381 DEBUG 215277 --- [   scheduling-1] c.p.i.mapper.IntelNewsMapper.selectList  : <==      Total: 0
2026-08-22 21:37:54.382 DEBUG 215277 --- [   scheduling-1] c.p.i.mapper.IntelNewsMapper.selectList  : ==>  Preparing: SELECT id,source_code,title,content,region_code,normalized_tags,importance,published_at,push_status,version,deleted,created_at,updated_at FROM intel_news WHERE deleted=false AND (push_status = ? AND importance = ?)
2026-08-22 21:37:54.382 DEBUG 215277 --- [   scheduling-1] c.p.i.mapper.IntelNewsMapper.selectList  : ==> Parameters: none(String), high(String)
2026-08-22 21:37:54.382 DEBUG 215277 --- [   scheduling-1] c.p.i.mapper.IntelNewsMapper.selectList  : <==      Total: 0
2026-08-22 21:37:54.383 DEBUG 215277 --- [   scheduling-1] c.p.i.mapper.IntelNewsMapper.selectList  : ==>  Preparing: SELECT id,source_code,title,content,region_code,normalized_tags,importance,published_at,push_status,version,deleted,created_at,updated_at FROM intel_news WHERE deleted=false AND (push_status = ? AND importance = ?)
2026-08-22 21:37:54.383 DEBUG 215277 --- [   scheduling-1] c.p.i.mapper.IntelNewsMapper.selectList  : ==> Parameters: none(String), high(String)
2026-08-22 21:37:54.383 DEBUG 215277 --- [   scheduling-1] c.p.i.mapper.IntelNewsMapper.selectList  : <==      Total: 0
2026-08-22 21:37:54.384 DEBUG 215277 --- [   scheduling-1] c.p.i.mapper.IntelNewsMapper.selectList  : ==>  Preparing: SELECT id,source_code,title,content,region_code,normalized_tags,importance,published_at,push_status,version,deleted,created_at,updated_at FROM intel_news WHERE deleted=false AND (push_status = ? AND importance = ?)
2026-08-22 21:37:54.384 DEBUG 215277 --- [   scheduling-1] c.p.i.mapper.IntelNewsMapper.selectList  : ==> Parameters: none(String), high(String)
2026-08-22 21:37:54.384 DEBUG 215277 --- [   scheduling-1] c.p.i.mapper.IntelNewsMapper.selectList  : <==      Total: 0
2026-08-22 21:37:54.384 DEBUG 215277 --- [   scheduling-1] c.p.i.mapper.IntelNewsMapper.selectList  : ==>  Preparing: SELECT id,source_code,title,content,region_code,normalized_tags,importance,published_at,push_status,version,deleted,created_at,updated_at FROM intel_news WHERE deleted=false AND (push_status = ? AND importance = ?)
2026-08-22 21:37:54.385 DEBUG 215277 --- [   scheduling-1] c.p.i.mapper.IntelNewsMapper.selectList  : ==> Parameters: none(String), high(String)
2026-08-22 21:37:54.385 DEBUG 215277 --- [   scheduling-1] c.p.i.mapper.IntelNewsMapper.selectList  : <==      Total: 0
2026-08-22 21:37:54.386 DEBUG 215277 --- [   scheduling-1] c.p.i.mapper.IntelNewsMapper.selectList  : ==>  Preparing: SELECT id,source_code,title,content,region_code,normalized_tags,importance,published_at,push_status,version,deleted,created_at,updated_at FROM intel_news WHERE deleted=false AND (push_status = ? AND importance = ?)
2026-08-22 21:37:54.386 DEBUG 215277 --- [   scheduling-1] c.p.i.mapper.IntelNewsMapper.selectList  : ==> Parameters: none(String), high(String)
2026-08-22 21:37:54.386 DEBUG 215277 --- [   scheduling-1] c.p.i.mapper.IntelNewsMapper.selectList  : <==      Total: 0
2026-08-22 21:37:54.387  INFO 215277 --- [   scheduling-1] com.ptidss.intel.service.IntelService    : 情报推送执行完成：匹配情报 0 条，派发消息 0 条，触发决策会话情报重评 0 个
2026-08-22 21:38:03.705 DEBUG 215277 --- [   scheduling-1] c.p.d.m.CollectTaskMapper.selectList     : ==>  Preparing: SELECT id,source_id,task_type,cron_expr,last_run_time,last_status,records_count,error_log,version,deleted,created_at,updated_at FROM collect_task WHERE deleted=false AND (cron_expr IS NOT NULL)
2026-08-22 21:38:03.706 DEBUG 215277 --- [   scheduling-1] c.p.d.m.CollectTaskMapper.selectList     : ==> Parameters: 
2026-08-22 21:38:03.706 DEBUG 215277 --- [   scheduling-1] c.p.d.m.CollectTaskMapper.selectList     : <==      Total: 3
2026-08-22 21:38:13.926 DEBUG 215277 --- [   scheduling-1] c.p.i.m.IntelSourceMapper.selectList     : ==>  Preparing: SELECT id,source_code,source_name,intel_type,fetch_mode,conn_type,conn_config,frequency,status,last_success_at,last_error,consecutive_failures,version,deleted,created_at,updated_at FROM intel_source WHERE deleted=false AND (status = ?)
2026-08-22 21:38:13.926 DEBUG 215277 --- [   scheduling-1] c.p.i.m.IntelSourceMapper.selectList     : ==> Parameters: enabled(String)
2026-08-22 21:38:13.926 DEBUG 215277 --- [   scheduling-1] c.p.i.m.IntelSourceMapper.selectList     : <==      Total: 21
2026-08-22 21:38:13.927  INFO 215277 --- [   scheduling-1] c.p.intel.service.IntelFetchService      : 行情采集执行完成：到期 0 个（成功 0 / 失败 0 / 跳过未到期 21）
2026-08-22 21:38:24.388 DEBUG 215277 --- [   scheduling-1] c.p.i.m.IntelPushRuleMapper.selectList   : ==>  Preparing: SELECT id,rule_name,tags_filter,importance_filter,target_roles,channel,silent_period,status,version,deleted,created_at,updated_at FROM intel_push_rule WHERE deleted=false AND (status = ?)
2026-08-22 21:38:24.388 DEBUG 215277 --- [   scheduling-1] c.p.i.m.IntelPushRuleMapper.selectList   : ==> Parameters: active(String)
2026-08-22 21:38:24.389 DEBUG 215277 --- [   scheduling-1] c.p.i.m.IntelPushRuleMapper.selectList   : <==      Total: 15
2026-08-22 21:38:24.389 DEBUG 215277 --- [   scheduling-1] c.p.i.mapper.IntelNewsMapper.selectList  : ==>  Preparing: SELECT id,source_code,title,content,region_code,normalized_tags,importance,published_at,push_status,version,deleted,created_at,updated_at FROM intel_news WHERE deleted=false AND (push_status = ? AND importance = ?)
2026-08-22 21:38:24.389 DEBUG 215277 --- [   scheduling-1] c.p.i.mapper.IntelNewsMapper.selectList  : ==> Parameters: none(String), high(String)
2026-08-22 21:38:24.390 DEBUG 215277 --- [   scheduling-1] c.p.i.mapper.IntelNewsMapper.selectList  : <==      Total: 0
2026-08-22 21:38:24.390 DEBUG 215277 --- [   scheduling-1] c.p.i.mapper.IntelNewsMapper.selectList  : ==>  Preparing: SELECT id,source_code,title,content,region_code,normalized_tags,importance,published_at,push_status,version,deleted,created_at,updated_at FROM intel_news WHERE deleted=false AND (push_status = ? AND importance = ?)
2026-08-22 21:38:24.390 DEBUG 215277 --- [   scheduling-1] c.p.i.mapper.IntelNewsMapper.selectList  : ==> Parameters: none(String), medium(String)
2026-08-22 21:38:24.393 DEBUG 215277 --- [   scheduling-1] c.p.i.mapper.IntelNewsMapper.selectList  : <==      Total: 289
2026-08-22 21:38:24.394 DEBUG 215277 --- [   scheduling-1] c.p.i.mapper.IntelNewsMapper.selectList  : ==>  Preparing: SELECT id,source_code,title,content,region_code,normalized_tags,importance,published_at,push_status,version,deleted,created_at,updated_at FROM intel_news WHERE deleted=false AND (push_status = ? AND importance = ?)
2026-08-22 21:38:24.394 DEBUG 215277 --- [   scheduling-1] c.p.i.mapper.IntelNewsMapper.selectList  : ==> Parameters: none(String), high(String)
2026-08-22 21:38:24.394 DEBUG 215277 --- [   scheduling-1] c.p.i.mapper.IntelNewsMapper.selectList  : <==      Total: 0
2026-08-22 21:38:24.395 DEBUG 215277 --- [   scheduling-1] c.p.i.mapper.IntelNewsMapper.selectList  : ==>  Preparing: SELECT id,source_code,title,content,region_code,normalized_tags,importance,published_at,push_status,version,deleted,created_at,updated_at FROM intel_news WHERE deleted=false AND (push_status = ? AND importance = ?)
2026-08-22 21:38:24.395 DEBUG 215277 --- [   scheduling-1] c.p.i.mapper.IntelNewsMapper.selectList  : ==> Parameters: none(String), high(String)
2026-08-22 21:38:24.395 DEBUG 215277 --- [   scheduling-1] c.p.i.mapper.IntelNewsMapper.selectList  : <==      Total: 0
2026-08-22 21:38:24.395 DEBUG 215277 --- [   scheduling-1] c.p.i.mapper.IntelNewsMapper.selectList  : ==>  Preparing: SELECT id,source_code,title,content,region_code,normalized_tags,importance,published_at,push_status,version,deleted,created_at,updated_at FROM intel_news WHERE deleted=false AND (push_status = ? AND importance = ?)
2026-08-22 21:38:24.396 DEBUG 215277 --- [   scheduling-1] c.p.i.mapper.IntelNewsMapper.selectList  : ==> Parameters: none(String), high(String)
2026-08-22 21:38:24.396 DEBUG 215277 --- [   scheduling-1] c.p.i.mapper.IntelNewsMapper.selectList  : <==      Total: 0
2026-08-22 21:38:24.396 DEBUG 215277 --- [   scheduling-1] c.p.i.mapper.IntelNewsMapper.selectList  : ==>  Preparing: SELECT id,source_code,title,content,region_code,normalized_tags,importance,published_at,push_status,version,deleted,created_at,updated_at FROM intel_news WHERE deleted=false AND (push_status = ? AND importance = ?)
2026-08-22 21:38:24.396 DEBUG 215277 --- [   scheduling-1] c.p.i.mapper.IntelNewsMapper.selectList  : ==> Parameters: none(String), high(String)
2026-08-22 21:38:24.396 DEBUG 215277 --- [   scheduling-1] c.p.i.mapper.IntelNewsMapper.selectList  : <==      Total: 0
2026-08-22 21:38:24.397 DEBUG 215277 --- [   scheduling-1] c.p.i.mapper.IntelNewsMapper.selectList  : ==>  Preparing: SELECT id,source_code,title,content,region_code,normalized_tags,importance,published_at,push_status,version,deleted,created_at,updated_at FROM intel_news WHERE deleted=false AND (push_status = ? AND importance = ?)
2026-08-22 21:38:24.397 DEBUG 215277 --- [   scheduling-1] c.p.i.mapper.IntelNewsMapper.selectList  : ==> Parameters: none(String), high(String)
2026-08-22 21:38:24.397 DEBUG 215277 --- [   scheduling-1] c.p.i.mapper.IntelNewsMapper.selectList  : <==      Total: 0
2026-08-22 21:38:24.398 DEBUG 215277 --- [   scheduling-1] c.p.i.mapper.IntelNewsMapper.selectList  : ==>  Preparing: SELECT id,source_code,title,content,region_code,normalized_tags,importance,published_at,push_status,version,deleted,created_at,updated_at FROM intel_news WHERE deleted=false AND (push_status = ? AND importance = ?)
2026-08-22 21:38:24.398 DEBUG 215277 --- [   scheduling-1] c.p.i.mapper.IntelNewsMapper.selectList  : ==> Parameters: none(String), high(String)
2026-08-22 21:38:24.398 DEBUG 215277 --- [   scheduling-1] c.p.i.mapper.IntelNewsMapper.selectList  : <==      Total: 0
2026-08-22 21:38:24.398 DEBUG 215277 --- [   scheduling-1] c.p.i.mapper.IntelNewsMapper.selectList  : ==>  Preparing: SELECT id,source_code,title,content,region_code,normalized_tags,importance,published_at,push_status,version,deleted,created_at,updated_at FROM intel_news WHERE deleted=false AND (push_status = ? AND importance = ?)
2026-08-22 21:38:24.398 DEBUG 215277 --- [   scheduling-1] c.p.i.mapper.IntelNewsMapper.selectList  : ==> Parameters: none(String), high(String)
2026-08-22 21:38:24.399 DEBUG 215277 --- [   scheduling-1] c.p.i.mapper.IntelNewsMapper.selectList  : <==      Total: 0
2026-08-22 21:38:24.399 DEBUG 215277 --- [   scheduling-1] c.p.i.mapper.IntelNewsMapper.selectList  : ==>  Preparing: SELECT id,source_code,title,content,region_code,normalized_tags,importance,published_at,push_status,version,deleted,created_at,updated_at FROM intel_news WHERE deleted=false AND (push_status = ? AND importance = ?)
2026-08-22 21:38:24.399 DEBUG 215277 --- [   scheduling-1] c.p.i.mapper.IntelNewsMapper.selectList  : ==> Parameters: none(String), high(String)
2026-08-22 21:38:24.400 DEBUG 215277 --- [   scheduling-1] c.p.i.mapper.IntelNewsMapper.selectList  : <==      Total: 0
2026-08-22 21:38:24.400 DEBUG 215277 --- [   scheduling-1] c.p.i.mapper.IntelNewsMapper.selectList  : ==>  Preparing: SELECT id,source_code,title,content,region_code,normalized_tags,importance,published_at,push_status,version,deleted,created_at,updated_at FROM intel_news WHERE deleted=false AND (push_status = ? AND importance = ?)
2026-08-22 21:38:24.400 DEBUG 215277 --- [   scheduling-1] c.p.i.mapper.IntelNewsMapper.selectList  : ==> Parameters: none(String), high(String)
2026-08-22 21:38:24.401 DEBUG 215277 --- [   scheduling-1] c.p.i.mapper.IntelNewsMapper.selectList  : <==      Total: 0
2026-08-22 21:38:24.401 DEBUG 215277 --- [   scheduling-1] c.p.i.mapper.IntelNewsMapper.selectList  : ==>  Preparing: SELECT id,source_code,title,content,region_code,normalized_tags,importance,published_at,push_status,version,deleted,created_at,updated_at FROM intel_news WHERE deleted=false AND (push_status = ? AND importance = ?)
2026-08-22 21:38:24.401 DEBUG 215277 --- [   scheduling-1] c.p.i.mapper.IntelNewsMapper.selectList  : ==> Parameters: none(String), high(String)
2026-08-22 21:38:24.402 DEBUG 215277 --- [   scheduling-1] c.p.i.mapper.IntelNewsMapper.selectList  : <==      Total: 0
2026-08-22 21:38:24.402 DEBUG 215277 --- [   scheduling-1] c.p.i.mapper.IntelNewsMapper.selectList  : ==>  Preparing: SELECT id,source_code,title,content,region_code,normalized_tags,importance,published_at,push_status,version,deleted,created_at,updated_at FROM intel_news WHERE deleted=false AND (push_status = ? AND importance = ?)
2026-08-22 21:38:24.402 DEBUG 215277 --- [   scheduling-1] c.p.i.mapper.IntelNewsMapper.selectList  : ==> Parameters: none(String), high(String)
2026-08-22 21:38:24.403 DEBUG 215277 --- [   scheduling-1] c.p.i.mapper.IntelNewsMapper.selectList  : <==      Total: 0
2026-08-22 21:38:24.403 DEBUG 215277 --- [   scheduling-1] c.p.i.mapper.IntelNewsMapper.selectList  : ==>  Preparing: SELECT id,source_code,title,content,region_code,normalized_tags,importance,published_at,push_status,version,deleted,created_at,updated_at FROM intel_news WHERE deleted=false AND (push_status = ? AND importance = ?)
2026-08-22 21:38:24.403 DEBUG 215277 --- [   scheduling-1] c.p.i.mapper.IntelNewsMapper.selectList  : ==> Parameters: none(String), high(String)
2026-08-22 21:38:24.404 DEBUG 215277 --- [   scheduling-1] c.p.i.mapper.IntelNewsMapper.selectList  : <==      Total: 0
2026-08-22 21:38:24.404 DEBUG 215277 --- [   scheduling-1] c.p.i.mapper.IntelNewsMapper.selectList  : ==>  Preparing: SELECT id,source_code,title,content,region_code,normalized_tags,importance,published_at,push_status,version,deleted,created_at,updated_at FROM intel_news WHERE deleted=false AND (push_status = ? AND importance = ?)
2026-08-22 21:38:24.404 DEBUG 215277 --- [   scheduling-1] c.p.i.mapper.IntelNewsMapper.selectList  : ==> Parameters: none(String), high(String)
2026-08-22 21:38:24.405 DEBUG 215277 --- [   scheduling-1] c.p.i.mapper.IntelNewsMapper.selectList  : <==      Total: 0
2026-08-22 21:38:24.405  INFO 215277 --- [   scheduling-1] com.ptidss.intel.service.IntelService    : 情报推送执行完成：匹配情报 0 条，派发消息 0 条，触发决策会话情报重评 0 个
2026-08-22 21:38:54.406 DEBUG 215277 --- [   scheduling-1] c.p.i.m.IntelPushRuleMapper.selectList   : ==>  Preparing: SELECT id,rule_name,tags_filter,importance_filter,target_roles,channel,silent_period,status,version,deleted,created_at,updated_at FROM intel_push_rule WHERE deleted=false AND (status = ?)
2026-08-22 21:38:54.406 DEBUG 215277 --- [   scheduling-1] c.p.i.m.IntelPushRuleMapper.selectList   : ==> Parameters: active(String)
2026-08-22 21:38:54.407 DEBUG 215277 --- [   scheduling-1] c.p.i.m.IntelPushRuleMapper.selectList   : <==      Total: 15
2026-08-22 21:38:54.407 DEBUG 215277 --- [   scheduling-1] c.p.i.mapper.IntelNewsMapper.selectList  : ==>  Preparing: SELECT id,source_code,title,content,region_code,normalized_tags,importance,published_at,push_status,version,deleted,created_at,updated_at FROM intel_news WHERE deleted=false AND (push_status = ? AND importance = ?)
2026-08-22 21:38:54.407 DEBUG 215277 --- [   scheduling-1] c.p.i.mapper.IntelNewsMapper.selectList  : ==> Parameters: none(String), high(String)
2026-08-22 21:38:54.407 DEBUG 215277 --- [   scheduling-1] c.p.i.mapper.IntelNewsMapper.selectList  : <==      Total: 0
2026-08-22 21:38:54.408 DEBUG 215277 --- [   scheduling-1] c.p.i.mapper.IntelNewsMapper.selectList  : ==>  Preparing: SELECT id,source_code,title,content,region_code,normalized_tags,importance,published_at,push_status,version,deleted,created_at,updated_at FROM intel_news WHERE deleted=false AND (push_status = ? AND importance = ?)
2026-08-22 21:38:54.408 DEBUG 215277 --- [   scheduling-1] c.p.i.mapper.IntelNewsMapper.selectList  : ==> Parameters: none(String), medium(String)
2026-08-22 21:38:54.412 DEBUG 215277 --- [   scheduling-1] c.p.i.mapper.IntelNewsMapper.selectList  : <==      Total: 289
2026-08-22 21:38:54.413 DEBUG 215277 --- [   scheduling-1] c.p.i.mapper.IntelNewsMapper.selectList  : ==>  Preparing: SELECT id,source_code,title,content,region_code,normalized_tags,importance,published_at,push_status,version,deleted,created_at,updated_at FROM intel_news WHERE deleted=false AND (push_status = ? AND importance = ?)
2026-08-22 21:38:54.413 DEBUG 215277 --- [   scheduling-1] c.p.i.mapper.IntelNewsMapper.selectList  : ==> Parameters: none(String), high(String)
2026-08-22 21:38:54.414 DEBUG 215277 --- [   scheduling-1] c.p.i.mapper.IntelNewsMapper.selectList  : <==      Total: 0
2026-08-22 21:38:54.414 DEBUG 215277 --- [   scheduling-1] c.p.i.mapper.IntelNewsMapper.selectList  : ==>  Preparing: SELECT id,source_code,title,content,region_code,normalized_tags,importance,published_at,push_status,version,deleted,created_at,updated_at FROM intel_news WHERE deleted=false AND (push_status = ? AND importance = ?)
2026-08-22 21:38:54.415 DEBUG 215277 --- [   scheduling-1] c.p.i.mapper.IntelNewsMapper.selectList  : ==> Parameters: none(String), high(String)
2026-08-22 21:38:54.415 DEBUG 215277 --- [   scheduling-1] c.p.i.mapper.IntelNewsMapper.selectList  : <==      Total: 0
2026-08-22 21:38:54.416 DEBUG 215277 --- [   scheduling-1] c.p.i.mapper.IntelNewsMapper.selectList  : ==>  Preparing: SELECT id,source_code,title,content,region_code,normalized_tags,importance,published_at,push_status,version,deleted,created_at,updated_at FROM intel_news WHERE deleted=false AND (push_status = ? AND importance = ?)
2026-08-22 21:38:54.416 DEBUG 215277 --- [   scheduling-1] c.p.i.mapper.IntelNewsMapper.selectList  : ==> Parameters: none(String), high(String)
2026-08-22 21:38:54.416 DEBUG 215277 --- [   scheduling-1] c.p.i.mapper.IntelNewsMapper.selectList  : <==      Total: 0
2026-08-22 21:38:54.417 DEBUG 215277 --- [   scheduling-1] c.p.i.mapper.IntelNewsMapper.selectList  : ==>  Preparing: SELECT id,source_code,title,content,region_code,normalized_tags,importance,published_at,push_status,version,deleted,created_at,updated_at FROM intel_news WHERE deleted=false AND (push_status = ? AND importance = ?)
2026-08-22 21:38:54.417 DEBUG 215277 --- [   scheduling-1] c.p.i.mapper.IntelNewsMapper.selectList  : ==> Parameters: none(String), high(String)
2026-08-22 21:38:54.417 DEBUG 215277 --- [   scheduling-1] c.p.i.mapper.IntelNewsMapper.selectList  : <==      Total: 0
2026-08-22 21:38:54.418 DEBUG 215277 --- [   scheduling-1] c.p.i.mapper.IntelNewsMapper.selectList  : ==>  Preparing: SELECT id,source_code,title,content,region_code,normalized_tags,importance,published_at,push_status,version,deleted,created_at,updated_at FROM intel_news WHERE deleted=false AND (push_status = ? AND importance = ?)
2026-08-22 21:38:54.418 DEBUG 215277 --- [   scheduling-1] c.p.i.mapper.IntelNewsMapper.selectList  : ==> Parameters: none(String), high(String)
2026-08-22 21:38:54.418 DEBUG 215277 --- [   scheduling-1] c.p.i.mapper.IntelNewsMapper.selectList  : <==      Total: 0
2026-08-22 21:38:54.419 DEBUG 215277 --- [   scheduling-1] c.p.i.mapper.IntelNewsMapper.selectList  : ==>  Preparing: SELECT id,source_code,title,content,region_code,normalized_tags,importance,published_at,push_status,version,deleted,created_at,updated_at FROM intel_news WHERE deleted=false AND (push_status = ? AND importance = ?)
2026-08-22 21:38:54.419 DEBUG 215277 --- [   scheduling-1] c.p.i.mapper.IntelNewsMapper.selectList  : ==> Parameters: none(String), high(String)
2026-08-22 21:38:54.419 DEBUG 215277 --- [   scheduling-1] c.p.i.mapper.IntelNewsMapper.selectList  : <==      Total: 0
2026-08-22 21:38:54.419 DEBUG 215277 --- [   scheduling-1] c.p.i.mapper.IntelNewsMapper.selectList  : ==>  Preparing: SELECT id,source_code,title,content,region_code,normalized_tags,importance,published_at,push_status,version,deleted,created_at,updated_at FROM intel_news WHERE deleted=false AND (push_status = ? AND importance = ?)
2026-08-22 21:38:54.419 DEBUG 215277 --- [   scheduling-1] c.p.i.mapper.IntelNewsMapper.selectList  : ==> Parameters: none(String), high(String)
2026-08-22 21:38:54.420 DEBUG 215277 --- [   scheduling-1] c.p.i.mapper.IntelNewsMapper.selectList  : <==      Total: 0
2026-08-22 21:38:54.420 DEBUG 215277 --- [   scheduling-1] c.p.i.mapper.IntelNewsMapper.selectList  : ==>  Preparing: SELECT id,source_code,title,content,region_code,normalized_tags,importance,published_at,push_status,version,deleted,created_at,updated_at FROM intel_news WHERE deleted=false AND (push_status = ? AND importance = ?)
2026-08-22 21:38:54.420 DEBUG 215277 --- [   scheduling-1] c.p.i.mapper.IntelNewsMapper.selectList  : ==> Parameters: none(String), high(String)
2026-08-22 21:38:54.421 DEBUG 215277 --- [   scheduling-1] c.p.i.mapper.IntelNewsMapper.selectList  : <==      Total: 0
2026-08-22 21:38:54.421 DEBUG 215277 --- [   scheduling-1] c.p.i.mapper.IntelNewsMapper.selectList  : ==>  Preparing: SELECT id,source_code,title,content,region_code,normalized_tags,importance,published_at,push_status,version,deleted,created_at,updated_at FROM intel_news WHERE deleted=false AND (push_status = ? AND importance = ?)
2026-08-22 21:38:54.421 DEBUG 215277 --- [   scheduling-1] c.p.i.mapper.IntelNewsMapper.selectList  : ==> Parameters: none(String), high(String)
2026-08-22 21:38:54.421 DEBUG 215277 --- [   scheduling-1] c.p.i.mapper.IntelNewsMapper.selectList  : <==      Total: 0
2026-08-22 21:38:54.422 DEBUG 215277 --- [   scheduling-1] c.p.i.mapper.IntelNewsMapper.selectList  : ==>  Preparing: SELECT id,source_code,title,content,region_code,normalized_tags,importance,published_at,push_status,version,deleted,created_at,updated_at FROM intel_news WHERE deleted=false AND (push_status = ? AND importance = ?)
2026-08-22 21:38:54.422 DEBUG 215277 --- [   scheduling-1] c.p.i.mapper.IntelNewsMapper.selectList  : ==> Parameters: none(String), high(String)
2026-08-22 21:38:54.423 DEBUG 215277 --- [   scheduling-1] c.p.i.mapper.IntelNewsMapper.selectList  : <==      Total: 0
2026-08-22 21:38:54.423 DEBUG 215277 --- [   scheduling-1] c.p.i.mapper.IntelNewsMapper.selectList  : ==>  Preparing: SELECT id,source_code,title,content,region_code,normalized_tags,importance,published_at,push_status,version,deleted,created_at,updated_at FROM intel_news WHERE deleted=false AND (push_status = ? AND importance = ?)
2026-08-22 21:38:54.423 DEBUG 215277 --- [   scheduling-1] c.p.i.mapper.IntelNewsMapper.selectList  : ==> Parameters: none(String), high(String)
2026-08-22 21:38:54.423 DEBUG 215277 --- [   scheduling-1] c.p.i.mapper.IntelNewsMapper.selectList  : <==      Total: 0
2026-08-22 21:38:54.424 DEBUG 215277 --- [   scheduling-1] c.p.i.mapper.IntelNewsMapper.selectList  : ==>  Preparing: SELECT id,source_code,title,content,region_code,normalized_tags,importance,published_at,push_status,version,deleted,created_at,updated_at FROM intel_news WHERE deleted=false AND (push_status = ? AND importance = ?)
2026-08-22 21:38:54.424 DEBUG 215277 --- [   scheduling-1] c.p.i.mapper.IntelNewsMapper.selectList  : ==> Parameters: none(String), high(String)
2026-08-22 21:38:54.424 DEBUG 215277 --- [   scheduling-1] c.p.i.mapper.IntelNewsMapper.selectList  : <==      Total: 0
2026-08-22 21:38:54.425 DEBUG 215277 --- [   scheduling-1] c.p.i.mapper.IntelNewsMapper.selectList  : ==>  Preparing: SELECT id,source_code,title,content,region_code,normalized_tags,importance,published_at,push_status,version,deleted,created_at,updated_at FROM intel_news WHERE deleted=false AND (push_status = ? AND importance = ?)
2026-08-22 21:38:54.425 DEBUG 215277 --- [   scheduling-1] c.p.i.mapper.IntelNewsMapper.selectList  : ==> Parameters: none(String), high(String)
2026-08-22 21:38:54.425 DEBUG 215277 --- [   scheduling-1] c.p.i.mapper.IntelNewsMapper.selectList  : <==      Total: 0
2026-08-22 21:38:54.426  INFO 215277 --- [   scheduling-1] com.ptidss.intel.service.IntelService    : 情报推送执行完成：匹配情报 0 条，派发消息 0 条，触发决策会话情报重评 0 个
2026-08-22 21:39:03.707 DEBUG 215277 --- [   scheduling-1] c.p.d.m.CollectTaskMapper.selectList     : ==>  Preparing: SELECT id,source_id,task_type,cron_expr,last_run_time,last_status,records_count,error_log,version,deleted,created_at,updated_at FROM collect_task WHERE deleted=false AND (cron_expr IS NOT NULL)
2026-08-22 21:39:03.707 DEBUG 215277 --- [   scheduling-1] c.p.d.m.CollectTaskMapper.selectList     : ==> Parameters: 
2026-08-22 21:39:03.708 DEBUG 215277 --- [   scheduling-1] c.p.d.m.CollectTaskMapper.selectList     : <==      Total: 3
2026-08-22 21:39:13.928 DEBUG 215277 --- [   scheduling-1] c.p.i.m.IntelSourceMapper.selectList     : ==>  Preparing: SELECT id,source_code,source_name,intel_type,fetch_mode,conn_type,conn_config,frequency,status,last_success_at,last_error,consecutive_failures,version,deleted,created_at,updated_at FROM intel_source WHERE deleted=false AND (status = ?)
2026-08-22 21:39:13.928 DEBUG 215277 --- [   scheduling-1] c.p.i.m.IntelSourceMapper.selectList     : ==> Parameters: enabled(String)
2026-08-22 21:39:13.929 DEBUG 215277 --- [   scheduling-1] c.p.i.m.IntelSourceMapper.selectList     : <==      Total: 21
2026-08-22 21:39:13.932 DEBUG 215277 --- [   scheduling-1] c.p.intel.mapper.IntelNewsMapper.insert  : ==>  Preparing: INSERT INTO intel_news ( id, source_code, title, content, region_code, normalized_tags, importance, published_at, push_status, version, deleted, created_at, updated_at ) VALUES ( ?, ?, ?, ?, ?, ?, ?, ?, ?, ?, ?, ?, ? )
2026-08-22 21:39:13.932 DEBUG 215277 --- [   scheduling-1] c.p.intel.mapper.IntelNewsMapper.insert  : ==> Parameters: 216914110162538496(Long), INTL-PRICE-SD(String), 【山东现货】21:39 出清均价 332 元/MWh(String), 【价格】山东电力现货市场 2026-08-22 21:39 最新出清均价 332 元/MWh，较昨日同时段回落 5 元/MWh。本条为行情接入模拟数据（mock=true），生产环境配置真实 endpoint 后自动切换真实拉取。(String), CN-37(String), ["现货","价格"](String), medium(String), 2026-08-22 21:39:13.93(Timestamp), none(String), 1(Integer), false(Boolean), 2026-08-22 21:39:13.932(Timestamp), 2026-08-22 21:39:13.932(Timestamp)
2026-08-22 21:39:13.935 DEBUG 215277 --- [   scheduling-1] c.p.intel.mapper.IntelNewsMapper.insert  : <==    Updates: 1
2026-08-22 21:39:13.938 DEBUG 215277 --- [   scheduling-1] c.p.i.m.IntelSourceMapper.updateById     : ==>  Preparing: UPDATE intel_source SET last_success_at=?, consecutive_failures=?, updated_at=? WHERE id=? AND deleted=false
2026-08-22 21:39:13.939 DEBUG 215277 --- [   scheduling-1] c.p.i.m.IntelSourceMapper.updateById     : ==> Parameters: 2026-08-22 21:39:13.935(Timestamp), 0(Integer), 2026-08-22 21:39:13.938(Timestamp), 11(Long)
2026-08-22 21:39:13.940 DEBUG 215277 --- [   scheduling-1] c.p.i.m.IntelSourceMapper.updateById     : <==    Updates: 1
2026-08-22 21:39:13.940  INFO 215277 --- [   scheduling-1] c.p.intel.service.IntelFetchService      : 情报源模拟采集：INTL-PRICE-SD 生成模拟情报
2026-08-22 21:39:13.941 DEBUG 215277 --- [   scheduling-1] c.p.intel.mapper.IntelNewsMapper.insert  : ==>  Preparing: INSERT INTO intel_news ( id, source_code, title, content, normalized_tags, importance, published_at, push_status, version, deleted, created_at, updated_at ) VALUES ( ?, ?, ?, ?, ?, ?, ?, ?, ?, ?, ?, ? )
2026-08-22 21:39:13.942 DEBUG 215277 --- [   scheduling-1] c.p.intel.mapper.IntelNewsMapper.insert  : ==> Parameters: 216914110200287232(Long), INTL-PRICE-NEM(String), 【国家出清价格现货】21:39 出清均价 330 元/MWh(String), 【价格】国家出清价格电力现货市场 2026-08-22 21:39 最新出清均价 330 元/MWh，较昨日同时段上涨 7 元/MWh。本条为行情接入模拟数据（mock=true），生产环境配置真实 endpoint 后自动切换真实拉取。(String), ["现货","价格"](String), medium(String), 2026-08-22 21:39:13.941(Timestamp), none(String), 1(Integer), false(Boolean), 2026-08-22 21:39:13.941(Timestamp), 2026-08-22 21:39:13.941(Timestamp)
2026-08-22 21:39:13.943 DEBUG 215277 --- [   scheduling-1] c.p.intel.mapper.IntelNewsMapper.insert  : <==    Updates: 1
2026-08-22 21:39:13.943 DEBUG 215277 --- [   scheduling-1] c.p.i.m.IntelSourceMapper.updateById     : ==>  Preparing: UPDATE intel_source SET last_success_at=?, consecutive_failures=?, updated_at=? WHERE id=? AND deleted=false
2026-08-22 21:39:13.943 DEBUG 215277 --- [   scheduling-1] c.p.i.m.IntelSourceMapper.updateById     : ==> Parameters: 2026-08-22 21:39:13.943(Timestamp), 0(Integer), 2026-08-22 21:39:13.943(Timestamp), 5(Long)
2026-08-22 21:39:13.945 DEBUG 215277 --- [   scheduling-1] c.p.i.m.IntelSourceMapper.updateById     : <==    Updates: 1
2026-08-22 21:39:13.945  INFO 215277 --- [   scheduling-1] c.p.intel.service.IntelFetchService      : 情报源模拟采集：INTL-PRICE-NEM 生成模拟情报
2026-08-22 21:39:13.945 DEBUG 215277 --- [   scheduling-1] c.p.intel.mapper.IntelNewsMapper.insert  : ==>  Preparing: INSERT INTO intel_news ( id, source_code, title, content, normalized_tags, importance, published_at, push_status, version, deleted, created_at, updated_at ) VALUES ( ?, ?, ?, ?, ?, ?, ?, ?, ?, ?, ?, ? )
2026-08-22 21:39:13.946 DEBUG 215277 --- [   scheduling-1] c.p.intel.mapper.IntelNewsMapper.insert  : ==> Parameters: 216914110217064448(Long), INTL-POL-ENERGY(String), 【能源局交易规则公告】现货交易规则公告更新（2026-08-22）(String), 【政策】能源局交易规则公告现货交易相关规则公告于 2026-08-22 更新，请以交易中心正式发布为准。本条为行情接入模拟数据。(String), ["现货","政策"](String), medium(String), 2026-08-22 21:39:13.945(Timestamp), none(String), 1(Integer), false(Boolean), 2026-08-22 21:39:13.945(Timestamp), 2026-08-22 21:39:13.945(Timestamp)
2026-08-22 21:39:13.947 DEBUG 215277 --- [   scheduling-1] c.p.intel.mapper.IntelNewsMapper.insert  : <==    Updates: 1
2026-08-22 21:39:13.947 DEBUG 215277 --- [   scheduling-1] c.p.i.m.IntelSourceMapper.updateById     : ==>  Preparing: UPDATE intel_source SET last_success_at=?, consecutive_failures=?, updated_at=? WHERE id=? AND deleted=false
2026-08-22 21:39:13.947 DEBUG 215277 --- [   scheduling-1] c.p.i.m.IntelSourceMapper.updateById     : ==> Parameters: 2026-08-22 21:39:13.947(Timestamp), 0(Integer), 2026-08-22 21:39:13.947(Timestamp), 9(Long)
2026-08-22 21:39:13.948 DEBUG 215277 --- [   scheduling-1] c.p.i.m.IntelSourceMapper.updateById     : <==    Updates: 1
2026-08-22 21:39:13.949  INFO 215277 --- [   scheduling-1] c.p.intel.service.IntelFetchService      : 情报源模拟采集：INTL-POL-ENERGY 生成模拟情报
2026-08-22 21:39:13.949 DEBUG 215277 --- [   scheduling-1] c.p.intel.mapper.IntelNewsMapper.insert  : ==>  Preparing: INSERT INTO intel_news ( id, source_code, title, content, region_code, normalized_tags, importance, published_at, push_status, version, deleted, created_at, updated_at ) VALUES ( ?, ?, ?, ?, ?, ?, ?, ?, ?, ?, ?, ?, ? )
2026-08-22 21:39:13.949 DEBUG 215277 --- [   scheduling-1] c.p.intel.mapper.IntelNewsMapper.insert  : ==> Parameters: 216914110233841664(Long), INTL-PRICE-MX(String), 【蒙西现货】21:39 出清均价 491 元/MWh(String), 【价格】蒙西电力现货市场 2026-08-22 21:39 最新出清均价 491 元/MWh，较昨日同时段上涨 66 元/MWh。本条为行情接入模拟数据（mock=true），生产环境配置真实 endpoint 后自动切换真实拉取。(String), CN-15(String), ["现货","价格"](String), medium(String), 2026-08-22 21:39:13.949(Timestamp), none(String), 1(Integer), false(Boolean), 2026-08-22 21:39:13.949(Timestamp), 2026-08-22 21:39:13.949(Timestamp)
2026-08-22 21:39:13.951 DEBUG 215277 --- [   scheduling-1] c.p.intel.mapper.IntelNewsMapper.insert  : <==    Updates: 1
2026-08-22 21:39:13.951 DEBUG 215277 --- [   scheduling-1] c.p.i.m.IntelSourceMapper.updateById     : ==>  Preparing: UPDATE intel_source SET last_success_at=?, consecutive_failures=?, updated_at=? WHERE id=? AND deleted=false
2026-08-22 21:39:13.951 DEBUG 215277 --- [   scheduling-1] c.p.i.m.IntelSourceMapper.updateById     : ==> Parameters: 2026-08-22 21:39:13.951(Timestamp), 0(Integer), 2026-08-22 21:39:13.951(Timestamp), 15(Long)
2026-08-22 21:39:13.952 DEBUG 215277 --- [   scheduling-1] c.p.i.m.IntelSourceMapper.updateById     : <==    Updates: 1
2026-08-22 21:39:13.953  INFO 215277 --- [   scheduling-1] c.p.intel.service.IntelFetchService      : 情报源模拟采集：INTL-PRICE-MX 生成模拟情报
2026-08-22 21:39:13.953 DEBUG 215277 --- [   scheduling-1] c.p.intel.mapper.IntelNewsMapper.insert  : ==>  Preparing: INSERT INTO intel_news ( id, source_code, title, content, normalized_tags, importance, published_at, push_status, version, deleted, created_at, updated_at ) VALUES ( ?, ?, ?, ?, ?, ?, ?, ?, ?, ?, ?, ? )
2026-08-22 21:39:13.954 DEBUG 215277 --- [   scheduling-1] c.p.intel.mapper.IntelNewsMapper.insert  : ==> Parameters: 216914110250618880(Long), INTL-SD-DEMAND(String), 【负荷预测公告电网】供需披露更新：预测最高负荷 5736 万千瓦(String), 【供需】负荷预测公告电网 2026-08-22 供需披露：预测最高负荷 5736 万千瓦，可调容量 573 万千瓦，供需形势偏紧。本条为行情接入模拟数据。(String), ["现货","供需"](String), medium(String), 2026-08-22 21:39:13.953(Timestamp), none(String), 1(Integer), false(Boolean), 2026-08-22 21:39:13.953(Timestamp), 2026-08-22 21:39:13.953(Timestamp)
2026-08-22 21:39:13.955 DEBUG 215277 --- [   scheduling-1] c.p.intel.mapper.IntelNewsMapper.insert  : <==    Updates: 1
2026-08-22 21:39:13.955 DEBUG 215277 --- [   scheduling-1] c.p.i.m.IntelSourceMapper.updateById     : ==>  Preparing: UPDATE intel_source SET last_success_at=?, consecutive_failures=?, updated_at=? WHERE id=? AND deleted=false
2026-08-22 21:39:13.955 DEBUG 215277 --- [   scheduling-1] c.p.i.m.IntelSourceMapper.updateById     : ==> Parameters: 2026-08-22 21:39:13.955(Timestamp), 0(Integer), 2026-08-22 21:39:13.955(Timestamp), 10(Long)
2026-08-22 21:39:13.957 DEBUG 215277 --- [   scheduling-1] c.p.i.m.IntelSourceMapper.updateById     : <==    Updates: 1
2026-08-22 21:39:13.957  INFO 215277 --- [   scheduling-1] c.p.intel.service.IntelFetchService      : 情报源模拟采集：INTL-SD-DEMAND 生成模拟情报
2026-08-22 21:39:13.959 DEBUG 215277 --- [   scheduling-1] c.p.intel.mapper.IntelNewsMapper.insert  : ==>  Preparing: INSERT INTO intel_news ( id, source_code, title, content, normalized_tags, importance, published_at, push_status, version, deleted, created_at, updated_at ) VALUES ( ?, ?, ?, ?, ?, ?, ?, ?, ?, ?, ?, ? )
2026-08-22 21:39:13.959 DEBUG 215277 --- [   scheduling-1] c.p.intel.mapper.IntelNewsMapper.insert  : ==> Parameters: 216914110275784704(Long), INTL-PROV-JS(String), 【江苏省公告】运行公告更新（2026-08-22）(String), 【公告】江苏省公告运行公告于 2026-08-22 21:39 更新，请关注机组检修、输电通道及市场运行安排。本条为行情接入模拟数据。(String), ["现货","公告"](String), medium(String), 2026-08-22 21:39:13.957(Timestamp), none(String), 1(Integer), false(Boolean), 2026-08-22 21:39:13.959(Timestamp), 2026-08-22 21:39:13.959(Timestamp)
2026-08-22 21:39:13.961 DEBUG 215277 --- [   scheduling-1] c.p.intel.mapper.IntelNewsMapper.insert  : <==    Updates: 1
2026-08-22 21:39:13.961 DEBUG 215277 --- [   scheduling-1] c.p.i.m.IntelSourceMapper.updateById     : ==>  Preparing: UPDATE intel_source SET last_success_at=?, consecutive_failures=?, updated_at=? WHERE id=? AND deleted=false
2026-08-22 21:39:13.961 DEBUG 215277 --- [   scheduling-1] c.p.i.m.IntelSourceMapper.updateById     : ==> Parameters: 2026-08-22 21:39:13.961(Timestamp), 0(Integer), 2026-08-22 21:39:13.961(Timestamp), 1(Long)
2026-08-22 21:39:13.962 DEBUG 215277 --- [   scheduling-1] c.p.i.m.IntelSourceMapper.updateById     : <==    Updates: 1
2026-08-22 21:39:13.962  INFO 215277 --- [   scheduling-1] c.p.intel.service.IntelFetchService      : 情报源模拟采集：INTL-PROV-JS 生成模拟情报
2026-08-22 21:39:13.963 DEBUG 215277 --- [   scheduling-1] c.p.intel.mapper.IntelNewsMapper.insert  : ==>  Preparing: INSERT INTO intel_news ( id, source_code, title, content, normalized_tags, importance, published_at, push_status, version, deleted, created_at, updated_at ) VALUES ( ?, ?, ?, ?, ?, ?, ?, ?, ?, ?, ?, ? )
2026-08-22 21:39:13.964 DEBUG 215277 --- [   scheduling-1] c.p.intel.mapper.IntelNewsMapper.insert  : ==> Parameters: 216914110292561920(Long), INTL-NEA(String), 【国家能源局政策发布】现货交易规则公告更新（2026-08-22）(String), 【政策】国家能源局政策发布现货交易相关规则公告于 2026-08-22 更新，请以交易中心正式发布为准。本条为行情接入模拟数据。(String), ["现货","政策"](String), medium(String), 2026-08-22 21:39:13.963(Timestamp), none(String), 1(Integer), false(Boolean), 2026-08-22 21:39:13.963(Timestamp), 2026-08-22 21:39:13.963(Timestamp)
2026-08-22 21:39:13.965 DEBUG 215277 --- [   scheduling-1] c.p.intel.mapper.IntelNewsMapper.insert  : <==    Updates: 1
2026-08-22 21:39:13.965 DEBUG 215277 --- [   scheduling-1] c.p.i.m.IntelSourceMapper.updateById     : ==>  Preparing: UPDATE intel_source SET last_success_at=?, consecutive_failures=?, updated_at=? WHERE id=? AND deleted=false
2026-08-22 21:39:13.966 DEBUG 215277 --- [   scheduling-1] c.p.i.m.IntelSourceMapper.updateById     : ==> Parameters: 2026-08-22 21:39:13.965(Timestamp), 0(Integer), 2026-08-22 21:39:13.965(Timestamp), 2(Long)
2026-08-22 21:39:13.967 DEBUG 215277 --- [   scheduling-1] c.p.i.m.IntelSourceMapper.updateById     : <==    Updates: 1
2026-08-22 21:39:13.967  INFO 215277 --- [   scheduling-1] c.p.intel.service.IntelFetchService      : 情报源模拟采集：INTL-NEA 生成模拟情报
2026-08-22 21:39:13.968 DEBUG 215277 --- [   scheduling-1] c.p.intel.mapper.IntelNewsMapper.insert  : ==>  Preparing: INSERT INTO intel_news ( id, source_code, title, content, normalized_tags, importance, published_at, push_status, version, deleted, created_at, updated_at ) VALUES ( ?, ?, ?, ?, ?, ?, ?, ?, ?, ?, ?, ? )
2026-08-22 21:39:13.968 DEBUG 215277 --- [   scheduling-1] c.p.intel.mapper.IntelNewsMapper.insert  : ==> Parameters: 216914110309339136(Long), INTL-PRICE-PROV(String), 【省现货出清现货】21:39 出清均价 704 元/MWh(String), 【价格】省现货出清电力现货市场 2026-08-22 21:39 最新出清均价 704 元/MWh，较昨日同时段回落 28 元/MWh。本条为行情接入模拟数据（mock=true），生产环境配置真实 endpoint 后自动切换真实拉取。(String), ["现货","价格"](String), medium(String), 2026-08-22 21:39:13.967(Timestamp), none(String), 1(Integer), false(Boolean), 2026-08-22 21:39:13.967(Timestamp), 2026-08-22 21:39:13.967(Timestamp)
2026-08-22 21:39:13.969 DEBUG 215277 --- [   scheduling-1] c.p.intel.mapper.IntelNewsMapper.insert  : <==    Updates: 1
2026-08-22 21:39:13.970 DEBUG 215277 --- [   scheduling-1] c.p.i.m.IntelSourceMapper.updateById     : ==>  Preparing: UPDATE intel_source SET last_success_at=?, consecutive_failures=?, updated_at=? WHERE id=? AND deleted=false
2026-08-22 21:39:13.971 DEBUG 215277 --- [   scheduling-1] c.p.i.m.IntelSourceMapper.updateById     : ==> Parameters: 2026-08-22 21:39:13.97(Timestamp), 0(Integer), 2026-08-22 21:39:13.97(Timestamp), 6(Long)
2026-08-22 21:39:13.972 DEBUG 215277 --- [   scheduling-1] c.p.i.m.IntelSourceMapper.updateById     : <==    Updates: 1
2026-08-22 21:39:13.972  INFO 215277 --- [   scheduling-1] c.p.intel.service.IntelFetchService      : 情报源模拟采集：INTL-PRICE-PROV 生成模拟情报
2026-08-22 21:39:13.973 DEBUG 215277 --- [   scheduling-1] c.p.intel.mapper.IntelNewsMapper.insert  : ==>  Preparing: INSERT INTO intel_news ( id, source_code, title, content, region_code, normalized_tags, importance, published_at, push_status, version, deleted, created_at, updated_at ) VALUES ( ?, ?, ?, ?, ?, ?, ?, ?, ?, ?, ?, ?, ? )
2026-08-22 21:39:13.973 DEBUG 215277 --- [   scheduling-1] c.p.intel.mapper.IntelNewsMapper.insert  : ==> Parameters: 216914110334504960(Long), INTL-PRICE-SX(String), 【山西现货】21:39 出清均价 343 元/MWh(String), 【价格】山西电力现货市场 2026-08-22 21:39 最新出清均价 343 元/MWh，较昨日同时段上涨 73 元/MWh。本条为行情接入模拟数据（mock=true），生产环境配置真实 endpoint 后自动切换真实拉取。(String), CN-14(String), ["现货","价格"](String), medium(String), 2026-08-22 21:39:13.972(Timestamp), none(String), 1(Integer), false(Boolean), 2026-08-22 21:39:13.973(Timestamp), 2026-08-22 21:39:13.973(Timestamp)
2026-08-22 21:39:13.975 DEBUG 215277 --- [   scheduling-1] c.p.intel.mapper.IntelNewsMapper.insert  : <==    Updates: 1
2026-08-22 21:39:13.975 DEBUG 215277 --- [   scheduling-1] c.p.i.m.IntelSourceMapper.updateById     : ==>  Preparing: UPDATE intel_source SET last_success_at=?, consecutive_failures=?, updated_at=? WHERE id=? AND deleted=false
2026-08-22 21:39:13.975 DEBUG 215277 --- [   scheduling-1] c.p.i.m.IntelSourceMapper.updateById     : ==> Parameters: 2026-08-22 21:39:13.975(Timestamp), 0(Integer), 2026-08-22 21:39:13.975(Timestamp), 12(Long)
2026-08-22 21:39:13.977 DEBUG 215277 --- [   scheduling-1] c.p.i.m.IntelSourceMapper.updateById     : <==    Updates: 1
2026-08-22 21:39:13.977  INFO 215277 --- [   scheduling-1] c.p.intel.service.IntelFetchService      : 情报源模拟采集：INTL-PRICE-SX 生成模拟情报
2026-08-22 21:39:13.977 DEBUG 215277 --- [   scheduling-1] c.p.intel.mapper.IntelNewsMapper.insert  : ==>  Preparing: INSERT INTO intel_news ( id, source_code, title, content, normalized_tags, importance, published_at, push_status, version, deleted, created_at, updated_at ) VALUES ( ?, ?, ?, ?, ?, ?, ?, ?, ?, ?, ?, ? )
2026-08-22 21:39:13.978 DEBUG 215277 --- [   scheduling-1] c.p.intel.mapper.IntelNewsMapper.insert  : ==> Parameters: 216914110351282176(Long), INTL-REG-7555(String), 【回归测试情报源】现货交易规则公告更新（2026-08-22）(String), 【政策】回归测试情报源现货交易相关规则公告于 2026-08-22 更新，请以交易中心正式发布为准。本条为行情接入模拟数据。(String), ["现货","政策"](String), medium(String), 2026-08-22 21:39:13.977(Timestamp), none(String), 1(Integer), false(Boolean), 2026-08-22 21:39:13.977(Timestamp), 2026-08-22 21:39:13.977(Timestamp)
2026-08-22 21:39:13.979 DEBUG 215277 --- [   scheduling-1] c.p.intel.mapper.IntelNewsMapper.insert  : <==    Updates: 1
2026-08-22 21:39:13.979 DEBUG 215277 --- [   scheduling-1] c.p.i.m.IntelSourceMapper.updateById     : ==>  Preparing: UPDATE intel_source SET last_success_at=?, consecutive_failures=?, updated_at=? WHERE id=? AND deleted=false
2026-08-22 21:39:13.979 DEBUG 215277 --- [   scheduling-1] c.p.i.m.IntelSourceMapper.updateById     : ==> Parameters: 2026-08-22 21:39:13.979(Timestamp), 0(Integer), 2026-08-22 21:39:13.979(Timestamp), 216816607941496832(Long)
2026-08-22 21:39:13.981 DEBUG 215277 --- [   scheduling-1] c.p.i.m.IntelSourceMapper.updateById     : <==    Updates: 1
2026-08-22 21:39:13.981  INFO 215277 --- [   scheduling-1] c.p.intel.service.IntelFetchService      : 情报源模拟采集：INTL-REG-7555 生成模拟情报
2026-08-22 21:39:13.982 DEBUG 215277 --- [   scheduling-1] c.p.intel.mapper.IntelNewsMapper.insert  : ==>  Preparing: INSERT INTO intel_news ( id, source_code, title, content, region_code, normalized_tags, importance, published_at, push_status, version, deleted, created_at, updated_at ) VALUES ( ?, ?, ?, ?, ?, ?, ?, ?, ?, ?, ?, ?, ? )
2026-08-22 21:39:13.982 DEBUG 215277 --- [   scheduling-1] c.p.intel.mapper.IntelNewsMapper.insert  : ==> Parameters: 216914110372253696(Long), INTL-SD-MX(String), 【蒙西电网】供需披露更新：预测最高负荷 4824 万千瓦(String), 【供需】蒙西电网 2026-08-22 供需披露：预测最高负荷 4824 万千瓦，可调容量 482 万千瓦，供需形势宽松。本条为行情接入模拟数据。(String), CN-15(String), ["现货","供需"](String), medium(String), 2026-08-22 21:39:13.981(Timestamp), none(String), 1(Integer), false(Boolean), 2026-08-22 21:39:13.982(Timestamp), 2026-08-22 21:39:13.982(Timestamp)
2026-08-22 21:39:13.984 DEBUG 215277 --- [   scheduling-1] c.p.intel.mapper.IntelNewsMapper.insert  : <==    Updates: 1
2026-08-22 21:39:13.984 DEBUG 215277 --- [   scheduling-1] c.p.i.m.IntelSourceMapper.updateById     : ==>  Preparing: UPDATE intel_source SET last_success_at=?, consecutive_failures=?, updated_at=? WHERE id=? AND deleted=false
2026-08-22 21:39:13.985 DEBUG 215277 --- [   scheduling-1] c.p.i.m.IntelSourceMapper.updateById     : ==> Parameters: 2026-08-22 21:39:13.984(Timestamp), 0(Integer), 2026-08-22 21:39:13.984(Timestamp), 18(Long)
2026-08-22 21:39:13.986 DEBUG 215277 --- [   scheduling-1] c.p.i.m.IntelSourceMapper.updateById     : <==    Updates: 1
2026-08-22 21:39:13.986  INFO 215277 --- [   scheduling-1] c.p.intel.service.IntelFetchService      : 情报源模拟采集：INTL-SD-MX 生成模拟情报
2026-08-22 21:39:13.987 DEBUG 215277 --- [   scheduling-1] c.p.intel.mapper.IntelNewsMapper.insert  : ==>  Preparing: INSERT INTO intel_news ( id, source_code, title, content, region_code, normalized_tags, importance, published_at, push_status, version, deleted, created_at, updated_at ) VALUES ( ?, ?, ?, ?, ?, ?, ?, ?, ?, ?, ?, ?, ? )
2026-08-22 21:39:13.987 DEBUG 215277 --- [   scheduling-1] c.p.intel.mapper.IntelNewsMapper.insert  : ==> Parameters: 216914110393225216(Long), INTL-PRICE-SC(String), 【南方区域跨区出清价格现货】21:39 出清均价 458 元/MWh(String), 【价格】南方区域跨区出清价格电力现货市场 2026-08-22 21:39 最新出清均价 458 元/MWh，较昨日同时段回落 63 元/MWh。本条为行情接入模拟数据（mock=true），生产环境配置真实 endpoint 后自动切换真实拉取。(String), CN-44(String), ["现货","价格"](String), medium(String), 2026-08-22 21:39:13.986(Timestamp), none(String), 1(Integer), false(Boolean), 2026-08-22 21:39:13.987(Timestamp), 2026-08-22 21:39:13.987(Timestamp)
2026-08-22 21:39:13.989 DEBUG 215277 --- [   scheduling-1] c.p.intel.mapper.IntelNewsMapper.insert  : <==    Updates: 1
2026-08-22 21:39:13.989 DEBUG 215277 --- [   scheduling-1] c.p.i.m.IntelSourceMapper.updateById     : ==>  Preparing: UPDATE intel_source SET last_success_at=?, consecutive_failures=?, updated_at=? WHERE id=? AND deleted=false
2026-08-22 21:39:13.989 DEBUG 215277 --- [   scheduling-1] c.p.i.m.IntelSourceMapper.updateById     : ==> Parameters: 2026-08-22 21:39:13.989(Timestamp), 0(Integer), 2026-08-22 21:39:13.989(Timestamp), 20(Long)
2026-08-22 21:39:13.990 DEBUG 215277 --- [   scheduling-1] c.p.i.m.IntelSourceMapper.updateById     : <==    Updates: 1
2026-08-22 21:39:13.991  INFO 215277 --- [   scheduling-1] c.p.intel.service.IntelFetchService      : 情报源模拟采集：INTL-PRICE-SC 生成模拟情报
2026-08-22 21:39:13.991 DEBUG 215277 --- [   scheduling-1] c.p.intel.mapper.IntelNewsMapper.insert  : ==>  Preparing: INSERT INTO intel_news ( id, source_code, title, content, region_code, normalized_tags, importance, published_at, push_status, version, deleted, created_at, updated_at ) VALUES ( ?, ?, ?, ?, ?, ?, ?, ?, ?, ?, ?, ?, ? )
2026-08-22 21:39:13.991 DEBUG 215277 --- [   scheduling-1] c.p.intel.mapper.IntelNewsMapper.insert  : ==> Parameters: 216914110410002432(Long), INTL-PRICE-GD(String), 【广东现货】21:39 出清均价 691 元/MWh(String), 【价格】广东电力现货市场 2026-08-22 21:39 最新出清均价 691 元/MWh，较昨日同时段上涨 62 元/MWh。本条为行情接入模拟数据（mock=true），生产环境配置真实 endpoint 后自动切换真实拉取。(String), CN-44(String), ["现货","价格"](String), medium(String), 2026-08-22 21:39:13.991(Timestamp), none(String), 1(Integer), false(Boolean), 2026-08-22 21:39:13.991(Timestamp), 2026-08-22 21:39:13.991(Timestamp)
2026-08-22 21:39:13.993 DEBUG 215277 --- [   scheduling-1] c.p.intel.mapper.IntelNewsMapper.insert  : <==    Updates: 1
2026-08-22 21:39:13.993 DEBUG 215277 --- [   scheduling-1] c.p.i.m.IntelSourceMapper.updateById     : ==>  Preparing: UPDATE intel_source SET last_success_at=?, consecutive_failures=?, updated_at=? WHERE id=? AND deleted=false
2026-08-22 21:39:13.994 DEBUG 215277 --- [   scheduling-1] c.p.i.m.IntelSourceMapper.updateById     : ==> Parameters: 2026-08-22 21:39:13.993(Timestamp), 0(Integer), 2026-08-22 21:39:13.993(Timestamp), 13(Long)
2026-08-22 21:39:13.995 DEBUG 215277 --- [   scheduling-1] c.p.i.m.IntelSourceMapper.updateById     : <==    Updates: 1
2026-08-22 21:39:13.995  INFO 215277 --- [   scheduling-1] c.p.intel.service.IntelFetchService      : 情报源模拟采集：INTL-PRICE-GD 生成模拟情报
2026-08-22 21:39:13.996 DEBUG 215277 --- [   scheduling-1] c.p.intel.mapper.IntelNewsMapper.insert  : ==>  Preparing: INSERT INTO intel_news ( id, source_code, title, content, normalized_tags, importance, published_at, push_status, version, deleted, created_at, updated_at ) VALUES ( ?, ?, ?, ?, ?, ?, ?, ?, ?, ?, ?, ? )
2026-08-22 21:39:13.996 DEBUG 215277 --- [   scheduling-1] c.p.intel.mapper.IntelNewsMapper.insert  : ==> Parameters: 216914110430973952(Long), INTL-ANN-GRID(String), 【公司】运行公告更新（2026-08-22）(String), 【公告】公司运行公告于 2026-08-22 21:39 更新，请关注机组检修、输电通道及市场运行安排。本条为行情接入模拟数据。(String), ["现货","公告"](String), medium(String), 2026-08-22 21:39:13.995(Timestamp), none(String), 1(Integer), false(Boolean), 2026-08-22 21:39:13.996(Timestamp), 2026-08-22 21:39:13.996(Timestamp)
2026-08-22 21:39:13.997 DEBUG 215277 --- [   scheduling-1] c.p.intel.mapper.IntelNewsMapper.insert  : <==    Updates: 1
2026-08-22 21:39:13.998 DEBUG 215277 --- [   scheduling-1] c.p.i.m.IntelSourceMapper.updateById     : ==>  Preparing: UPDATE intel_source SET last_success_at=?, consecutive_failures=?, updated_at=? WHERE id=? AND deleted=false
2026-08-22 21:39:13.998 DEBUG 215277 --- [   scheduling-1] c.p.i.m.IntelSourceMapper.updateById     : ==> Parameters: 2026-08-22 21:39:13.997(Timestamp), 0(Integer), 2026-08-22 21:39:13.998(Timestamp), 7(Long)
2026-08-22 21:39:13.999 DEBUG 215277 --- [   scheduling-1] c.p.i.m.IntelSourceMapper.updateById     : <==    Updates: 1
2026-08-22 21:39:13.999  INFO 215277 --- [   scheduling-1] c.p.intel.service.IntelFetchService      : 情报源模拟采集：INTL-ANN-GRID 生成模拟情报
2026-08-22 21:39:14.000 DEBUG 215277 --- [   scheduling-1] c.p.intel.mapper.IntelNewsMapper.insert  : ==>  Preparing: INSERT INTO intel_news ( id, source_code, title, content, normalized_tags, importance, published_at, push_status, version, deleted, created_at, updated_at ) VALUES ( ?, ?, ?, ?, ?, ?, ?, ?, ?, ?, ?, ? )
2026-08-22 21:39:14.000 DEBUG 215277 --- [   scheduling-1] c.p.intel.mapper.IntelNewsMapper.insert  : ==> Parameters: 216914110447751168(Long), INTL-MET-CMA(String), 【中央气象台气象预警】现货交易规则公告更新（2026-08-22）(String), 【政策】中央气象台气象预警现货交易相关规则公告于 2026-08-22 更新，请以交易中心正式发布为准。本条为行情接入模拟数据。(String), ["现货","政策"](String), medium(String), 2026-08-22 21:39:14.0(Timestamp), none(String), 1(Integer), false(Boolean), 2026-08-22 21:39:14.0(Timestamp), 2026-08-22 21:39:14.0(Timestamp)
2026-08-22 21:39:14.002 DEBUG 215277 --- [   scheduling-1] c.p.intel.mapper.IntelNewsMapper.insert  : <==    Updates: 1
2026-08-22 21:39:14.002 DEBUG 215277 --- [   scheduling-1] c.p.i.m.IntelSourceMapper.updateById     : ==>  Preparing: UPDATE intel_source SET last_success_at=?, consecutive_failures=?, updated_at=? WHERE id=? AND deleted=false
2026-08-22 21:39:14.002 DEBUG 215277 --- [   scheduling-1] c.p.i.m.IntelSourceMapper.updateById     : ==> Parameters: 2026-08-22 21:39:14.002(Timestamp), 0(Integer), 2026-08-22 21:39:14.002(Timestamp), 4(Long)
2026-08-22 21:39:14.004 DEBUG 215277 --- [   scheduling-1] c.p.i.m.IntelSourceMapper.updateById     : <==    Updates: 1
2026-08-22 21:39:14.004  INFO 215277 --- [   scheduling-1] c.p.intel.service.IntelFetchService      : 情报源模拟采集：INTL-MET-CMA 生成模拟情报
2026-08-22 21:39:14.005 DEBUG 215277 --- [   scheduling-1] c.p.intel.mapper.IntelNewsMapper.insert  : ==>  Preparing: INSERT INTO intel_news ( id, source_code, title, content, normalized_tags, importance, published_at, push_status, version, deleted, created_at, updated_at ) VALUES ( ?, ?, ?, ?, ?, ?, ?, ?, ?, ?, ?, ? )
2026-08-22 21:39:14.005 DEBUG 215277 --- [   scheduling-1] c.p.intel.mapper.IntelNewsMapper.insert  : ==> Parameters: 216914110464528384(Long), INTL-OPI-MEDIA(String), 【行业媒体市场舆情】现货交易规则公告更新（2026-08-22）(String), 【政策】行业媒体市场舆情现货交易相关规则公告于 2026-08-22 更新，请以交易中心正式发布为准。本条为行情接入模拟数据。(String), ["现货","政策"](String), medium(String), 2026-08-22 21:39:14.004(Timestamp), none(String), 1(Integer), false(Boolean), 2026-08-22 21:39:14.004(Timestamp), 2026-08-22 21:39:14.004(Timestamp)
2026-08-22 21:39:14.006 DEBUG 215277 --- [   scheduling-1] c.p.intel.mapper.IntelNewsMapper.insert  : <==    Updates: 1
2026-08-22 21:39:14.009 DEBUG 215277 --- [   scheduling-1] c.p.i.m.IntelSourceMapper.updateById     : ==>  Preparing: UPDATE intel_source SET last_success_at=?, consecutive_failures=?, updated_at=? WHERE id=? AND deleted=false
2026-08-22 21:39:14.009 DEBUG 215277 --- [   scheduling-1] c.p.i.m.IntelSourceMapper.updateById     : ==> Parameters: 2026-08-22 21:39:14.007(Timestamp), 0(Integer), 2026-08-22 21:39:14.009(Timestamp), 8(Long)
2026-08-22 21:39:14.010 DEBUG 215277 --- [   scheduling-1] c.p.i.m.IntelSourceMapper.updateById     : <==    Updates: 1
2026-08-22 21:39:14.010  INFO 215277 --- [   scheduling-1] c.p.intel.service.IntelFetchService      : 情报源模拟采集：INTL-OPI-MEDIA 生成模拟情报
2026-08-22 21:39:14.011 DEBUG 215277 --- [   scheduling-1] c.p.intel.mapper.IntelNewsMapper.insert  : ==>  Preparing: INSERT INTO intel_news ( id, source_code, title, content, region_code, normalized_tags, importance, published_at, push_status, version, deleted, created_at, updated_at ) VALUES ( ?, ?, ?, ?, ?, ?, ?, ?, ?, ?, ?, ?, ? )
2026-08-22 21:39:14.011 DEBUG 215277 --- [   scheduling-1] c.p.intel.mapper.IntelNewsMapper.insert  : ==> Parameters: 216914110493888512(Long), INTL-SD-SD(String), 【山东电网】供需披露更新：预测最高负荷 6666 万千瓦(String), 【供需】山东电网 2026-08-22 供需披露：预测最高负荷 6666 万千瓦，可调容量 666 万千瓦，供需形势偏紧。本条为行情接入模拟数据。(String), CN-37(String), ["现货","供需"](String), medium(String), 2026-08-22 21:39:14.011(Timestamp), none(String), 1(Integer), false(Boolean), 2026-08-22 21:39:14.011(Timestamp), 2026-08-22 21:39:14.011(Timestamp)
2026-08-22 21:39:14.013 DEBUG 215277 --- [   scheduling-1] c.p.intel.mapper.IntelNewsMapper.insert  : <==    Updates: 1
2026-08-22 21:39:14.013 DEBUG 215277 --- [   scheduling-1] c.p.i.m.IntelSourceMapper.updateById     : ==>  Preparing: UPDATE intel_source SET last_success_at=?, consecutive_failures=?, updated_at=? WHERE id=? AND deleted=false
2026-08-22 21:39:14.013 DEBUG 215277 --- [   scheduling-1] c.p.i.m.IntelSourceMapper.updateById     : ==> Parameters: 2026-08-22 21:39:14.013(Timestamp), 0(Integer), 2026-08-22 21:39:14.013(Timestamp), 17(Long)
2026-08-22 21:39:14.014 DEBUG 215277 --- [   scheduling-1] c.p.i.m.IntelSourceMapper.updateById     : <==    Updates: 1
2026-08-22 21:39:14.015  INFO 215277 --- [   scheduling-1] c.p.intel.service.IntelFetchService      : 情报源模拟采集：INTL-SD-SD 生成模拟情报
2026-08-22 21:39:14.015 DEBUG 215277 --- [   scheduling-1] c.p.intel.mapper.IntelNewsMapper.insert  : ==>  Preparing: INSERT INTO intel_news ( id, source_code, title, content, region_code, normalized_tags, importance, published_at, push_status, version, deleted, created_at, updated_at ) VALUES ( ?, ?, ?, ?, ?, ?, ?, ?, ?, ?, ?, ?, ? )
2026-08-22 21:39:14.015 DEBUG 215277 --- [   scheduling-1] c.p.intel.mapper.IntelNewsMapper.insert  : ==> Parameters: 216914110510665728(Long), INTL-PRICE-GS(String), 【甘肃现货】21:39 出清均价 325 元/MWh(String), 【价格】甘肃电力现货市场 2026-08-22 21:39 最新出清均价 325 元/MWh，较昨日同时段回落 34 元/MWh。本条为行情接入模拟数据（mock=true），生产环境配置真实 endpoint 后自动切换真实拉取。(String), CN-62(String), ["现货","价格"](String), medium(String), 2026-08-22 21:39:14.015(Timestamp), none(String), 1(Integer), false(Boolean), 2026-08-22 21:39:14.015(Timestamp), 2026-08-22 21:39:14.015(Timestamp)
2026-08-22 21:39:14.017 DEBUG 215277 --- [   scheduling-1] c.p.intel.mapper.IntelNewsMapper.insert  : <==    Updates: 1
2026-08-22 21:39:14.017 DEBUG 215277 --- [   scheduling-1] c.p.i.m.IntelSourceMapper.updateById     : ==>  Preparing: UPDATE intel_source SET last_success_at=?, consecutive_failures=?, updated_at=? WHERE id=? AND deleted=false
2026-08-22 21:39:14.017 DEBUG 215277 --- [   scheduling-1] c.p.i.m.IntelSourceMapper.updateById     : ==> Parameters: 2026-08-22 21:39:14.017(Timestamp), 0(Integer), 2026-08-22 21:39:14.017(Timestamp), 14(Long)
2026-08-22 21:39:14.018 DEBUG 215277 --- [   scheduling-1] c.p.i.m.IntelSourceMapper.updateById     : <==    Updates: 1
2026-08-22 21:39:14.018  INFO 215277 --- [   scheduling-1] c.p.intel.service.IntelFetchService      : 情报源模拟采集：INTL-PRICE-GS 生成模拟情报
2026-08-22 21:39:14.019 DEBUG 215277 --- [   scheduling-1] c.p.intel.mapper.IntelNewsMapper.insert  : ==>  Preparing: INSERT INTO intel_news ( id, source_code, title, content, region_code, normalized_tags, importance, published_at, push_status, version, deleted, created_at, updated_at ) VALUES ( ?, ?, ?, ?, ?, ?, ?, ?, ?, ?, ?, ?, ? )
2026-08-22 21:39:14.019 DEBUG 215277 --- [   scheduling-1] c.p.intel.mapper.IntelNewsMapper.insert  : ==> Parameters: 216914110527442944(Long), INTL-ANN-SD(String), 【山东】运行公告更新（2026-08-22）(String), 【公告】山东运行公告于 2026-08-22 21:39 更新，请关注机组检修、输电通道及市场运行安排。本条为行情接入模拟数据。(String), CN-37(String), ["现货","公告"](String), medium(String), 2026-08-22 21:39:14.019(Timestamp), none(String), 1(Integer), false(Boolean), 2026-08-22 21:39:14.019(Timestamp), 2026-08-22 21:39:14.019(Timestamp)
2026-08-22 21:39:14.020 DEBUG 215277 --- [   scheduling-1] c.p.intel.mapper.IntelNewsMapper.insert  : <==    Updates: 1
2026-08-22 21:39:14.021 DEBUG 215277 --- [   scheduling-1] c.p.i.m.IntelSourceMapper.updateById     : ==>  Preparing: UPDATE intel_source SET last_success_at=?, consecutive_failures=?, updated_at=? WHERE id=? AND deleted=false
2026-08-22 21:39:14.021 DEBUG 215277 --- [   scheduling-1] c.p.i.m.IntelSourceMapper.updateById     : ==> Parameters: 2026-08-22 21:39:14.02(Timestamp), 0(Integer), 2026-08-22 21:39:14.021(Timestamp), 16(Long)
2026-08-22 21:39:14.022 DEBUG 215277 --- [   scheduling-1] c.p.i.m.IntelSourceMapper.updateById     : <==    Updates: 1
2026-08-22 21:39:14.022  INFO 215277 --- [   scheduling-1] c.p.intel.service.IntelFetchService      : 情报源模拟采集：INTL-ANN-SD 生成模拟情报
2026-08-22 21:39:14.023 DEBUG 215277 --- [   scheduling-1] c.p.intel.mapper.IntelNewsMapper.insert  : ==>  Preparing: INSERT INTO intel_news ( id, source_code, title, content, normalized_tags, importance, published_at, push_status, version, deleted, created_at, updated_at ) VALUES ( ?, ?, ?, ?, ?, ?, ?, ?, ?, ?, ?, ? )
2026-08-22 21:39:14.023 DEBUG 215277 --- [   scheduling-1] c.p.intel.mapper.IntelNewsMapper.insert  : ==> Parameters: 216914110544220160(Long), INTL-GRID-JS(String), 【江苏调度信息披露电网】供需披露更新：预测最高负荷 3730 万千瓦(String), 【供需】江苏调度信息披露电网 2026-08-22 供需披露：预测最高负荷 3730 万千瓦，可调容量 373 万千瓦，供需形势偏紧。本条为行情接入模拟数据。(String), ["现货","供需"](String), medium(String), 2026-08-22 21:39:14.022(Timestamp), none(String), 1(Integer), false(Boolean), 2026-08-22 21:39:14.023(Timestamp), 2026-08-22 21:39:14.023(Timestamp)
2026-08-22 21:39:14.024 DEBUG 215277 --- [   scheduling-1] c.p.intel.mapper.IntelNewsMapper.insert  : <==    Updates: 1
2026-08-22 21:39:14.024 DEBUG 215277 --- [   scheduling-1] c.p.i.m.IntelSourceMapper.updateById     : ==>  Preparing: UPDATE intel_source SET last_success_at=?, consecutive_failures=?, updated_at=? WHERE id=? AND deleted=false
2026-08-22 21:39:14.025 DEBUG 215277 --- [   scheduling-1] c.p.i.m.IntelSourceMapper.updateById     : ==> Parameters: 2026-08-22 21:39:14.024(Timestamp), 0(Integer), 2026-08-22 21:39:14.024(Timestamp), 3(Long)
2026-08-22 21:39:14.026 DEBUG 215277 --- [   scheduling-1] c.p.i.m.IntelSourceMapper.updateById     : <==    Updates: 1
2026-08-22 21:39:14.026  INFO 215277 --- [   scheduling-1] c.p.intel.service.IntelFetchService      : 情报源模拟采集：INTL-GRID-JS 生成模拟情报
2026-08-22 21:39:14.026  INFO 215277 --- [   scheduling-1] c.p.intel.service.IntelFetchService      : 行情采集执行完成：到期 20 个（成功 20 / 失败 0 / 跳过未到期 1）
2026-08-22 21:39:24.426 DEBUG 215277 --- [   scheduling-1] c.p.i.m.IntelPushRuleMapper.selectList   : ==>  Preparing: SELECT id,rule_name,tags_filter,importance_filter,target_roles,channel,silent_period,status,version,deleted,created_at,updated_at FROM intel_push_rule WHERE deleted=false AND (status = ?)
2026-08-22 21:39:24.427 DEBUG 215277 --- [   scheduling-1] c.p.i.m.IntelPushRuleMapper.selectList   : ==> Parameters: active(String)
2026-08-22 21:39:24.427 DEBUG 215277 --- [   scheduling-1] c.p.i.m.IntelPushRuleMapper.selectList   : <==      Total: 15
2026-08-22 21:39:24.428 DEBUG 215277 --- [   scheduling-1] c.p.i.mapper.IntelNewsMapper.selectList  : ==>  Preparing: SELECT id,source_code,title,content,region_code,normalized_tags,importance,published_at,push_status,version,deleted,created_at,updated_at FROM intel_news WHERE deleted=false AND (push_status = ? AND importance = ?)
2026-08-22 21:39:24.428 DEBUG 215277 --- [   scheduling-1] c.p.i.mapper.IntelNewsMapper.selectList  : ==> Parameters: none(String), high(String)
2026-08-22 21:39:24.428 DEBUG 215277 --- [   scheduling-1] c.p.i.mapper.IntelNewsMapper.selectList  : <==      Total: 0
2026-08-22 21:39:24.429 DEBUG 215277 --- [   scheduling-1] c.p.i.mapper.IntelNewsMapper.selectList  : ==>  Preparing: SELECT id,source_code,title,content,region_code,normalized_tags,importance,published_at,push_status,version,deleted,created_at,updated_at FROM intel_news WHERE deleted=false AND (push_status = ? AND importance = ?)
2026-08-22 21:39:24.429 DEBUG 215277 --- [   scheduling-1] c.p.i.mapper.IntelNewsMapper.selectList  : ==> Parameters: none(String), medium(String)
2026-08-22 21:39:24.432 DEBUG 215277 --- [   scheduling-1] c.p.i.mapper.IntelNewsMapper.selectList  : <==      Total: 309
2026-08-22 21:39:24.433 DEBUG 215277 --- [   scheduling-1] c.p.i.mapper.IntelNewsMapper.selectList  : ==>  Preparing: SELECT id,source_code,title,content,region_code,normalized_tags,importance,published_at,push_status,version,deleted,created_at,updated_at FROM intel_news WHERE deleted=false AND (push_status = ? AND importance = ?)
2026-08-22 21:39:24.433 DEBUG 215277 --- [   scheduling-1] c.p.i.mapper.IntelNewsMapper.selectList  : ==> Parameters: none(String), high(String)
2026-08-22 21:39:24.433 DEBUG 215277 --- [   scheduling-1] c.p.i.mapper.IntelNewsMapper.selectList  : <==      Total: 0
2026-08-22 21:39:24.434 DEBUG 215277 --- [   scheduling-1] c.p.i.mapper.IntelNewsMapper.selectList  : ==>  Preparing: SELECT id,source_code,title,content,region_code,normalized_tags,importance,published_at,push_status,version,deleted,created_at,updated_at FROM intel_news WHERE deleted=false AND (push_status = ? AND importance = ?)
2026-08-22 21:39:24.434 DEBUG 215277 --- [   scheduling-1] c.p.i.mapper.IntelNewsMapper.selectList  : ==> Parameters: none(String), high(String)
2026-08-22 21:39:24.434 DEBUG 215277 --- [   scheduling-1] c.p.i.mapper.IntelNewsMapper.selectList  : <==      Total: 0
2026-08-22 21:39:24.435 DEBUG 215277 --- [   scheduling-1] c.p.i.mapper.IntelNewsMapper.selectList  : ==>  Preparing: SELECT id,source_code,title,content,region_code,normalized_tags,importance,published_at,push_status,version,deleted,created_at,updated_at FROM intel_news WHERE deleted=false AND (push_status = ? AND importance = ?)
2026-08-22 21:39:24.435 DEBUG 215277 --- [   scheduling-1] c.p.i.mapper.IntelNewsMapper.selectList  : ==> Parameters: none(String), high(String)
2026-08-22 21:39:24.436 DEBUG 215277 --- [   scheduling-1] c.p.i.mapper.IntelNewsMapper.selectList  : <==      Total: 0
2026-08-22 21:39:24.436 DEBUG 215277 --- [   scheduling-1] c.p.i.mapper.IntelNewsMapper.selectList  : ==>  Preparing: SELECT id,source_code,title,content,region_code,normalized_tags,importance,published_at,push_status,version,deleted,created_at,updated_at FROM intel_news WHERE deleted=false AND (push_status = ? AND importance = ?)
2026-08-22 21:39:24.436 DEBUG 215277 --- [   scheduling-1] c.p.i.mapper.IntelNewsMapper.selectList  : ==> Parameters: none(String), high(String)
2026-08-22 21:39:24.437 DEBUG 215277 --- [   scheduling-1] c.p.i.mapper.IntelNewsMapper.selectList  : <==      Total: 0
2026-08-22 21:39:24.437 DEBUG 215277 --- [   scheduling-1] c.p.i.mapper.IntelNewsMapper.selectList  : ==>  Preparing: SELECT id,source_code,title,content,region_code,normalized_tags,importance,published_at,push_status,version,deleted,created_at,updated_at FROM intel_news WHERE deleted=false AND (push_status = ? AND importance = ?)
2026-08-22 21:39:24.437 DEBUG 215277 --- [   scheduling-1] c.p.i.mapper.IntelNewsMapper.selectList  : ==> Parameters: none(String), high(String)
2026-08-22 21:39:24.438 DEBUG 215277 --- [   scheduling-1] c.p.i.mapper.IntelNewsMapper.selectList  : <==      Total: 0
2026-08-22 21:39:24.438 DEBUG 215277 --- [   scheduling-1] c.p.i.mapper.IntelNewsMapper.selectList  : ==>  Preparing: SELECT id,source_code,title,content,region_code,normalized_tags,importance,published_at,push_status,version,deleted,created_at,updated_at FROM intel_news WHERE deleted=false AND (push_status = ? AND importance = ?)
2026-08-22 21:39:24.438 DEBUG 215277 --- [   scheduling-1] c.p.i.mapper.IntelNewsMapper.selectList  : ==> Parameters: none(String), high(String)
2026-08-22 21:39:24.439 DEBUG 215277 --- [   scheduling-1] c.p.i.mapper.IntelNewsMapper.selectList  : <==      Total: 0
2026-08-22 21:39:24.439 DEBUG 215277 --- [   scheduling-1] c.p.i.mapper.IntelNewsMapper.selectList  : ==>  Preparing: SELECT id,source_code,title,content,region_code,normalized_tags,importance,published_at,push_status,version,deleted,created_at,updated_at FROM intel_news WHERE deleted=false AND (push_status = ? AND importance = ?)
2026-08-22 21:39:24.439 DEBUG 215277 --- [   scheduling-1] c.p.i.mapper.IntelNewsMapper.selectList  : ==> Parameters: none(String), high(String)
2026-08-22 21:39:24.440 DEBUG 215277 --- [   scheduling-1] c.p.i.mapper.IntelNewsMapper.selectList  : <==      Total: 0
2026-08-22 21:39:24.440 DEBUG 215277 --- [   scheduling-1] c.p.i.mapper.IntelNewsMapper.selectList  : ==>  Preparing: SELECT id,source_code,title,content,region_code,normalized_tags,importance,published_at,push_status,version,deleted,created_at,updated_at FROM intel_news WHERE deleted=false AND (push_status = ? AND importance = ?)
2026-08-22 21:39:24.440 DEBUG 215277 --- [   scheduling-1] c.p.i.mapper.IntelNewsMapper.selectList  : ==> Parameters: none(String), high(String)
2026-08-22 21:39:24.441 DEBUG 215277 --- [   scheduling-1] c.p.i.mapper.IntelNewsMapper.selectList  : <==      Total: 0
2026-08-22 21:39:24.441 DEBUG 215277 --- [   scheduling-1] c.p.i.mapper.IntelNewsMapper.selectList  : ==>  Preparing: SELECT id,source_code,title,content,region_code,normalized_tags,importance,published_at,push_status,version,deleted,created_at,updated_at FROM intel_news WHERE deleted=false AND (push_status = ? AND importance = ?)
2026-08-22 21:39:24.441 DEBUG 215277 --- [   scheduling-1] c.p.i.mapper.IntelNewsMapper.selectList  : ==> Parameters: none(String), high(String)
2026-08-22 21:39:24.442 DEBUG 215277 --- [   scheduling-1] c.p.i.mapper.IntelNewsMapper.selectList  : <==      Total: 0
2026-08-22 21:39:24.442 DEBUG 215277 --- [   scheduling-1] c.p.i.mapper.IntelNewsMapper.selectList  : ==>  Preparing: SELECT id,source_code,title,content,region_code,normalized_tags,importance,published_at,push_status,version,deleted,created_at,updated_at FROM intel_news WHERE deleted=false AND (push_status = ? AND importance = ?)
2026-08-22 21:39:24.442 DEBUG 215277 --- [   scheduling-1] c.p.i.mapper.IntelNewsMapper.selectList  : ==> Parameters: none(String), high(String)
2026-08-22 21:39:24.443 DEBUG 215277 --- [   scheduling-1] c.p.i.mapper.IntelNewsMapper.selectList  : <==      Total: 0
2026-08-22 21:39:24.444 DEBUG 215277 --- [   scheduling-1] c.p.i.mapper.IntelNewsMapper.selectList  : ==>  Preparing: SELECT id,source_code,title,content,region_code,normalized_tags,importance,published_at,push_status,version,deleted,created_at,updated_at FROM intel_news WHERE deleted=false AND (push_status = ? AND importance = ?)
2026-08-22 21:39:24.444 DEBUG 215277 --- [   scheduling-1] c.p.i.mapper.IntelNewsMapper.selectList  : ==> Parameters: none(String), high(String)
2026-08-22 21:39:24.444 DEBUG 215277 --- [   scheduling-1] c.p.i.mapper.IntelNewsMapper.selectList  : <==      Total: 0
2026-08-22 21:39:24.445 DEBUG 215277 --- [   scheduling-1] c.p.i.mapper.IntelNewsMapper.selectList  : ==>  Preparing: SELECT id,source_code,title,content,region_code,normalized_tags,importance,published_at,push_status,version,deleted,created_at,updated_at FROM intel_news WHERE deleted=false AND (push_status = ? AND importance = ?)
2026-08-22 21:39:24.445 DEBUG 215277 --- [   scheduling-1] c.p.i.mapper.IntelNewsMapper.selectList  : ==> Parameters: none(String), high(String)
2026-08-22 21:39:24.445 DEBUG 215277 --- [   scheduling-1] c.p.i.mapper.IntelNewsMapper.selectList  : <==      Total: 0
2026-08-22 21:39:24.445 DEBUG 215277 --- [   scheduling-1] c.p.i.mapper.IntelNewsMapper.selectList  : ==>  Preparing: SELECT id,source_code,title,content,region_code,normalized_tags,importance,published_at,push_status,version,deleted,created_at,updated_at FROM intel_news WHERE deleted=false AND (push_status = ? AND importance = ?)
2026-08-22 21:39:24.445 DEBUG 215277 --- [   scheduling-1] c.p.i.mapper.IntelNewsMapper.selectList  : ==> Parameters: none(String), high(String)
2026-08-22 21:39:24.446 DEBUG 215277 --- [   scheduling-1] c.p.i.mapper.IntelNewsMapper.selectList  : <==      Total: 0
2026-08-22 21:39:24.446  INFO 215277 --- [   scheduling-1] com.ptidss.intel.service.IntelService    : 情报推送执行完成：匹配情报 0 条，派发消息 0 条，触发决策会话情报重评 0 个
2026-08-22 21:39:54.447 DEBUG 215277 --- [   scheduling-1] c.p.i.m.IntelPushRuleMapper.selectList   : ==>  Preparing: SELECT id,rule_name,tags_filter,importance_filter,target_roles,channel,silent_period,status,version,deleted,created_at,updated_at FROM intel_push_rule WHERE deleted=false AND (status = ?)
2026-08-22 21:39:54.447 DEBUG 215277 --- [   scheduling-1] c.p.i.m.IntelPushRuleMapper.selectList   : ==> Parameters: active(String)
2026-08-22 21:39:54.448 DEBUG 215277 --- [   scheduling-1] c.p.i.m.IntelPushRuleMapper.selectList   : <==      Total: 15
2026-08-22 21:39:54.449 DEBUG 215277 --- [   scheduling-1] c.p.i.mapper.IntelNewsMapper.selectList  : ==>  Preparing: SELECT id,source_code,title,content,region_code,normalized_tags,importance,published_at,push_status,version,deleted,created_at,updated_at FROM intel_news WHERE deleted=false AND (push_status = ? AND importance = ?)
2026-08-22 21:39:54.449 DEBUG 215277 --- [   scheduling-1] c.p.i.mapper.IntelNewsMapper.selectList  : ==> Parameters: none(String), high(String)
2026-08-22 21:39:54.449 DEBUG 215277 --- [   scheduling-1] c.p.i.mapper.IntelNewsMapper.selectList  : <==      Total: 0
2026-08-22 21:39:54.450 DEBUG 215277 --- [   scheduling-1] c.p.i.mapper.IntelNewsMapper.selectList  : ==>  Preparing: SELECT id,source_code,title,content,region_code,normalized_tags,importance,published_at,push_status,version,deleted,created_at,updated_at FROM intel_news WHERE deleted=false AND (push_status = ? AND importance = ?)
2026-08-22 21:39:54.450 DEBUG 215277 --- [   scheduling-1] c.p.i.mapper.IntelNewsMapper.selectList  : ==> Parameters: none(String), medium(String)
2026-08-22 21:39:54.455 DEBUG 215277 --- [   scheduling-1] c.p.i.mapper.IntelNewsMapper.selectList  : <==      Total: 309
2026-08-22 21:39:54.456 DEBUG 215277 --- [   scheduling-1] c.p.i.mapper.IntelNewsMapper.selectList  : ==>  Preparing: SELECT id,source_code,title,content,region_code,normalized_tags,importance,published_at,push_status,version,deleted,created_at,updated_at FROM intel_news WHERE deleted=false AND (push_status = ? AND importance = ?)
2026-08-22 21:39:54.457 DEBUG 215277 --- [   scheduling-1] c.p.i.mapper.IntelNewsMapper.selectList  : ==> Parameters: none(String), high(String)
2026-08-22 21:39:54.457 DEBUG 215277 --- [   scheduling-1] c.p.i.mapper.IntelNewsMapper.selectList  : <==      Total: 0
2026-08-22 21:39:54.458 DEBUG 215277 --- [   scheduling-1] c.p.i.mapper.IntelNewsMapper.selectList  : ==>  Preparing: SELECT id,source_code,title,content,region_code,normalized_tags,importance,published_at,push_status,version,deleted,created_at,updated_at FROM intel_news WHERE deleted=false AND (push_status = ? AND importance = ?)
2026-08-22 21:39:54.458 DEBUG 215277 --- [   scheduling-1] c.p.i.mapper.IntelNewsMapper.selectList  : ==> Parameters: none(String), high(String)
2026-08-22 21:39:54.458 DEBUG 215277 --- [   scheduling-1] c.p.i.mapper.IntelNewsMapper.selectList  : <==      Total: 0
2026-08-22 21:39:54.459 DEBUG 215277 --- [   scheduling-1] c.p.i.mapper.IntelNewsMapper.selectList  : ==>  Preparing: SELECT id,source_code,title,content,region_code,normalized_tags,importance,published_at,push_status,version,deleted,created_at,updated_at FROM intel_news WHERE deleted=false AND (push_status = ? AND importance = ?)
2026-08-22 21:39:54.459 DEBUG 215277 --- [   scheduling-1] c.p.i.mapper.IntelNewsMapper.selectList  : ==> Parameters: none(String), high(String)
2026-08-22 21:39:54.459 DEBUG 215277 --- [   scheduling-1] c.p.i.mapper.IntelNewsMapper.selectList  : <==      Total: 0
2026-08-22 21:39:54.460 DEBUG 215277 --- [   scheduling-1] c.p.i.mapper.IntelNewsMapper.selectList  : ==>  Preparing: SELECT id,source_code,title,content,region_code,normalized_tags,importance,published_at,push_status,version,deleted,created_at,updated_at FROM intel_news WHERE deleted=false AND (push_status = ? AND importance = ?)
2026-08-22 21:39:54.460 DEBUG 215277 --- [   scheduling-1] c.p.i.mapper.IntelNewsMapper.selectList  : ==> Parameters: none(String), high(String)
2026-08-22 21:39:54.460 DEBUG 215277 --- [   scheduling-1] c.p.i.mapper.IntelNewsMapper.selectList  : <==      Total: 0
2026-08-22 21:39:54.461 DEBUG 215277 --- [   scheduling-1] c.p.i.mapper.IntelNewsMapper.selectList  : ==>  Preparing: SELECT id,source_code,title,content,region_code,normalized_tags,importance,published_at,push_status,version,deleted,created_at,updated_at FROM intel_news WHERE deleted=false AND (push_status = ? AND importance = ?)
2026-08-22 21:39:54.461 DEBUG 215277 --- [   scheduling-1] c.p.i.mapper.IntelNewsMapper.selectList  : ==> Parameters: none(String), high(String)
2026-08-22 21:39:54.461 DEBUG 215277 --- [   scheduling-1] c.p.i.mapper.IntelNewsMapper.selectList  : <==      Total: 0
2026-08-22 21:39:54.461 DEBUG 215277 --- [   scheduling-1] c.p.i.mapper.IntelNewsMapper.selectList  : ==>  Preparing: SELECT id,source_code,title,content,region_code,normalized_tags,importance,published_at,push_status,version,deleted,created_at,updated_at FROM intel_news WHERE deleted=false AND (push_status = ? AND importance = ?)
2026-08-22 21:39:54.462 DEBUG 215277 --- [   scheduling-1] c.p.i.mapper.IntelNewsMapper.selectList  : ==> Parameters: none(String), high(String)
2026-08-22 21:39:54.462 DEBUG 215277 --- [   scheduling-1] c.p.i.mapper.IntelNewsMapper.selectList  : <==      Total: 0
2026-08-22 21:39:54.462 DEBUG 215277 --- [   scheduling-1] c.p.i.mapper.IntelNewsMapper.selectList  : ==>  Preparing: SELECT id,source_code,title,content,region_code,normalized_tags,importance,published_at,push_status,version,deleted,created_at,updated_at FROM intel_news WHERE deleted=false AND (push_status = ? AND importance = ?)
2026-08-22 21:39:54.462 DEBUG 215277 --- [   scheduling-1] c.p.i.mapper.IntelNewsMapper.selectList  : ==> Parameters: none(String), high(String)
2026-08-22 21:39:54.463 DEBUG 215277 --- [   scheduling-1] c.p.i.mapper.IntelNewsMapper.selectList  : <==      Total: 0
2026-08-22 21:39:54.463 DEBUG 215277 --- [   scheduling-1] c.p.i.mapper.IntelNewsMapper.selectList  : ==>  Preparing: SELECT id,source_code,title,content,region_code,normalized_tags,importance,published_at,push_status,version,deleted,created_at,updated_at FROM intel_news WHERE deleted=false AND (push_status = ? AND importance = ?)
2026-08-22 21:39:54.463 DEBUG 215277 --- [   scheduling-1] c.p.i.mapper.IntelNewsMapper.selectList  : ==> Parameters: none(String), high(String)
2026-08-22 21:39:54.464 DEBUG 215277 --- [   scheduling-1] c.p.i.mapper.IntelNewsMapper.selectList  : <==      Total: 0
2026-08-22 21:39:54.464 DEBUG 215277 --- [   scheduling-1] c.p.i.mapper.IntelNewsMapper.selectList  : ==>  Preparing: SELECT id,source_code,title,content,region_code,normalized_tags,importance,published_at,push_status,version,deleted,created_at,updated_at FROM intel_news WHERE deleted=false AND (push_status = ? AND importance = ?)
2026-08-22 21:39:54.464 DEBUG 215277 --- [   scheduling-1] c.p.i.mapper.IntelNewsMapper.selectList  : ==> Parameters: none(String), high(String)
2026-08-22 21:39:54.464 DEBUG 215277 --- [   scheduling-1] c.p.i.mapper.IntelNewsMapper.selectList  : <==      Total: 0
2026-08-22 21:39:54.465 DEBUG 215277 --- [   scheduling-1] c.p.i.mapper.IntelNewsMapper.selectList  : ==>  Preparing: SELECT id,source_code,title,content,region_code,normalized_tags,importance,published_at,push_status,version,deleted,created_at,updated_at FROM intel_news WHERE deleted=false AND (push_status = ? AND importance = ?)
2026-08-22 21:39:54.465 DEBUG 215277 --- [   scheduling-1] c.p.i.mapper.IntelNewsMapper.selectList  : ==> Parameters: none(String), high(String)
2026-08-22 21:39:54.465 DEBUG 215277 --- [   scheduling-1] c.p.i.mapper.IntelNewsMapper.selectList  : <==      Total: 0
2026-08-22 21:39:54.466 DEBUG 215277 --- [   scheduling-1] c.p.i.mapper.IntelNewsMapper.selectList  : ==>  Preparing: SELECT id,source_code,title,content,region_code,normalized_tags,importance,published_at,push_status,version,deleted,created_at,updated_at FROM intel_news WHERE deleted=false AND (push_status = ? AND importance = ?)
2026-08-22 21:39:54.466 DEBUG 215277 --- [   scheduling-1] c.p.i.mapper.IntelNewsMapper.selectList  : ==> Parameters: none(String), high(String)
2026-08-22 21:39:54.466 DEBUG 215277 --- [   scheduling-1] c.p.i.mapper.IntelNewsMapper.selectList  : <==      Total: 0
2026-08-22 21:39:54.467 DEBUG 215277 --- [   scheduling-1] c.p.i.mapper.IntelNewsMapper.selectList  : ==>  Preparing: SELECT id,source_code,title,content,region_code,normalized_tags,importance,published_at,push_status,version,deleted,created_at,updated_at FROM intel_news WHERE deleted=false AND (push_status = ? AND importance = ?)
2026-08-22 21:39:54.467 DEBUG 215277 --- [   scheduling-1] c.p.i.mapper.IntelNewsMapper.selectList  : ==> Parameters: none(String), high(String)
2026-08-22 21:39:54.467 DEBUG 215277 --- [   scheduling-1] c.p.i.mapper.IntelNewsMapper.selectList  : <==      Total: 0
2026-08-22 21:39:54.468 DEBUG 215277 --- [   scheduling-1] c.p.i.mapper.IntelNewsMapper.selectList  : ==>  Preparing: SELECT id,source_code,title,content,region_code,normalized_tags,importance,published_at,push_status,version,deleted,created_at,updated_at FROM intel_news WHERE deleted=false AND (push_status = ? AND importance = ?)
2026-08-22 21:39:54.468 DEBUG 215277 --- [   scheduling-1] c.p.i.mapper.IntelNewsMapper.selectList  : ==> Parameters: none(String), high(String)
2026-08-22 21:39:54.468 DEBUG 215277 --- [   scheduling-1] c.p.i.mapper.IntelNewsMapper.selectList  : <==      Total: 0
2026-08-22 21:39:54.468  INFO 215277 --- [   scheduling-1] com.ptidss.intel.service.IntelService    : 情报推送执行完成：匹配情报 0 条，派发消息 0 条，触发决策会话情报重评 0 个
2026-08-22 21:40:03.709 DEBUG 215277 --- [   scheduling-1] c.p.d.m.CollectTaskMapper.selectList     : ==>  Preparing: SELECT id,source_id,task_type,cron_expr,last_run_time,last_status,records_count,error_log,version,deleted,created_at,updated_at FROM collect_task WHERE deleted=false AND (cron_expr IS NOT NULL)
2026-08-22 21:40:03.709 DEBUG 215277 --- [   scheduling-1] c.p.d.m.CollectTaskMapper.selectList     : ==> Parameters: 
2026-08-22 21:40:03.710 DEBUG 215277 --- [   scheduling-1] c.p.d.m.CollectTaskMapper.selectList     : <==      Total: 3
2026-08-22 21:40:14.027 DEBUG 215277 --- [   scheduling-1] c.p.i.m.IntelSourceMapper.selectList     : ==>  Preparing: SELECT id,source_code,source_name,intel_type,fetch_mode,conn_type,conn_config,frequency,status,last_success_at,last_error,consecutive_failures,version,deleted,created_at,updated_at FROM intel_source WHERE deleted=false AND (status = ?)
2026-08-22 21:40:14.027 DEBUG 215277 --- [   scheduling-1] c.p.i.m.IntelSourceMapper.selectList     : ==> Parameters: enabled(String)
2026-08-22 21:40:14.027 DEBUG 215277 --- [   scheduling-1] c.p.i.m.IntelSourceMapper.selectList     : <==      Total: 21
2026-08-22 21:40:14.028  INFO 215277 --- [   scheduling-1] c.p.intel.service.IntelFetchService      : 行情采集执行完成：到期 0 个（成功 0 / 失败 0 / 跳过未到期 21）
2026-08-22 21:40:24.469 DEBUG 215277 --- [   scheduling-1] c.p.i.m.IntelPushRuleMapper.selectList   : ==>  Preparing: SELECT id,rule_name,tags_filter,importance_filter,target_roles,channel,silent_period,status,version,deleted,created_at,updated_at FROM intel_push_rule WHERE deleted=false AND (status = ?)
2026-08-22 21:40:24.469 DEBUG 215277 --- [   scheduling-1] c.p.i.m.IntelPushRuleMapper.selectList   : ==> Parameters: active(String)
2026-08-22 21:40:24.470 DEBUG 215277 --- [   scheduling-1] c.p.i.m.IntelPushRuleMapper.selectList   : <==      Total: 15
2026-08-22 21:40:24.470 DEBUG 215277 --- [   scheduling-1] c.p.i.mapper.IntelNewsMapper.selectList  : ==>  Preparing: SELECT id,source_code,title,content,region_code,normalized_tags,importance,published_at,push_status,version,deleted,created_at,updated_at FROM intel_news WHERE deleted=false AND (push_status = ? AND importance = ?)
2026-08-22 21:40:24.470 DEBUG 215277 --- [   scheduling-1] c.p.i.mapper.IntelNewsMapper.selectList  : ==> Parameters: none(String), high(String)
2026-08-22 21:40:24.471 DEBUG 215277 --- [   scheduling-1] c.p.i.mapper.IntelNewsMapper.selectList  : <==      Total: 0
2026-08-22 21:40:24.471 DEBUG 215277 --- [   scheduling-1] c.p.i.mapper.IntelNewsMapper.selectList  : ==>  Preparing: SELECT id,source_code,title,content,region_code,normalized_tags,importance,published_at,push_status,version,deleted,created_at,updated_at FROM intel_news WHERE deleted=false AND (push_status = ? AND importance = ?)
2026-08-22 21:40:24.471 DEBUG 215277 --- [   scheduling-1] c.p.i.mapper.IntelNewsMapper.selectList  : ==> Parameters: none(String), medium(String)
2026-08-22 21:40:24.475 DEBUG 215277 --- [   scheduling-1] c.p.i.mapper.IntelNewsMapper.selectList  : <==      Total: 309
2026-08-22 21:40:24.477 DEBUG 215277 --- [   scheduling-1] c.p.i.mapper.IntelNewsMapper.selectList  : ==>  Preparing: SELECT id,source_code,title,content,region_code,normalized_tags,importance,published_at,push_status,version,deleted,created_at,updated_at FROM intel_news WHERE deleted=false AND (push_status = ? AND importance = ?)
2026-08-22 21:40:24.477 DEBUG 215277 --- [   scheduling-1] c.p.i.mapper.IntelNewsMapper.selectList  : ==> Parameters: none(String), high(String)
2026-08-22 21:40:24.478 DEBUG 215277 --- [   scheduling-1] c.p.i.mapper.IntelNewsMapper.selectList  : <==      Total: 0
2026-08-22 21:40:24.478 DEBUG 215277 --- [   scheduling-1] c.p.i.mapper.IntelNewsMapper.selectList  : ==>  Preparing: SELECT id,source_code,title,content,region_code,normalized_tags,importance,published_at,push_status,version,deleted,created_at,updated_at FROM intel_news WHERE deleted=false AND (push_status = ? AND importance = ?)
2026-08-22 21:40:24.479 DEBUG 215277 --- [   scheduling-1] c.p.i.mapper.IntelNewsMapper.selectList  : ==> Parameters: none(String), high(String)
2026-08-22 21:40:24.479 DEBUG 215277 --- [   scheduling-1] c.p.i.mapper.IntelNewsMapper.selectList  : <==      Total: 0
2026-08-22 21:40:24.479 DEBUG 215277 --- [   scheduling-1] c.p.i.mapper.IntelNewsMapper.selectList  : ==>  Preparing: SELECT id,source_code,title,content,region_code,normalized_tags,importance,published_at,push_status,version,deleted,created_at,updated_at FROM intel_news WHERE deleted=false AND (push_status = ? AND importance = ?)
2026-08-22 21:40:24.480 DEBUG 215277 --- [   scheduling-1] c.p.i.mapper.IntelNewsMapper.selectList  : ==> Parameters: none(String), high(String)
2026-08-22 21:40:24.480 DEBUG 215277 --- [   scheduling-1] c.p.i.mapper.IntelNewsMapper.selectList  : <==      Total: 0
2026-08-22 21:40:24.481 DEBUG 215277 --- [   scheduling-1] c.p.i.mapper.IntelNewsMapper.selectList  : ==>  Preparing: SELECT id,source_code,title,content,region_code,normalized_tags,importance,published_at,push_status,version,deleted,created_at,updated_at FROM intel_news WHERE deleted=false AND (push_status = ? AND importance = ?)
2026-08-22 21:40:24.481 DEBUG 215277 --- [   scheduling-1] c.p.i.mapper.IntelNewsMapper.selectList  : ==> Parameters: none(String), high(String)
2026-08-22 21:40:24.481 DEBUG 215277 --- [   scheduling-1] c.p.i.mapper.IntelNewsMapper.selectList  : <==      Total: 0
2026-08-22 21:40:24.482 DEBUG 215277 --- [   scheduling-1] c.p.i.mapper.IntelNewsMapper.selectList  : ==>  Preparing: SELECT id,source_code,title,content,region_code,normalized_tags,importance,published_at,push_status,version,deleted,created_at,updated_at FROM intel_news WHERE deleted=false AND (push_status = ? AND importance = ?)
2026-08-22 21:40:24.482 DEBUG 215277 --- [   scheduling-1] c.p.i.mapper.IntelNewsMapper.selectList  : ==> Parameters: none(String), high(String)
2026-08-22 21:40:24.482 DEBUG 215277 --- [   scheduling-1] c.p.i.mapper.IntelNewsMapper.selectList  : <==      Total: 0
2026-08-22 21:40:24.483 DEBUG 215277 --- [   scheduling-1] c.p.i.mapper.IntelNewsMapper.selectList  : ==>  Preparing: SELECT id,source_code,title,content,region_code,normalized_tags,importance,published_at,push_status,version,deleted,created_at,updated_at FROM intel_news WHERE deleted=false AND (push_status = ? AND importance = ?)
2026-08-22 21:40:24.483 DEBUG 215277 --- [   scheduling-1] c.p.i.mapper.IntelNewsMapper.selectList  : ==> Parameters: none(String), high(String)
2026-08-22 21:40:24.483 DEBUG 215277 --- [   scheduling-1] c.p.i.mapper.IntelNewsMapper.selectList  : <==      Total: 0
2026-08-22 21:40:24.484 DEBUG 215277 --- [   scheduling-1] c.p.i.mapper.IntelNewsMapper.selectList  : ==>  Preparing: SELECT id,source_code,title,content,region_code,normalized_tags,importance,published_at,push_status,version,deleted,created_at,updated_at FROM intel_news WHERE deleted=false AND (push_status = ? AND importance = ?)
2026-08-22 21:40:24.484 DEBUG 215277 --- [   scheduling-1] c.p.i.mapper.IntelNewsMapper.selectList  : ==> Parameters: none(String), high(String)
2026-08-22 21:40:24.484 DEBUG 215277 --- [   scheduling-1] c.p.i.mapper.IntelNewsMapper.selectList  : <==      Total: 0
2026-08-22 21:40:24.485 DEBUG 215277 --- [   scheduling-1] c.p.i.mapper.IntelNewsMapper.selectList  : ==>  Preparing: SELECT id,source_code,title,content,region_code,normalized_tags,importance,published_at,push_status,version,deleted,created_at,updated_at FROM intel_news WHERE deleted=false AND (push_status = ? AND importance = ?)
2026-08-22 21:40:24.485 DEBUG 215277 --- [   scheduling-1] c.p.i.mapper.IntelNewsMapper.selectList  : ==> Parameters: none(String), high(String)
2026-08-22 21:40:24.485 DEBUG 215277 --- [   scheduling-1] c.p.i.mapper.IntelNewsMapper.selectList  : <==      Total: 0
2026-08-22 21:40:24.486 DEBUG 215277 --- [   scheduling-1] c.p.i.mapper.IntelNewsMapper.selectList  : ==>  Preparing: SELECT id,source_code,title,content,region_code,normalized_tags,importance,published_at,push_status,version,deleted,created_at,updated_at FROM intel_news WHERE deleted=false AND (push_status = ? AND importance = ?)
2026-08-22 21:40:24.486 DEBUG 215277 --- [   scheduling-1] c.p.i.mapper.IntelNewsMapper.selectList  : ==> Parameters: none(String), high(String)
2026-08-22 21:40:24.486 DEBUG 215277 --- [   scheduling-1] c.p.i.mapper.IntelNewsMapper.selectList  : <==      Total: 0
2026-08-22 21:40:24.487 DEBUG 215277 --- [   scheduling-1] c.p.i.mapper.IntelNewsMapper.selectList  : ==>  Preparing: SELECT id,source_code,title,content,region_code,normalized_tags,importance,published_at,push_status,version,deleted,created_at,updated_at FROM intel_news WHERE deleted=false AND (push_status = ? AND importance = ?)
2026-08-22 21:40:24.487 DEBUG 215277 --- [   scheduling-1] c.p.i.mapper.IntelNewsMapper.selectList  : ==> Parameters: none(String), high(String)
2026-08-22 21:40:24.488 DEBUG 215277 --- [   scheduling-1] c.p.i.mapper.IntelNewsMapper.selectList  : <==      Total: 0
2026-08-22 21:40:24.488 DEBUG 215277 --- [   scheduling-1] c.p.i.mapper.IntelNewsMapper.selectList  : ==>  Preparing: SELECT id,source_code,title,content,region_code,normalized_tags,importance,published_at,push_status,version,deleted,created_at,updated_at FROM intel_news WHERE deleted=false AND (push_status = ? AND importance = ?)
2026-08-22 21:40:24.488 DEBUG 215277 --- [   scheduling-1] c.p.i.mapper.IntelNewsMapper.selectList  : ==> Parameters: none(String), high(String)
2026-08-22 21:40:24.489 DEBUG 215277 --- [   scheduling-1] c.p.i.mapper.IntelNewsMapper.selectList  : <==      Total: 0
2026-08-22 21:40:24.489 DEBUG 215277 --- [   scheduling-1] c.p.i.mapper.IntelNewsMapper.selectList  : ==>  Preparing: SELECT id,source_code,title,content,region_code,normalized_tags,importance,published_at,push_status,version,deleted,created_at,updated_at FROM intel_news WHERE deleted=false AND (push_status = ? AND importance = ?)
2026-08-22 21:40:24.489 DEBUG 215277 --- [   scheduling-1] c.p.i.mapper.IntelNewsMapper.selectList  : ==> Parameters: none(String), high(String)
2026-08-22 21:40:24.490 DEBUG 215277 --- [   scheduling-1] c.p.i.mapper.IntelNewsMapper.selectList  : <==      Total: 0
2026-08-22 21:40:24.490 DEBUG 215277 --- [   scheduling-1] c.p.i.mapper.IntelNewsMapper.selectList  : ==>  Preparing: SELECT id,source_code,title,content,region_code,normalized_tags,importance,published_at,push_status,version,deleted,created_at,updated_at FROM intel_news WHERE deleted=false AND (push_status = ? AND importance = ?)
2026-08-22 21:40:24.490 DEBUG 215277 --- [   scheduling-1] c.p.i.mapper.IntelNewsMapper.selectList  : ==> Parameters: none(String), high(String)
2026-08-22 21:40:24.491 DEBUG 215277 --- [   scheduling-1] c.p.i.mapper.IntelNewsMapper.selectList  : <==      Total: 0
2026-08-22 21:40:24.491  INFO 215277 --- [   scheduling-1] com.ptidss.intel.service.IntelService    : 情报推送执行完成：匹配情报 0 条，派发消息 0 条，触发决策会话情报重评 0 个
2026-08-22 21:40:35.784 DEBUG 215277 --- [nio-9080-exec-9] c.p.s.mapper.SysUserMapper.selectList    : ==>  Preparing: SELECT id,username,display_name,password_hash,role_ids,org_code,phone,email,status,last_login_at,version,deleted,created_at,updated_at FROM sys_user WHERE deleted=false AND (username = ?)
2026-08-22 21:40:35.784 DEBUG 215277 --- [nio-9080-exec-9] c.p.s.mapper.SysUserMapper.selectList    : ==> Parameters: admin(String)
2026-08-22 21:40:35.785 DEBUG 215277 --- [nio-9080-exec-9] c.p.s.mapper.SysUserMapper.selectList    : <==      Total: 1
2026-08-22 21:40:35.876 DEBUG 215277 --- [nio-9080-exec-9] c.p.s.m.SysRoleMapper.selectBatchIds     : ==>  Preparing: SELECT id,role_code,role_name,description,status,version,deleted,created_at,updated_at FROM sys_role WHERE id IN ( ? ) AND deleted=false
2026-08-22 21:40:35.876 DEBUG 215277 --- [nio-9080-exec-9] c.p.s.m.SysRoleMapper.selectBatchIds     : ==> Parameters: 4(Long)
2026-08-22 21:40:35.877 DEBUG 215277 --- [nio-9080-exec-9] c.p.s.m.SysRoleMapper.selectBatchIds     : <==      Total: 1
2026-08-22 21:40:35.878 DEBUG 215277 --- [nio-9080-exec-9] c.p.s.m.SysPermissionMapper.selectList   : ==>  Preparing: SELECT id,perm_code,perm_name,resource_type,resource_pattern,status,version,deleted,created_at,updated_at FROM sys_permission WHERE deleted=false AND (status = ? AND EXISTS (SELECT 1 FROM sys_role_permission rp WHERE rp.permission_id = sys_permission.id AND rp.role_id = ?))
2026-08-22 21:40:35.878 DEBUG 215277 --- [nio-9080-exec-9] c.p.s.m.SysPermissionMapper.selectList   : ==> Parameters: active(String), 4(Long)
2026-08-22 21:40:35.879 DEBUG 215277 --- [nio-9080-exec-9] c.p.s.m.SysPermissionMapper.selectList   : <==      Total: 18
2026-08-22 21:40:35.879 DEBUG 215277 --- [nio-9080-exec-9] c.p.s.m.SysUserRegionMapper.selectList   : ==>  Preparing: SELECT user_id,region_code FROM sys_user_region WHERE (user_id = ?)
2026-08-22 21:40:35.879 DEBUG 215277 --- [nio-9080-exec-9] c.p.s.m.SysUserRegionMapper.selectList   : ==> Parameters: 1(Long)
2026-08-22 21:40:35.879 DEBUG 215277 --- [nio-9080-exec-9] c.p.s.m.SysUserRegionMapper.selectList   : <==      Total: 4
2026-08-22 21:40:35.880 DEBUG 215277 --- [nio-9080-exec-9] c.p.s.mapper.SysRegionMapper.selectList  : ==>  Preparing: SELECT id,region_code,region_name,market_support,exchange_channel,settlement_period,status,launch_order,version,deleted,created_at,updated_at FROM sys_region WHERE deleted=false AND (region_code = ? AND status = ?)
2026-08-22 21:40:35.880 DEBUG 215277 --- [nio-9080-exec-9] c.p.s.mapper.SysRegionMapper.selectList  : ==> Parameters: CN-31(String), enabled(String)
2026-08-22 21:40:35.880 DEBUG 215277 --- [nio-9080-exec-9] c.p.s.mapper.SysRegionMapper.selectList  : <==      Total: 1
2026-08-22 21:40:35.881 DEBUG 215277 --- [nio-9080-exec-9] c.p.s.mapper.SysUserMapper.updateById    : ==>  Preparing: UPDATE sys_user SET last_login_at=?, updated_at=? WHERE id=? AND deleted=false
2026-08-22 21:40:35.881 DEBUG 215277 --- [nio-9080-exec-9] c.p.s.mapper.SysUserMapper.updateById    : ==> Parameters: 2026-08-22 21:40:35.881(Timestamp), 2026-08-22 21:40:35.881(Timestamp), 1(Long)
2026-08-22 21:40:35.882 DEBUG 215277 --- [nio-9080-exec-9] c.p.s.mapper.SysUserMapper.updateById    : <==    Updates: 1
2026-08-22 21:40:35.883 DEBUG 215277 --- [nio-9080-exec-9] c.p.system.mapper.AuditLogMapper.insert  : ==>  Preparing: INSERT INTO audit_log ( id, trace_id, user_id, username, action, target_type, target_id, ip, user_agent, result, created_at ) VALUES ( ?, ?, ?, ?, ?, ?, ?, ?, ?, ?, ? )
2026-08-22 21:40:35.884 DEBUG 215277 --- [nio-9080-exec-9] c.p.system.mapper.AuditLogMapper.insert  : ==> Parameters: 216914453889945600(Long), 55d18f78a89b42fc(String), 0(Long), admin(String), login(String), auth(String), LoginBody(username=admin, password=Ptidss@2026, captchaKey=242d9(String), 127.0.0.1(String), Mozilla/5.0 (X11; Linux x86_64) AppleWebKit/537.36 (KHTML, like Gecko) Qoder/1.23.0 Chrome/148.0.7778.97 Electron/42.2.0 Safari/537.36(String), success(String), 2026-08-22 21:40:35.883(Timestamp)
2026-08-22 21:40:35.885 DEBUG 215277 --- [nio-9080-exec-9] c.p.system.mapper.AuditLogMapper.insert  : <==    Updates: 1
2026-08-22 21:40:35.933 DEBUG 215277 --- [nio-9080-exec-2] c.p.m.m.ModelRegistryMapper.selectList   : ==>  Preparing: SELECT id,model_code,model_name,model_version,framework,metrics,status,file_url,trained_at,version,deleted,created_at,updated_at FROM model_registry WHERE deleted=false ORDER BY model_code ASC,version DESC
2026-08-22 21:40:35.933 DEBUG 215277 --- [nio-9080-exec-2] c.p.m.m.ModelRegistryMapper.selectList   : ==> Parameters: 
2026-08-22 21:40:35.935 DEBUG 215277 --- [nio-9080-exec-2] c.p.m.m.ModelRegistryMapper.selectList   : <==      Total: 3
2026-08-22 21:40:35.937 DEBUG 215277 --- [nio-9080-exec-3] c.p.t.m.RollingPlanMapper.selectList     : ==>  Preparing: SELECT id,trade_date,scenario,plan_type,adjustments,expected_revenue,risk_metrics,evidence_chain_ref,status,created_by,region_code,version,deleted,created_at,updated_at FROM rolling_plan WHERE deleted=false AND (region_code = ?) ORDER BY trade_date DESC
2026-08-22 21:40:35.938 DEBUG 215277 --- [nio-9080-exec-4] c.p.t.mapper.ContractMapper.selectList   : ==>  Preparing: SELECT id,contract_no,variety,direction,counterparty,total_volume,curve_json,price,start_date,end_date,status,source,region_code,version,deleted,created_at,updated_at FROM contract WHERE deleted=false AND (region_code = ? AND status IN (?,?))
2026-08-22 21:40:35.938 DEBUG 215277 --- [nio-9080-exec-4] c.p.t.mapper.ContractMapper.selectList   : ==> Parameters: CN-11(String), active(String), executing(String)
2026-08-22 21:40:35.946 DEBUG 215277 --- [nio-9080-exec-5] c.p.m.m.MessageRecordMapper.selectCount  : ==>  Preparing: SELECT COUNT( * ) FROM message_record WHERE deleted=false AND (receiver_id = ?)
2026-08-22 21:40:35.946 DEBUG 215277 --- [nio-9080-exec-5] c.p.m.m.MessageRecordMapper.selectCount  : ==> Parameters: 1(Long)
2026-08-22 21:40:35.947 DEBUG 215277 --- [nio-9080-exec-3] c.p.t.m.RollingPlanMapper.selectList     : ==> Parameters: CN-11(String)
2026-08-22 21:40:35.948 DEBUG 215277 --- [nio-9080-exec-3] c.p.t.m.RollingPlanMapper.selectList     : <==      Total: 0
2026-08-22 21:40:35.948 DEBUG 215277 --- [nio-9080-exec-4] c.p.t.mapper.ContractMapper.selectList   : <==      Total: 0
2026-08-22 21:40:35.950 DEBUG 215277 --- [nio-9080-exec-5] c.p.m.m.MessageRecordMapper.selectCount  : <==      Total: 1
2026-08-22 21:40:35.959 DEBUG 215277 --- [nio-9080-exec-5] c.p.m.m.M.selectPage_mpCount             : ==>  Preparing: SELECT COUNT(*) AS total FROM message_record WHERE deleted = false AND (receiver_id = ? AND read_status = ?)
2026-08-22 21:40:35.960 DEBUG 215277 --- [nio-9080-exec-5] c.p.m.m.M.selectPage_mpCount             : ==> Parameters: 1(Long), unread(String)
2026-08-22 21:40:35.961 DEBUG 215277 --- [nio-9080-exec-5] c.p.m.m.M.selectPage_mpCount             : <==      Total: 1
2026-08-22 21:40:35.962 DEBUG 215277 --- [nio-9080-exec-5] c.p.m.m.MessageRecordMapper.selectPage   : ==>  Preparing: SELECT id,msg_type,receiver_id,title,content,channel,read_status,biz_ref,version,deleted,created_at,updated_at FROM message_record WHERE deleted=false AND (receiver_id = ? AND read_status = ?) ORDER BY created_at DESC LIMIT ?
2026-08-22 21:40:35.962 DEBUG 215277 --- [nio-9080-exec-5] c.p.m.m.MessageRecordMapper.selectPage   : ==> Parameters: 1(Long), unread(String), 10(Long)
2026-08-22 21:40:35.967 DEBUG 215277 --- [nio-9080-exec-5] c.p.m.m.MessageRecordMapper.selectPage   : <==      Total: 1
2026-08-22 21:40:51.215 DEBUG 215277 --- [nio-9080-exec-8] c.p.s.mapper.SysRoleMapper.selectList    : ==>  Preparing: SELECT id,role_code,role_name,description,status,version,deleted,created_at,updated_at FROM sys_role WHERE deleted=false ORDER BY id ASC
2026-08-22 21:40:51.215 DEBUG 215277 --- [nio-9080-exec-8] c.p.s.mapper.SysRoleMapper.selectList    : ==> Parameters: 
2026-08-22 21:40:51.216 DEBUG 215277 --- [nio-9080-exec-8] c.p.s.mapper.SysRoleMapper.selectList    : <==      Total: 7
2026-08-22 21:40:51.217 DEBUG 215277 --- [nio-9080-exec-7] c.p.s.m.S.selectPage_mpCount             : ==>  Preparing: SELECT COUNT(*) AS total FROM sys_user WHERE deleted = false
2026-08-22 21:40:51.217 DEBUG 215277 --- [nio-9080-exec-8] c.p.s.m.SysRoleRegionMapper.selectList   : ==>  Preparing: SELECT role_id,region_code FROM sys_role_region
2026-08-22 21:40:51.217 DEBUG 215277 --- [nio-9080-exec-8] c.p.s.m.SysRoleRegionMapper.selectList   : ==> Parameters: 
2026-08-22 21:40:51.217 DEBUG 215277 --- [nio-9080-exec-7] c.p.s.m.S.selectPage_mpCount             : ==> Parameters: 
2026-08-22 21:40:51.217 DEBUG 215277 --- [nio-9080-exec-8] c.p.s.m.SysRoleRegionMapper.selectList   : <==      Total: 1
2026-08-22 21:40:51.218 DEBUG 215277 --- [nio-9080-exec-7] c.p.s.m.S.selectPage_mpCount             : <==      Total: 1
2026-08-22 21:40:51.218 DEBUG 215277 --- [nio-9080-exec-7] c.p.s.mapper.SysUserMapper.selectPage    : ==>  Preparing: SELECT id,username,display_name,password_hash,role_ids,org_code,phone,email,status,last_login_at,version,deleted,created_at,updated_at FROM sys_user WHERE deleted=false ORDER BY id ASC LIMIT ?
2026-08-22 21:40:51.218 DEBUG 215277 --- [nio-9080-exec-7] c.p.s.mapper.SysUserMapper.selectPage    : ==> Parameters: 10(Long)
2026-08-22 21:40:51.220 DEBUG 215277 --- [nio-9080-exec-9] c.p.s.mapper.SysRegionMapper.selectList  : ==>  Preparing: SELECT id,region_code,region_name,market_support,exchange_channel,settlement_period,status,launch_order,version,deleted,created_at,updated_at FROM sys_region WHERE deleted=false ORDER BY launch_order ASC
2026-08-22 21:40:51.220 DEBUG 215277 --- [nio-9080-exec-9] c.p.s.mapper.SysRegionMapper.selectList  : ==> Parameters: 
2026-08-22 21:40:51.221 DEBUG 215277 --- [nio-9080-exec-7] c.p.s.mapper.SysUserMapper.selectPage    : <==      Total: 4
2026-08-22 21:40:51.223 DEBUG 215277 --- [nio-9080-exec-9] c.p.s.mapper.SysRegionMapper.selectList  : <==      Total: 14
2026-08-22 21:40:54.492 DEBUG 215277 --- [   scheduling-1] c.p.i.m.IntelPushRuleMapper.selectList   : ==>  Preparing: SELECT id,rule_name,tags_filter,importance_filter,target_roles,channel,silent_period,status,version,deleted,created_at,updated_at FROM intel_push_rule WHERE deleted=false AND (status = ?)
2026-08-22 21:40:54.492 DEBUG 215277 --- [   scheduling-1] c.p.i.m.IntelPushRuleMapper.selectList   : ==> Parameters: active(String)
2026-08-22 21:40:54.492 DEBUG 215277 --- [   scheduling-1] c.p.i.m.IntelPushRuleMapper.selectList   : <==      Total: 15
2026-08-22 21:40:54.493 DEBUG 215277 --- [   scheduling-1] c.p.i.mapper.IntelNewsMapper.selectList  : ==>  Preparing: SELECT id,source_code,title,content,region_code,normalized_tags,importance,published_at,push_status,version,deleted,created_at,updated_at FROM intel_news WHERE deleted=false AND (push_status = ? AND importance = ?)
2026-08-22 21:40:54.493 DEBUG 215277 --- [   scheduling-1] c.p.i.mapper.IntelNewsMapper.selectList  : ==> Parameters: none(String), high(String)
2026-08-22 21:40:54.493 DEBUG 215277 --- [   scheduling-1] c.p.i.mapper.IntelNewsMapper.selectList  : <==      Total: 0
2026-08-22 21:40:54.493 DEBUG 215277 --- [   scheduling-1] c.p.i.mapper.IntelNewsMapper.selectList  : ==>  Preparing: SELECT id,source_code,title,content,region_code,normalized_tags,importance,published_at,push_status,version,deleted,created_at,updated_at FROM intel_news WHERE deleted=false AND (push_status = ? AND importance = ?)
2026-08-22 21:40:54.493 DEBUG 215277 --- [   scheduling-1] c.p.i.mapper.IntelNewsMapper.selectList  : ==> Parameters: none(String), medium(String)
2026-08-22 21:40:54.496 DEBUG 215277 --- [   scheduling-1] c.p.i.mapper.IntelNewsMapper.selectList  : <==      Total: 309
2026-08-22 21:40:54.497 DEBUG 215277 --- [   scheduling-1] c.p.i.mapper.IntelNewsMapper.selectList  : ==>  Preparing: SELECT id,source_code,title,content,region_code,normalized_tags,importance,published_at,push_status,version,deleted,created_at,updated_at FROM intel_news WHERE deleted=false AND (push_status = ? AND importance = ?)
2026-08-22 21:40:54.497 DEBUG 215277 --- [   scheduling-1] c.p.i.mapper.IntelNewsMapper.selectList  : ==> Parameters: none(String), high(String)
2026-08-22 21:40:54.497 DEBUG 215277 --- [   scheduling-1] c.p.i.mapper.IntelNewsMapper.selectList  : <==      Total: 0
2026-08-22 21:40:54.497 DEBUG 215277 --- [   scheduling-1] c.p.i.mapper.IntelNewsMapper.selectList  : ==>  Preparing: SELECT id,source_code,title,content,region_code,normalized_tags,importance,published_at,push_status,version,deleted,created_at,updated_at FROM intel_news WHERE deleted=false AND (push_status = ? AND importance = ?)
2026-08-22 21:40:54.497 DEBUG 215277 --- [   scheduling-1] c.p.i.mapper.IntelNewsMapper.selectList  : ==> Parameters: none(String), high(String)
2026-08-22 21:40:54.498 DEBUG 215277 --- [   scheduling-1] c.p.i.mapper.IntelNewsMapper.selectList  : <==      Total: 0
2026-08-22 21:40:54.498 DEBUG 215277 --- [   scheduling-1] c.p.i.mapper.IntelNewsMapper.selectList  : ==>  Preparing: SELECT id,source_code,title,content,region_code,normalized_tags,importance,published_at,push_status,version,deleted,created_at,updated_at FROM intel_news WHERE deleted=false AND (push_status = ? AND importance = ?)
2026-08-22 21:40:54.498 DEBUG 215277 --- [   scheduling-1] c.p.i.mapper.IntelNewsMapper.selectList  : ==> Parameters: none(String), high(String)
2026-08-22 21:40:54.498 DEBUG 215277 --- [   scheduling-1] c.p.i.mapper.IntelNewsMapper.selectList  : <==      Total: 0
2026-08-22 21:40:54.498 DEBUG 215277 --- [   scheduling-1] c.p.i.mapper.IntelNewsMapper.selectList  : ==>  Preparing: SELECT id,source_code,title,content,region_code,normalized_tags,importance,published_at,push_status,version,deleted,created_at,updated_at FROM intel_news WHERE deleted=false AND (push_status = ? AND importance = ?)
2026-08-22 21:40:54.498 DEBUG 215277 --- [   scheduling-1] c.p.i.mapper.IntelNewsMapper.selectList  : ==> Parameters: none(String), high(String)
2026-08-22 21:40:54.499 DEBUG 215277 --- [   scheduling-1] c.p.i.mapper.IntelNewsMapper.selectList  : <==      Total: 0
2026-08-22 21:40:54.499 DEBUG 215277 --- [   scheduling-1] c.p.i.mapper.IntelNewsMapper.selectList  : ==>  Preparing: SELECT id,source_code,title,content,region_code,normalized_tags,importance,published_at,push_status,version,deleted,created_at,updated_at FROM intel_news WHERE deleted=false AND (push_status = ? AND importance = ?)
2026-08-22 21:40:54.499 DEBUG 215277 --- [   scheduling-1] c.p.i.mapper.IntelNewsMapper.selectList  : ==> Parameters: none(String), high(String)
2026-08-22 21:40:54.499 DEBUG 215277 --- [   scheduling-1] c.p.i.mapper.IntelNewsMapper.selectList  : <==      Total: 0
2026-08-22 21:40:54.500 DEBUG 215277 --- [   scheduling-1] c.p.i.mapper.IntelNewsMapper.selectList  : ==>  Preparing: SELECT id,source_code,title,content,region_code,normalized_tags,importance,published_at,push_status,version,deleted,created_at,updated_at FROM intel_news WHERE deleted=false AND (push_status = ? AND importance = ?)
2026-08-22 21:40:54.500 DEBUG 215277 --- [   scheduling-1] c.p.i.mapper.IntelNewsMapper.selectList  : ==> Parameters: none(String), high(String)
2026-08-22 21:40:54.500 DEBUG 215277 --- [   scheduling-1] c.p.i.mapper.IntelNewsMapper.selectList  : <==      Total: 0
2026-08-22 21:40:54.500 DEBUG 215277 --- [   scheduling-1] c.p.i.mapper.IntelNewsMapper.selectList  : ==>  Preparing: SELECT id,source_code,title,content,region_code,normalized_tags,importance,published_at,push_status,version,deleted,created_at,updated_at FROM intel_news WHERE deleted=false AND (push_status = ? AND importance = ?)
2026-08-22 21:40:54.500 DEBUG 215277 --- [   scheduling-1] c.p.i.mapper.IntelNewsMapper.selectList  : ==> Parameters: none(String), high(String)
2026-08-22 21:40:54.500 DEBUG 215277 --- [   scheduling-1] c.p.i.mapper.IntelNewsMapper.selectList  : <==      Total: 0
2026-08-22 21:40:54.501 DEBUG 215277 --- [   scheduling-1] c.p.i.mapper.IntelNewsMapper.selectList  : ==>  Preparing: SELECT id,source_code,title,content,region_code,normalized_tags,importance,published_at,push_status,version,deleted,created_at,updated_at FROM intel_news WHERE deleted=false AND (push_status = ? AND importance = ?)
2026-08-22 21:40:54.501 DEBUG 215277 --- [   scheduling-1] c.p.i.mapper.IntelNewsMapper.selectList  : ==> Parameters: none(String), high(String)
2026-08-22 21:40:54.501 DEBUG 215277 --- [   scheduling-1] c.p.i.mapper.IntelNewsMapper.selectList  : <==      Total: 0
2026-08-22 21:40:54.501 DEBUG 215277 --- [   scheduling-1] c.p.i.mapper.IntelNewsMapper.selectList  : ==>  Preparing: SELECT id,source_code,title,content,region_code,normalized_tags,importance,published_at,push_status,version,deleted,created_at,updated_at FROM intel_news WHERE deleted=false AND (push_status = ? AND importance = ?)
2026-08-22 21:40:54.501 DEBUG 215277 --- [   scheduling-1] c.p.i.mapper.IntelNewsMapper.selectList  : ==> Parameters: none(String), high(String)
2026-08-22 21:40:54.502 DEBUG 215277 --- [   scheduling-1] c.p.i.mapper.IntelNewsMapper.selectList  : <==      Total: 0
2026-08-22 21:40:54.502 DEBUG 215277 --- [   scheduling-1] c.p.i.mapper.IntelNewsMapper.selectList  : ==>  Preparing: SELECT id,source_code,title,content,region_code,normalized_tags,importance,published_at,push_status,version,deleted,created_at,updated_at FROM intel_news WHERE deleted=false AND (push_status = ? AND importance = ?)
2026-08-22 21:40:54.502 DEBUG 215277 --- [   scheduling-1] c.p.i.mapper.IntelNewsMapper.selectList  : ==> Parameters: none(String), high(String)
2026-08-22 21:40:54.502 DEBUG 215277 --- [   scheduling-1] c.p.i.mapper.IntelNewsMapper.selectList  : <==      Total: 0
2026-08-22 21:40:54.503 DEBUG 215277 --- [   scheduling-1] c.p.i.mapper.IntelNewsMapper.selectList  : ==>  Preparing: SELECT id,source_code,title,content,region_code,normalized_tags,importance,published_at,push_status,version,deleted,created_at,updated_at FROM intel_news WHERE deleted=false AND (push_status = ? AND importance = ?)
2026-08-22 21:40:54.503 DEBUG 215277 --- [   scheduling-1] c.p.i.mapper.IntelNewsMapper.selectList  : ==> Parameters: none(String), high(String)
2026-08-22 21:40:54.503 DEBUG 215277 --- [   scheduling-1] c.p.i.mapper.IntelNewsMapper.selectList  : <==      Total: 0
2026-08-22 21:40:54.503 DEBUG 215277 --- [   scheduling-1] c.p.i.mapper.IntelNewsMapper.selectList  : ==>  Preparing: SELECT id,source_code,title,content,region_code,normalized_tags,importance,published_at,push_status,version,deleted,created_at,updated_at FROM intel_news WHERE deleted=false AND (push_status = ? AND importance = ?)
2026-08-22 21:40:54.503 DEBUG 215277 --- [   scheduling-1] c.p.i.mapper.IntelNewsMapper.selectList  : ==> Parameters: none(String), high(String)
2026-08-22 21:40:54.504 DEBUG 215277 --- [   scheduling-1] c.p.i.mapper.IntelNewsMapper.selectList  : <==      Total: 0
2026-08-22 21:40:54.504 DEBUG 215277 --- [   scheduling-1] c.p.i.mapper.IntelNewsMapper.selectList  : ==>  Preparing: SELECT id,source_code,title,content,region_code,normalized_tags,importance,published_at,push_status,version,deleted,created_at,updated_at FROM intel_news WHERE deleted=false AND (push_status = ? AND importance = ?)
2026-08-22 21:40:54.504 DEBUG 215277 --- [   scheduling-1] c.p.i.mapper.IntelNewsMapper.selectList  : ==> Parameters: none(String), high(String)
2026-08-22 21:40:54.505 DEBUG 215277 --- [   scheduling-1] c.p.i.mapper.IntelNewsMapper.selectList  : <==      Total: 0
2026-08-22 21:40:54.505  INFO 215277 --- [   scheduling-1] com.ptidss.intel.service.IntelService    : 情报推送执行完成：匹配情报 0 条，派发消息 0 条，触发决策会话情报重评 0 个
2026-08-22 21:41:03.712 DEBUG 215277 --- [   scheduling-1] c.p.d.m.CollectTaskMapper.selectList     : ==>  Preparing: SELECT id,source_id,task_type,cron_expr,last_run_time,last_status,records_count,error_log,version,deleted,created_at,updated_at FROM collect_task WHERE deleted=false AND (cron_expr IS NOT NULL)
2026-08-22 21:41:03.712 DEBUG 215277 --- [   scheduling-1] c.p.d.m.CollectTaskMapper.selectList     : ==> Parameters: 
2026-08-22 21:41:03.713 DEBUG 215277 --- [   scheduling-1] c.p.d.m.CollectTaskMapper.selectList     : <==      Total: 3
2026-08-22 21:41:14.028 DEBUG 215277 --- [   scheduling-1] c.p.i.m.IntelSourceMapper.selectList     : ==>  Preparing: SELECT id,source_code,source_name,intel_type,fetch_mode,conn_type,conn_config,frequency,status,last_success_at,last_error,consecutive_failures,version,deleted,created_at,updated_at FROM intel_source WHERE deleted=false AND (status = ?)
2026-08-22 21:41:14.029 DEBUG 215277 --- [   scheduling-1] c.p.i.m.IntelSourceMapper.selectList     : ==> Parameters: enabled(String)
2026-08-22 21:41:14.029 DEBUG 215277 --- [   scheduling-1] c.p.i.m.IntelSourceMapper.selectList     : <==      Total: 21
2026-08-22 21:41:14.029  INFO 215277 --- [   scheduling-1] c.p.intel.service.IntelFetchService      : 行情采集执行完成：到期 0 个（成功 0 / 失败 0 / 跳过未到期 21）
2026-08-22 21:41:23.286 DEBUG 215277 --- [io-9080-exec-10] c.p.s.mapper.SysRoleMapper.selectList    : ==>  Preparing: SELECT id,role_code,role_name,description,status,version,deleted,created_at,updated_at FROM sys_role WHERE deleted=false ORDER BY id ASC
2026-08-22 21:41:23.287 DEBUG 215277 --- [io-9080-exec-10] c.p.s.mapper.SysRoleMapper.selectList    : ==> Parameters: 
2026-08-22 21:41:23.287 DEBUG 215277 --- [io-9080-exec-10] c.p.s.mapper.SysRoleMapper.selectList    : <==      Total: 7
2026-08-22 21:41:23.287 DEBUG 215277 --- [io-9080-exec-10] c.p.s.m.SysRoleRegionMapper.selectList   : ==>  Preparing: SELECT role_id,region_code FROM sys_role_region
2026-08-22 21:41:23.287 DEBUG 215277 --- [io-9080-exec-10] c.p.s.m.SysRoleRegionMapper.selectList   : ==> Parameters: 
2026-08-22 21:41:23.288 DEBUG 215277 --- [io-9080-exec-10] c.p.s.m.SysRoleRegionMapper.selectList   : <==      Total: 1
2026-08-22 21:41:23.291 DEBUG 215277 --- [nio-9080-exec-2] c.p.s.m.SysPermissionMapper.selectList   : ==>  Preparing: SELECT id,perm_code,perm_name,resource_type,resource_pattern,status,version,deleted,created_at,updated_at FROM sys_permission WHERE deleted=false ORDER BY id ASC
2026-08-22 21:41:23.291 DEBUG 215277 --- [nio-9080-exec-2] c.p.s.m.SysPermissionMapper.selectList   : ==> Parameters: 
2026-08-22 21:41:23.292 DEBUG 215277 --- [nio-9080-exec-2] c.p.s.m.SysPermissionMapper.selectList   : <==      Total: 18
2026-08-22 21:41:24.506 DEBUG 215277 --- [   scheduling-1] c.p.i.m.IntelPushRuleMapper.selectList   : ==>  Preparing: SELECT id,rule_name,tags_filter,importance_filter,target_roles,channel,silent_period,status,version,deleted,created_at,updated_at FROM intel_push_rule WHERE deleted=false AND (status = ?)
2026-08-22 21:41:24.506 DEBUG 215277 --- [   scheduling-1] c.p.i.m.IntelPushRuleMapper.selectList   : ==> Parameters: active(String)
2026-08-22 21:41:24.506 DEBUG 215277 --- [   scheduling-1] c.p.i.m.IntelPushRuleMapper.selectList   : <==      Total: 15
2026-08-22 21:41:24.506 DEBUG 215277 --- [   scheduling-1] c.p.i.mapper.IntelNewsMapper.selectList  : ==>  Preparing: SELECT id,source_code,title,content,region_code,normalized_tags,importance,published_at,push_status,version,deleted,created_at,updated_at FROM intel_news WHERE deleted=false AND (push_status = ? AND importance = ?)
2026-08-22 21:41:24.507 DEBUG 215277 --- [   scheduling-1] c.p.i.mapper.IntelNewsMapper.selectList  : ==> Parameters: none(String), high(String)
2026-08-22 21:41:24.507 DEBUG 215277 --- [   scheduling-1] c.p.i.mapper.IntelNewsMapper.selectList  : <==      Total: 0
2026-08-22 21:41:24.507 DEBUG 215277 --- [   scheduling-1] c.p.i.mapper.IntelNewsMapper.selectList  : ==>  Preparing: SELECT id,source_code,title,content,region_code,normalized_tags,importance,published_at,push_status,version,deleted,created_at,updated_at FROM intel_news WHERE deleted=false AND (push_status = ? AND importance = ?)
2026-08-22 21:41:24.507 DEBUG 215277 --- [   scheduling-1] c.p.i.mapper.IntelNewsMapper.selectList  : ==> Parameters: none(String), medium(String)
2026-08-22 21:41:24.511 DEBUG 215277 --- [   scheduling-1] c.p.i.mapper.IntelNewsMapper.selectList  : <==      Total: 309
2026-08-22 21:41:24.512 DEBUG 215277 --- [   scheduling-1] c.p.i.mapper.IntelNewsMapper.selectList  : ==>  Preparing: SELECT id,source_code,title,content,region_code,normalized_tags,importance,published_at,push_status,version,deleted,created_at,updated_at FROM intel_news WHERE deleted=false AND (push_status = ? AND importance = ?)
2026-08-22 21:41:24.512 DEBUG 215277 --- [   scheduling-1] c.p.i.mapper.IntelNewsMapper.selectList  : ==> Parameters: none(String), high(String)
2026-08-22 21:41:24.512 DEBUG 215277 --- [   scheduling-1] c.p.i.mapper.IntelNewsMapper.selectList  : <==      Total: 0
2026-08-22 21:41:24.513 DEBUG 215277 --- [   scheduling-1] c.p.i.mapper.IntelNewsMapper.selectList  : ==>  Preparing: SELECT id,source_code,title,content,region_code,normalized_tags,importance,published_at,push_status,version,deleted,created_at,updated_at FROM intel_news WHERE deleted=false AND (push_status = ? AND importance = ?)
2026-08-22 21:41:24.513 DEBUG 215277 --- [   scheduling-1] c.p.i.mapper.IntelNewsMapper.selectList  : ==> Parameters: none(String), high(String)
2026-08-22 21:41:24.513 DEBUG 215277 --- [   scheduling-1] c.p.i.mapper.IntelNewsMapper.selectList  : <==      Total: 0
2026-08-22 21:41:24.513 DEBUG 215277 --- [   scheduling-1] c.p.i.mapper.IntelNewsMapper.selectList  : ==>  Preparing: SELECT id,source_code,title,content,region_code,normalized_tags,importance,published_at,push_status,version,deleted,created_at,updated_at FROM intel_news WHERE deleted=false AND (push_status = ? AND importance = ?)
2026-08-22 21:41:24.514 DEBUG 215277 --- [   scheduling-1] c.p.i.mapper.IntelNewsMapper.selectList  : ==> Parameters: none(String), high(String)
2026-08-22 21:41:24.514 DEBUG 215277 --- [   scheduling-1] c.p.i.mapper.IntelNewsMapper.selectList  : <==      Total: 0
2026-08-22 21:41:24.514 DEBUG 215277 --- [   scheduling-1] c.p.i.mapper.IntelNewsMapper.selectList  : ==>  Preparing: SELECT id,source_code,title,content,region_code,normalized_tags,importance,published_at,push_status,version,deleted,created_at,updated_at FROM intel_news WHERE deleted=false AND (push_status = ? AND importance = ?)
2026-08-22 21:41:24.514 DEBUG 215277 --- [   scheduling-1] c.p.i.mapper.IntelNewsMapper.selectList  : ==> Parameters: none(String), high(String)
2026-08-22 21:41:24.515 DEBUG 215277 --- [   scheduling-1] c.p.i.mapper.IntelNewsMapper.selectList  : <==      Total: 0
2026-08-22 21:41:24.515 DEBUG 215277 --- [   scheduling-1] c.p.i.mapper.IntelNewsMapper.selectList  : ==>  Preparing: SELECT id,source_code,title,content,region_code,normalized_tags,importance,published_at,push_status,version,deleted,created_at,updated_at FROM intel_news WHERE deleted=false AND (push_status = ? AND importance = ?)
2026-08-22 21:41:24.515 DEBUG 215277 --- [   scheduling-1] c.p.i.mapper.IntelNewsMapper.selectList  : ==> Parameters: none(String), high(String)
2026-08-22 21:41:24.515 DEBUG 215277 --- [   scheduling-1] c.p.i.mapper.IntelNewsMapper.selectList  : <==      Total: 0
2026-08-22 21:41:24.516 DEBUG 215277 --- [   scheduling-1] c.p.i.mapper.IntelNewsMapper.selectList  : ==>  Preparing: SELECT id,source_code,title,content,region_code,normalized_tags,importance,published_at,push_status,version,deleted,created_at,updated_at FROM intel_news WHERE deleted=false AND (push_status = ? AND importance = ?)
2026-08-22 21:41:24.516 DEBUG 215277 --- [   scheduling-1] c.p.i.mapper.IntelNewsMapper.selectList  : ==> Parameters: none(String), high(String)
2026-08-22 21:41:24.516 DEBUG 215277 --- [   scheduling-1] c.p.i.mapper.IntelNewsMapper.selectList  : <==      Total: 0
2026-08-22 21:41:24.517 DEBUG 215277 --- [   scheduling-1] c.p.i.mapper.IntelNewsMapper.selectList  : ==>  Preparing: SELECT id,source_code,title,content,region_code,normalized_tags,importance,published_at,push_status,version,deleted,created_at,updated_at FROM intel_news WHERE deleted=false AND (push_status = ? AND importance = ?)
2026-08-22 21:41:24.517 DEBUG 215277 --- [   scheduling-1] c.p.i.mapper.IntelNewsMapper.selectList  : ==> Parameters: none(String), high(String)
2026-08-22 21:41:24.517 DEBUG 215277 --- [   scheduling-1] c.p.i.mapper.IntelNewsMapper.selectList  : <==      Total: 0
2026-08-22 21:41:24.518 DEBUG 215277 --- [   scheduling-1] c.p.i.mapper.IntelNewsMapper.selectList  : ==>  Preparing: SELECT id,source_code,title,content,region_code,normalized_tags,importance,published_at,push_status,version,deleted,created_at,updated_at FROM intel_news WHERE deleted=false AND (push_status = ? AND importance = ?)
2026-08-22 21:41:24.518 DEBUG 215277 --- [   scheduling-1] c.p.i.mapper.IntelNewsMapper.selectList  : ==> Parameters: none(String), high(String)
2026-08-22 21:41:24.518 DEBUG 215277 --- [   scheduling-1] c.p.i.mapper.IntelNewsMapper.selectList  : <==      Total: 0
2026-08-22 21:41:24.518 DEBUG 215277 --- [   scheduling-1] c.p.i.mapper.IntelNewsMapper.selectList  : ==>  Preparing: SELECT id,source_code,title,content,region_code,normalized_tags,importance,published_at,push_status,version,deleted,created_at,updated_at FROM intel_news WHERE deleted=false AND (push_status = ? AND importance = ?)
2026-08-22 21:41:24.518 DEBUG 215277 --- [   scheduling-1] c.p.i.mapper.IntelNewsMapper.selectList  : ==> Parameters: none(String), high(String)
2026-08-22 21:41:24.519 DEBUG 215277 --- [   scheduling-1] c.p.i.mapper.IntelNewsMapper.selectList  : <==      Total: 0
2026-08-22 21:41:24.519 DEBUG 215277 --- [   scheduling-1] c.p.i.mapper.IntelNewsMapper.selectList  : ==>  Preparing: SELECT id,source_code,title,content,region_code,normalized_tags,importance,published_at,push_status,version,deleted,created_at,updated_at FROM intel_news WHERE deleted=false AND (push_status = ? AND importance = ?)
2026-08-22 21:41:24.519 DEBUG 215277 --- [   scheduling-1] c.p.i.mapper.IntelNewsMapper.selectList  : ==> Parameters: none(String), high(String)
2026-08-22 21:41:24.520 DEBUG 215277 --- [   scheduling-1] c.p.i.mapper.IntelNewsMapper.selectList  : <==      Total: 0
2026-08-22 21:41:24.520 DEBUG 215277 --- [   scheduling-1] c.p.i.mapper.IntelNewsMapper.selectList  : ==>  Preparing: SELECT id,source_code,title,content,region_code,normalized_tags,importance,published_at,push_status,version,deleted,created_at,updated_at FROM intel_news WHERE deleted=false AND (push_status = ? AND importance = ?)
2026-08-22 21:41:24.520 DEBUG 215277 --- [   scheduling-1] c.p.i.mapper.IntelNewsMapper.selectList  : ==> Parameters: none(String), high(String)
2026-08-22 21:41:24.521 DEBUG 215277 --- [   scheduling-1] c.p.i.mapper.IntelNewsMapper.selectList  : <==      Total: 0
2026-08-22 21:41:24.521 DEBUG 215277 --- [   scheduling-1] c.p.i.mapper.IntelNewsMapper.selectList  : ==>  Preparing: SELECT id,source_code,title,content,region_code,normalized_tags,importance,published_at,push_status,version,deleted,created_at,updated_at FROM intel_news WHERE deleted=false AND (push_status = ? AND importance = ?)
2026-08-22 21:41:24.521 DEBUG 215277 --- [   scheduling-1] c.p.i.mapper.IntelNewsMapper.selectList  : ==> Parameters: none(String), high(String)
2026-08-22 21:41:24.522 DEBUG 215277 --- [   scheduling-1] c.p.i.mapper.IntelNewsMapper.selectList  : <==      Total: 0
2026-08-22 21:41:24.522 DEBUG 215277 --- [   scheduling-1] c.p.i.mapper.IntelNewsMapper.selectList  : ==>  Preparing: SELECT id,source_code,title,content,region_code,normalized_tags,importance,published_at,push_status,version,deleted,created_at,updated_at FROM intel_news WHERE deleted=false AND (push_status = ? AND importance = ?)
2026-08-22 21:41:24.522 DEBUG 215277 --- [   scheduling-1] c.p.i.mapper.IntelNewsMapper.selectList  : ==> Parameters: none(String), high(String)
2026-08-22 21:41:24.523 DEBUG 215277 --- [   scheduling-1] c.p.i.mapper.IntelNewsMapper.selectList  : <==      Total: 0
2026-08-22 21:41:24.523  INFO 215277 --- [   scheduling-1] com.ptidss.intel.service.IntelService    : 情报推送执行完成：匹配情报 0 条，派发消息 0 条，触发决策会话情报重评 0 个
2026-08-22 21:41:54.524 DEBUG 215277 --- [   scheduling-1] c.p.i.m.IntelPushRuleMapper.selectList   : ==>  Preparing: SELECT id,rule_name,tags_filter,importance_filter,target_roles,channel,silent_period,status,version,deleted,created_at,updated_at FROM intel_push_rule WHERE deleted=false AND (status = ?)
2026-08-22 21:41:54.524 DEBUG 215277 --- [   scheduling-1] c.p.i.m.IntelPushRuleMapper.selectList   : ==> Parameters: active(String)
2026-08-22 21:41:54.524 DEBUG 215277 --- [   scheduling-1] c.p.i.m.IntelPushRuleMapper.selectList   : <==      Total: 15
2026-08-22 21:41:54.525 DEBUG 215277 --- [   scheduling-1] c.p.i.mapper.IntelNewsMapper.selectList  : ==>  Preparing: SELECT id,source_code,title,content,region_code,normalized_tags,importance,published_at,push_status,version,deleted,created_at,updated_at FROM intel_news WHERE deleted=false AND (push_status = ? AND importance = ?)
2026-08-22 21:41:54.525 DEBUG 215277 --- [   scheduling-1] c.p.i.mapper.IntelNewsMapper.selectList  : ==> Parameters: none(String), high(String)
2026-08-22 21:41:54.525 DEBUG 215277 --- [   scheduling-1] c.p.i.mapper.IntelNewsMapper.selectList  : <==      Total: 0
2026-08-22 21:41:54.526 DEBUG 215277 --- [   scheduling-1] c.p.i.mapper.IntelNewsMapper.selectList  : ==>  Preparing: SELECT id,source_code,title,content,region_code,normalized_tags,importance,published_at,push_status,version,deleted,created_at,updated_at FROM intel_news WHERE deleted=false AND (push_status = ? AND importance = ?)
2026-08-22 21:41:54.526 DEBUG 215277 --- [   scheduling-1] c.p.i.mapper.IntelNewsMapper.selectList  : ==> Parameters: none(String), medium(String)
2026-08-22 21:41:54.530 DEBUG 215277 --- [   scheduling-1] c.p.i.mapper.IntelNewsMapper.selectList  : <==      Total: 309
2026-08-22 21:41:54.531 DEBUG 215277 --- [   scheduling-1] c.p.i.mapper.IntelNewsMapper.selectList  : ==>  Preparing: SELECT id,source_code,title,content,region_code,normalized_tags,importance,published_at,push_status,version,deleted,created_at,updated_at FROM intel_news WHERE deleted=false AND (push_status = ? AND importance = ?)
2026-08-22 21:41:54.532 DEBUG 215277 --- [   scheduling-1] c.p.i.mapper.IntelNewsMapper.selectList  : ==> Parameters: none(String), high(String)
2026-08-22 21:41:54.532 DEBUG 215277 --- [   scheduling-1] c.p.i.mapper.IntelNewsMapper.selectList  : <==      Total: 0
2026-08-22 21:41:54.532 DEBUG 215277 --- [   scheduling-1] c.p.i.mapper.IntelNewsMapper.selectList  : ==>  Preparing: SELECT id,source_code,title,content,region_code,normalized_tags,importance,published_at,push_status,version,deleted,created_at,updated_at FROM intel_news WHERE deleted=false AND (push_status = ? AND importance = ?)
2026-08-22 21:41:54.532 DEBUG 215277 --- [   scheduling-1] c.p.i.mapper.IntelNewsMapper.selectList  : ==> Parameters: none(String), high(String)
2026-08-22 21:41:54.533 DEBUG 215277 --- [   scheduling-1] c.p.i.mapper.IntelNewsMapper.selectList  : <==      Total: 0
2026-08-22 21:41:54.533 DEBUG 215277 --- [   scheduling-1] c.p.i.mapper.IntelNewsMapper.selectList  : ==>  Preparing: SELECT id,source_code,title,content,region_code,normalized_tags,importance,published_at,push_status,version,deleted,created_at,updated_at FROM intel_news WHERE deleted=false AND (push_status = ? AND importance = ?)
2026-08-22 21:41:54.533 DEBUG 215277 --- [   scheduling-1] c.p.i.mapper.IntelNewsMapper.selectList  : ==> Parameters: none(String), high(String)
2026-08-22 21:41:54.534 DEBUG 215277 --- [   scheduling-1] c.p.i.mapper.IntelNewsMapper.selectList  : <==      Total: 0
2026-08-22 21:41:54.534 DEBUG 215277 --- [   scheduling-1] c.p.i.mapper.IntelNewsMapper.selectList  : ==>  Preparing: SELECT id,source_code,title,content,region_code,normalized_tags,importance,published_at,push_status,version,deleted,created_at,updated_at FROM intel_news WHERE deleted=false AND (push_status = ? AND importance = ?)
2026-08-22 21:41:54.534 DEBUG 215277 --- [   scheduling-1] c.p.i.mapper.IntelNewsMapper.selectList  : ==> Parameters: none(String), high(String)
2026-08-22 21:41:54.534 DEBUG 215277 --- [   scheduling-1] c.p.i.mapper.IntelNewsMapper.selectList  : <==      Total: 0
2026-08-22 21:41:54.535 DEBUG 215277 --- [   scheduling-1] c.p.i.mapper.IntelNewsMapper.selectList  : ==>  Preparing: SELECT id,source_code,title,content,region_code,normalized_tags,importance,published_at,push_status,version,deleted,created_at,updated_at FROM intel_news WHERE deleted=false AND (push_status = ? AND importance = ?)
2026-08-22 21:41:54.535 DEBUG 215277 --- [   scheduling-1] c.p.i.mapper.IntelNewsMapper.selectList  : ==> Parameters: none(String), high(String)
2026-08-22 21:41:54.535 DEBUG 215277 --- [   scheduling-1] c.p.i.mapper.IntelNewsMapper.selectList  : <==      Total: 0
2026-08-22 21:41:54.536 DEBUG 215277 --- [   scheduling-1] c.p.i.mapper.IntelNewsMapper.selectList  : ==>  Preparing: SELECT id,source_code,title,content,region_code,normalized_tags,importance,published_at,push_status,version,deleted,created_at,updated_at FROM intel_news WHERE deleted=false AND (push_status = ? AND importance = ?)
2026-08-22 21:41:54.536 DEBUG 215277 --- [   scheduling-1] c.p.i.mapper.IntelNewsMapper.selectList  : ==> Parameters: none(String), high(String)
2026-08-22 21:41:54.536 DEBUG 215277 --- [   scheduling-1] c.p.i.mapper.IntelNewsMapper.selectList  : <==      Total: 0
2026-08-22 21:41:54.537 DEBUG 215277 --- [   scheduling-1] c.p.i.mapper.IntelNewsMapper.selectList  : ==>  Preparing: SELECT id,source_code,title,content,region_code,normalized_tags,importance,published_at,push_status,version,deleted,created_at,updated_at FROM intel_news WHERE deleted=false AND (push_status = ? AND importance = ?)
2026-08-22 21:41:54.537 DEBUG 215277 --- [   scheduling-1] c.p.i.mapper.IntelNewsMapper.selectList  : ==> Parameters: none(String), high(String)
2026-08-22 21:41:54.537 DEBUG 215277 --- [   scheduling-1] c.p.i.mapper.IntelNewsMapper.selectList  : <==      Total: 0
2026-08-22 21:41:54.537 DEBUG 215277 --- [   scheduling-1] c.p.i.mapper.IntelNewsMapper.selectList  : ==>  Preparing: SELECT id,source_code,title,content,region_code,normalized_tags,importance,published_at,push_status,version,deleted,created_at,updated_at FROM intel_news WHERE deleted=false AND (push_status = ? AND importance = ?)
2026-08-22 21:41:54.538 DEBUG 215277 --- [   scheduling-1] c.p.i.mapper.IntelNewsMapper.selectList  : ==> Parameters: none(String), high(String)
2026-08-22 21:41:54.538 DEBUG 215277 --- [   scheduling-1] c.p.i.mapper.IntelNewsMapper.selectList  : <==      Total: 0
2026-08-22 21:41:54.538 DEBUG 215277 --- [   scheduling-1] c.p.i.mapper.IntelNewsMapper.selectList  : ==>  Preparing: SELECT id,source_code,title,content,region_code,normalized_tags,importance,published_at,push_status,version,deleted,created_at,updated_at FROM intel_news WHERE deleted=false AND (push_status = ? AND importance = ?)
2026-08-22 21:41:54.539 DEBUG 215277 --- [   scheduling-1] c.p.i.mapper.IntelNewsMapper.selectList  : ==> Parameters: none(String), high(String)
2026-08-22 21:41:54.539 DEBUG 215277 --- [   scheduling-1] c.p.i.mapper.IntelNewsMapper.selectList  : <==      Total: 0
2026-08-22 21:41:54.539 DEBUG 215277 --- [   scheduling-1] c.p.i.mapper.IntelNewsMapper.selectList  : ==>  Preparing: SELECT id,source_code,title,content,region_code,normalized_tags,importance,published_at,push_status,version,deleted,created_at,updated_at FROM intel_news WHERE deleted=false AND (push_status = ? AND importance = ?)
2026-08-22 21:41:54.540 DEBUG 215277 --- [   scheduling-1] c.p.i.mapper.IntelNewsMapper.selectList  : ==> Parameters: none(String), high(String)
2026-08-22 21:41:54.540 DEBUG 215277 --- [   scheduling-1] c.p.i.mapper.IntelNewsMapper.selectList  : <==      Total: 0
2026-08-22 21:41:54.540 DEBUG 215277 --- [   scheduling-1] c.p.i.mapper.IntelNewsMapper.selectList  : ==>  Preparing: SELECT id,source_code,title,content,region_code,normalized_tags,importance,published_at,push_status,version,deleted,created_at,updated_at FROM intel_news WHERE deleted=false AND (push_status = ? AND importance = ?)
2026-08-22 21:41:54.540 DEBUG 215277 --- [   scheduling-1] c.p.i.mapper.IntelNewsMapper.selectList  : ==> Parameters: none(String), high(String)
2026-08-22 21:41:54.541 DEBUG 215277 --- [   scheduling-1] c.p.i.mapper.IntelNewsMapper.selectList  : <==      Total: 0
2026-08-22 21:41:54.541 DEBUG 215277 --- [   scheduling-1] c.p.i.mapper.IntelNewsMapper.selectList  : ==>  Preparing: SELECT id,source_code,title,content,region_code,normalized_tags,importance,published_at,push_status,version,deleted,created_at,updated_at FROM intel_news WHERE deleted=false AND (push_status = ? AND importance = ?)
2026-08-22 21:41:54.541 DEBUG 215277 --- [   scheduling-1] c.p.i.mapper.IntelNewsMapper.selectList  : ==> Parameters: none(String), high(String)
2026-08-22 21:41:54.542 DEBUG 215277 --- [   scheduling-1] c.p.i.mapper.IntelNewsMapper.selectList  : <==      Total: 0
2026-08-22 21:41:54.543 DEBUG 215277 --- [   scheduling-1] c.p.i.mapper.IntelNewsMapper.selectList  : ==>  Preparing: SELECT id,source_code,title,content,region_code,normalized_tags,importance,published_at,push_status,version,deleted,created_at,updated_at FROM intel_news WHERE deleted=false AND (push_status = ? AND importance = ?)
2026-08-22 21:41:54.543 DEBUG 215277 --- [   scheduling-1] c.p.i.mapper.IntelNewsMapper.selectList  : ==> Parameters: none(String), high(String)
2026-08-22 21:41:54.543 DEBUG 215277 --- [   scheduling-1] c.p.i.mapper.IntelNewsMapper.selectList  : <==      Total: 0
2026-08-22 21:41:54.543  INFO 215277 --- [   scheduling-1] com.ptidss.intel.service.IntelService    : 情报推送执行完成：匹配情报 0 条，派发消息 0 条，触发决策会话情报重评 0 个
2026-08-22 21:42:03.715 DEBUG 215277 --- [   scheduling-1] c.p.d.m.CollectTaskMapper.selectList     : ==>  Preparing: SELECT id,source_id,task_type,cron_expr,last_run_time,last_status,records_count,error_log,version,deleted,created_at,updated_at FROM collect_task WHERE deleted=false AND (cron_expr IS NOT NULL)
2026-08-22 21:42:03.715 DEBUG 215277 --- [   scheduling-1] c.p.d.m.CollectTaskMapper.selectList     : ==> Parameters: 
2026-08-22 21:42:03.715 DEBUG 215277 --- [   scheduling-1] c.p.d.m.CollectTaskMapper.selectList     : <==      Total: 3
2026-08-22 21:42:14.030 DEBUG 215277 --- [   scheduling-1] c.p.i.m.IntelSourceMapper.selectList     : ==>  Preparing: SELECT id,source_code,source_name,intel_type,fetch_mode,conn_type,conn_config,frequency,status,last_success_at,last_error,consecutive_failures,version,deleted,created_at,updated_at FROM intel_source WHERE deleted=false AND (status = ?)
2026-08-22 21:42:14.030 DEBUG 215277 --- [   scheduling-1] c.p.i.m.IntelSourceMapper.selectList     : ==> Parameters: enabled(String)
2026-08-22 21:42:14.031 DEBUG 215277 --- [   scheduling-1] c.p.i.m.IntelSourceMapper.selectList     : <==      Total: 21
2026-08-22 21:42:14.031  INFO 215277 --- [   scheduling-1] c.p.intel.service.IntelFetchService      : 行情采集执行完成：到期 0 个（成功 0 / 失败 0 / 跳过未到期 21）
2026-08-22 21:42:24.544 DEBUG 215277 --- [   scheduling-1] c.p.i.m.IntelPushRuleMapper.selectList   : ==>  Preparing: SELECT id,rule_name,tags_filter,importance_filter,target_roles,channel,silent_period,status,version,deleted,created_at,updated_at FROM intel_push_rule WHERE deleted=false AND (status = ?)
2026-08-22 21:42:24.544 DEBUG 215277 --- [   scheduling-1] c.p.i.m.IntelPushRuleMapper.selectList   : ==> Parameters: active(String)
2026-08-22 21:42:24.545 DEBUG 215277 --- [   scheduling-1] c.p.i.m.IntelPushRuleMapper.selectList   : <==      Total: 15
2026-08-22 21:42:24.545 DEBUG 215277 --- [   scheduling-1] c.p.i.mapper.IntelNewsMapper.selectList  : ==>  Preparing: SELECT id,source_code,title,content,region_code,normalized_tags,importance,published_at,push_status,version,deleted,created_at,updated_at FROM intel_news WHERE deleted=false AND (push_status = ? AND importance = ?)
2026-08-22 21:42:24.546 DEBUG 215277 --- [   scheduling-1] c.p.i.mapper.IntelNewsMapper.selectList  : ==> Parameters: none(String), high(String)
2026-08-22 21:42:24.546 DEBUG 215277 --- [   scheduling-1] c.p.i.mapper.IntelNewsMapper.selectList  : <==      Total: 0
2026-08-22 21:42:24.547 DEBUG 215277 --- [   scheduling-1] c.p.i.mapper.IntelNewsMapper.selectList  : ==>  Preparing: SELECT id,source_code,title,content,region_code,normalized_tags,importance,published_at,push_status,version,deleted,created_at,updated_at FROM intel_news WHERE deleted=false AND (push_status = ? AND importance = ?)
2026-08-22 21:42:24.547 DEBUG 215277 --- [   scheduling-1] c.p.i.mapper.IntelNewsMapper.selectList  : ==> Parameters: none(String), medium(String)
2026-08-22 21:42:24.551 DEBUG 215277 --- [   scheduling-1] c.p.i.mapper.IntelNewsMapper.selectList  : <==      Total: 309
2026-08-22 21:42:24.552 DEBUG 215277 --- [   scheduling-1] c.p.i.mapper.IntelNewsMapper.selectList  : ==>  Preparing: SELECT id,source_code,title,content,region_code,normalized_tags,importance,published_at,push_status,version,deleted,created_at,updated_at FROM intel_news WHERE deleted=false AND (push_status = ? AND importance = ?)
2026-08-22 21:42:24.552 DEBUG 215277 --- [   scheduling-1] c.p.i.mapper.IntelNewsMapper.selectList  : ==> Parameters: none(String), high(String)
2026-08-22 21:42:24.552 DEBUG 215277 --- [   scheduling-1] c.p.i.mapper.IntelNewsMapper.selectList  : <==      Total: 0
2026-08-22 21:42:24.552 DEBUG 215277 --- [   scheduling-1] c.p.i.mapper.IntelNewsMapper.selectList  : ==>  Preparing: SELECT id,source_code,title,content,region_code,normalized_tags,importance,published_at,push_status,version,deleted,created_at,updated_at FROM intel_news WHERE deleted=false AND (push_status = ? AND importance = ?)
2026-08-22 21:42:24.553 DEBUG 215277 --- [   scheduling-1] c.p.i.mapper.IntelNewsMapper.selectList  : ==> Parameters: none(String), high(String)
2026-08-22 21:42:24.553 DEBUG 215277 --- [   scheduling-1] c.p.i.mapper.IntelNewsMapper.selectList  : <==      Total: 0
2026-08-22 21:42:24.553 DEBUG 215277 --- [   scheduling-1] c.p.i.mapper.IntelNewsMapper.selectList  : ==>  Preparing: SELECT id,source_code,title,content,region_code,normalized_tags,importance,published_at,push_status,version,deleted,created_at,updated_at FROM intel_news WHERE deleted=false AND (push_status = ? AND importance = ?)
2026-08-22 21:42:24.553 DEBUG 215277 --- [   scheduling-1] c.p.i.mapper.IntelNewsMapper.selectList  : ==> Parameters: none(String), high(String)
2026-08-22 21:42:24.554 DEBUG 215277 --- [   scheduling-1] c.p.i.mapper.IntelNewsMapper.selectList  : <==      Total: 0
2026-08-22 21:42:24.554 DEBUG 215277 --- [   scheduling-1] c.p.i.mapper.IntelNewsMapper.selectList  : ==>  Preparing: SELECT id,source_code,title,content,region_code,normalized_tags,importance,published_at,push_status,version,deleted,created_at,updated_at FROM intel_news WHERE deleted=false AND (push_status = ? AND importance = ?)
2026-08-22 21:42:24.554 DEBUG 215277 --- [   scheduling-1] c.p.i.mapper.IntelNewsMapper.selectList  : ==> Parameters: none(String), high(String)
2026-08-22 21:42:24.555 DEBUG 215277 --- [   scheduling-1] c.p.i.mapper.IntelNewsMapper.selectList  : <==      Total: 0
2026-08-22 21:42:24.555 DEBUG 215277 --- [   scheduling-1] c.p.i.mapper.IntelNewsMapper.selectList  : ==>  Preparing: SELECT id,source_code,title,content,region_code,normalized_tags,importance,published_at,push_status,version,deleted,created_at,updated_at FROM intel_news WHERE deleted=false AND (push_status = ? AND importance = ?)
2026-08-22 21:42:24.555 DEBUG 215277 --- [   scheduling-1] c.p.i.mapper.IntelNewsMapper.selectList  : ==> Parameters: none(String), high(String)
2026-08-22 21:42:24.555 DEBUG 215277 --- [   scheduling-1] c.p.i.mapper.IntelNewsMapper.selectList  : <==      Total: 0
2026-08-22 21:42:24.556 DEBUG 215277 --- [   scheduling-1] c.p.i.mapper.IntelNewsMapper.selectList  : ==>  Preparing: SELECT id,source_code,title,content,region_code,normalized_tags,importance,published_at,push_status,version,deleted,created_at,updated_at FROM intel_news WHERE deleted=false AND (push_status = ? AND importance = ?)
2026-08-22 21:42:24.556 DEBUG 215277 --- [   scheduling-1] c.p.i.mapper.IntelNewsMapper.selectList  : ==> Parameters: none(String), high(String)
2026-08-22 21:42:24.556 DEBUG 215277 --- [   scheduling-1] c.p.i.mapper.IntelNewsMapper.selectList  : <==      Total: 0
2026-08-22 21:42:24.557 DEBUG 215277 --- [   scheduling-1] c.p.i.mapper.IntelNewsMapper.selectList  : ==>  Preparing: SELECT id,source_code,title,content,region_code,normalized_tags,importance,published_at,push_status,version,deleted,created_at,updated_at FROM intel_news WHERE deleted=false AND (push_status = ? AND importance = ?)
2026-08-22 21:42:24.557 DEBUG 215277 --- [   scheduling-1] c.p.i.mapper.IntelNewsMapper.selectList  : ==> Parameters: none(String), high(String)
2026-08-22 21:42:24.557 DEBUG 215277 --- [   scheduling-1] c.p.i.mapper.IntelNewsMapper.selectList  : <==      Total: 0
2026-08-22 21:42:24.557 DEBUG 215277 --- [   scheduling-1] c.p.i.mapper.IntelNewsMapper.selectList  : ==>  Preparing: SELECT id,source_code,title,content,region_code,normalized_tags,importance,published_at,push_status,version,deleted,created_at,updated_at FROM intel_news WHERE deleted=false AND (push_status = ? AND importance = ?)
2026-08-22 21:42:24.558 DEBUG 215277 --- [   scheduling-1] c.p.i.mapper.IntelNewsMapper.selectList  : ==> Parameters: none(String), high(String)
2026-08-22 21:42:24.558 DEBUG 215277 --- [   scheduling-1] c.p.i.mapper.IntelNewsMapper.selectList  : <==      Total: 0
2026-08-22 21:42:24.558 DEBUG 215277 --- [   scheduling-1] c.p.i.mapper.IntelNewsMapper.selectList  : ==>  Preparing: SELECT id,source_code,title,content,region_code,normalized_tags,importance,published_at,push_status,version,deleted,created_at,updated_at FROM intel_news WHERE deleted=false AND (push_status = ? AND importance = ?)
2026-08-22 21:42:24.558 DEBUG 215277 --- [   scheduling-1] c.p.i.mapper.IntelNewsMapper.selectList  : ==> Parameters: none(String), high(String)
2026-08-22 21:42:24.559 DEBUG 215277 --- [   scheduling-1] c.p.i.mapper.IntelNewsMapper.selectList  : <==      Total: 0
2026-08-22 21:42:24.559 DEBUG 215277 --- [   scheduling-1] c.p.i.mapper.IntelNewsMapper.selectList  : ==>  Preparing: SELECT id,source_code,title,content,region_code,normalized_tags,importance,published_at,push_status,version,deleted,created_at,updated_at FROM intel_news WHERE deleted=false AND (push_status = ? AND importance = ?)
2026-08-22 21:42:24.559 DEBUG 215277 --- [   scheduling-1] c.p.i.mapper.IntelNewsMapper.selectList  : ==> Parameters: none(String), high(String)
2026-08-22 21:42:24.560 DEBUG 215277 --- [   scheduling-1] c.p.i.mapper.IntelNewsMapper.selectList  : <==      Total: 0
2026-08-22 21:42:24.560 DEBUG 215277 --- [   scheduling-1] c.p.i.mapper.IntelNewsMapper.selectList  : ==>  Preparing: SELECT id,source_code,title,content,region_code,normalized_tags,importance,published_at,push_status,version,deleted,created_at,updated_at FROM intel_news WHERE deleted=false AND (push_status = ? AND importance = ?)
2026-08-22 21:42:24.560 DEBUG 215277 --- [   scheduling-1] c.p.i.mapper.IntelNewsMapper.selectList  : ==> Parameters: none(String), high(String)
2026-08-22 21:42:24.560 DEBUG 215277 --- [   scheduling-1] c.p.i.mapper.IntelNewsMapper.selectList  : <==      Total: 0
2026-08-22 21:42:24.561 DEBUG 215277 --- [   scheduling-1] c.p.i.mapper.IntelNewsMapper.selectList  : ==>  Preparing: SELECT id,source_code,title,content,region_code,normalized_tags,importance,published_at,push_status,version,deleted,created_at,updated_at FROM intel_news WHERE deleted=false AND (push_status = ? AND importance = ?)
2026-08-22 21:42:24.561 DEBUG 215277 --- [   scheduling-1] c.p.i.mapper.IntelNewsMapper.selectList  : ==> Parameters: none(String), high(String)
2026-08-22 21:42:24.561 DEBUG 215277 --- [   scheduling-1] c.p.i.mapper.IntelNewsMapper.selectList  : <==      Total: 0
2026-08-22 21:42:24.562 DEBUG 215277 --- [   scheduling-1] c.p.i.mapper.IntelNewsMapper.selectList  : ==>  Preparing: SELECT id,source_code,title,content,region_code,normalized_tags,importance,published_at,push_status,version,deleted,created_at,updated_at FROM intel_news WHERE deleted=false AND (push_status = ? AND importance = ?)
2026-08-22 21:42:24.562 DEBUG 215277 --- [   scheduling-1] c.p.i.mapper.IntelNewsMapper.selectList  : ==> Parameters: none(String), high(String)
2026-08-22 21:42:24.562 DEBUG 215277 --- [   scheduling-1] c.p.i.mapper.IntelNewsMapper.selectList  : <==      Total: 0
2026-08-22 21:42:24.562  INFO 215277 --- [   scheduling-1] com.ptidss.intel.service.IntelService    : 情报推送执行完成：匹配情报 0 条，派发消息 0 条，触发决策会话情报重评 0 个
2026-08-22 21:42:54.563 DEBUG 215277 --- [   scheduling-1] c.p.i.m.IntelPushRuleMapper.selectList   : ==>  Preparing: SELECT id,rule_name,tags_filter,importance_filter,target_roles,channel,silent_period,status,version,deleted,created_at,updated_at FROM intel_push_rule WHERE deleted=false AND (status = ?)
2026-08-22 21:42:54.563 DEBUG 215277 --- [   scheduling-1] c.p.i.m.IntelPushRuleMapper.selectList   : ==> Parameters: active(String)
2026-08-22 21:42:54.564 DEBUG 215277 --- [   scheduling-1] c.p.i.m.IntelPushRuleMapper.selectList   : <==      Total: 15
2026-08-22 21:42:54.565 DEBUG 215277 --- [   scheduling-1] c.p.i.mapper.IntelNewsMapper.selectList  : ==>  Preparing: SELECT id,source_code,title,content,region_code,normalized_tags,importance,published_at,push_status,version,deleted,created_at,updated_at FROM intel_news WHERE deleted=false AND (push_status = ? AND importance = ?)
2026-08-22 21:42:54.565 DEBUG 215277 --- [   scheduling-1] c.p.i.mapper.IntelNewsMapper.selectList  : ==> Parameters: none(String), high(String)
2026-08-22 21:42:54.565 DEBUG 215277 --- [   scheduling-1] c.p.i.mapper.IntelNewsMapper.selectList  : <==      Total: 0
2026-08-22 21:42:54.566 DEBUG 215277 --- [   scheduling-1] c.p.i.mapper.IntelNewsMapper.selectList  : ==>  Preparing: SELECT id,source_code,title,content,region_code,normalized_tags,importance,published_at,push_status,version,deleted,created_at,updated_at FROM intel_news WHERE deleted=false AND (push_status = ? AND importance = ?)
2026-08-22 21:42:54.566 DEBUG 215277 --- [   scheduling-1] c.p.i.mapper.IntelNewsMapper.selectList  : ==> Parameters: none(String), medium(String)
2026-08-22 21:42:54.571 DEBUG 215277 --- [   scheduling-1] c.p.i.mapper.IntelNewsMapper.selectList  : <==      Total: 309
2026-08-22 21:42:54.572 DEBUG 215277 --- [   scheduling-1] c.p.i.mapper.IntelNewsMapper.selectList  : ==>  Preparing: SELECT id,source_code,title,content,region_code,normalized_tags,importance,published_at,push_status,version,deleted,created_at,updated_at FROM intel_news WHERE deleted=false AND (push_status = ? AND importance = ?)
2026-08-22 21:42:54.572 DEBUG 215277 --- [   scheduling-1] c.p.i.mapper.IntelNewsMapper.selectList  : ==> Parameters: none(String), high(String)
2026-08-22 21:42:54.572 DEBUG 215277 --- [   scheduling-1] c.p.i.mapper.IntelNewsMapper.selectList  : <==      Total: 0
2026-08-22 21:42:54.573 DEBUG 215277 --- [   scheduling-1] c.p.i.mapper.IntelNewsMapper.selectList  : ==>  Preparing: SELECT id,source_code,title,content,region_code,normalized_tags,importance,published_at,push_status,version,deleted,created_at,updated_at FROM intel_news WHERE deleted=false AND (push_status = ? AND importance = ?)
2026-08-22 21:42:54.573 DEBUG 215277 --- [   scheduling-1] c.p.i.mapper.IntelNewsMapper.selectList  : ==> Parameters: none(String), high(String)
2026-08-22 21:42:54.573 DEBUG 215277 --- [   scheduling-1] c.p.i.mapper.IntelNewsMapper.selectList  : <==      Total: 0
2026-08-22 21:42:54.574 DEBUG 215277 --- [   scheduling-1] c.p.i.mapper.IntelNewsMapper.selectList  : ==>  Preparing: SELECT id,source_code,title,content,region_code,normalized_tags,importance,published_at,push_status,version,deleted,created_at,updated_at FROM intel_news WHERE deleted=false AND (push_status = ? AND importance = ?)
2026-08-22 21:42:54.574 DEBUG 215277 --- [   scheduling-1] c.p.i.mapper.IntelNewsMapper.selectList  : ==> Parameters: none(String), high(String)
2026-08-22 21:42:54.574 DEBUG 215277 --- [   scheduling-1] c.p.i.mapper.IntelNewsMapper.selectList  : <==      Total: 0
2026-08-22 21:42:54.575 DEBUG 215277 --- [   scheduling-1] c.p.i.mapper.IntelNewsMapper.selectList  : ==>  Preparing: SELECT id,source_code,title,content,region_code,normalized_tags,importance,published_at,push_status,version,deleted,created_at,updated_at FROM intel_news WHERE deleted=false AND (push_status = ? AND importance = ?)
2026-08-22 21:42:54.575 DEBUG 215277 --- [   scheduling-1] c.p.i.mapper.IntelNewsMapper.selectList  : ==> Parameters: none(String), high(String)
2026-08-22 21:42:54.575 DEBUG 215277 --- [   scheduling-1] c.p.i.mapper.IntelNewsMapper.selectList  : <==      Total: 0
2026-08-22 21:42:54.576 DEBUG 215277 --- [   scheduling-1] c.p.i.mapper.IntelNewsMapper.selectList  : ==>  Preparing: SELECT id,source_code,title,content,region_code,normalized_tags,importance,published_at,push_status,version,deleted,created_at,updated_at FROM intel_news WHERE deleted=false AND (push_status = ? AND importance = ?)
2026-08-22 21:42:54.576 DEBUG 215277 --- [   scheduling-1] c.p.i.mapper.IntelNewsMapper.selectList  : ==> Parameters: none(String), high(String)
2026-08-22 21:42:54.576 DEBUG 215277 --- [   scheduling-1] c.p.i.mapper.IntelNewsMapper.selectList  : <==      Total: 0
2026-08-22 21:42:54.577 DEBUG 215277 --- [   scheduling-1] c.p.i.mapper.IntelNewsMapper.selectList  : ==>  Preparing: SELECT id,source_code,title,content,region_code,normalized_tags,importance,published_at,push_status,version,deleted,created_at,updated_at FROM intel_news WHERE deleted=false AND (push_status = ? AND importance = ?)
2026-08-22 21:42:54.577 DEBUG 215277 --- [   scheduling-1] c.p.i.mapper.IntelNewsMapper.selectList  : ==> Parameters: none(String), high(String)
2026-08-22 21:42:54.577 DEBUG 215277 --- [   scheduling-1] c.p.i.mapper.IntelNewsMapper.selectList  : <==      Total: 0
2026-08-22 21:42:54.578 DEBUG 215277 --- [   scheduling-1] c.p.i.mapper.IntelNewsMapper.selectList  : ==>  Preparing: SELECT id,source_code,title,content,region_code,normalized_tags,importance,published_at,push_status,version,deleted,created_at,updated_at FROM intel_news WHERE deleted=false AND (push_status = ? AND importance = ?)
2026-08-22 21:42:54.578 DEBUG 215277 --- [   scheduling-1] c.p.i.mapper.IntelNewsMapper.selectList  : ==> Parameters: none(String), high(String)
2026-08-22 21:42:54.578 DEBUG 215277 --- [   scheduling-1] c.p.i.mapper.IntelNewsMapper.selectList  : <==      Total: 0
2026-08-22 21:42:54.579 DEBUG 215277 --- [   scheduling-1] c.p.i.mapper.IntelNewsMapper.selectList  : ==>  Preparing: SELECT id,source_code,title,content,region_code,normalized_tags,importance,published_at,push_status,version,deleted,created_at,updated_at FROM intel_news WHERE deleted=false AND (push_status = ? AND importance = ?)
2026-08-22 21:42:54.579 DEBUG 215277 --- [   scheduling-1] c.p.i.mapper.IntelNewsMapper.selectList  : ==> Parameters: none(String), high(String)
2026-08-22 21:42:54.580 DEBUG 215277 --- [   scheduling-1] c.p.i.mapper.IntelNewsMapper.selectList  : <==      Total: 0
2026-08-22 21:42:54.580 DEBUG 215277 --- [   scheduling-1] c.p.i.mapper.IntelNewsMapper.selectList  : ==>  Preparing: SELECT id,source_code,title,content,region_code,normalized_tags,importance,published_at,push_status,version,deleted,created_at,updated_at FROM intel_news WHERE deleted=false AND (push_status = ? AND importance = ?)
2026-08-22 21:42:54.580 DEBUG 215277 --- [   scheduling-1] c.p.i.mapper.IntelNewsMapper.selectList  : ==> Parameters: none(String), high(String)
2026-08-22 21:42:54.581 DEBUG 215277 --- [   scheduling-1] c.p.i.mapper.IntelNewsMapper.selectList  : <==      Total: 0
2026-08-22 21:42:54.581 DEBUG 215277 --- [   scheduling-1] c.p.i.mapper.IntelNewsMapper.selectList  : ==>  Preparing: SELECT id,source_code,title,content,region_code,normalized_tags,importance,published_at,push_status,version,deleted,created_at,updated_at FROM intel_news WHERE deleted=false AND (push_status = ? AND importance = ?)
2026-08-22 21:42:54.581 DEBUG 215277 --- [   scheduling-1] c.p.i.mapper.IntelNewsMapper.selectList  : ==> Parameters: none(String), high(String)
2026-08-22 21:42:54.582 DEBUG 215277 --- [   scheduling-1] c.p.i.mapper.IntelNewsMapper.selectList  : <==      Total: 0
2026-08-22 21:42:54.582 DEBUG 215277 --- [   scheduling-1] c.p.i.mapper.IntelNewsMapper.selectList  : ==>  Preparing: SELECT id,source_code,title,content,region_code,normalized_tags,importance,published_at,push_status,version,deleted,created_at,updated_at FROM intel_news WHERE deleted=false AND (push_status = ? AND importance = ?)
2026-08-22 21:42:54.582 DEBUG 215277 --- [   scheduling-1] c.p.i.mapper.IntelNewsMapper.selectList  : ==> Parameters: none(String), high(String)
2026-08-22 21:42:54.583 DEBUG 215277 --- [   scheduling-1] c.p.i.mapper.IntelNewsMapper.selectList  : <==      Total: 0
2026-08-22 21:42:54.583 DEBUG 215277 --- [   scheduling-1] c.p.i.mapper.IntelNewsMapper.selectList  : ==>  Preparing: SELECT id,source_code,title,content,region_code,normalized_tags,importance,published_at,push_status,version,deleted,created_at,updated_at FROM intel_news WHERE deleted=false AND (push_status = ? AND importance = ?)
2026-08-22 21:42:54.583 DEBUG 215277 --- [   scheduling-1] c.p.i.mapper.IntelNewsMapper.selectList  : ==> Parameters: none(String), high(String)
2026-08-22 21:42:54.584 DEBUG 215277 --- [   scheduling-1] c.p.i.mapper.IntelNewsMapper.selectList  : <==      Total: 0
2026-08-22 21:42:54.584 DEBUG 215277 --- [   scheduling-1] c.p.i.mapper.IntelNewsMapper.selectList  : ==>  Preparing: SELECT id,source_code,title,content,region_code,normalized_tags,importance,published_at,push_status,version,deleted,created_at,updated_at FROM intel_news WHERE deleted=false AND (push_status = ? AND importance = ?)
2026-08-22 21:42:54.584 DEBUG 215277 --- [   scheduling-1] c.p.i.mapper.IntelNewsMapper.selectList  : ==> Parameters: none(String), high(String)
2026-08-22 21:42:54.584 DEBUG 215277 --- [   scheduling-1] c.p.i.mapper.IntelNewsMapper.selectList  : <==      Total: 0
2026-08-22 21:42:54.585  INFO 215277 --- [   scheduling-1] com.ptidss.intel.service.IntelService    : 情报推送执行完成：匹配情报 0 条，派发消息 0 条，触发决策会话情报重评 0 个
2026-08-22 21:43:03.717 DEBUG 215277 --- [   scheduling-1] c.p.d.m.CollectTaskMapper.selectList     : ==>  Preparing: SELECT id,source_id,task_type,cron_expr,last_run_time,last_status,records_count,error_log,version,deleted,created_at,updated_at FROM collect_task WHERE deleted=false AND (cron_expr IS NOT NULL)
2026-08-22 21:43:03.717 DEBUG 215277 --- [   scheduling-1] c.p.d.m.CollectTaskMapper.selectList     : ==> Parameters: 
2026-08-22 21:43:03.717 DEBUG 215277 --- [   scheduling-1] c.p.d.m.CollectTaskMapper.selectList     : <==      Total: 3
2026-08-22 21:43:14.032 DEBUG 215277 --- [   scheduling-1] c.p.i.m.IntelSourceMapper.selectList     : ==>  Preparing: SELECT id,source_code,source_name,intel_type,fetch_mode,conn_type,conn_config,frequency,status,last_success_at,last_error,consecutive_failures,version,deleted,created_at,updated_at FROM intel_source WHERE deleted=false AND (status = ?)
2026-08-22 21:43:14.032 DEBUG 215277 --- [   scheduling-1] c.p.i.m.IntelSourceMapper.selectList     : ==> Parameters: enabled(String)
2026-08-22 21:43:14.033 DEBUG 215277 --- [   scheduling-1] c.p.i.m.IntelSourceMapper.selectList     : <==      Total: 21
2026-08-22 21:43:14.034  INFO 215277 --- [   scheduling-1] c.p.intel.service.IntelFetchService      : 行情采集执行完成：到期 0 个（成功 0 / 失败 0 / 跳过未到期 21）
2026-08-22 21:43:24.586 DEBUG 215277 --- [   scheduling-1] c.p.i.m.IntelPushRuleMapper.selectList   : ==>  Preparing: SELECT id,rule_name,tags_filter,importance_filter,target_roles,channel,silent_period,status,version,deleted,created_at,updated_at FROM intel_push_rule WHERE deleted=false AND (status = ?)
2026-08-22 21:43:24.586 DEBUG 215277 --- [   scheduling-1] c.p.i.m.IntelPushRuleMapper.selectList   : ==> Parameters: active(String)
2026-08-22 21:43:24.586 DEBUG 215277 --- [   scheduling-1] c.p.i.m.IntelPushRuleMapper.selectList   : <==      Total: 15
2026-08-22 21:43:24.587 DEBUG 215277 --- [   scheduling-1] c.p.i.mapper.IntelNewsMapper.selectList  : ==>  Preparing: SELECT id,source_code,title,content,region_code,normalized_tags,importance,published_at,push_status,version,deleted,created_at,updated_at FROM intel_news WHERE deleted=false AND (push_status = ? AND importance = ?)
2026-08-22 21:43:24.587 DEBUG 215277 --- [   scheduling-1] c.p.i.mapper.IntelNewsMapper.selectList  : ==> Parameters: none(String), high(String)
2026-08-22 21:43:24.588 DEBUG 215277 --- [   scheduling-1] c.p.i.mapper.IntelNewsMapper.selectList  : <==      Total: 0
2026-08-22 21:43:24.588 DEBUG 215277 --- [   scheduling-1] c.p.i.mapper.IntelNewsMapper.selectList  : ==>  Preparing: SELECT id,source_code,title,content,region_code,normalized_tags,importance,published_at,push_status,version,deleted,created_at,updated_at FROM intel_news WHERE deleted=false AND (push_status = ? AND importance = ?)
2026-08-22 21:43:24.588 DEBUG 215277 --- [   scheduling-1] c.p.i.mapper.IntelNewsMapper.selectList  : ==> Parameters: none(String), medium(String)
2026-08-22 21:43:24.594 DEBUG 215277 --- [   scheduling-1] c.p.i.mapper.IntelNewsMapper.selectList  : <==      Total: 309
2026-08-22 21:43:24.595 DEBUG 215277 --- [   scheduling-1] c.p.i.mapper.IntelNewsMapper.selectList  : ==>  Preparing: SELECT id,source_code,title,content,region_code,normalized_tags,importance,published_at,push_status,version,deleted,created_at,updated_at FROM intel_news WHERE deleted=false AND (push_status = ? AND importance = ?)
2026-08-22 21:43:24.595 DEBUG 215277 --- [   scheduling-1] c.p.i.mapper.IntelNewsMapper.selectList  : ==> Parameters: none(String), high(String)
2026-08-22 21:43:24.596 DEBUG 215277 --- [   scheduling-1] c.p.i.mapper.IntelNewsMapper.selectList  : <==      Total: 0
2026-08-22 21:43:24.596 DEBUG 215277 --- [   scheduling-1] c.p.i.mapper.IntelNewsMapper.selectList  : ==>  Preparing: SELECT id,source_code,title,content,region_code,normalized_tags,importance,published_at,push_status,version,deleted,created_at,updated_at FROM intel_news WHERE deleted=false AND (push_status = ? AND importance = ?)
2026-08-22 21:43:24.596 DEBUG 215277 --- [   scheduling-1] c.p.i.mapper.IntelNewsMapper.selectList  : ==> Parameters: none(String), high(String)
2026-08-22 21:43:24.597 DEBUG 215277 --- [   scheduling-1] c.p.i.mapper.IntelNewsMapper.selectList  : <==      Total: 0
2026-08-22 21:43:24.597 DEBUG 215277 --- [   scheduling-1] c.p.i.mapper.IntelNewsMapper.selectList  : ==>  Preparing: SELECT id,source_code,title,content,region_code,normalized_tags,importance,published_at,push_status,version,deleted,created_at,updated_at FROM intel_news WHERE deleted=false AND (push_status = ? AND importance = ?)
2026-08-22 21:43:24.597 DEBUG 215277 --- [   scheduling-1] c.p.i.mapper.IntelNewsMapper.selectList  : ==> Parameters: none(String), high(String)
2026-08-22 21:43:24.598 DEBUG 215277 --- [   scheduling-1] c.p.i.mapper.IntelNewsMapper.selectList  : <==      Total: 0
2026-08-22 21:43:24.598 DEBUG 215277 --- [   scheduling-1] c.p.i.mapper.IntelNewsMapper.selectList  : ==>  Preparing: SELECT id,source_code,title,content,region_code,normalized_tags,importance,published_at,push_status,version,deleted,created_at,updated_at FROM intel_news WHERE deleted=false AND (push_status = ? AND importance = ?)
2026-08-22 21:43:24.599 DEBUG 215277 --- [   scheduling-1] c.p.i.mapper.IntelNewsMapper.selectList  : ==> Parameters: none(String), high(String)
2026-08-22 21:43:24.599 DEBUG 215277 --- [   scheduling-1] c.p.i.mapper.IntelNewsMapper.selectList  : <==      Total: 0
2026-08-22 21:43:24.599 DEBUG 215277 --- [   scheduling-1] c.p.i.mapper.IntelNewsMapper.selectList  : ==>  Preparing: SELECT id,source_code,title,content,region_code,normalized_tags,importance,published_at,push_status,version,deleted,created_at,updated_at FROM intel_news WHERE deleted=false AND (push_status = ? AND importance = ?)
2026-08-22 21:43:24.599 DEBUG 215277 --- [   scheduling-1] c.p.i.mapper.IntelNewsMapper.selectList  : ==> Parameters: none(String), high(String)
2026-08-22 21:43:24.600 DEBUG 215277 --- [   scheduling-1] c.p.i.mapper.IntelNewsMapper.selectList  : <==      Total: 0
2026-08-22 21:43:24.600 DEBUG 215277 --- [   scheduling-1] c.p.i.mapper.IntelNewsMapper.selectList  : ==>  Preparing: SELECT id,source_code,title,content,region_code,normalized_tags,importance,published_at,push_status,version,deleted,created_at,updated_at FROM intel_news WHERE deleted=false AND (push_status = ? AND importance = ?)
2026-08-22 21:43:24.600 DEBUG 215277 --- [   scheduling-1] c.p.i.mapper.IntelNewsMapper.selectList  : ==> Parameters: none(String), high(String)
2026-08-22 21:43:24.601 DEBUG 215277 --- [   scheduling-1] c.p.i.mapper.IntelNewsMapper.selectList  : <==      Total: 0
2026-08-22 21:43:24.601 DEBUG 215277 --- [   scheduling-1] c.p.i.mapper.IntelNewsMapper.selectList  : ==>  Preparing: SELECT id,source_code,title,content,region_code,normalized_tags,importance,published_at,push_status,version,deleted,created_at,updated_at FROM intel_news WHERE deleted=false AND (push_status = ? AND importance = ?)
2026-08-22 21:43:24.601 DEBUG 215277 --- [   scheduling-1] c.p.i.mapper.IntelNewsMapper.selectList  : ==> Parameters: none(String), high(String)
2026-08-22 21:43:24.601 DEBUG 215277 --- [   scheduling-1] c.p.i.mapper.IntelNewsMapper.selectList  : <==      Total: 0
2026-08-22 21:43:24.602 DEBUG 215277 --- [   scheduling-1] c.p.i.mapper.IntelNewsMapper.selectList  : ==>  Preparing: SELECT id,source_code,title,content,region_code,normalized_tags,importance,published_at,push_status,version,deleted,created_at,updated_at FROM intel_news WHERE deleted=false AND (push_status = ? AND importance = ?)
2026-08-22 21:43:24.602 DEBUG 215277 --- [   scheduling-1] c.p.i.mapper.IntelNewsMapper.selectList  : ==> Parameters: none(String), high(String)
2026-08-22 21:43:24.602 DEBUG 215277 --- [   scheduling-1] c.p.i.mapper.IntelNewsMapper.selectList  : <==      Total: 0
2026-08-22 21:43:24.603 DEBUG 215277 --- [   scheduling-1] c.p.i.mapper.IntelNewsMapper.selectList  : ==>  Preparing: SELECT id,source_code,title,content,region_code,normalized_tags,importance,published_at,push_status,version,deleted,created_at,updated_at FROM intel_news WHERE deleted=false AND (push_status = ? AND importance = ?)
2026-08-22 21:43:24.603 DEBUG 215277 --- [   scheduling-1] c.p.i.mapper.IntelNewsMapper.selectList  : ==> Parameters: none(String), high(String)
2026-08-22 21:43:24.603 DEBUG 215277 --- [   scheduling-1] c.p.i.mapper.IntelNewsMapper.selectList  : <==      Total: 0
2026-08-22 21:43:24.603 DEBUG 215277 --- [   scheduling-1] c.p.i.mapper.IntelNewsMapper.selectList  : ==>  Preparing: SELECT id,source_code,title,content,region_code,normalized_tags,importance,published_at,push_status,version,deleted,created_at,updated_at FROM intel_news WHERE deleted=false AND (push_status = ? AND importance = ?)
2026-08-22 21:43:24.604 DEBUG 215277 --- [   scheduling-1] c.p.i.mapper.IntelNewsMapper.selectList  : ==> Parameters: none(String), high(String)
2026-08-22 21:43:24.604 DEBUG 215277 --- [   scheduling-1] c.p.i.mapper.IntelNewsMapper.selectList  : <==      Total: 0
2026-08-22 21:43:24.604 DEBUG 215277 --- [   scheduling-1] c.p.i.mapper.IntelNewsMapper.selectList  : ==>  Preparing: SELECT id,source_code,title,content,region_code,normalized_tags,importance,published_at,push_status,version,deleted,created_at,updated_at FROM intel_news WHERE deleted=false AND (push_status = ? AND importance = ?)
2026-08-22 21:43:24.604 DEBUG 215277 --- [   scheduling-1] c.p.i.mapper.IntelNewsMapper.selectList  : ==> Parameters: none(String), high(String)
2026-08-22 21:43:24.605 DEBUG 215277 --- [   scheduling-1] c.p.i.mapper.IntelNewsMapper.selectList  : <==      Total: 0
2026-08-22 21:43:24.605 DEBUG 215277 --- [   scheduling-1] c.p.i.mapper.IntelNewsMapper.selectList  : ==>  Preparing: SELECT id,source_code,title,content,region_code,normalized_tags,importance,published_at,push_status,version,deleted,created_at,updated_at FROM intel_news WHERE deleted=false AND (push_status = ? AND importance = ?)
2026-08-22 21:43:24.605 DEBUG 215277 --- [   scheduling-1] c.p.i.mapper.IntelNewsMapper.selectList  : ==> Parameters: none(String), high(String)
2026-08-22 21:43:24.605 DEBUG 215277 --- [   scheduling-1] c.p.i.mapper.IntelNewsMapper.selectList  : <==      Total: 0
2026-08-22 21:43:24.606 DEBUG 215277 --- [   scheduling-1] c.p.i.mapper.IntelNewsMapper.selectList  : ==>  Preparing: SELECT id,source_code,title,content,region_code,normalized_tags,importance,published_at,push_status,version,deleted,created_at,updated_at FROM intel_news WHERE deleted=false AND (push_status = ? AND importance = ?)
2026-08-22 21:43:24.606 DEBUG 215277 --- [   scheduling-1] c.p.i.mapper.IntelNewsMapper.selectList  : ==> Parameters: none(String), high(String)
2026-08-22 21:43:24.606 DEBUG 215277 --- [   scheduling-1] c.p.i.mapper.IntelNewsMapper.selectList  : <==      Total: 0
2026-08-22 21:43:24.606  INFO 215277 --- [   scheduling-1] com.ptidss.intel.service.IntelService    : 情报推送执行完成：匹配情报 0 条，派发消息 0 条，触发决策会话情报重评 0 个
2026-08-22 21:43:54.608 DEBUG 215277 --- [   scheduling-1] c.p.i.m.IntelPushRuleMapper.selectList   : ==>  Preparing: SELECT id,rule_name,tags_filter,importance_filter,target_roles,channel,silent_period,status,version,deleted,created_at,updated_at FROM intel_push_rule WHERE deleted=false AND (status = ?)
2026-08-22 21:43:54.608 DEBUG 215277 --- [   scheduling-1] c.p.i.m.IntelPushRuleMapper.selectList   : ==> Parameters: active(String)
2026-08-22 21:43:54.609 DEBUG 215277 --- [   scheduling-1] c.p.i.m.IntelPushRuleMapper.selectList   : <==      Total: 15
2026-08-22 21:43:54.611 DEBUG 215277 --- [   scheduling-1] c.p.i.mapper.IntelNewsMapper.selectList  : ==>  Preparing: SELECT id,source_code,title,content,region_code,normalized_tags,importance,published_at,push_status,version,deleted,created_at,updated_at FROM intel_news WHERE deleted=false AND (push_status = ? AND importance = ?)
2026-08-22 21:43:54.611 DEBUG 215277 --- [   scheduling-1] c.p.i.mapper.IntelNewsMapper.selectList  : ==> Parameters: none(String), high(String)
2026-08-22 21:43:54.611 DEBUG 215277 --- [   scheduling-1] c.p.i.mapper.IntelNewsMapper.selectList  : <==      Total: 0
2026-08-22 21:43:54.612 DEBUG 215277 --- [   scheduling-1] c.p.i.mapper.IntelNewsMapper.selectList  : ==>  Preparing: SELECT id,source_code,title,content,region_code,normalized_tags,importance,published_at,push_status,version,deleted,created_at,updated_at FROM intel_news WHERE deleted=false AND (push_status = ? AND importance = ?)
2026-08-22 21:43:54.613 DEBUG 215277 --- [   scheduling-1] c.p.i.mapper.IntelNewsMapper.selectList  : ==> Parameters: none(String), medium(String)
2026-08-22 21:43:54.622 DEBUG 215277 --- [   scheduling-1] c.p.i.mapper.IntelNewsMapper.selectList  : <==      Total: 309
2026-08-22 21:43:54.624 DEBUG 215277 --- [   scheduling-1] c.p.i.mapper.IntelNewsMapper.selectList  : ==>  Preparing: SELECT id,source_code,title,content,region_code,normalized_tags,importance,published_at,push_status,version,deleted,created_at,updated_at FROM intel_news WHERE deleted=false AND (push_status = ? AND importance = ?)
2026-08-22 21:43:54.624 DEBUG 215277 --- [   scheduling-1] c.p.i.mapper.IntelNewsMapper.selectList  : ==> Parameters: none(String), high(String)
2026-08-22 21:43:54.625 DEBUG 215277 --- [   scheduling-1] c.p.i.mapper.IntelNewsMapper.selectList  : <==      Total: 0
2026-08-22 21:43:54.625 DEBUG 215277 --- [   scheduling-1] c.p.i.mapper.IntelNewsMapper.selectList  : ==>  Preparing: SELECT id,source_code,title,content,region_code,normalized_tags,importance,published_at,push_status,version,deleted,created_at,updated_at FROM intel_news WHERE deleted=false AND (push_status = ? AND importance = ?)
2026-08-22 21:43:54.626 DEBUG 215277 --- [   scheduling-1] c.p.i.mapper.IntelNewsMapper.selectList  : ==> Parameters: none(String), high(String)
2026-08-22 21:43:54.626 DEBUG 215277 --- [   scheduling-1] c.p.i.mapper.IntelNewsMapper.selectList  : <==      Total: 0
2026-08-22 21:43:54.627 DEBUG 215277 --- [   scheduling-1] c.p.i.mapper.IntelNewsMapper.selectList  : ==>  Preparing: SELECT id,source_code,title,content,region_code,normalized_tags,importance,published_at,push_status,version,deleted,created_at,updated_at FROM intel_news WHERE deleted=false AND (push_status = ? AND importance = ?)
2026-08-22 21:43:54.627 DEBUG 215277 --- [   scheduling-1] c.p.i.mapper.IntelNewsMapper.selectList  : ==> Parameters: none(String), high(String)
2026-08-22 21:43:54.628 DEBUG 215277 --- [   scheduling-1] c.p.i.mapper.IntelNewsMapper.selectList  : <==      Total: 0
2026-08-22 21:43:54.629 DEBUG 215277 --- [   scheduling-1] c.p.i.mapper.IntelNewsMapper.selectList  : ==>  Preparing: SELECT id,source_code,title,content,region_code,normalized_tags,importance,published_at,push_status,version,deleted,created_at,updated_at FROM intel_news WHERE deleted=false AND (push_status = ? AND importance = ?)
2026-08-22 21:43:54.629 DEBUG 215277 --- [   scheduling-1] c.p.i.mapper.IntelNewsMapper.selectList  : ==> Parameters: none(String), high(String)
2026-08-22 21:43:54.629 DEBUG 215277 --- [   scheduling-1] c.p.i.mapper.IntelNewsMapper.selectList  : <==      Total: 0
2026-08-22 21:43:54.630 DEBUG 215277 --- [   scheduling-1] c.p.i.mapper.IntelNewsMapper.selectList  : ==>  Preparing: SELECT id,source_code,title,content,region_code,normalized_tags,importance,published_at,push_status,version,deleted,created_at,updated_at FROM intel_news WHERE deleted=false AND (push_status = ? AND importance = ?)
2026-08-22 21:43:54.631 DEBUG 215277 --- [   scheduling-1] c.p.i.mapper.IntelNewsMapper.selectList  : ==> Parameters: none(String), high(String)
2026-08-22 21:43:54.631 DEBUG 215277 --- [   scheduling-1] c.p.i.mapper.IntelNewsMapper.selectList  : <==      Total: 0
2026-08-22 21:43:54.632 DEBUG 215277 --- [   scheduling-1] c.p.i.mapper.IntelNewsMapper.selectList  : ==>  Preparing: SELECT id,source_code,title,content,region_code,normalized_tags,importance,published_at,push_status,version,deleted,created_at,updated_at FROM intel_news WHERE deleted=false AND (push_status = ? AND importance = ?)
2026-08-22 21:43:54.633 DEBUG 215277 --- [   scheduling-1] c.p.i.mapper.IntelNewsMapper.selectList  : ==> Parameters: none(String), high(String)
2026-08-22 21:43:54.633 DEBUG 215277 --- [   scheduling-1] c.p.i.mapper.IntelNewsMapper.selectList  : <==      Total: 0
2026-08-22 21:43:54.634 DEBUG 215277 --- [   scheduling-1] c.p.i.mapper.IntelNewsMapper.selectList  : ==>  Preparing: SELECT id,source_code,title,content,region_code,normalized_tags,importance,published_at,push_status,version,deleted,created_at,updated_at FROM intel_news WHERE deleted=false AND (push_status = ? AND importance = ?)
2026-08-22 21:43:54.634 DEBUG 215277 --- [   scheduling-1] c.p.i.mapper.IntelNewsMapper.selectList  : ==> Parameters: none(String), high(String)
2026-08-22 21:43:54.635 DEBUG 215277 --- [   scheduling-1] c.p.i.mapper.IntelNewsMapper.selectList  : <==      Total: 0
2026-08-22 21:43:54.636 DEBUG 215277 --- [   scheduling-1] c.p.i.mapper.IntelNewsMapper.selectList  : ==>  Preparing: SELECT id,source_code,title,content,region_code,normalized_tags,importance,published_at,push_status,version,deleted,created_at,updated_at FROM intel_news WHERE deleted=false AND (push_status = ? AND importance = ?)
2026-08-22 21:43:54.636 DEBUG 215277 --- [   scheduling-1] c.p.i.mapper.IntelNewsMapper.selectList  : ==> Parameters: none(String), high(String)
2026-08-22 21:43:54.637 DEBUG 215277 --- [   scheduling-1] c.p.i.mapper.IntelNewsMapper.selectList  : <==      Total: 0
2026-08-22 21:43:54.638 DEBUG 215277 --- [   scheduling-1] c.p.i.mapper.IntelNewsMapper.selectList  : ==>  Preparing: SELECT id,source_code,title,content,region_code,normalized_tags,importance,published_at,push_status,version,deleted,created_at,updated_at FROM intel_news WHERE deleted=false AND (push_status = ? AND importance = ?)
2026-08-22 21:43:54.638 DEBUG 215277 --- [   scheduling-1] c.p.i.mapper.IntelNewsMapper.selectList  : ==> Parameters: none(String), high(String)
2026-08-22 21:43:54.638 DEBUG 215277 --- [   scheduling-1] c.p.i.mapper.IntelNewsMapper.selectList  : <==      Total: 0
2026-08-22 21:43:54.639 DEBUG 215277 --- [   scheduling-1] c.p.i.mapper.IntelNewsMapper.selectList  : ==>  Preparing: SELECT id,source_code,title,content,region_code,normalized_tags,importance,published_at,push_status,version,deleted,created_at,updated_at FROM intel_news WHERE deleted=false AND (push_status = ? AND importance = ?)
2026-08-22 21:43:54.639 DEBUG 215277 --- [   scheduling-1] c.p.i.mapper.IntelNewsMapper.selectList  : ==> Parameters: none(String), high(String)
2026-08-22 21:43:54.640 DEBUG 215277 --- [   scheduling-1] c.p.i.mapper.IntelNewsMapper.selectList  : <==      Total: 0
2026-08-22 21:43:54.641 DEBUG 215277 --- [   scheduling-1] c.p.i.mapper.IntelNewsMapper.selectList  : ==>  Preparing: SELECT id,source_code,title,content,region_code,normalized_tags,importance,published_at,push_status,version,deleted,created_at,updated_at FROM intel_news WHERE deleted=false AND (push_status = ? AND importance = ?)
2026-08-22 21:43:54.641 DEBUG 215277 --- [   scheduling-1] c.p.i.mapper.IntelNewsMapper.selectList  : ==> Parameters: none(String), high(String)
2026-08-22 21:43:54.641 DEBUG 215277 --- [   scheduling-1] c.p.i.mapper.IntelNewsMapper.selectList  : <==      Total: 0
2026-08-22 21:43:54.642 DEBUG 215277 --- [   scheduling-1] c.p.i.mapper.IntelNewsMapper.selectList  : ==>  Preparing: SELECT id,source_code,title,content,region_code,normalized_tags,importance,published_at,push_status,version,deleted,created_at,updated_at FROM intel_news WHERE deleted=false AND (push_status = ? AND importance = ?)
2026-08-22 21:43:54.642 DEBUG 215277 --- [   scheduling-1] c.p.i.mapper.IntelNewsMapper.selectList  : ==> Parameters: none(String), high(String)
2026-08-22 21:43:54.643 DEBUG 215277 --- [   scheduling-1] c.p.i.mapper.IntelNewsMapper.selectList  : <==      Total: 0
2026-08-22 21:43:54.644 DEBUG 215277 --- [   scheduling-1] c.p.i.mapper.IntelNewsMapper.selectList  : ==>  Preparing: SELECT id,source_code,title,content,region_code,normalized_tags,importance,published_at,push_status,version,deleted,created_at,updated_at FROM intel_news WHERE deleted=false AND (push_status = ? AND importance = ?)
2026-08-22 21:43:54.644 DEBUG 215277 --- [   scheduling-1] c.p.i.mapper.IntelNewsMapper.selectList  : ==> Parameters: none(String), high(String)
2026-08-22 21:43:54.645 DEBUG 215277 --- [   scheduling-1] c.p.i.mapper.IntelNewsMapper.selectList  : <==      Total: 0
2026-08-22 21:43:54.645  INFO 215277 --- [   scheduling-1] com.ptidss.intel.service.IntelService    : 情报推送执行完成：匹配情报 0 条，派发消息 0 条，触发决策会话情报重评 0 个
2026-08-22 21:44:03.719 DEBUG 215277 --- [   scheduling-1] c.p.d.m.CollectTaskMapper.selectList     : ==>  Preparing: SELECT id,source_id,task_type,cron_expr,last_run_time,last_status,records_count,error_log,version,deleted,created_at,updated_at FROM collect_task WHERE deleted=false AND (cron_expr IS NOT NULL)
2026-08-22 21:44:03.719 DEBUG 215277 --- [   scheduling-1] c.p.d.m.CollectTaskMapper.selectList     : ==> Parameters: 
2026-08-22 21:44:03.719 DEBUG 215277 --- [   scheduling-1] c.p.d.m.CollectTaskMapper.selectList     : <==      Total: 3
2026-08-22 21:44:14.035 DEBUG 215277 --- [   scheduling-1] c.p.i.m.IntelSourceMapper.selectList     : ==>  Preparing: SELECT id,source_code,source_name,intel_type,fetch_mode,conn_type,conn_config,frequency,status,last_success_at,last_error,consecutive_failures,version,deleted,created_at,updated_at FROM intel_source WHERE deleted=false AND (status = ?)
2026-08-22 21:44:14.035 DEBUG 215277 --- [   scheduling-1] c.p.i.m.IntelSourceMapper.selectList     : ==> Parameters: enabled(String)
2026-08-22 21:44:14.036 DEBUG 215277 --- [   scheduling-1] c.p.i.m.IntelSourceMapper.selectList     : <==      Total: 21
2026-08-22 21:44:14.037  INFO 215277 --- [   scheduling-1] c.p.intel.service.IntelFetchService      : 行情采集执行完成：到期 0 个（成功 0 / 失败 0 / 跳过未到期 21）
2026-08-22 21:44:24.646 DEBUG 215277 --- [   scheduling-1] c.p.i.m.IntelPushRuleMapper.selectList   : ==>  Preparing: SELECT id,rule_name,tags_filter,importance_filter,target_roles,channel,silent_period,status,version,deleted,created_at,updated_at FROM intel_push_rule WHERE deleted=false AND (status = ?)
2026-08-22 21:44:24.646 DEBUG 215277 --- [   scheduling-1] c.p.i.m.IntelPushRuleMapper.selectList   : ==> Parameters: active(String)
2026-08-22 21:44:24.646 DEBUG 215277 --- [   scheduling-1] c.p.i.m.IntelPushRuleMapper.selectList   : <==      Total: 15
2026-08-22 21:44:24.647 DEBUG 215277 --- [   scheduling-1] c.p.i.mapper.IntelNewsMapper.selectList  : ==>  Preparing: SELECT id,source_code,title,content,region_code,normalized_tags,importance,published_at,push_status,version,deleted,created_at,updated_at FROM intel_news WHERE deleted=false AND (push_status = ? AND importance = ?)
2026-08-22 21:44:24.647 DEBUG 215277 --- [   scheduling-1] c.p.i.mapper.IntelNewsMapper.selectList  : ==> Parameters: none(String), high(String)
2026-08-22 21:44:24.647 DEBUG 215277 --- [   scheduling-1] c.p.i.mapper.IntelNewsMapper.selectList  : <==      Total: 0
2026-08-22 21:44:24.648 DEBUG 215277 --- [   scheduling-1] c.p.i.mapper.IntelNewsMapper.selectList  : ==>  Preparing: SELECT id,source_code,title,content,region_code,normalized_tags,importance,published_at,push_status,version,deleted,created_at,updated_at FROM intel_news WHERE deleted=false AND (push_status = ? AND importance = ?)
2026-08-22 21:44:24.648 DEBUG 215277 --- [   scheduling-1] c.p.i.mapper.IntelNewsMapper.selectList  : ==> Parameters: none(String), medium(String)
2026-08-22 21:44:24.651 DEBUG 215277 --- [   scheduling-1] c.p.i.mapper.IntelNewsMapper.selectList  : <==      Total: 309
2026-08-22 21:44:24.652 DEBUG 215277 --- [   scheduling-1] c.p.i.mapper.IntelNewsMapper.selectList  : ==>  Preparing: SELECT id,source_code,title,content,region_code,normalized_tags,importance,published_at,push_status,version,deleted,created_at,updated_at FROM intel_news WHERE deleted=false AND (push_status = ? AND importance = ?)
2026-08-22 21:44:24.652 DEBUG 215277 --- [   scheduling-1] c.p.i.mapper.IntelNewsMapper.selectList  : ==> Parameters: none(String), high(String)
2026-08-22 21:44:24.653 DEBUG 215277 --- [   scheduling-1] c.p.i.mapper.IntelNewsMapper.selectList  : <==      Total: 0
2026-08-22 21:44:24.653 DEBUG 215277 --- [   scheduling-1] c.p.i.mapper.IntelNewsMapper.selectList  : ==>  Preparing: SELECT id,source_code,title,content,region_code,normalized_tags,importance,published_at,push_status,version,deleted,created_at,updated_at FROM intel_news WHERE deleted=false AND (push_status = ? AND importance = ?)
2026-08-22 21:44:24.653 DEBUG 215277 --- [   scheduling-1] c.p.i.mapper.IntelNewsMapper.selectList  : ==> Parameters: none(String), high(String)
2026-08-22 21:44:24.653 DEBUG 215277 --- [   scheduling-1] c.p.i.mapper.IntelNewsMapper.selectList  : <==      Total: 0
2026-08-22 21:44:24.654 DEBUG 215277 --- [   scheduling-1] c.p.i.mapper.IntelNewsMapper.selectList  : ==>  Preparing: SELECT id,source_code,title,content,region_code,normalized_tags,importance,published_at,push_status,version,deleted,created_at,updated_at FROM intel_news WHERE deleted=false AND (push_status = ? AND importance = ?)
2026-08-22 21:44:24.654 DEBUG 215277 --- [   scheduling-1] c.p.i.mapper.IntelNewsMapper.selectList  : ==> Parameters: none(String), high(String)
2026-08-22 21:44:24.654 DEBUG 215277 --- [   scheduling-1] c.p.i.mapper.IntelNewsMapper.selectList  : <==      Total: 0
2026-08-22 21:44:24.654 DEBUG 215277 --- [   scheduling-1] c.p.i.mapper.IntelNewsMapper.selectList  : ==>  Preparing: SELECT id,source_code,title,content,region_code,normalized_tags,importance,published_at,push_status,version,deleted,created_at,updated_at FROM intel_news WHERE deleted=false AND (push_status = ? AND importance = ?)
2026-08-22 21:44:24.654 DEBUG 215277 --- [   scheduling-1] c.p.i.mapper.IntelNewsMapper.selectList  : ==> Parameters: none(String), high(String)
2026-08-22 21:44:24.655 DEBUG 215277 --- [   scheduling-1] c.p.i.mapper.IntelNewsMapper.selectList  : <==      Total: 0
2026-08-22 21:44:24.655 DEBUG 215277 --- [   scheduling-1] c.p.i.mapper.IntelNewsMapper.selectList  : ==>  Preparing: SELECT id,source_code,title,content,region_code,normalized_tags,importance,published_at,push_status,version,deleted,created_at,updated_at FROM intel_news WHERE deleted=false AND (push_status = ? AND importance = ?)
2026-08-22 21:44:24.655 DEBUG 215277 --- [   scheduling-1] c.p.i.mapper.IntelNewsMapper.selectList  : ==> Parameters: none(String), high(String)
2026-08-22 21:44:24.655 DEBUG 215277 --- [   scheduling-1] c.p.i.mapper.IntelNewsMapper.selectList  : <==      Total: 0
2026-08-22 21:44:24.656 DEBUG 215277 --- [   scheduling-1] c.p.i.mapper.IntelNewsMapper.selectList  : ==>  Preparing: SELECT id,source_code,title,content,region_code,normalized_tags,importance,published_at,push_status,version,deleted,created_at,updated_at FROM intel_news WHERE deleted=false AND (push_status = ? AND importance = ?)
2026-08-22 21:44:24.656 DEBUG 215277 --- [   scheduling-1] c.p.i.mapper.IntelNewsMapper.selectList  : ==> Parameters: none(String), high(String)
2026-08-22 21:44:24.656 DEBUG 215277 --- [   scheduling-1] c.p.i.mapper.IntelNewsMapper.selectList  : <==      Total: 0
2026-08-22 21:44:24.656 DEBUG 215277 --- [   scheduling-1] c.p.i.mapper.IntelNewsMapper.selectList  : ==>  Preparing: SELECT id,source_code,title,content,region_code,normalized_tags,importance,published_at,push_status,version,deleted,created_at,updated_at FROM intel_news WHERE deleted=false AND (push_status = ? AND importance = ?)
2026-08-22 21:44:24.656 DEBUG 215277 --- [   scheduling-1] c.p.i.mapper.IntelNewsMapper.selectList  : ==> Parameters: none(String), high(String)
2026-08-22 21:44:24.657 DEBUG 215277 --- [   scheduling-1] c.p.i.mapper.IntelNewsMapper.selectList  : <==      Total: 0
2026-08-22 21:44:24.657 DEBUG 215277 --- [   scheduling-1] c.p.i.mapper.IntelNewsMapper.selectList  : ==>  Preparing: SELECT id,source_code,title,content,region_code,normalized_tags,importance,published_at,push_status,version,deleted,created_at,updated_at FROM intel_news WHERE deleted=false AND (push_status = ? AND importance = ?)
2026-08-22 21:44:24.657 DEBUG 215277 --- [   scheduling-1] c.p.i.mapper.IntelNewsMapper.selectList  : ==> Parameters: none(String), high(String)
2026-08-22 21:44:24.657 DEBUG 215277 --- [   scheduling-1] c.p.i.mapper.IntelNewsMapper.selectList  : <==      Total: 0
2026-08-22 21:44:24.658 DEBUG 215277 --- [   scheduling-1] c.p.i.mapper.IntelNewsMapper.selectList  : ==>  Preparing: SELECT id,source_code,title,content,region_code,normalized_tags,importance,published_at,push_status,version,deleted,created_at,updated_at FROM intel_news WHERE deleted=false AND (push_status = ? AND importance = ?)
2026-08-22 21:44:24.658 DEBUG 215277 --- [   scheduling-1] c.p.i.mapper.IntelNewsMapper.selectList  : ==> Parameters: none(String), high(String)
2026-08-22 21:44:24.658 DEBUG 215277 --- [   scheduling-1] c.p.i.mapper.IntelNewsMapper.selectList  : <==      Total: 0
2026-08-22 21:44:24.659 DEBUG 215277 --- [   scheduling-1] c.p.i.mapper.IntelNewsMapper.selectList  : ==>  Preparing: SELECT id,source_code,title,content,region_code,normalized_tags,importance,published_at,push_status,version,deleted,created_at,updated_at FROM intel_news WHERE deleted=false AND (push_status = ? AND importance = ?)
2026-08-22 21:44:24.659 DEBUG 215277 --- [   scheduling-1] c.p.i.mapper.IntelNewsMapper.selectList  : ==> Parameters: none(String), high(String)
2026-08-22 21:44:24.659 DEBUG 215277 --- [   scheduling-1] c.p.i.mapper.IntelNewsMapper.selectList  : <==      Total: 0
2026-08-22 21:44:24.660 DEBUG 215277 --- [   scheduling-1] c.p.i.mapper.IntelNewsMapper.selectList  : ==>  Preparing: SELECT id,source_code,title,content,region_code,normalized_tags,importance,published_at,push_status,version,deleted,created_at,updated_at FROM intel_news WHERE deleted=false AND (push_status = ? AND importance = ?)
2026-08-22 21:44:24.660 DEBUG 215277 --- [   scheduling-1] c.p.i.mapper.IntelNewsMapper.selectList  : ==> Parameters: none(String), high(String)
2026-08-22 21:44:24.660 DEBUG 215277 --- [   scheduling-1] c.p.i.mapper.IntelNewsMapper.selectList  : <==      Total: 0
2026-08-22 21:44:24.661 DEBUG 215277 --- [   scheduling-1] c.p.i.mapper.IntelNewsMapper.selectList  : ==>  Preparing: SELECT id,source_code,title,content,region_code,normalized_tags,importance,published_at,push_status,version,deleted,created_at,updated_at FROM intel_news WHERE deleted=false AND (push_status = ? AND importance = ?)
2026-08-22 21:44:24.661 DEBUG 215277 --- [   scheduling-1] c.p.i.mapper.IntelNewsMapper.selectList  : ==> Parameters: none(String), high(String)
2026-08-22 21:44:24.661 DEBUG 215277 --- [   scheduling-1] c.p.i.mapper.IntelNewsMapper.selectList  : <==      Total: 0
2026-08-22 21:44:24.662 DEBUG 215277 --- [   scheduling-1] c.p.i.mapper.IntelNewsMapper.selectList  : ==>  Preparing: SELECT id,source_code,title,content,region_code,normalized_tags,importance,published_at,push_status,version,deleted,created_at,updated_at FROM intel_news WHERE deleted=false AND (push_status = ? AND importance = ?)
2026-08-22 21:44:24.662 DEBUG 215277 --- [   scheduling-1] c.p.i.mapper.IntelNewsMapper.selectList  : ==> Parameters: none(String), high(String)
2026-08-22 21:44:24.662 DEBUG 215277 --- [   scheduling-1] c.p.i.mapper.IntelNewsMapper.selectList  : <==      Total: 0
2026-08-22 21:44:24.662  INFO 215277 --- [   scheduling-1] com.ptidss.intel.service.IntelService    : 情报推送执行完成：匹配情报 0 条，派发消息 0 条，触发决策会话情报重评 0 个
2026-08-22 21:44:54.663 DEBUG 215277 --- [   scheduling-1] c.p.i.m.IntelPushRuleMapper.selectList   : ==>  Preparing: SELECT id,rule_name,tags_filter,importance_filter,target_roles,channel,silent_period,status,version,deleted,created_at,updated_at FROM intel_push_rule WHERE deleted=false AND (status = ?)
2026-08-22 21:44:54.663 DEBUG 215277 --- [   scheduling-1] c.p.i.m.IntelPushRuleMapper.selectList   : ==> Parameters: active(String)
2026-08-22 21:44:54.664 DEBUG 215277 --- [   scheduling-1] c.p.i.m.IntelPushRuleMapper.selectList   : <==      Total: 15
2026-08-22 21:44:54.665 DEBUG 215277 --- [   scheduling-1] c.p.i.mapper.IntelNewsMapper.selectList  : ==>  Preparing: SELECT id,source_code,title,content,region_code,normalized_tags,importance,published_at,push_status,version,deleted,created_at,updated_at FROM intel_news WHERE deleted=false AND (push_status = ? AND importance = ?)
2026-08-22 21:44:54.665 DEBUG 215277 --- [   scheduling-1] c.p.i.mapper.IntelNewsMapper.selectList  : ==> Parameters: none(String), high(String)
2026-08-22 21:44:54.665 DEBUG 215277 --- [   scheduling-1] c.p.i.mapper.IntelNewsMapper.selectList  : <==      Total: 0
2026-08-22 21:44:54.666 DEBUG 215277 --- [   scheduling-1] c.p.i.mapper.IntelNewsMapper.selectList  : ==>  Preparing: SELECT id,source_code,title,content,region_code,normalized_tags,importance,published_at,push_status,version,deleted,created_at,updated_at FROM intel_news WHERE deleted=false AND (push_status = ? AND importance = ?)
2026-08-22 21:44:54.666 DEBUG 215277 --- [   scheduling-1] c.p.i.mapper.IntelNewsMapper.selectList  : ==> Parameters: none(String), medium(String)
2026-08-22 21:44:54.670 DEBUG 215277 --- [   scheduling-1] c.p.i.mapper.IntelNewsMapper.selectList  : <==      Total: 309
2026-08-22 21:44:54.671 DEBUG 215277 --- [   scheduling-1] c.p.i.mapper.IntelNewsMapper.selectList  : ==>  Preparing: SELECT id,source_code,title,content,region_code,normalized_tags,importance,published_at,push_status,version,deleted,created_at,updated_at FROM intel_news WHERE deleted=false AND (push_status = ? AND importance = ?)
2026-08-22 21:44:54.672 DEBUG 215277 --- [   scheduling-1] c.p.i.mapper.IntelNewsMapper.selectList  : ==> Parameters: none(String), high(String)
2026-08-22 21:44:54.672 DEBUG 215277 --- [   scheduling-1] c.p.i.mapper.IntelNewsMapper.selectList  : <==      Total: 0
2026-08-22 21:44:54.674 DEBUG 215277 --- [   scheduling-1] c.p.i.mapper.IntelNewsMapper.selectList  : ==>  Preparing: SELECT id,source_code,title,content,region_code,normalized_tags,importance,published_at,push_status,version,deleted,created_at,updated_at FROM intel_news WHERE deleted=false AND (push_status = ? AND importance = ?)
2026-08-22 21:44:54.674 DEBUG 215277 --- [   scheduling-1] c.p.i.mapper.IntelNewsMapper.selectList  : ==> Parameters: none(String), high(String)
2026-08-22 21:44:54.674 DEBUG 215277 --- [   scheduling-1] c.p.i.mapper.IntelNewsMapper.selectList  : <==      Total: 0
2026-08-22 21:44:54.675 DEBUG 215277 --- [   scheduling-1] c.p.i.mapper.IntelNewsMapper.selectList  : ==>  Preparing: SELECT id,source_code,title,content,region_code,normalized_tags,importance,published_at,push_status,version,deleted,created_at,updated_at FROM intel_news WHERE deleted=false AND (push_status = ? AND importance = ?)
2026-08-22 21:44:54.675 DEBUG 215277 --- [   scheduling-1] c.p.i.mapper.IntelNewsMapper.selectList  : ==> Parameters: none(String), high(String)
2026-08-22 21:44:54.675 DEBUG 215277 --- [   scheduling-1] c.p.i.mapper.IntelNewsMapper.selectList  : <==      Total: 0
2026-08-22 21:44:54.676 DEBUG 215277 --- [   scheduling-1] c.p.i.mapper.IntelNewsMapper.selectList  : ==>  Preparing: SELECT id,source_code,title,content,region_code,normalized_tags,importance,published_at,push_status,version,deleted,created_at,updated_at FROM intel_news WHERE deleted=false AND (push_status = ? AND importance = ?)
2026-08-22 21:44:54.676 DEBUG 215277 --- [   scheduling-1] c.p.i.mapper.IntelNewsMapper.selectList  : ==> Parameters: none(String), high(String)
2026-08-22 21:44:54.676 DEBUG 215277 --- [   scheduling-1] c.p.i.mapper.IntelNewsMapper.selectList  : <==      Total: 0
2026-08-22 21:44:54.677 DEBUG 215277 --- [   scheduling-1] c.p.i.mapper.IntelNewsMapper.selectList  : ==>  Preparing: SELECT id,source_code,title,content,region_code,normalized_tags,importance,published_at,push_status,version,deleted,created_at,updated_at FROM intel_news WHERE deleted=false AND (push_status = ? AND importance = ?)
2026-08-22 21:44:54.677 DEBUG 215277 --- [   scheduling-1] c.p.i.mapper.IntelNewsMapper.selectList  : ==> Parameters: none(String), high(String)
2026-08-22 21:44:54.677 DEBUG 215277 --- [   scheduling-1] c.p.i.mapper.IntelNewsMapper.selectList  : <==      Total: 0
2026-08-22 21:44:54.678 DEBUG 215277 --- [   scheduling-1] c.p.i.mapper.IntelNewsMapper.selectList  : ==>  Preparing: SELECT id,source_code,title,content,region_code,normalized_tags,importance,published_at,push_status,version,deleted,created_at,updated_at FROM intel_news WHERE deleted=false AND (push_status = ? AND importance = ?)
2026-08-22 21:44:54.678 DEBUG 215277 --- [   scheduling-1] c.p.i.mapper.IntelNewsMapper.selectList  : ==> Parameters: none(String), high(String)
2026-08-22 21:44:54.679 DEBUG 215277 --- [   scheduling-1] c.p.i.mapper.IntelNewsMapper.selectList  : <==      Total: 0
2026-08-22 21:44:54.679 DEBUG 215277 --- [   scheduling-1] c.p.i.mapper.IntelNewsMapper.selectList  : ==>  Preparing: SELECT id,source_code,title,content,region_code,normalized_tags,importance,published_at,push_status,version,deleted,created_at,updated_at FROM intel_news WHERE deleted=false AND (push_status = ? AND importance = ?)
2026-08-22 21:44:54.679 DEBUG 215277 --- [   scheduling-1] c.p.i.mapper.IntelNewsMapper.selectList  : ==> Parameters: none(String), high(String)
2026-08-22 21:44:54.680 DEBUG 215277 --- [   scheduling-1] c.p.i.mapper.IntelNewsMapper.selectList  : <==      Total: 0
2026-08-22 21:44:54.680 DEBUG 215277 --- [   scheduling-1] c.p.i.mapper.IntelNewsMapper.selectList  : ==>  Preparing: SELECT id,source_code,title,content,region_code,normalized_tags,importance,published_at,push_status,version,deleted,created_at,updated_at FROM intel_news WHERE deleted=false AND (push_status = ? AND importance = ?)
2026-08-22 21:44:54.680 DEBUG 215277 --- [   scheduling-1] c.p.i.mapper.IntelNewsMapper.selectList  : ==> Parameters: none(String), high(String)
2026-08-22 21:44:54.681 DEBUG 215277 --- [   scheduling-1] c.p.i.mapper.IntelNewsMapper.selectList  : <==      Total: 0
2026-08-22 21:44:54.681 DEBUG 215277 --- [   scheduling-1] c.p.i.mapper.IntelNewsMapper.selectList  : ==>  Preparing: SELECT id,source_code,title,content,region_code,normalized_tags,importance,published_at,push_status,version,deleted,created_at,updated_at FROM intel_news WHERE deleted=false AND (push_status = ? AND importance = ?)
2026-08-22 21:44:54.682 DEBUG 215277 --- [   scheduling-1] c.p.i.mapper.IntelNewsMapper.selectList  : ==> Parameters: none(String), high(String)
2026-08-22 21:44:54.682 DEBUG 215277 --- [   scheduling-1] c.p.i.mapper.IntelNewsMapper.selectList  : <==      Total: 0
2026-08-22 21:44:54.682 DEBUG 215277 --- [   scheduling-1] c.p.i.mapper.IntelNewsMapper.selectList  : ==>  Preparing: SELECT id,source_code,title,content,region_code,normalized_tags,importance,published_at,push_status,version,deleted,created_at,updated_at FROM intel_news WHERE deleted=false AND (push_status = ? AND importance = ?)
2026-08-22 21:44:54.683 DEBUG 215277 --- [   scheduling-1] c.p.i.mapper.IntelNewsMapper.selectList  : ==> Parameters: none(String), high(String)
2026-08-22 21:44:54.683 DEBUG 215277 --- [   scheduling-1] c.p.i.mapper.IntelNewsMapper.selectList  : <==      Total: 0
2026-08-22 21:44:54.684 DEBUG 215277 --- [   scheduling-1] c.p.i.mapper.IntelNewsMapper.selectList  : ==>  Preparing: SELECT id,source_code,title,content,region_code,normalized_tags,importance,published_at,push_status,version,deleted,created_at,updated_at FROM intel_news WHERE deleted=false AND (push_status = ? AND importance = ?)
2026-08-22 21:44:54.684 DEBUG 215277 --- [   scheduling-1] c.p.i.mapper.IntelNewsMapper.selectList  : ==> Parameters: none(String), high(String)
2026-08-22 21:44:54.684 DEBUG 215277 --- [   scheduling-1] c.p.i.mapper.IntelNewsMapper.selectList  : <==      Total: 0
2026-08-22 21:44:54.685 DEBUG 215277 --- [   scheduling-1] c.p.i.mapper.IntelNewsMapper.selectList  : ==>  Preparing: SELECT id,source_code,title,content,region_code,normalized_tags,importance,published_at,push_status,version,deleted,created_at,updated_at FROM intel_news WHERE deleted=false AND (push_status = ? AND importance = ?)
2026-08-22 21:44:54.685 DEBUG 215277 --- [   scheduling-1] c.p.i.mapper.IntelNewsMapper.selectList  : ==> Parameters: none(String), high(String)
2026-08-22 21:44:54.685 DEBUG 215277 --- [   scheduling-1] c.p.i.mapper.IntelNewsMapper.selectList  : <==      Total: 0
2026-08-22 21:44:54.686 DEBUG 215277 --- [   scheduling-1] c.p.i.mapper.IntelNewsMapper.selectList  : ==>  Preparing: SELECT id,source_code,title,content,region_code,normalized_tags,importance,published_at,push_status,version,deleted,created_at,updated_at FROM intel_news WHERE deleted=false AND (push_status = ? AND importance = ?)
2026-08-22 21:44:54.686 DEBUG 215277 --- [   scheduling-1] c.p.i.mapper.IntelNewsMapper.selectList  : ==> Parameters: none(String), high(String)
2026-08-22 21:44:54.686 DEBUG 215277 --- [   scheduling-1] c.p.i.mapper.IntelNewsMapper.selectList  : <==      Total: 0
2026-08-22 21:44:54.686  INFO 215277 --- [   scheduling-1] com.ptidss.intel.service.IntelService    : 情报推送执行完成：匹配情报 0 条，派发消息 0 条，触发决策会话情报重评 0 个
2026-08-22 21:45:03.721 DEBUG 215277 --- [   scheduling-1] c.p.d.m.CollectTaskMapper.selectList     : ==>  Preparing: SELECT id,source_id,task_type,cron_expr,last_run_time,last_status,records_count,error_log,version,deleted,created_at,updated_at FROM collect_task WHERE deleted=false AND (cron_expr IS NOT NULL)
2026-08-22 21:45:03.721 DEBUG 215277 --- [   scheduling-1] c.p.d.m.CollectTaskMapper.selectList     : ==> Parameters: 
2026-08-22 21:45:03.721 DEBUG 215277 --- [   scheduling-1] c.p.d.m.CollectTaskMapper.selectList     : <==      Total: 3
2026-08-22 21:45:14.038 DEBUG 215277 --- [   scheduling-1] c.p.i.m.IntelSourceMapper.selectList     : ==>  Preparing: SELECT id,source_code,source_name,intel_type,fetch_mode,conn_type,conn_config,frequency,status,last_success_at,last_error,consecutive_failures,version,deleted,created_at,updated_at FROM intel_source WHERE deleted=false AND (status = ?)
2026-08-22 21:45:14.038 DEBUG 215277 --- [   scheduling-1] c.p.i.m.IntelSourceMapper.selectList     : ==> Parameters: enabled(String)
2026-08-22 21:45:14.039 DEBUG 215277 --- [   scheduling-1] c.p.i.m.IntelSourceMapper.selectList     : <==      Total: 21
2026-08-22 21:45:14.039  INFO 215277 --- [   scheduling-1] c.p.intel.service.IntelFetchService      : 行情采集执行完成：到期 0 个（成功 0 / 失败 0 / 跳过未到期 21）
2026-08-22 21:45:24.687 DEBUG 215277 --- [   scheduling-1] c.p.i.m.IntelPushRuleMapper.selectList   : ==>  Preparing: SELECT id,rule_name,tags_filter,importance_filter,target_roles,channel,silent_period,status,version,deleted,created_at,updated_at FROM intel_push_rule WHERE deleted=false AND (status = ?)
2026-08-22 21:45:24.687 DEBUG 215277 --- [   scheduling-1] c.p.i.m.IntelPushRuleMapper.selectList   : ==> Parameters: active(String)
2026-08-22 21:45:24.688 DEBUG 215277 --- [   scheduling-1] c.p.i.m.IntelPushRuleMapper.selectList   : <==      Total: 15
2026-08-22 21:45:24.688 DEBUG 215277 --- [   scheduling-1] c.p.i.mapper.IntelNewsMapper.selectList  : ==>  Preparing: SELECT id,source_code,title,content,region_code,normalized_tags,importance,published_at,push_status,version,deleted,created_at,updated_at FROM intel_news WHERE deleted=false AND (push_status = ? AND importance = ?)
2026-08-22 21:45:24.688 DEBUG 215277 --- [   scheduling-1] c.p.i.mapper.IntelNewsMapper.selectList  : ==> Parameters: none(String), high(String)
2026-08-22 21:45:24.688 DEBUG 215277 --- [   scheduling-1] c.p.i.mapper.IntelNewsMapper.selectList  : <==      Total: 0
2026-08-22 21:45:24.689 DEBUG 215277 --- [   scheduling-1] c.p.i.mapper.IntelNewsMapper.selectList  : ==>  Preparing: SELECT id,source_code,title,content,region_code,normalized_tags,importance,published_at,push_status,version,deleted,created_at,updated_at FROM intel_news WHERE deleted=false AND (push_status = ? AND importance = ?)
2026-08-22 21:45:24.689 DEBUG 215277 --- [   scheduling-1] c.p.i.mapper.IntelNewsMapper.selectList  : ==> Parameters: none(String), medium(String)
2026-08-22 21:45:24.692 DEBUG 215277 --- [   scheduling-1] c.p.i.mapper.IntelNewsMapper.selectList  : <==      Total: 309
2026-08-22 21:45:24.693 DEBUG 215277 --- [   scheduling-1] c.p.i.mapper.IntelNewsMapper.selectList  : ==>  Preparing: SELECT id,source_code,title,content,region_code,normalized_tags,importance,published_at,push_status,version,deleted,created_at,updated_at FROM intel_news WHERE deleted=false AND (push_status = ? AND importance = ?)
2026-08-22 21:45:24.693 DEBUG 215277 --- [   scheduling-1] c.p.i.mapper.IntelNewsMapper.selectList  : ==> Parameters: none(String), high(String)
2026-08-22 21:45:24.693 DEBUG 215277 --- [   scheduling-1] c.p.i.mapper.IntelNewsMapper.selectList  : <==      Total: 0
2026-08-22 21:45:24.693 DEBUG 215277 --- [   scheduling-1] c.p.i.mapper.IntelNewsMapper.selectList  : ==>  Preparing: SELECT id,source_code,title,content,region_code,normalized_tags,importance,published_at,push_status,version,deleted,created_at,updated_at FROM intel_news WHERE deleted=false AND (push_status = ? AND importance = ?)
2026-08-22 21:45:24.694 DEBUG 215277 --- [   scheduling-1] c.p.i.mapper.IntelNewsMapper.selectList  : ==> Parameters: none(String), high(String)
2026-08-22 21:45:24.694 DEBUG 215277 --- [   scheduling-1] c.p.i.mapper.IntelNewsMapper.selectList  : <==      Total: 0
2026-08-22 21:45:24.694 DEBUG 215277 --- [   scheduling-1] c.p.i.mapper.IntelNewsMapper.selectList  : ==>  Preparing: SELECT id,source_code,title,content,region_code,normalized_tags,importance,published_at,push_status,version,deleted,created_at,updated_at FROM intel_news WHERE deleted=false AND (push_status = ? AND importance = ?)
2026-08-22 21:45:24.694 DEBUG 215277 --- [   scheduling-1] c.p.i.mapper.IntelNewsMapper.selectList  : ==> Parameters: none(String), high(String)
2026-08-22 21:45:24.695 DEBUG 215277 --- [   scheduling-1] c.p.i.mapper.IntelNewsMapper.selectList  : <==      Total: 0
2026-08-22 21:45:24.701 DEBUG 215277 --- [   scheduling-1] c.p.i.mapper.IntelNewsMapper.selectList  : ==>  Preparing: SELECT id,source_code,title,content,region_code,normalized_tags,importance,published_at,push_status,version,deleted,created_at,updated_at FROM intel_news WHERE deleted=false AND (push_status = ? AND importance = ?)
2026-08-22 21:45:24.702 DEBUG 215277 --- [   scheduling-1] c.p.i.mapper.IntelNewsMapper.selectList  : ==> Parameters: none(String), high(String)
2026-08-22 21:45:24.702 DEBUG 215277 --- [   scheduling-1] c.p.i.mapper.IntelNewsMapper.selectList  : <==      Total: 0
2026-08-22 21:45:24.702 DEBUG 215277 --- [   scheduling-1] c.p.i.mapper.IntelNewsMapper.selectList  : ==>  Preparing: SELECT id,source_code,title,content,region_code,normalized_tags,importance,published_at,push_status,version,deleted,created_at,updated_at FROM intel_news WHERE deleted=false AND (push_status = ? AND importance = ?)
2026-08-22 21:45:24.702 DEBUG 215277 --- [   scheduling-1] c.p.i.mapper.IntelNewsMapper.selectList  : ==> Parameters: none(String), high(String)
2026-08-22 21:45:24.703 DEBUG 215277 --- [   scheduling-1] c.p.i.mapper.IntelNewsMapper.selectList  : <==      Total: 0
2026-08-22 21:45:24.703 DEBUG 215277 --- [   scheduling-1] c.p.i.mapper.IntelNewsMapper.selectList  : ==>  Preparing: SELECT id,source_code,title,content,region_code,normalized_tags,importance,published_at,push_status,version,deleted,created_at,updated_at FROM intel_news WHERE deleted=false AND (push_status = ? AND importance = ?)
2026-08-22 21:45:24.703 DEBUG 215277 --- [   scheduling-1] c.p.i.mapper.IntelNewsMapper.selectList  : ==> Parameters: none(String), high(String)
2026-08-22 21:45:24.703 DEBUG 215277 --- [   scheduling-1] c.p.i.mapper.IntelNewsMapper.selectList  : <==      Total: 0
2026-08-22 21:45:24.704 DEBUG 215277 --- [   scheduling-1] c.p.i.mapper.IntelNewsMapper.selectList  : ==>  Preparing: SELECT id,source_code,title,content,region_code,normalized_tags,importance,published_at,push_status,version,deleted,created_at,updated_at FROM intel_news WHERE deleted=false AND (push_status = ? AND importance = ?)
2026-08-22 21:45:24.704 DEBUG 215277 --- [   scheduling-1] c.p.i.mapper.IntelNewsMapper.selectList  : ==> Parameters: none(String), high(String)
2026-08-22 21:45:24.704 DEBUG 215277 --- [   scheduling-1] c.p.i.mapper.IntelNewsMapper.selectList  : <==      Total: 0
2026-08-22 21:45:24.704 DEBUG 215277 --- [   scheduling-1] c.p.i.mapper.IntelNewsMapper.selectList  : ==>  Preparing: SELECT id,source_code,title,content,region_code,normalized_tags,importance,published_at,push_status,version,deleted,created_at,updated_at FROM intel_news WHERE deleted=false AND (push_status = ? AND importance = ?)
2026-08-22 21:45:24.705 DEBUG 215277 --- [   scheduling-1] c.p.i.mapper.IntelNewsMapper.selectList  : ==> Parameters: none(String), high(String)
2026-08-22 21:45:24.705 DEBUG 215277 --- [   scheduling-1] c.p.i.mapper.IntelNewsMapper.selectList  : <==      Total: 0
2026-08-22 21:45:24.705 DEBUG 215277 --- [   scheduling-1] c.p.i.mapper.IntelNewsMapper.selectList  : ==>  Preparing: SELECT id,source_code,title,content,region_code,normalized_tags,importance,published_at,push_status,version,deleted,created_at,updated_at FROM intel_news WHERE deleted=false AND (push_status = ? AND importance = ?)
2026-08-22 21:45:24.705 DEBUG 215277 --- [   scheduling-1] c.p.i.mapper.IntelNewsMapper.selectList  : ==> Parameters: none(String), high(String)
2026-08-22 21:45:24.706 DEBUG 215277 --- [   scheduling-1] c.p.i.mapper.IntelNewsMapper.selectList  : <==      Total: 0
2026-08-22 21:45:24.706 DEBUG 215277 --- [   scheduling-1] c.p.i.mapper.IntelNewsMapper.selectList  : ==>  Preparing: SELECT id,source_code,title,content,region_code,normalized_tags,importance,published_at,push_status,version,deleted,created_at,updated_at FROM intel_news WHERE deleted=false AND (push_status = ? AND importance = ?)
2026-08-22 21:45:24.706 DEBUG 215277 --- [   scheduling-1] c.p.i.mapper.IntelNewsMapper.selectList  : ==> Parameters: none(String), high(String)
2026-08-22 21:45:24.707 DEBUG 215277 --- [   scheduling-1] c.p.i.mapper.IntelNewsMapper.selectList  : <==      Total: 0
2026-08-22 21:45:24.707 DEBUG 215277 --- [   scheduling-1] c.p.i.mapper.IntelNewsMapper.selectList  : ==>  Preparing: SELECT id,source_code,title,content,region_code,normalized_tags,importance,published_at,push_status,version,deleted,created_at,updated_at FROM intel_news WHERE deleted=false AND (push_status = ? AND importance = ?)
2026-08-22 21:45:24.707 DEBUG 215277 --- [   scheduling-1] c.p.i.mapper.IntelNewsMapper.selectList  : ==> Parameters: none(String), high(String)
2026-08-22 21:45:24.708 DEBUG 215277 --- [   scheduling-1] c.p.i.mapper.IntelNewsMapper.selectList  : <==      Total: 0
2026-08-22 21:45:24.708 DEBUG 215277 --- [   scheduling-1] c.p.i.mapper.IntelNewsMapper.selectList  : ==>  Preparing: SELECT id,source_code,title,content,region_code,normalized_tags,importance,published_at,push_status,version,deleted,created_at,updated_at FROM intel_news WHERE deleted=false AND (push_status = ? AND importance = ?)
2026-08-22 21:45:24.708 DEBUG 215277 --- [   scheduling-1] c.p.i.mapper.IntelNewsMapper.selectList  : ==> Parameters: none(String), high(String)
2026-08-22 21:45:24.708 DEBUG 215277 --- [   scheduling-1] c.p.i.mapper.IntelNewsMapper.selectList  : <==      Total: 0
2026-08-22 21:45:24.709 DEBUG 215277 --- [   scheduling-1] c.p.i.mapper.IntelNewsMapper.selectList  : ==>  Preparing: SELECT id,source_code,title,content,region_code,normalized_tags,importance,published_at,push_status,version,deleted,created_at,updated_at FROM intel_news WHERE deleted=false AND (push_status = ? AND importance = ?)
2026-08-22 21:45:24.709 DEBUG 215277 --- [   scheduling-1] c.p.i.mapper.IntelNewsMapper.selectList  : ==> Parameters: none(String), high(String)
2026-08-22 21:45:24.709 DEBUG 215277 --- [   scheduling-1] c.p.i.mapper.IntelNewsMapper.selectList  : <==      Total: 0
2026-08-22 21:45:24.709  INFO 215277 --- [   scheduling-1] com.ptidss.intel.service.IntelService    : 情报推送执行完成：匹配情报 0 条，派发消息 0 条，触发决策会话情报重评 0 个
2026-08-22 21:45:54.239 DEBUG 215277 --- [nio-9080-exec-3] c.p.s.mapper.SysRoleMapper.updateById    : ==>  Preparing: UPDATE sys_role SET role_code=?, role_name=?, description=?, status=?, updated_at=? WHERE id=? AND deleted=false
2026-08-22 21:45:54.239 DEBUG 215277 --- [nio-9080-exec-3] c.p.s.mapper.SysRoleMapper.updateById    : ==> Parameters: manager(String), 经理(String), 审批/报表/考核(String), active(String), 2026-08-22 21:45:54.239(Timestamp), 5(Long)
2026-08-22 21:45:54.240 DEBUG 215277 --- [nio-9080-exec-3] c.p.s.mapper.SysRoleMapper.updateById    : <==    Updates: 1
2026-08-22 21:45:54.240 DEBUG 215277 --- [nio-9080-exec-3] c.p.s.mapper.SysRoleRegionMapper.delete  : ==>  Preparing: DELETE FROM sys_role_region WHERE (role_id = ?)
2026-08-22 21:45:54.240 DEBUG 215277 --- [nio-9080-exec-3] c.p.s.mapper.SysRoleRegionMapper.delete  : ==> Parameters: 5(Long)
2026-08-22 21:45:54.240 DEBUG 215277 --- [nio-9080-exec-3] c.p.s.mapper.SysRoleRegionMapper.delete  : <==    Updates: 1
2026-08-22 21:45:54.241 DEBUG 215277 --- [nio-9080-exec-3] c.p.s.mapper.SysRoleRegionMapper.insert  : ==>  Preparing: INSERT INTO sys_role_region ( role_id, region_code ) VALUES ( ?, ? )
2026-08-22 21:45:54.241 DEBUG 215277 --- [nio-9080-exec-3] c.p.s.mapper.SysRoleRegionMapper.insert  : ==> Parameters: 5(Long), CN-32(String)
2026-08-22 21:45:54.241 DEBUG 215277 --- [nio-9080-exec-3] c.p.s.mapper.SysRoleRegionMapper.insert  : <==    Updates: 1
2026-08-22 21:45:54.241 DEBUG 215277 --- [nio-9080-exec-3] c.p.s.mapper.SysRoleRegionMapper.insert  : ==>  Preparing: INSERT INTO sys_role_region ( role_id, region_code ) VALUES ( ?, ? )
2026-08-22 21:45:54.241 DEBUG 215277 --- [nio-9080-exec-3] c.p.s.mapper.SysRoleRegionMapper.insert  : ==> Parameters: 5(Long), CN-11(String)
2026-08-22 21:45:54.242 DEBUG 215277 --- [nio-9080-exec-3] c.p.s.mapper.SysRoleRegionMapper.insert  : <==    Updates: 1
2026-08-22 21:45:54.246 DEBUG 215277 --- [nio-9080-exec-3] c.p.system.mapper.AuditLogMapper.insert  : ==>  Preparing: INSERT INTO audit_log ( id, trace_id, user_id, username, action, target_type, target_id, after_snapshot, ip, user_agent, result, region_code, created_at ) VALUES ( ?, ?, ?, ?, ?, ?, ?, ?, ?, ?, ?, ?, ? )
2026-08-22 21:45:54.246 DEBUG 215277 --- [nio-9080-exec-3] c.p.system.mapper.AuditLogMapper.insert  : ==> Parameters: 216915789196955648(Long), b9a25b374ce04265(String), 1(Long), admin(String), role_update(String), sys_role(String), SysRole(id=5, roleCode=manager, roleName=经理, description=审批/报表/考(String), [{"description":"审批/报表/考核","id":5,"regionCodes":["CN-32","CN-11"],"roleCode":"manager","roleName":"经理","status":"active","updatedAt":"2026-08-22T21:45:54.239+08:00"}](String), 127.0.0.1(String), Mozilla/5.0 (X11; Linux x86_64) AppleWebKit/537.36 (KHTML, like Gecko) Qoder/1.23.0 Chrome/148.0.7778.97 Electron/42.2.0 Safari/537.36(String), success(String), CN-11(String), 2026-08-22 21:45:54.245(Timestamp)
2026-08-22 21:45:54.247 DEBUG 215277 --- [nio-9080-exec-3] c.p.system.mapper.AuditLogMapper.insert  : <==    Updates: 1
2026-08-22 21:45:54.260 DEBUG 215277 --- [nio-9080-exec-1] c.p.s.mapper.SysRoleMapper.selectList    : ==>  Preparing: SELECT id,role_code,role_name,description,status,version,deleted,created_at,updated_at FROM sys_role WHERE deleted=false ORDER BY id ASC
2026-08-22 21:45:54.260 DEBUG 215277 --- [nio-9080-exec-1] c.p.s.mapper.SysRoleMapper.selectList    : ==> Parameters: 
2026-08-22 21:45:54.261 DEBUG 215277 --- [nio-9080-exec-1] c.p.s.mapper.SysRoleMapper.selectList    : <==      Total: 7
2026-08-22 21:45:54.261 DEBUG 215277 --- [nio-9080-exec-1] c.p.s.m.SysRoleRegionMapper.selectList   : ==>  Preparing: SELECT role_id,region_code FROM sys_role_region
2026-08-22 21:45:54.261 DEBUG 215277 --- [nio-9080-exec-1] c.p.s.m.SysRoleRegionMapper.selectList   : ==> Parameters: 
2026-08-22 21:45:54.261 DEBUG 215277 --- [nio-9080-exec-1] c.p.s.m.SysRoleRegionMapper.selectList   : <==      Total: 2
2026-08-22 21:45:54.710 DEBUG 215277 --- [   scheduling-1] c.p.i.m.IntelPushRuleMapper.selectList   : ==>  Preparing: SELECT id,rule_name,tags_filter,importance_filter,target_roles,channel,silent_period,status,version,deleted,created_at,updated_at FROM intel_push_rule WHERE deleted=false AND (status = ?)
2026-08-22 21:45:54.710 DEBUG 215277 --- [   scheduling-1] c.p.i.m.IntelPushRuleMapper.selectList   : ==> Parameters: active(String)
2026-08-22 21:45:54.710 DEBUG 215277 --- [   scheduling-1] c.p.i.m.IntelPushRuleMapper.selectList   : <==      Total: 15
2026-08-22 21:45:54.711 DEBUG 215277 --- [   scheduling-1] c.p.i.mapper.IntelNewsMapper.selectList  : ==>  Preparing: SELECT id,source_code,title,content,region_code,normalized_tags,importance,published_at,push_status,version,deleted,created_at,updated_at FROM intel_news WHERE deleted=false AND (push_status = ? AND importance = ?)
2026-08-22 21:45:54.711 DEBUG 215277 --- [   scheduling-1] c.p.i.mapper.IntelNewsMapper.selectList  : ==> Parameters: none(String), high(String)
2026-08-22 21:45:54.711 DEBUG 215277 --- [   scheduling-1] c.p.i.mapper.IntelNewsMapper.selectList  : <==      Total: 0
2026-08-22 21:45:54.712 DEBUG 215277 --- [   scheduling-1] c.p.i.mapper.IntelNewsMapper.selectList  : ==>  Preparing: SELECT id,source_code,title,content,region_code,normalized_tags,importance,published_at,push_status,version,deleted,created_at,updated_at FROM intel_news WHERE deleted=false AND (push_status = ? AND importance = ?)
2026-08-22 21:45:54.712 DEBUG 215277 --- [   scheduling-1] c.p.i.mapper.IntelNewsMapper.selectList  : ==> Parameters: none(String), medium(String)
2026-08-22 21:45:54.714 DEBUG 215277 --- [   scheduling-1] c.p.i.mapper.IntelNewsMapper.selectList  : <==      Total: 309
2026-08-22 21:45:54.715 DEBUG 215277 --- [   scheduling-1] c.p.i.mapper.IntelNewsMapper.selectList  : ==>  Preparing: SELECT id,source_code,title,content,region_code,normalized_tags,importance,published_at,push_status,version,deleted,created_at,updated_at FROM intel_news WHERE deleted=false AND (push_status = ? AND importance = ?)
2026-08-22 21:45:54.715 DEBUG 215277 --- [   scheduling-1] c.p.i.mapper.IntelNewsMapper.selectList  : ==> Parameters: none(String), high(String)
2026-08-22 21:45:54.715 DEBUG 215277 --- [   scheduling-1] c.p.i.mapper.IntelNewsMapper.selectList  : <==      Total: 0
2026-08-22 21:45:54.715 DEBUG 215277 --- [   scheduling-1] c.p.i.mapper.IntelNewsMapper.selectList  : ==>  Preparing: SELECT id,source_code,title,content,region_code,normalized_tags,importance,published_at,push_status,version,deleted,created_at,updated_at FROM intel_news WHERE deleted=false AND (push_status = ? AND importance = ?)
2026-08-22 21:45:54.715 DEBUG 215277 --- [   scheduling-1] c.p.i.mapper.IntelNewsMapper.selectList  : ==> Parameters: none(String), high(String)
2026-08-22 21:45:54.716 DEBUG 215277 --- [   scheduling-1] c.p.i.mapper.IntelNewsMapper.selectList  : <==      Total: 0
2026-08-22 21:45:54.716 DEBUG 215277 --- [   scheduling-1] c.p.i.mapper.IntelNewsMapper.selectList  : ==>  Preparing: SELECT id,source_code,title,content,region_code,normalized_tags,importance,published_at,push_status,version,deleted,created_at,updated_at FROM intel_news WHERE deleted=false AND (push_status = ? AND importance = ?)
2026-08-22 21:45:54.716 DEBUG 215277 --- [   scheduling-1] c.p.i.mapper.IntelNewsMapper.selectList  : ==> Parameters: none(String), high(String)
2026-08-22 21:45:54.716 DEBUG 215277 --- [   scheduling-1] c.p.i.mapper.IntelNewsMapper.selectList  : <==      Total: 0
2026-08-22 21:45:54.717 DEBUG 215277 --- [   scheduling-1] c.p.i.mapper.IntelNewsMapper.selectList  : ==>  Preparing: SELECT id,source_code,title,content,region_code,normalized_tags,importance,published_at,push_status,version,deleted,created_at,updated_at FROM intel_news WHERE deleted=false AND (push_status = ? AND importance = ?)
2026-08-22 21:45:54.717 DEBUG 215277 --- [   scheduling-1] c.p.i.mapper.IntelNewsMapper.selectList  : ==> Parameters: none(String), high(String)
2026-08-22 21:45:54.717 DEBUG 215277 --- [   scheduling-1] c.p.i.mapper.IntelNewsMapper.selectList  : <==      Total: 0
2026-08-22 21:45:54.717 DEBUG 215277 --- [   scheduling-1] c.p.i.mapper.IntelNewsMapper.selectList  : ==>  Preparing: SELECT id,source_code,title,content,region_code,normalized_tags,importance,published_at,push_status,version,deleted,created_at,updated_at FROM intel_news WHERE deleted=false AND (push_status = ? AND importance = ?)
2026-08-22 21:45:54.717 DEBUG 215277 --- [   scheduling-1] c.p.i.mapper.IntelNewsMapper.selectList  : ==> Parameters: none(String), high(String)
2026-08-22 21:45:54.718 DEBUG 215277 --- [   scheduling-1] c.p.i.mapper.IntelNewsMapper.selectList  : <==      Total: 0
2026-08-22 21:45:54.718 DEBUG 215277 --- [   scheduling-1] c.p.i.mapper.IntelNewsMapper.selectList  : ==>  Preparing: SELECT id,source_code,title,content,region_code,normalized_tags,importance,published_at,push_status,version,deleted,created_at,updated_at FROM intel_news WHERE deleted=false AND (push_status = ? AND importance = ?)
2026-08-22 21:45:54.718 DEBUG 215277 --- [   scheduling-1] c.p.i.mapper.IntelNewsMapper.selectList  : ==> Parameters: none(String), high(String)
2026-08-22 21:45:54.718 DEBUG 215277 --- [   scheduling-1] c.p.i.mapper.IntelNewsMapper.selectList  : <==      Total: 0
2026-08-22 21:45:54.719 DEBUG 215277 --- [   scheduling-1] c.p.i.mapper.IntelNewsMapper.selectList  : ==>  Preparing: SELECT id,source_code,title,content,region_code,normalized_tags,importance,published_at,push_status,version,deleted,created_at,updated_at FROM intel_news WHERE deleted=false AND (push_status = ? AND importance = ?)
2026-08-22 21:45:54.719 DEBUG 215277 --- [   scheduling-1] c.p.i.mapper.IntelNewsMapper.selectList  : ==> Parameters: none(String), high(String)
2026-08-22 21:45:54.719 DEBUG 215277 --- [   scheduling-1] c.p.i.mapper.IntelNewsMapper.selectList  : <==      Total: 0
2026-08-22 21:45:54.720 DEBUG 215277 --- [   scheduling-1] c.p.i.mapper.IntelNewsMapper.selectList  : ==>  Preparing: SELECT id,source_code,title,content,region_code,normalized_tags,importance,published_at,push_status,version,deleted,created_at,updated_at FROM intel_news WHERE deleted=false AND (push_status = ? AND importance = ?)
2026-08-22 21:45:54.720 DEBUG 215277 --- [   scheduling-1] c.p.i.mapper.IntelNewsMapper.selectList  : ==> Parameters: none(String), high(String)
2026-08-22 21:45:54.720 DEBUG 215277 --- [   scheduling-1] c.p.i.mapper.IntelNewsMapper.selectList  : <==      Total: 0
2026-08-22 21:45:54.720 DEBUG 215277 --- [   scheduling-1] c.p.i.mapper.IntelNewsMapper.selectList  : ==>  Preparing: SELECT id,source_code,title,content,region_code,normalized_tags,importance,published_at,push_status,version,deleted,created_at,updated_at FROM intel_news WHERE deleted=false AND (push_status = ? AND importance = ?)
2026-08-22 21:45:54.720 DEBUG 215277 --- [   scheduling-1] c.p.i.mapper.IntelNewsMapper.selectList  : ==> Parameters: none(String), high(String)
2026-08-22 21:45:54.721 DEBUG 215277 --- [   scheduling-1] c.p.i.mapper.IntelNewsMapper.selectList  : <==      Total: 0
2026-08-22 21:45:54.721 DEBUG 215277 --- [   scheduling-1] c.p.i.mapper.IntelNewsMapper.selectList  : ==>  Preparing: SELECT id,source_code,title,content,region_code,normalized_tags,importance,published_at,push_status,version,deleted,created_at,updated_at FROM intel_news WHERE deleted=false AND (push_status = ? AND importance = ?)
2026-08-22 21:45:54.721 DEBUG 215277 --- [   scheduling-1] c.p.i.mapper.IntelNewsMapper.selectList  : ==> Parameters: none(String), high(String)
2026-08-22 21:45:54.721 DEBUG 215277 --- [   scheduling-1] c.p.i.mapper.IntelNewsMapper.selectList  : <==      Total: 0
2026-08-22 21:45:54.722 DEBUG 215277 --- [   scheduling-1] c.p.i.mapper.IntelNewsMapper.selectList  : ==>  Preparing: SELECT id,source_code,title,content,region_code,normalized_tags,importance,published_at,push_status,version,deleted,created_at,updated_at FROM intel_news WHERE deleted=false AND (push_status = ? AND importance = ?)
2026-08-22 21:45:54.722 DEBUG 215277 --- [   scheduling-1] c.p.i.mapper.IntelNewsMapper.selectList  : ==> Parameters: none(String), high(String)
2026-08-22 21:45:54.722 DEBUG 215277 --- [   scheduling-1] c.p.i.mapper.IntelNewsMapper.selectList  : <==      Total: 0
2026-08-22 21:45:54.722 DEBUG 215277 --- [   scheduling-1] c.p.i.mapper.IntelNewsMapper.selectList  : ==>  Preparing: SELECT id,source_code,title,content,region_code,normalized_tags,importance,published_at,push_status,version,deleted,created_at,updated_at FROM intel_news WHERE deleted=false AND (push_status = ? AND importance = ?)
2026-08-22 21:45:54.723 DEBUG 215277 --- [   scheduling-1] c.p.i.mapper.IntelNewsMapper.selectList  : ==> Parameters: none(String), high(String)
2026-08-22 21:45:54.723 DEBUG 215277 --- [   scheduling-1] c.p.i.mapper.IntelNewsMapper.selectList  : <==      Total: 0
2026-08-22 21:45:54.723 DEBUG 215277 --- [   scheduling-1] c.p.i.mapper.IntelNewsMapper.selectList  : ==>  Preparing: SELECT id,source_code,title,content,region_code,normalized_tags,importance,published_at,push_status,version,deleted,created_at,updated_at FROM intel_news WHERE deleted=false AND (push_status = ? AND importance = ?)
2026-08-22 21:45:54.723 DEBUG 215277 --- [   scheduling-1] c.p.i.mapper.IntelNewsMapper.selectList  : ==> Parameters: none(String), high(String)
2026-08-22 21:45:54.723 DEBUG 215277 --- [   scheduling-1] c.p.i.mapper.IntelNewsMapper.selectList  : <==      Total: 0
2026-08-22 21:45:54.723  INFO 215277 --- [   scheduling-1] com.ptidss.intel.service.IntelService    : 情报推送执行完成：匹配情报 0 条，派发消息 0 条，触发决策会话情报重评 0 个
2026-08-22 21:46:03.722 DEBUG 215277 --- [   scheduling-1] c.p.d.m.CollectTaskMapper.selectList     : ==>  Preparing: SELECT id,source_id,task_type,cron_expr,last_run_time,last_status,records_count,error_log,version,deleted,created_at,updated_at FROM collect_task WHERE deleted=false AND (cron_expr IS NOT NULL)
2026-08-22 21:46:03.723 DEBUG 215277 --- [   scheduling-1] c.p.d.m.CollectTaskMapper.selectList     : ==> Parameters: 
2026-08-22 21:46:03.723 DEBUG 215277 --- [   scheduling-1] c.p.d.m.CollectTaskMapper.selectList     : <==      Total: 3
2026-08-22 21:46:14.040 DEBUG 215277 --- [   scheduling-1] c.p.i.m.IntelSourceMapper.selectList     : ==>  Preparing: SELECT id,source_code,source_name,intel_type,fetch_mode,conn_type,conn_config,frequency,status,last_success_at,last_error,consecutive_failures,version,deleted,created_at,updated_at FROM intel_source WHERE deleted=false AND (status = ?)
2026-08-22 21:46:14.040 DEBUG 215277 --- [   scheduling-1] c.p.i.m.IntelSourceMapper.selectList     : ==> Parameters: enabled(String)
2026-08-22 21:46:14.041 DEBUG 215277 --- [   scheduling-1] c.p.i.m.IntelSourceMapper.selectList     : <==      Total: 21
2026-08-22 21:46:14.041  INFO 215277 --- [   scheduling-1] c.p.intel.service.IntelFetchService      : 行情采集执行完成：到期 0 个（成功 0 / 失败 0 / 跳过未到期 21）
2026-08-22 21:46:24.724 DEBUG 215277 --- [   scheduling-1] c.p.i.m.IntelPushRuleMapper.selectList   : ==>  Preparing: SELECT id,rule_name,tags_filter,importance_filter,target_roles,channel,silent_period,status,version,deleted,created_at,updated_at FROM intel_push_rule WHERE deleted=false AND (status = ?)
2026-08-22 21:46:24.724 DEBUG 215277 --- [   scheduling-1] c.p.i.m.IntelPushRuleMapper.selectList   : ==> Parameters: active(String)
2026-08-22 21:46:24.725 DEBUG 215277 --- [   scheduling-1] c.p.i.m.IntelPushRuleMapper.selectList   : <==      Total: 15
2026-08-22 21:46:24.725 DEBUG 215277 --- [   scheduling-1] c.p.i.mapper.IntelNewsMapper.selectList  : ==>  Preparing: SELECT id,source_code,title,content,region_code,normalized_tags,importance,published_at,push_status,version,deleted,created_at,updated_at FROM intel_news WHERE deleted=false AND (push_status = ? AND importance = ?)
2026-08-22 21:46:24.725 DEBUG 215277 --- [   scheduling-1] c.p.i.mapper.IntelNewsMapper.selectList  : ==> Parameters: none(String), high(String)
2026-08-22 21:46:24.725 DEBUG 215277 --- [   scheduling-1] c.p.i.mapper.IntelNewsMapper.selectList  : <==      Total: 0
2026-08-22 21:46:24.726 DEBUG 215277 --- [   scheduling-1] c.p.i.mapper.IntelNewsMapper.selectList  : ==>  Preparing: SELECT id,source_code,title,content,region_code,normalized_tags,importance,published_at,push_status,version,deleted,created_at,updated_at FROM intel_news WHERE deleted=false AND (push_status = ? AND importance = ?)
2026-08-22 21:46:24.726 DEBUG 215277 --- [   scheduling-1] c.p.i.mapper.IntelNewsMapper.selectList  : ==> Parameters: none(String), medium(String)
2026-08-22 21:46:24.728 DEBUG 215277 --- [   scheduling-1] c.p.i.mapper.IntelNewsMapper.selectList  : <==      Total: 309
2026-08-22 21:46:24.728 DEBUG 215277 --- [   scheduling-1] c.p.i.mapper.IntelNewsMapper.selectList  : ==>  Preparing: SELECT id,source_code,title,content,region_code,normalized_tags,importance,published_at,push_status,version,deleted,created_at,updated_at FROM intel_news WHERE deleted=false AND (push_status = ? AND importance = ?)
2026-08-22 21:46:24.728 DEBUG 215277 --- [   scheduling-1] c.p.i.mapper.IntelNewsMapper.selectList  : ==> Parameters: none(String), high(String)
2026-08-22 21:46:24.729 DEBUG 215277 --- [   scheduling-1] c.p.i.mapper.IntelNewsMapper.selectList  : <==      Total: 0
2026-08-22 21:46:24.729 DEBUG 215277 --- [   scheduling-1] c.p.i.mapper.IntelNewsMapper.selectList  : ==>  Preparing: SELECT id,source_code,title,content,region_code,normalized_tags,importance,published_at,push_status,version,deleted,created_at,updated_at FROM intel_news WHERE deleted=false AND (push_status = ? AND importance = ?)
2026-08-22 21:46:24.729 DEBUG 215277 --- [   scheduling-1] c.p.i.mapper.IntelNewsMapper.selectList  : ==> Parameters: none(String), high(String)
2026-08-22 21:46:24.729 DEBUG 215277 --- [   scheduling-1] c.p.i.mapper.IntelNewsMapper.selectList  : <==      Total: 0
2026-08-22 21:46:24.729 DEBUG 215277 --- [   scheduling-1] c.p.i.mapper.IntelNewsMapper.selectList  : ==>  Preparing: SELECT id,source_code,title,content,region_code,normalized_tags,importance,published_at,push_status,version,deleted,created_at,updated_at FROM intel_news WHERE deleted=false AND (push_status = ? AND importance = ?)
2026-08-22 21:46:24.729 DEBUG 215277 --- [   scheduling-1] c.p.i.mapper.IntelNewsMapper.selectList  : ==> Parameters: none(String), high(String)
2026-08-22 21:46:24.730 DEBUG 215277 --- [   scheduling-1] c.p.i.mapper.IntelNewsMapper.selectList  : <==      Total: 0
2026-08-22 21:46:24.730 DEBUG 215277 --- [   scheduling-1] c.p.i.mapper.IntelNewsMapper.selectList  : ==>  Preparing: SELECT id,source_code,title,content,region_code,normalized_tags,importance,published_at,push_status,version,deleted,created_at,updated_at FROM intel_news WHERE deleted=false AND (push_status = ? AND importance = ?)
2026-08-22 21:46:24.730 DEBUG 215277 --- [   scheduling-1] c.p.i.mapper.IntelNewsMapper.selectList  : ==> Parameters: none(String), high(String)
2026-08-22 21:46:24.730 DEBUG 215277 --- [   scheduling-1] c.p.i.mapper.IntelNewsMapper.selectList  : <==      Total: 0
2026-08-22 21:46:24.731 DEBUG 215277 --- [   scheduling-1] c.p.i.mapper.IntelNewsMapper.selectList  : ==>  Preparing: SELECT id,source_code,title,content,region_code,normalized_tags,importance,published_at,push_status,version,deleted,created_at,updated_at FROM intel_news WHERE deleted=false AND (push_status = ? AND importance = ?)
2026-08-22 21:46:24.731 DEBUG 215277 --- [   scheduling-1] c.p.i.mapper.IntelNewsMapper.selectList  : ==> Parameters: none(String), high(String)
2026-08-22 21:46:24.731 DEBUG 215277 --- [   scheduling-1] c.p.i.mapper.IntelNewsMapper.selectList  : <==      Total: 0
2026-08-22 21:46:24.731 DEBUG 215277 --- [   scheduling-1] c.p.i.mapper.IntelNewsMapper.selectList  : ==>  Preparing: SELECT id,source_code,title,content,region_code,normalized_tags,importance,published_at,push_status,version,deleted,created_at,updated_at FROM intel_news WHERE deleted=false AND (push_status = ? AND importance = ?)
2026-08-22 21:46:24.732 DEBUG 215277 --- [   scheduling-1] c.p.i.mapper.IntelNewsMapper.selectList  : ==> Parameters: none(String), high(String)
2026-08-22 21:46:24.732 DEBUG 215277 --- [   scheduling-1] c.p.i.mapper.IntelNewsMapper.selectList  : <==      Total: 0
2026-08-22 21:46:24.732 DEBUG 215277 --- [   scheduling-1] c.p.i.mapper.IntelNewsMapper.selectList  : ==>  Preparing: SELECT id,source_code,title,content,region_code,normalized_tags,importance,published_at,push_status,version,deleted,created_at,updated_at FROM intel_news WHERE deleted=false AND (push_status = ? AND importance = ?)
2026-08-22 21:46:24.732 DEBUG 215277 --- [   scheduling-1] c.p.i.mapper.IntelNewsMapper.selectList  : ==> Parameters: none(String), high(String)
2026-08-22 21:46:24.733 DEBUG 215277 --- [   scheduling-1] c.p.i.mapper.IntelNewsMapper.selectList  : <==      Total: 0
2026-08-22 21:46:24.733 DEBUG 215277 --- [   scheduling-1] c.p.i.mapper.IntelNewsMapper.selectList  : ==>  Preparing: SELECT id,source_code,title,content,region_code,normalized_tags,importance,published_at,push_status,version,deleted,created_at,updated_at FROM intel_news WHERE deleted=false AND (push_status = ? AND importance = ?)
2026-08-22 21:46:24.733 DEBUG 215277 --- [   scheduling-1] c.p.i.mapper.IntelNewsMapper.selectList  : ==> Parameters: none(String), high(String)
2026-08-22 21:46:24.733 DEBUG 215277 --- [   scheduling-1] c.p.i.mapper.IntelNewsMapper.selectList  : <==      Total: 0
2026-08-22 21:46:24.734 DEBUG 215277 --- [   scheduling-1] c.p.i.mapper.IntelNewsMapper.selectList  : ==>  Preparing: SELECT id,source_code,title,content,region_code,normalized_tags,importance,published_at,push_status,version,deleted,created_at,updated_at FROM intel_news WHERE deleted=false AND (push_status = ? AND importance = ?)
2026-08-22 21:46:24.734 DEBUG 215277 --- [   scheduling-1] c.p.i.mapper.IntelNewsMapper.selectList  : ==> Parameters: none(String), high(String)
2026-08-22 21:46:24.734 DEBUG 215277 --- [   scheduling-1] c.p.i.mapper.IntelNewsMapper.selectList  : <==      Total: 0
2026-08-22 21:46:24.734 DEBUG 215277 --- [   scheduling-1] c.p.i.mapper.IntelNewsMapper.selectList  : ==>  Preparing: SELECT id,source_code,title,content,region_code,normalized_tags,importance,published_at,push_status,version,deleted,created_at,updated_at FROM intel_news WHERE deleted=false AND (push_status = ? AND importance = ?)
2026-08-22 21:46:24.734 DEBUG 215277 --- [   scheduling-1] c.p.i.mapper.IntelNewsMapper.selectList  : ==> Parameters: none(String), high(String)
2026-08-22 21:46:24.735 DEBUG 215277 --- [   scheduling-1] c.p.i.mapper.IntelNewsMapper.selectList  : <==      Total: 0
2026-08-22 21:46:24.735 DEBUG 215277 --- [   scheduling-1] c.p.i.mapper.IntelNewsMapper.selectList  : ==>  Preparing: SELECT id,source_code,title,content,region_code,normalized_tags,importance,published_at,push_status,version,deleted,created_at,updated_at FROM intel_news WHERE deleted=false AND (push_status = ? AND importance = ?)
2026-08-22 21:46:24.735 DEBUG 215277 --- [   scheduling-1] c.p.i.mapper.IntelNewsMapper.selectList  : ==> Parameters: none(String), high(String)
2026-08-22 21:46:24.735 DEBUG 215277 --- [   scheduling-1] c.p.i.mapper.IntelNewsMapper.selectList  : <==      Total: 0
2026-08-22 21:46:24.736 DEBUG 215277 --- [   scheduling-1] c.p.i.mapper.IntelNewsMapper.selectList  : ==>  Preparing: SELECT id,source_code,title,content,region_code,normalized_tags,importance,published_at,push_status,version,deleted,created_at,updated_at FROM intel_news WHERE deleted=false AND (push_status = ? AND importance = ?)
2026-08-22 21:46:24.736 DEBUG 215277 --- [   scheduling-1] c.p.i.mapper.IntelNewsMapper.selectList  : ==> Parameters: none(String), high(String)
2026-08-22 21:46:24.736 DEBUG 215277 --- [   scheduling-1] c.p.i.mapper.IntelNewsMapper.selectList  : <==      Total: 0
2026-08-22 21:46:24.737 DEBUG 215277 --- [   scheduling-1] c.p.i.mapper.IntelNewsMapper.selectList  : ==>  Preparing: SELECT id,source_code,title,content,region_code,normalized_tags,importance,published_at,push_status,version,deleted,created_at,updated_at FROM intel_news WHERE deleted=false AND (push_status = ? AND importance = ?)
2026-08-22 21:46:24.737 DEBUG 215277 --- [   scheduling-1] c.p.i.mapper.IntelNewsMapper.selectList  : ==> Parameters: none(String), high(String)
2026-08-22 21:46:24.737 DEBUG 215277 --- [   scheduling-1] c.p.i.mapper.IntelNewsMapper.selectList  : <==      Total: 0
2026-08-22 21:46:24.737  INFO 215277 --- [   scheduling-1] com.ptidss.intel.service.IntelService    : 情报推送执行完成：匹配情报 0 条，派发消息 0 条，触发决策会话情报重评 0 个
2026-08-22 21:46:45.912 DEBUG 215277 --- [nio-9080-exec-6] c.p.m.m.ModelRegistryMapper.selectList   : ==>  Preparing: SELECT id,model_code,model_name,model_version,framework,metrics,status,file_url,trained_at,version,deleted,created_at,updated_at FROM model_registry WHERE deleted=false ORDER BY model_code ASC,version DESC
2026-08-22 21:46:45.912 DEBUG 215277 --- [nio-9080-exec-6] c.p.m.m.ModelRegistryMapper.selectList   : ==> Parameters: 
2026-08-22 21:46:45.913 DEBUG 215277 --- [nio-9080-exec-6] c.p.m.m.ModelRegistryMapper.selectList   : <==      Total: 3
2026-08-22 21:46:45.919 DEBUG 215277 --- [nio-9080-exec-8] c.p.t.m.RollingPlanMapper.selectList     : ==>  Preparing: SELECT id,trade_date,scenario,plan_type,adjustments,expected_revenue,risk_metrics,evidence_chain_ref,status,created_by,region_code,version,deleted,created_at,updated_at FROM rolling_plan WHERE deleted=false AND (region_code = ?) ORDER BY trade_date DESC
2026-08-22 21:46:45.919 DEBUG 215277 --- [nio-9080-exec-8] c.p.t.m.RollingPlanMapper.selectList     : ==> Parameters: CN-11(String)
2026-08-22 21:46:45.920 DEBUG 215277 --- [nio-9080-exec-8] c.p.t.m.RollingPlanMapper.selectList     : <==      Total: 0
2026-08-22 21:46:45.926 DEBUG 215277 --- [nio-9080-exec-7] c.p.m.m.MessageRecordMapper.selectCount  : ==>  Preparing: SELECT COUNT( * ) FROM message_record WHERE deleted=false AND (receiver_id = ?)
2026-08-22 21:46:45.926 DEBUG 215277 --- [nio-9080-exec-7] c.p.m.m.MessageRecordMapper.selectCount  : ==> Parameters: 1(Long)
2026-08-22 21:46:45.927 DEBUG 215277 --- [nio-9080-exec-7] c.p.m.m.MessageRecordMapper.selectCount  : <==      Total: 1
2026-08-22 21:46:45.928 DEBUG 215277 --- [nio-9080-exec-9] c.p.t.mapper.ContractMapper.selectList   : ==>  Preparing: SELECT id,contract_no,variety,direction,counterparty,total_volume,curve_json,price,start_date,end_date,status,source,region_code,version,deleted,created_at,updated_at FROM contract WHERE deleted=false AND (region_code = ? AND status IN (?,?))
2026-08-22 21:46:45.929 DEBUG 215277 --- [nio-9080-exec-9] c.p.t.mapper.ContractMapper.selectList   : ==> Parameters: CN-11(String), active(String), executing(String)
2026-08-22 21:46:45.930 DEBUG 215277 --- [nio-9080-exec-7] c.p.m.m.M.selectPage_mpCount             : ==>  Preparing: SELECT COUNT(*) AS total FROM message_record WHERE deleted = false AND (receiver_id = ? AND read_status = ?)
2026-08-22 21:46:45.930 DEBUG 215277 --- [nio-9080-exec-7] c.p.m.m.M.selectPage_mpCount             : ==> Parameters: 1(Long), unread(String)
2026-08-22 21:46:45.930 DEBUG 215277 --- [nio-9080-exec-9] c.p.t.mapper.ContractMapper.selectList   : <==      Total: 0
2026-08-22 21:46:45.931 DEBUG 215277 --- [nio-9080-exec-7] c.p.m.m.M.selectPage_mpCount             : <==      Total: 1
2026-08-22 21:46:45.932 DEBUG 215277 --- [nio-9080-exec-7] c.p.m.m.MessageRecordMapper.selectPage   : ==>  Preparing: SELECT id,msg_type,receiver_id,title,content,channel,read_status,biz_ref,version,deleted,created_at,updated_at FROM message_record WHERE deleted=false AND (receiver_id = ? AND read_status = ?) ORDER BY created_at DESC LIMIT ?
2026-08-22 21:46:45.932 DEBUG 215277 --- [nio-9080-exec-7] c.p.m.m.MessageRecordMapper.selectPage   : ==> Parameters: 1(Long), unread(String), 10(Long)
2026-08-22 21:46:45.933 DEBUG 215277 --- [nio-9080-exec-7] c.p.m.m.MessageRecordMapper.selectPage   : <==      Total: 1
2026-08-22 21:46:54.738 DEBUG 215277 --- [   scheduling-1] c.p.i.m.IntelPushRuleMapper.selectList   : ==>  Preparing: SELECT id,rule_name,tags_filter,importance_filter,target_roles,channel,silent_period,status,version,deleted,created_at,updated_at FROM intel_push_rule WHERE deleted=false AND (status = ?)
2026-08-22 21:46:54.738 DEBUG 215277 --- [   scheduling-1] c.p.i.m.IntelPushRuleMapper.selectList   : ==> Parameters: active(String)
2026-08-22 21:46:54.739 DEBUG 215277 --- [   scheduling-1] c.p.i.m.IntelPushRuleMapper.selectList   : <==      Total: 15
2026-08-22 21:46:54.740 DEBUG 215277 --- [   scheduling-1] c.p.i.mapper.IntelNewsMapper.selectList  : ==>  Preparing: SELECT id,source_code,title,content,region_code,normalized_tags,importance,published_at,push_status,version,deleted,created_at,updated_at FROM intel_news WHERE deleted=false AND (push_status = ? AND importance = ?)
2026-08-22 21:46:54.740 DEBUG 215277 --- [   scheduling-1] c.p.i.mapper.IntelNewsMapper.selectList  : ==> Parameters: none(String), high(String)
2026-08-22 21:46:54.741 DEBUG 215277 --- [   scheduling-1] c.p.i.mapper.IntelNewsMapper.selectList  : <==      Total: 0
2026-08-22 21:46:54.742 DEBUG 215277 --- [   scheduling-1] c.p.i.mapper.IntelNewsMapper.selectList  : ==>  Preparing: SELECT id,source_code,title,content,region_code,normalized_tags,importance,published_at,push_status,version,deleted,created_at,updated_at FROM intel_news WHERE deleted=false AND (push_status = ? AND importance = ?)
2026-08-22 21:46:54.742 DEBUG 215277 --- [   scheduling-1] c.p.i.mapper.IntelNewsMapper.selectList  : ==> Parameters: none(String), medium(String)
2026-08-22 21:46:54.747 DEBUG 215277 --- [   scheduling-1] c.p.i.mapper.IntelNewsMapper.selectList  : <==      Total: 309
2026-08-22 21:46:54.748 DEBUG 215277 --- [   scheduling-1] c.p.i.mapper.IntelNewsMapper.selectList  : ==>  Preparing: SELECT id,source_code,title,content,region_code,normalized_tags,importance,published_at,push_status,version,deleted,created_at,updated_at FROM intel_news WHERE deleted=false AND (push_status = ? AND importance = ?)
2026-08-22 21:46:54.748 DEBUG 215277 --- [   scheduling-1] c.p.i.mapper.IntelNewsMapper.selectList  : ==> Parameters: none(String), high(String)
2026-08-22 21:46:54.749 DEBUG 215277 --- [   scheduling-1] c.p.i.mapper.IntelNewsMapper.selectList  : <==      Total: 0
2026-08-22 21:46:54.749 DEBUG 215277 --- [   scheduling-1] c.p.i.mapper.IntelNewsMapper.selectList  : ==>  Preparing: SELECT id,source_code,title,content,region_code,normalized_tags,importance,published_at,push_status,version,deleted,created_at,updated_at FROM intel_news WHERE deleted=false AND (push_status = ? AND importance = ?)
2026-08-22 21:46:54.749 DEBUG 215277 --- [   scheduling-1] c.p.i.mapper.IntelNewsMapper.selectList  : ==> Parameters: none(String), high(String)
2026-08-22 21:46:54.750 DEBUG 215277 --- [   scheduling-1] c.p.i.mapper.IntelNewsMapper.selectList  : <==      Total: 0
2026-08-22 21:46:54.750 DEBUG 215277 --- [   scheduling-1] c.p.i.mapper.IntelNewsMapper.selectList  : ==>  Preparing: SELECT id,source_code,title,content,region_code,normalized_tags,importance,published_at,push_status,version,deleted,created_at,updated_at FROM intel_news WHERE deleted=false AND (push_status = ? AND importance = ?)
2026-08-22 21:46:54.751 DEBUG 215277 --- [   scheduling-1] c.p.i.mapper.IntelNewsMapper.selectList  : ==> Parameters: none(String), high(String)
2026-08-22 21:46:54.751 DEBUG 215277 --- [   scheduling-1] c.p.i.mapper.IntelNewsMapper.selectList  : <==      Total: 0
2026-08-22 21:46:54.752 DEBUG 215277 --- [   scheduling-1] c.p.i.mapper.IntelNewsMapper.selectList  : ==>  Preparing: SELECT id,source_code,title,content,region_code,normalized_tags,importance,published_at,push_status,version,deleted,created_at,updated_at FROM intel_news WHERE deleted=false AND (push_status = ? AND importance = ?)
2026-08-22 21:46:54.752 DEBUG 215277 --- [   scheduling-1] c.p.i.mapper.IntelNewsMapper.selectList  : ==> Parameters: none(String), high(String)
2026-08-22 21:46:54.752 DEBUG 215277 --- [   scheduling-1] c.p.i.mapper.IntelNewsMapper.selectList  : <==      Total: 0
2026-08-22 21:46:54.753 DEBUG 215277 --- [   scheduling-1] c.p.i.mapper.IntelNewsMapper.selectList  : ==>  Preparing: SELECT id,source_code,title,content,region_code,normalized_tags,importance,published_at,push_status,version,deleted,created_at,updated_at FROM intel_news WHERE deleted=false AND (push_status = ? AND importance = ?)
2026-08-22 21:46:54.753 DEBUG 215277 --- [   scheduling-1] c.p.i.mapper.IntelNewsMapper.selectList  : ==> Parameters: none(String), high(String)
2026-08-22 21:46:54.753 DEBUG 215277 --- [   scheduling-1] c.p.i.mapper.IntelNewsMapper.selectList  : <==      Total: 0
2026-08-22 21:46:54.754 DEBUG 215277 --- [   scheduling-1] c.p.i.mapper.IntelNewsMapper.selectList  : ==>  Preparing: SELECT id,source_code,title,content,region_code,normalized_tags,importance,published_at,push_status,version,deleted,created_at,updated_at FROM intel_news WHERE deleted=false AND (push_status = ? AND importance = ?)
2026-08-22 21:46:54.754 DEBUG 215277 --- [   scheduling-1] c.p.i.mapper.IntelNewsMapper.selectList  : ==> Parameters: none(String), high(String)
2026-08-22 21:46:54.754 DEBUG 215277 --- [   scheduling-1] c.p.i.mapper.IntelNewsMapper.selectList  : <==      Total: 0
2026-08-22 21:46:54.755 DEBUG 215277 --- [   scheduling-1] c.p.i.mapper.IntelNewsMapper.selectList  : ==>  Preparing: SELECT id,source_code,title,content,region_code,normalized_tags,importance,published_at,push_status,version,deleted,created_at,updated_at FROM intel_news WHERE deleted=false AND (push_status = ? AND importance = ?)
2026-08-22 21:46:54.755 DEBUG 215277 --- [   scheduling-1] c.p.i.mapper.IntelNewsMapper.selectList  : ==> Parameters: none(String), high(String)
2026-08-22 21:46:54.755 DEBUG 215277 --- [   scheduling-1] c.p.i.mapper.IntelNewsMapper.selectList  : <==      Total: 0
2026-08-22 21:46:54.756 DEBUG 215277 --- [   scheduling-1] c.p.i.mapper.IntelNewsMapper.selectList  : ==>  Preparing: SELECT id,source_code,title,content,region_code,normalized_tags,importance,published_at,push_status,version,deleted,created_at,updated_at FROM intel_news WHERE deleted=false AND (push_status = ? AND importance = ?)
2026-08-22 21:46:54.756 DEBUG 215277 --- [   scheduling-1] c.p.i.mapper.IntelNewsMapper.selectList  : ==> Parameters: none(String), high(String)
2026-08-22 21:46:54.756 DEBUG 215277 --- [   scheduling-1] c.p.i.mapper.IntelNewsMapper.selectList  : <==      Total: 0
2026-08-22 21:46:54.757 DEBUG 215277 --- [   scheduling-1] c.p.i.mapper.IntelNewsMapper.selectList  : ==>  Preparing: SELECT id,source_code,title,content,region_code,normalized_tags,importance,published_at,push_status,version,deleted,created_at,updated_at FROM intel_news WHERE deleted=false AND (push_status = ? AND importance = ?)
2026-08-22 21:46:54.757 DEBUG 215277 --- [   scheduling-1] c.p.i.mapper.IntelNewsMapper.selectList  : ==> Parameters: none(String), high(String)
2026-08-22 21:46:54.757 DEBUG 215277 --- [   scheduling-1] c.p.i.mapper.IntelNewsMapper.selectList  : <==      Total: 0
2026-08-22 21:46:54.758 DEBUG 215277 --- [   scheduling-1] c.p.i.mapper.IntelNewsMapper.selectList  : ==>  Preparing: SELECT id,source_code,title,content,region_code,normalized_tags,importance,published_at,push_status,version,deleted,created_at,updated_at FROM intel_news WHERE deleted=false AND (push_status = ? AND importance = ?)
2026-08-22 21:46:54.758 DEBUG 215277 --- [   scheduling-1] c.p.i.mapper.IntelNewsMapper.selectList  : ==> Parameters: none(String), high(String)
2026-08-22 21:46:54.758 DEBUG 215277 --- [   scheduling-1] c.p.i.mapper.IntelNewsMapper.selectList  : <==      Total: 0
2026-08-22 21:46:54.759 DEBUG 215277 --- [   scheduling-1] c.p.i.mapper.IntelNewsMapper.selectList  : ==>  Preparing: SELECT id,source_code,title,content,region_code,normalized_tags,importance,published_at,push_status,version,deleted,created_at,updated_at FROM intel_news WHERE deleted=false AND (push_status = ? AND importance = ?)
2026-08-22 21:46:54.759 DEBUG 215277 --- [   scheduling-1] c.p.i.mapper.IntelNewsMapper.selectList  : ==> Parameters: none(String), high(String)
2026-08-22 21:46:54.759 DEBUG 215277 --- [   scheduling-1] c.p.i.mapper.IntelNewsMapper.selectList  : <==      Total: 0
2026-08-22 21:46:54.760 DEBUG 215277 --- [   scheduling-1] c.p.i.mapper.IntelNewsMapper.selectList  : ==>  Preparing: SELECT id,source_code,title,content,region_code,normalized_tags,importance,published_at,push_status,version,deleted,created_at,updated_at FROM intel_news WHERE deleted=false AND (push_status = ? AND importance = ?)
2026-08-22 21:46:54.760 DEBUG 215277 --- [   scheduling-1] c.p.i.mapper.IntelNewsMapper.selectList  : ==> Parameters: none(String), high(String)
2026-08-22 21:46:54.760 DEBUG 215277 --- [   scheduling-1] c.p.i.mapper.IntelNewsMapper.selectList  : <==      Total: 0
2026-08-22 21:46:54.760 DEBUG 215277 --- [   scheduling-1] c.p.i.mapper.IntelNewsMapper.selectList  : ==>  Preparing: SELECT id,source_code,title,content,region_code,normalized_tags,importance,published_at,push_status,version,deleted,created_at,updated_at FROM intel_news WHERE deleted=false AND (push_status = ? AND importance = ?)
2026-08-22 21:46:54.760 DEBUG 215277 --- [   scheduling-1] c.p.i.mapper.IntelNewsMapper.selectList  : ==> Parameters: none(String), high(String)
2026-08-22 21:46:54.761 DEBUG 215277 --- [   scheduling-1] c.p.i.mapper.IntelNewsMapper.selectList  : <==      Total: 0
2026-08-22 21:46:54.761  INFO 215277 --- [   scheduling-1] com.ptidss.intel.service.IntelService    : 情报推送执行完成：匹配情报 0 条，派发消息 0 条，触发决策会话情报重评 0 个
2026-08-22 21:47:03.724 DEBUG 215277 --- [   scheduling-1] c.p.d.m.CollectTaskMapper.selectList     : ==>  Preparing: SELECT id,source_id,task_type,cron_expr,last_run_time,last_status,records_count,error_log,version,deleted,created_at,updated_at FROM collect_task WHERE deleted=false AND (cron_expr IS NOT NULL)
2026-08-22 21:47:03.724 DEBUG 215277 --- [   scheduling-1] c.p.d.m.CollectTaskMapper.selectList     : ==> Parameters: 
2026-08-22 21:47:03.725 DEBUG 215277 --- [   scheduling-1] c.p.d.m.CollectTaskMapper.selectList     : <==      Total: 3
2026-08-22 21:47:14.042 DEBUG 215277 --- [   scheduling-1] c.p.i.m.IntelSourceMapper.selectList     : ==>  Preparing: SELECT id,source_code,source_name,intel_type,fetch_mode,conn_type,conn_config,frequency,status,last_success_at,last_error,consecutive_failures,version,deleted,created_at,updated_at FROM intel_source WHERE deleted=false AND (status = ?)
2026-08-22 21:47:14.042 DEBUG 215277 --- [   scheduling-1] c.p.i.m.IntelSourceMapper.selectList     : ==> Parameters: enabled(String)
2026-08-22 21:47:14.043 DEBUG 215277 --- [   scheduling-1] c.p.i.m.IntelSourceMapper.selectList     : <==      Total: 21
2026-08-22 21:47:14.043  INFO 215277 --- [   scheduling-1] c.p.intel.service.IntelFetchService      : 行情采集执行完成：到期 0 个（成功 0 / 失败 0 / 跳过未到期 21）
2026-08-22 21:47:24.761 DEBUG 215277 --- [   scheduling-1] c.p.i.m.IntelPushRuleMapper.selectList   : ==>  Preparing: SELECT id,rule_name,tags_filter,importance_filter,target_roles,channel,silent_period,status,version,deleted,created_at,updated_at FROM intel_push_rule WHERE deleted=false AND (status = ?)
2026-08-22 21:47:24.762 DEBUG 215277 --- [   scheduling-1] c.p.i.m.IntelPushRuleMapper.selectList   : ==> Parameters: active(String)
2026-08-22 21:47:24.762 DEBUG 215277 --- [   scheduling-1] c.p.i.m.IntelPushRuleMapper.selectList   : <==      Total: 15
2026-08-22 21:47:24.762 DEBUG 215277 --- [   scheduling-1] c.p.i.mapper.IntelNewsMapper.selectList  : ==>  Preparing: SELECT id,source_code,title,content,region_code,normalized_tags,importance,published_at,push_status,version,deleted,created_at,updated_at FROM intel_news WHERE deleted=false AND (push_status = ? AND importance = ?)
2026-08-22 21:47:24.762 DEBUG 215277 --- [   scheduling-1] c.p.i.mapper.IntelNewsMapper.selectList  : ==> Parameters: none(String), high(String)
2026-08-22 21:47:24.763 DEBUG 215277 --- [   scheduling-1] c.p.i.mapper.IntelNewsMapper.selectList  : <==      Total: 0
2026-08-22 21:47:24.763 DEBUG 215277 --- [   scheduling-1] c.p.i.mapper.IntelNewsMapper.selectList  : ==>  Preparing: SELECT id,source_code,title,content,region_code,normalized_tags,importance,published_at,push_status,version,deleted,created_at,updated_at FROM intel_news WHERE deleted=false AND (push_status = ? AND importance = ?)
2026-08-22 21:47:24.763 DEBUG 215277 --- [   scheduling-1] c.p.i.mapper.IntelNewsMapper.selectList  : ==> Parameters: none(String), medium(String)
2026-08-22 21:47:24.766 DEBUG 215277 --- [   scheduling-1] c.p.i.mapper.IntelNewsMapper.selectList  : <==      Total: 309
2026-08-22 21:47:24.767 DEBUG 215277 --- [   scheduling-1] c.p.i.mapper.IntelNewsMapper.selectList  : ==>  Preparing: SELECT id,source_code,title,content,region_code,normalized_tags,importance,published_at,push_status,version,deleted,created_at,updated_at FROM intel_news WHERE deleted=false AND (push_status = ? AND importance = ?)
2026-08-22 21:47:24.767 DEBUG 215277 --- [   scheduling-1] c.p.i.mapper.IntelNewsMapper.selectList  : ==> Parameters: none(String), high(String)
2026-08-22 21:47:24.767 DEBUG 215277 --- [   scheduling-1] c.p.i.mapper.IntelNewsMapper.selectList  : <==      Total: 0
2026-08-22 21:47:24.768 DEBUG 215277 --- [   scheduling-1] c.p.i.mapper.IntelNewsMapper.selectList  : ==>  Preparing: SELECT id,source_code,title,content,region_code,normalized_tags,importance,published_at,push_status,version,deleted,created_at,updated_at FROM intel_news WHERE deleted=false AND (push_status = ? AND importance = ?)
2026-08-22 21:47:24.768 DEBUG 215277 --- [   scheduling-1] c.p.i.mapper.IntelNewsMapper.selectList  : ==> Parameters: none(String), high(String)
2026-08-22 21:47:24.768 DEBUG 215277 --- [   scheduling-1] c.p.i.mapper.IntelNewsMapper.selectList  : <==      Total: 0
2026-08-22 21:47:24.768 DEBUG 215277 --- [   scheduling-1] c.p.i.mapper.IntelNewsMapper.selectList  : ==>  Preparing: SELECT id,source_code,title,content,region_code,normalized_tags,importance,published_at,push_status,version,deleted,created_at,updated_at FROM intel_news WHERE deleted=false AND (push_status = ? AND importance = ?)
2026-08-22 21:47:24.769 DEBUG 215277 --- [   scheduling-1] c.p.i.mapper.IntelNewsMapper.selectList  : ==> Parameters: none(String), high(String)
2026-08-22 21:47:24.769 DEBUG 215277 --- [   scheduling-1] c.p.i.mapper.IntelNewsMapper.selectList  : <==      Total: 0
2026-08-22 21:47:24.770 DEBUG 215277 --- [   scheduling-1] c.p.i.mapper.IntelNewsMapper.selectList  : ==>  Preparing: SELECT id,source_code,title,content,region_code,normalized_tags,importance,published_at,push_status,version,deleted,created_at,updated_at FROM intel_news WHERE deleted=false AND (push_status = ? AND importance = ?)
2026-08-22 21:47:24.770 DEBUG 215277 --- [   scheduling-1] c.p.i.mapper.IntelNewsMapper.selectList  : ==> Parameters: none(String), high(String)
2026-08-22 21:47:24.770 DEBUG 215277 --- [   scheduling-1] c.p.i.mapper.IntelNewsMapper.selectList  : <==      Total: 0
2026-08-22 21:47:24.771 DEBUG 215277 --- [   scheduling-1] c.p.i.mapper.IntelNewsMapper.selectList  : ==>  Preparing: SELECT id,source_code,title,content,region_code,normalized_tags,importance,published_at,push_status,version,deleted,created_at,updated_at FROM intel_news WHERE deleted=false AND (push_status = ? AND importance = ?)
2026-08-22 21:47:24.771 DEBUG 215277 --- [   scheduling-1] c.p.i.mapper.IntelNewsMapper.selectList  : ==> Parameters: none(String), high(String)
2026-08-22 21:47:24.771 DEBUG 215277 --- [   scheduling-1] c.p.i.mapper.IntelNewsMapper.selectList  : <==      Total: 0
2026-08-22 21:47:24.772 DEBUG 215277 --- [   scheduling-1] c.p.i.mapper.IntelNewsMapper.selectList  : ==>  Preparing: SELECT id,source_code,title,content,region_code,normalized_tags,importance,published_at,push_status,version,deleted,created_at,updated_at FROM intel_news WHERE deleted=false AND (push_status = ? AND importance = ?)
2026-08-22 21:47:24.772 DEBUG 215277 --- [   scheduling-1] c.p.i.mapper.IntelNewsMapper.selectList  : ==> Parameters: none(String), high(String)
2026-08-22 21:47:24.772 DEBUG 215277 --- [   scheduling-1] c.p.i.mapper.IntelNewsMapper.selectList  : <==      Total: 0
2026-08-22 21:47:24.773 DEBUG 215277 --- [   scheduling-1] c.p.i.mapper.IntelNewsMapper.selectList  : ==>  Preparing: SELECT id,source_code,title,content,region_code,normalized_tags,importance,published_at,push_status,version,deleted,created_at,updated_at FROM intel_news WHERE deleted=false AND (push_status = ? AND importance = ?)
2026-08-22 21:47:24.773 DEBUG 215277 --- [   scheduling-1] c.p.i.mapper.IntelNewsMapper.selectList  : ==> Parameters: none(String), high(String)
2026-08-22 21:47:24.773 DEBUG 215277 --- [   scheduling-1] c.p.i.mapper.IntelNewsMapper.selectList  : <==      Total: 0
2026-08-22 21:47:24.773 DEBUG 215277 --- [   scheduling-1] c.p.i.mapper.IntelNewsMapper.selectList  : ==>  Preparing: SELECT id,source_code,title,content,region_code,normalized_tags,importance,published_at,push_status,version,deleted,created_at,updated_at FROM intel_news WHERE deleted=false AND (push_status = ? AND importance = ?)
2026-08-22 21:47:24.773 DEBUG 215277 --- [   scheduling-1] c.p.i.mapper.IntelNewsMapper.selectList  : ==> Parameters: none(String), high(String)
2026-08-22 21:47:24.774 DEBUG 215277 --- [   scheduling-1] c.p.i.mapper.IntelNewsMapper.selectList  : <==      Total: 0
2026-08-22 21:47:24.774 DEBUG 215277 --- [   scheduling-1] c.p.i.mapper.IntelNewsMapper.selectList  : ==>  Preparing: SELECT id,source_code,title,content,region_code,normalized_tags,importance,published_at,push_status,version,deleted,created_at,updated_at FROM intel_news WHERE deleted=false AND (push_status = ? AND importance = ?)
2026-08-22 21:47:24.774 DEBUG 215277 --- [   scheduling-1] c.p.i.mapper.IntelNewsMapper.selectList  : ==> Parameters: none(String), high(String)
2026-08-22 21:47:24.774 DEBUG 215277 --- [   scheduling-1] c.p.i.mapper.IntelNewsMapper.selectList  : <==      Total: 0
2026-08-22 21:47:24.775 DEBUG 215277 --- [   scheduling-1] c.p.i.mapper.IntelNewsMapper.selectList  : ==>  Preparing: SELECT id,source_code,title,content,region_code,normalized_tags,importance,published_at,push_status,version,deleted,created_at,updated_at FROM intel_news WHERE deleted=false AND (push_status = ? AND importance = ?)
2026-08-22 21:47:24.775 DEBUG 215277 --- [   scheduling-1] c.p.i.mapper.IntelNewsMapper.selectList  : ==> Parameters: none(String), high(String)
2026-08-22 21:47:24.775 DEBUG 215277 --- [   scheduling-1] c.p.i.mapper.IntelNewsMapper.selectList  : <==      Total: 0
2026-08-22 21:47:24.776 DEBUG 215277 --- [   scheduling-1] c.p.i.mapper.IntelNewsMapper.selectList  : ==>  Preparing: SELECT id,source_code,title,content,region_code,normalized_tags,importance,published_at,push_status,version,deleted,created_at,updated_at FROM intel_news WHERE deleted=false AND (push_status = ? AND importance = ?)
2026-08-22 21:47:24.776 DEBUG 215277 --- [   scheduling-1] c.p.i.mapper.IntelNewsMapper.selectList  : ==> Parameters: none(String), high(String)
2026-08-22 21:47:24.776 DEBUG 215277 --- [   scheduling-1] c.p.i.mapper.IntelNewsMapper.selectList  : <==      Total: 0
2026-08-22 21:47:24.776 DEBUG 215277 --- [   scheduling-1] c.p.i.mapper.IntelNewsMapper.selectList  : ==>  Preparing: SELECT id,source_code,title,content,region_code,normalized_tags,importance,published_at,push_status,version,deleted,created_at,updated_at FROM intel_news WHERE deleted=false AND (push_status = ? AND importance = ?)
2026-08-22 21:47:24.776 DEBUG 215277 --- [   scheduling-1] c.p.i.mapper.IntelNewsMapper.selectList  : ==> Parameters: none(String), high(String)
2026-08-22 21:47:24.777 DEBUG 215277 --- [   scheduling-1] c.p.i.mapper.IntelNewsMapper.selectList  : <==      Total: 0
2026-08-22 21:47:24.777 DEBUG 215277 --- [   scheduling-1] c.p.i.mapper.IntelNewsMapper.selectList  : ==>  Preparing: SELECT id,source_code,title,content,region_code,normalized_tags,importance,published_at,push_status,version,deleted,created_at,updated_at FROM intel_news WHERE deleted=false AND (push_status = ? AND importance = ?)
2026-08-22 21:47:24.777 DEBUG 215277 --- [   scheduling-1] c.p.i.mapper.IntelNewsMapper.selectList  : ==> Parameters: none(String), high(String)
2026-08-22 21:47:24.777 DEBUG 215277 --- [   scheduling-1] c.p.i.mapper.IntelNewsMapper.selectList  : <==      Total: 0
2026-08-22 21:47:24.777  INFO 215277 --- [   scheduling-1] com.ptidss.intel.service.IntelService    : 情报推送执行完成：匹配情报 0 条，派发消息 0 条，触发决策会话情报重评 0 个
2026-08-22 21:47:54.778 DEBUG 215277 --- [   scheduling-1] c.p.i.m.IntelPushRuleMapper.selectList   : ==>  Preparing: SELECT id,rule_name,tags_filter,importance_filter,target_roles,channel,silent_period,status,version,deleted,created_at,updated_at FROM intel_push_rule WHERE deleted=false AND (status = ?)
2026-08-22 21:47:54.778 DEBUG 215277 --- [   scheduling-1] c.p.i.m.IntelPushRuleMapper.selectList   : ==> Parameters: active(String)
2026-08-22 21:47:54.779 DEBUG 215277 --- [   scheduling-1] c.p.i.m.IntelPushRuleMapper.selectList   : <==      Total: 15
2026-08-22 21:47:54.779 DEBUG 215277 --- [   scheduling-1] c.p.i.mapper.IntelNewsMapper.selectList  : ==>  Preparing: SELECT id,source_code,title,content,region_code,normalized_tags,importance,published_at,push_status,version,deleted,created_at,updated_at FROM intel_news WHERE deleted=false AND (push_status = ? AND importance = ?)
2026-08-22 21:47:54.779 DEBUG 215277 --- [   scheduling-1] c.p.i.mapper.IntelNewsMapper.selectList  : ==> Parameters: none(String), high(String)
2026-08-22 21:47:54.780 DEBUG 215277 --- [   scheduling-1] c.p.i.mapper.IntelNewsMapper.selectList  : <==      Total: 0
2026-08-22 21:47:54.780 DEBUG 215277 --- [   scheduling-1] c.p.i.mapper.IntelNewsMapper.selectList  : ==>  Preparing: SELECT id,source_code,title,content,region_code,normalized_tags,importance,published_at,push_status,version,deleted,created_at,updated_at FROM intel_news WHERE deleted=false AND (push_status = ? AND importance = ?)
2026-08-22 21:47:54.780 DEBUG 215277 --- [   scheduling-1] c.p.i.mapper.IntelNewsMapper.selectList  : ==> Parameters: none(String), medium(String)
2026-08-22 21:47:54.783 DEBUG 215277 --- [   scheduling-1] c.p.i.mapper.IntelNewsMapper.selectList  : <==      Total: 309
2026-08-22 21:47:54.784 DEBUG 215277 --- [   scheduling-1] c.p.i.mapper.IntelNewsMapper.selectList  : ==>  Preparing: SELECT id,source_code,title,content,region_code,normalized_tags,importance,published_at,push_status,version,deleted,created_at,updated_at FROM intel_news WHERE deleted=false AND (push_status = ? AND importance = ?)
2026-08-22 21:47:54.784 DEBUG 215277 --- [   scheduling-1] c.p.i.mapper.IntelNewsMapper.selectList  : ==> Parameters: none(String), high(String)
2026-08-22 21:47:54.784 DEBUG 215277 --- [   scheduling-1] c.p.i.mapper.IntelNewsMapper.selectList  : <==      Total: 0
2026-08-22 21:47:54.784 DEBUG 215277 --- [   scheduling-1] c.p.i.mapper.IntelNewsMapper.selectList  : ==>  Preparing: SELECT id,source_code,title,content,region_code,normalized_tags,importance,published_at,push_status,version,deleted,created_at,updated_at FROM intel_news WHERE deleted=false AND (push_status = ? AND importance = ?)
2026-08-22 21:47:54.784 DEBUG 215277 --- [   scheduling-1] c.p.i.mapper.IntelNewsMapper.selectList  : ==> Parameters: none(String), high(String)
2026-08-22 21:47:54.785 DEBUG 215277 --- [   scheduling-1] c.p.i.mapper.IntelNewsMapper.selectList  : <==      Total: 0
2026-08-22 21:47:54.785 DEBUG 215277 --- [   scheduling-1] c.p.i.mapper.IntelNewsMapper.selectList  : ==>  Preparing: SELECT id,source_code,title,content,region_code,normalized_tags,importance,published_at,push_status,version,deleted,created_at,updated_at FROM intel_news WHERE deleted=false AND (push_status = ? AND importance = ?)
2026-08-22 21:47:54.785 DEBUG 215277 --- [   scheduling-1] c.p.i.mapper.IntelNewsMapper.selectList  : ==> Parameters: none(String), high(String)
2026-08-22 21:47:54.785 DEBUG 215277 --- [   scheduling-1] c.p.i.mapper.IntelNewsMapper.selectList  : <==      Total: 0
2026-08-22 21:47:54.785 DEBUG 215277 --- [   scheduling-1] c.p.i.mapper.IntelNewsMapper.selectList  : ==>  Preparing: SELECT id,source_code,title,content,region_code,normalized_tags,importance,published_at,push_status,version,deleted,created_at,updated_at FROM intel_news WHERE deleted=false AND (push_status = ? AND importance = ?)
2026-08-22 21:47:54.786 DEBUG 215277 --- [   scheduling-1] c.p.i.mapper.IntelNewsMapper.selectList  : ==> Parameters: none(String), high(String)
2026-08-22 21:47:54.786 DEBUG 215277 --- [   scheduling-1] c.p.i.mapper.IntelNewsMapper.selectList  : <==      Total: 0
2026-08-22 21:47:54.786 DEBUG 215277 --- [   scheduling-1] c.p.i.mapper.IntelNewsMapper.selectList  : ==>  Preparing: SELECT id,source_code,title,content,region_code,normalized_tags,importance,published_at,push_status,version,deleted,created_at,updated_at FROM intel_news WHERE deleted=false AND (push_status = ? AND importance = ?)
2026-08-22 21:47:54.786 DEBUG 215277 --- [   scheduling-1] c.p.i.mapper.IntelNewsMapper.selectList  : ==> Parameters: none(String), high(String)
2026-08-22 21:47:54.786 DEBUG 215277 --- [   scheduling-1] c.p.i.mapper.IntelNewsMapper.selectList  : <==      Total: 0
2026-08-22 21:47:54.787 DEBUG 215277 --- [   scheduling-1] c.p.i.mapper.IntelNewsMapper.selectList  : ==>  Preparing: SELECT id,source_code,title,content,region_code,normalized_tags,importance,published_at,push_status,version,deleted,created_at,updated_at FROM intel_news WHERE deleted=false AND (push_status = ? AND importance = ?)
2026-08-22 21:47:54.787 DEBUG 215277 --- [   scheduling-1] c.p.i.mapper.IntelNewsMapper.selectList  : ==> Parameters: none(String), high(String)
2026-08-22 21:47:54.787 DEBUG 215277 --- [   scheduling-1] c.p.i.mapper.IntelNewsMapper.selectList  : <==      Total: 0
2026-08-22 21:47:54.788 DEBUG 215277 --- [   scheduling-1] c.p.i.mapper.IntelNewsMapper.selectList  : ==>  Preparing: SELECT id,source_code,title,content,region_code,normalized_tags,importance,published_at,push_status,version,deleted,created_at,updated_at FROM intel_news WHERE deleted=false AND (push_status = ? AND importance = ?)
2026-08-22 21:47:54.788 DEBUG 215277 --- [   scheduling-1] c.p.i.mapper.IntelNewsMapper.selectList  : ==> Parameters: none(String), high(String)
2026-08-22 21:47:54.790 DEBUG 215277 --- [   scheduling-1] c.p.i.mapper.IntelNewsMapper.selectList  : <==      Total: 0
2026-08-22 21:47:54.790 DEBUG 215277 --- [   scheduling-1] c.p.i.mapper.IntelNewsMapper.selectList  : ==>  Preparing: SELECT id,source_code,title,content,region_code,normalized_tags,importance,published_at,push_status,version,deleted,created_at,updated_at FROM intel_news WHERE deleted=false AND (push_status = ? AND importance = ?)
2026-08-22 21:47:54.790 DEBUG 215277 --- [   scheduling-1] c.p.i.mapper.IntelNewsMapper.selectList  : ==> Parameters: none(String), high(String)
2026-08-22 21:47:54.791 DEBUG 215277 --- [   scheduling-1] c.p.i.mapper.IntelNewsMapper.selectList  : <==      Total: 0
2026-08-22 21:47:54.791 DEBUG 215277 --- [   scheduling-1] c.p.i.mapper.IntelNewsMapper.selectList  : ==>  Preparing: SELECT id,source_code,title,content,region_code,normalized_tags,importance,published_at,push_status,version,deleted,created_at,updated_at FROM intel_news WHERE deleted=false AND (push_status = ? AND importance = ?)
2026-08-22 21:47:54.791 DEBUG 215277 --- [   scheduling-1] c.p.i.mapper.IntelNewsMapper.selectList  : ==> Parameters: none(String), high(String)
2026-08-22 21:47:54.792 DEBUG 215277 --- [   scheduling-1] c.p.i.mapper.IntelNewsMapper.selectList  : <==      Total: 0
2026-08-22 21:47:54.792 DEBUG 215277 --- [   scheduling-1] c.p.i.mapper.IntelNewsMapper.selectList  : ==>  Preparing: SELECT id,source_code,title,content,region_code,normalized_tags,importance,published_at,push_status,version,deleted,created_at,updated_at FROM intel_news WHERE deleted=false AND (push_status = ? AND importance = ?)
2026-08-22 21:47:54.792 DEBUG 215277 --- [   scheduling-1] c.p.i.mapper.IntelNewsMapper.selectList  : ==> Parameters: none(String), high(String)
2026-08-22 21:47:54.793 DEBUG 215277 --- [   scheduling-1] c.p.i.mapper.IntelNewsMapper.selectList  : <==      Total: 0
2026-08-22 21:47:54.793 DEBUG 215277 --- [   scheduling-1] c.p.i.mapper.IntelNewsMapper.selectList  : ==>  Preparing: SELECT id,source_code,title,content,region_code,normalized_tags,importance,published_at,push_status,version,deleted,created_at,updated_at FROM intel_news WHERE deleted=false AND (push_status = ? AND importance = ?)
2026-08-22 21:47:54.794 DEBUG 215277 --- [   scheduling-1] c.p.i.mapper.IntelNewsMapper.selectList  : ==> Parameters: none(String), high(String)
2026-08-22 21:47:54.794 DEBUG 215277 --- [   scheduling-1] c.p.i.mapper.IntelNewsMapper.selectList  : <==      Total: 0
2026-08-22 21:47:54.794 DEBUG 215277 --- [   scheduling-1] c.p.i.mapper.IntelNewsMapper.selectList  : ==>  Preparing: SELECT id,source_code,title,content,region_code,normalized_tags,importance,published_at,push_status,version,deleted,created_at,updated_at FROM intel_news WHERE deleted=false AND (push_status = ? AND importance = ?)
2026-08-22 21:47:54.794 DEBUG 215277 --- [   scheduling-1] c.p.i.mapper.IntelNewsMapper.selectList  : ==> Parameters: none(String), high(String)
2026-08-22 21:47:54.795 DEBUG 215277 --- [   scheduling-1] c.p.i.mapper.IntelNewsMapper.selectList  : <==      Total: 0
2026-08-22 21:47:54.795 DEBUG 215277 --- [   scheduling-1] c.p.i.mapper.IntelNewsMapper.selectList  : ==>  Preparing: SELECT id,source_code,title,content,region_code,normalized_tags,importance,published_at,push_status,version,deleted,created_at,updated_at FROM intel_news WHERE deleted=false AND (push_status = ? AND importance = ?)
2026-08-22 21:47:54.795 DEBUG 215277 --- [   scheduling-1] c.p.i.mapper.IntelNewsMapper.selectList  : ==> Parameters: none(String), high(String)
2026-08-22 21:47:54.795 DEBUG 215277 --- [   scheduling-1] c.p.i.mapper.IntelNewsMapper.selectList  : <==      Total: 0
2026-08-22 21:47:54.796  INFO 215277 --- [   scheduling-1] com.ptidss.intel.service.IntelService    : 情报推送执行完成：匹配情报 0 条，派发消息 0 条，触发决策会话情报重评 0 个
2026-08-22 21:48:03.726 DEBUG 215277 --- [   scheduling-1] c.p.d.m.CollectTaskMapper.selectList     : ==>  Preparing: SELECT id,source_id,task_type,cron_expr,last_run_time,last_status,records_count,error_log,version,deleted,created_at,updated_at FROM collect_task WHERE deleted=false AND (cron_expr IS NOT NULL)
2026-08-22 21:48:03.726 DEBUG 215277 --- [   scheduling-1] c.p.d.m.CollectTaskMapper.selectList     : ==> Parameters: 
2026-08-22 21:48:03.727 DEBUG 215277 --- [   scheduling-1] c.p.d.m.CollectTaskMapper.selectList     : <==      Total: 3
2026-08-22 21:48:14.044 DEBUG 215277 --- [   scheduling-1] c.p.i.m.IntelSourceMapper.selectList     : ==>  Preparing: SELECT id,source_code,source_name,intel_type,fetch_mode,conn_type,conn_config,frequency,status,last_success_at,last_error,consecutive_failures,version,deleted,created_at,updated_at FROM intel_source WHERE deleted=false AND (status = ?)
2026-08-22 21:48:14.044 DEBUG 215277 --- [   scheduling-1] c.p.i.m.IntelSourceMapper.selectList     : ==> Parameters: enabled(String)
2026-08-22 21:48:14.044 DEBUG 215277 --- [   scheduling-1] c.p.i.m.IntelSourceMapper.selectList     : <==      Total: 21
2026-08-22 21:48:14.045  INFO 215277 --- [   scheduling-1] c.p.intel.service.IntelFetchService      : 行情采集执行完成：到期 0 个（成功 0 / 失败 0 / 跳过未到期 21）
2026-08-22 21:48:24.797 DEBUG 215277 --- [   scheduling-1] c.p.i.m.IntelPushRuleMapper.selectList   : ==>  Preparing: SELECT id,rule_name,tags_filter,importance_filter,target_roles,channel,silent_period,status,version,deleted,created_at,updated_at FROM intel_push_rule WHERE deleted=false AND (status = ?)
2026-08-22 21:48:24.797 DEBUG 215277 --- [   scheduling-1] c.p.i.m.IntelPushRuleMapper.selectList   : ==> Parameters: active(String)
2026-08-22 21:48:24.797 DEBUG 215277 --- [   scheduling-1] c.p.i.m.IntelPushRuleMapper.selectList   : <==      Total: 15
2026-08-22 21:48:24.798 DEBUG 215277 --- [   scheduling-1] c.p.i.mapper.IntelNewsMapper.selectList  : ==>  Preparing: SELECT id,source_code,title,content,region_code,normalized_tags,importance,published_at,push_status,version,deleted,created_at,updated_at FROM intel_news WHERE deleted=false AND (push_status = ? AND importance = ?)
2026-08-22 21:48:24.798 DEBUG 215277 --- [   scheduling-1] c.p.i.mapper.IntelNewsMapper.selectList  : ==> Parameters: none(String), high(String)
2026-08-22 21:48:24.799 DEBUG 215277 --- [   scheduling-1] c.p.i.mapper.IntelNewsMapper.selectList  : <==      Total: 0
2026-08-22 21:48:24.799 DEBUG 215277 --- [   scheduling-1] c.p.i.mapper.IntelNewsMapper.selectList  : ==>  Preparing: SELECT id,source_code,title,content,region_code,normalized_tags,importance,published_at,push_status,version,deleted,created_at,updated_at FROM intel_news WHERE deleted=false AND (push_status = ? AND importance = ?)
2026-08-22 21:48:24.799 DEBUG 215277 --- [   scheduling-1] c.p.i.mapper.IntelNewsMapper.selectList  : ==> Parameters: none(String), medium(String)
2026-08-22 21:48:24.804 DEBUG 215277 --- [   scheduling-1] c.p.i.mapper.IntelNewsMapper.selectList  : <==      Total: 309
2026-08-22 21:48:24.805 DEBUG 215277 --- [   scheduling-1] c.p.i.mapper.IntelNewsMapper.selectList  : ==>  Preparing: SELECT id,source_code,title,content,region_code,normalized_tags,importance,published_at,push_status,version,deleted,created_at,updated_at FROM intel_news WHERE deleted=false AND (push_status = ? AND importance = ?)
2026-08-22 21:48:24.805 DEBUG 215277 --- [   scheduling-1] c.p.i.mapper.IntelNewsMapper.selectList  : ==> Parameters: none(String), high(String)
2026-08-22 21:48:24.806 DEBUG 215277 --- [   scheduling-1] c.p.i.mapper.IntelNewsMapper.selectList  : <==      Total: 0
2026-08-22 21:48:24.807 DEBUG 215277 --- [   scheduling-1] c.p.i.mapper.IntelNewsMapper.selectList  : ==>  Preparing: SELECT id,source_code,title,content,region_code,normalized_tags,importance,published_at,push_status,version,deleted,created_at,updated_at FROM intel_news WHERE deleted=false AND (push_status = ? AND importance = ?)
2026-08-22 21:48:24.807 DEBUG 215277 --- [   scheduling-1] c.p.i.mapper.IntelNewsMapper.selectList  : ==> Parameters: none(String), high(String)
2026-08-22 21:48:24.807 DEBUG 215277 --- [   scheduling-1] c.p.i.mapper.IntelNewsMapper.selectList  : <==      Total: 0
2026-08-22 21:48:24.808 DEBUG 215277 --- [   scheduling-1] c.p.i.mapper.IntelNewsMapper.selectList  : ==>  Preparing: SELECT id,source_code,title,content,region_code,normalized_tags,importance,published_at,push_status,version,deleted,created_at,updated_at FROM intel_news WHERE deleted=false AND (push_status = ? AND importance = ?)
2026-08-22 21:48:24.808 DEBUG 215277 --- [   scheduling-1] c.p.i.mapper.IntelNewsMapper.selectList  : ==> Parameters: none(String), high(String)
2026-08-22 21:48:24.809 DEBUG 215277 --- [   scheduling-1] c.p.i.mapper.IntelNewsMapper.selectList  : <==      Total: 0
2026-08-22 21:48:24.809 DEBUG 215277 --- [   scheduling-1] c.p.i.mapper.IntelNewsMapper.selectList  : ==>  Preparing: SELECT id,source_code,title,content,region_code,normalized_tags,importance,published_at,push_status,version,deleted,created_at,updated_at FROM intel_news WHERE deleted=false AND (push_status = ? AND importance = ?)
2026-08-22 21:48:24.809 DEBUG 215277 --- [   scheduling-1] c.p.i.mapper.IntelNewsMapper.selectList  : ==> Parameters: none(String), high(String)
2026-08-22 21:48:24.810 DEBUG 215277 --- [   scheduling-1] c.p.i.mapper.IntelNewsMapper.selectList  : <==      Total: 0
2026-08-22 21:48:24.811 DEBUG 215277 --- [   scheduling-1] c.p.i.mapper.IntelNewsMapper.selectList  : ==>  Preparing: SELECT id,source_code,title,content,region_code,normalized_tags,importance,published_at,push_status,version,deleted,created_at,updated_at FROM intel_news WHERE deleted=false AND (push_status = ? AND importance = ?)
2026-08-22 21:48:24.811 DEBUG 215277 --- [   scheduling-1] c.p.i.mapper.IntelNewsMapper.selectList  : ==> Parameters: none(String), high(String)
2026-08-22 21:48:24.811 DEBUG 215277 --- [   scheduling-1] c.p.i.mapper.IntelNewsMapper.selectList  : <==      Total: 0
2026-08-22 21:48:24.812 DEBUG 215277 --- [   scheduling-1] c.p.i.mapper.IntelNewsMapper.selectList  : ==>  Preparing: SELECT id,source_code,title,content,region_code,normalized_tags,importance,published_at,push_status,version,deleted,created_at,updated_at FROM intel_news WHERE deleted=false AND (push_status = ? AND importance = ?)
2026-08-22 21:48:24.812 DEBUG 215277 --- [   scheduling-1] c.p.i.mapper.IntelNewsMapper.selectList  : ==> Parameters: none(String), high(String)
2026-08-22 21:48:24.812 DEBUG 215277 --- [   scheduling-1] c.p.i.mapper.IntelNewsMapper.selectList  : <==      Total: 0
2026-08-22 21:48:24.813 DEBUG 215277 --- [   scheduling-1] c.p.i.mapper.IntelNewsMapper.selectList  : ==>  Preparing: SELECT id,source_code,title,content,region_code,normalized_tags,importance,published_at,push_status,version,deleted,created_at,updated_at FROM intel_news WHERE deleted=false AND (push_status = ? AND importance = ?)
2026-08-22 21:48:24.813 DEBUG 215277 --- [   scheduling-1] c.p.i.mapper.IntelNewsMapper.selectList  : ==> Parameters: none(String), high(String)
2026-08-22 21:48:24.814 DEBUG 215277 --- [   scheduling-1] c.p.i.mapper.IntelNewsMapper.selectList  : <==      Total: 0
2026-08-22 21:48:24.814 DEBUG 215277 --- [   scheduling-1] c.p.i.mapper.IntelNewsMapper.selectList  : ==>  Preparing: SELECT id,source_code,title,content,region_code,normalized_tags,importance,published_at,push_status,version,deleted,created_at,updated_at FROM intel_news WHERE deleted=false AND (push_status = ? AND importance = ?)
2026-08-22 21:48:24.815 DEBUG 215277 --- [   scheduling-1] c.p.i.mapper.IntelNewsMapper.selectList  : ==> Parameters: none(String), high(String)
2026-08-22 21:48:24.815 DEBUG 215277 --- [   scheduling-1] c.p.i.mapper.IntelNewsMapper.selectList  : <==      Total: 0
2026-08-22 21:48:24.816 DEBUG 215277 --- [   scheduling-1] c.p.i.mapper.IntelNewsMapper.selectList  : ==>  Preparing: SELECT id,source_code,title,content,region_code,normalized_tags,importance,published_at,push_status,version,deleted,created_at,updated_at FROM intel_news WHERE deleted=false AND (push_status = ? AND importance = ?)
2026-08-22 21:48:24.816 DEBUG 215277 --- [   scheduling-1] c.p.i.mapper.IntelNewsMapper.selectList  : ==> Parameters: none(String), high(String)
2026-08-22 21:48:24.816 DEBUG 215277 --- [   scheduling-1] c.p.i.mapper.IntelNewsMapper.selectList  : <==      Total: 0
2026-08-22 21:48:24.817 DEBUG 215277 --- [   scheduling-1] c.p.i.mapper.IntelNewsMapper.selectList  : ==>  Preparing: SELECT id,source_code,title,content,region_code,normalized_tags,importance,published_at,push_status,version,deleted,created_at,updated_at FROM intel_news WHERE deleted=false AND (push_status = ? AND importance = ?)
2026-08-22 21:48:24.817 DEBUG 215277 --- [   scheduling-1] c.p.i.mapper.IntelNewsMapper.selectList  : ==> Parameters: none(String), high(String)
2026-08-22 21:48:24.818 DEBUG 215277 --- [   scheduling-1] c.p.i.mapper.IntelNewsMapper.selectList  : <==      Total: 0
2026-08-22 21:48:24.818 DEBUG 215277 --- [   scheduling-1] c.p.i.mapper.IntelNewsMapper.selectList  : ==>  Preparing: SELECT id,source_code,title,content,region_code,normalized_tags,importance,published_at,push_status,version,deleted,created_at,updated_at FROM intel_news WHERE deleted=false AND (push_status = ? AND importance = ?)
2026-08-22 21:48:24.819 DEBUG 215277 --- [   scheduling-1] c.p.i.mapper.IntelNewsMapper.selectList  : ==> Parameters: none(String), high(String)
2026-08-22 21:48:24.819 DEBUG 215277 --- [   scheduling-1] c.p.i.mapper.IntelNewsMapper.selectList  : <==      Total: 0
2026-08-22 21:48:24.820 DEBUG 215277 --- [   scheduling-1] c.p.i.mapper.IntelNewsMapper.selectList  : ==>  Preparing: SELECT id,source_code,title,content,region_code,normalized_tags,importance,published_at,push_status,version,deleted,created_at,updated_at FROM intel_news WHERE deleted=false AND (push_status = ? AND importance = ?)
2026-08-22 21:48:24.820 DEBUG 215277 --- [   scheduling-1] c.p.i.mapper.IntelNewsMapper.selectList  : ==> Parameters: none(String), high(String)
2026-08-22 21:48:24.821 DEBUG 215277 --- [   scheduling-1] c.p.i.mapper.IntelNewsMapper.selectList  : <==      Total: 0
2026-08-22 21:48:24.821 DEBUG 215277 --- [   scheduling-1] c.p.i.mapper.IntelNewsMapper.selectList  : ==>  Preparing: SELECT id,source_code,title,content,region_code,normalized_tags,importance,published_at,push_status,version,deleted,created_at,updated_at FROM intel_news WHERE deleted=false AND (push_status = ? AND importance = ?)
2026-08-22 21:48:24.821 DEBUG 215277 --- [   scheduling-1] c.p.i.mapper.IntelNewsMapper.selectList  : ==> Parameters: none(String), high(String)
2026-08-22 21:48:24.822 DEBUG 215277 --- [   scheduling-1] c.p.i.mapper.IntelNewsMapper.selectList  : <==      Total: 0
2026-08-22 21:48:24.822  INFO 215277 --- [   scheduling-1] com.ptidss.intel.service.IntelService    : 情报推送执行完成：匹配情报 0 条，派发消息 0 条，触发决策会话情报重评 0 个
2026-08-22 21:48:54.823 DEBUG 215277 --- [   scheduling-1] c.p.i.m.IntelPushRuleMapper.selectList   : ==>  Preparing: SELECT id,rule_name,tags_filter,importance_filter,target_roles,channel,silent_period,status,version,deleted,created_at,updated_at FROM intel_push_rule WHERE deleted=false AND (status = ?)
2026-08-22 21:48:54.823 DEBUG 215277 --- [   scheduling-1] c.p.i.m.IntelPushRuleMapper.selectList   : ==> Parameters: active(String)
2026-08-22 21:48:54.825 DEBUG 215277 --- [   scheduling-1] c.p.i.m.IntelPushRuleMapper.selectList   : <==      Total: 15
2026-08-22 21:48:54.826 DEBUG 215277 --- [   scheduling-1] c.p.i.mapper.IntelNewsMapper.selectList  : ==>  Preparing: SELECT id,source_code,title,content,region_code,normalized_tags,importance,published_at,push_status,version,deleted,created_at,updated_at FROM intel_news WHERE deleted=false AND (push_status = ? AND importance = ?)
2026-08-22 21:48:54.826 DEBUG 215277 --- [   scheduling-1] c.p.i.mapper.IntelNewsMapper.selectList  : ==> Parameters: none(String), high(String)
2026-08-22 21:48:54.826 DEBUG 215277 --- [   scheduling-1] c.p.i.mapper.IntelNewsMapper.selectList  : <==      Total: 0
2026-08-22 21:48:54.826 DEBUG 215277 --- [   scheduling-1] c.p.i.mapper.IntelNewsMapper.selectList  : ==>  Preparing: SELECT id,source_code,title,content,region_code,normalized_tags,importance,published_at,push_status,version,deleted,created_at,updated_at FROM intel_news WHERE deleted=false AND (push_status = ? AND importance = ?)
2026-08-22 21:48:54.827 DEBUG 215277 --- [   scheduling-1] c.p.i.mapper.IntelNewsMapper.selectList  : ==> Parameters: none(String), medium(String)
2026-08-22 21:48:54.829 DEBUG 215277 --- [   scheduling-1] c.p.i.mapper.IntelNewsMapper.selectList  : <==      Total: 309
2026-08-22 21:48:54.829 DEBUG 215277 --- [   scheduling-1] c.p.i.mapper.IntelNewsMapper.selectList  : ==>  Preparing: SELECT id,source_code,title,content,region_code,normalized_tags,importance,published_at,push_status,version,deleted,created_at,updated_at FROM intel_news WHERE deleted=false AND (push_status = ? AND importance = ?)
2026-08-22 21:48:54.830 DEBUG 215277 --- [   scheduling-1] c.p.i.mapper.IntelNewsMapper.selectList  : ==> Parameters: none(String), high(String)
2026-08-22 21:48:54.830 DEBUG 215277 --- [   scheduling-1] c.p.i.mapper.IntelNewsMapper.selectList  : <==      Total: 0
2026-08-22 21:48:54.830 DEBUG 215277 --- [   scheduling-1] c.p.i.mapper.IntelNewsMapper.selectList  : ==>  Preparing: SELECT id,source_code,title,content,region_code,normalized_tags,importance,published_at,push_status,version,deleted,created_at,updated_at FROM intel_news WHERE deleted=false AND (push_status = ? AND importance = ?)
2026-08-22 21:48:54.830 DEBUG 215277 --- [   scheduling-1] c.p.i.mapper.IntelNewsMapper.selectList  : ==> Parameters: none(String), high(String)
2026-08-22 21:48:54.830 DEBUG 215277 --- [   scheduling-1] c.p.i.mapper.IntelNewsMapper.selectList  : <==      Total: 0
2026-08-22 21:48:54.831 DEBUG 215277 --- [   scheduling-1] c.p.i.mapper.IntelNewsMapper.selectList  : ==>  Preparing: SELECT id,source_code,title,content,region_code,normalized_tags,importance,published_at,push_status,version,deleted,created_at,updated_at FROM intel_news WHERE deleted=false AND (push_status = ? AND importance = ?)
2026-08-22 21:48:54.831 DEBUG 215277 --- [   scheduling-1] c.p.i.mapper.IntelNewsMapper.selectList  : ==> Parameters: none(String), high(String)
2026-08-22 21:48:54.831 DEBUG 215277 --- [   scheduling-1] c.p.i.mapper.IntelNewsMapper.selectList  : <==      Total: 0
2026-08-22 21:48:54.831 DEBUG 215277 --- [   scheduling-1] c.p.i.mapper.IntelNewsMapper.selectList  : ==>  Preparing: SELECT id,source_code,title,content,region_code,normalized_tags,importance,published_at,push_status,version,deleted,created_at,updated_at FROM intel_news WHERE deleted=false AND (push_status = ? AND importance = ?)
2026-08-22 21:48:54.831 DEBUG 215277 --- [   scheduling-1] c.p.i.mapper.IntelNewsMapper.selectList  : ==> Parameters: none(String), high(String)
2026-08-22 21:48:54.832 DEBUG 215277 --- [   scheduling-1] c.p.i.mapper.IntelNewsMapper.selectList  : <==      Total: 0
2026-08-22 21:48:54.832 DEBUG 215277 --- [   scheduling-1] c.p.i.mapper.IntelNewsMapper.selectList  : ==>  Preparing: SELECT id,source_code,title,content,region_code,normalized_tags,importance,published_at,push_status,version,deleted,created_at,updated_at FROM intel_news WHERE deleted=false AND (push_status = ? AND importance = ?)
2026-08-22 21:48:54.832 DEBUG 215277 --- [   scheduling-1] c.p.i.mapper.IntelNewsMapper.selectList  : ==> Parameters: none(String), high(String)
2026-08-22 21:48:54.832 DEBUG 215277 --- [   scheduling-1] c.p.i.mapper.IntelNewsMapper.selectList  : <==      Total: 0
2026-08-22 21:48:54.833 DEBUG 215277 --- [   scheduling-1] c.p.i.mapper.IntelNewsMapper.selectList  : ==>  Preparing: SELECT id,source_code,title,content,region_code,normalized_tags,importance,published_at,push_status,version,deleted,created_at,updated_at FROM intel_news WHERE deleted=false AND (push_status = ? AND importance = ?)
2026-08-22 21:48:54.833 DEBUG 215277 --- [   scheduling-1] c.p.i.mapper.IntelNewsMapper.selectList  : ==> Parameters: none(String), high(String)
2026-08-22 21:48:54.833 DEBUG 215277 --- [   scheduling-1] c.p.i.mapper.IntelNewsMapper.selectList  : <==      Total: 0
2026-08-22 21:48:54.833 DEBUG 215277 --- [   scheduling-1] c.p.i.mapper.IntelNewsMapper.selectList  : ==>  Preparing: SELECT id,source_code,title,content,region_code,normalized_tags,importance,published_at,push_status,version,deleted,created_at,updated_at FROM intel_news WHERE deleted=false AND (push_status = ? AND importance = ?)
2026-08-22 21:48:54.833 DEBUG 215277 --- [   scheduling-1] c.p.i.mapper.IntelNewsMapper.selectList  : ==> Parameters: none(String), high(String)
2026-08-22 21:48:54.834 DEBUG 215277 --- [   scheduling-1] c.p.i.mapper.IntelNewsMapper.selectList  : <==      Total: 0
2026-08-22 21:48:54.834 DEBUG 215277 --- [   scheduling-1] c.p.i.mapper.IntelNewsMapper.selectList  : ==>  Preparing: SELECT id,source_code,title,content,region_code,normalized_tags,importance,published_at,push_status,version,deleted,created_at,updated_at FROM intel_news WHERE deleted=false AND (push_status = ? AND importance = ?)
2026-08-22 21:48:54.834 DEBUG 215277 --- [   scheduling-1] c.p.i.mapper.IntelNewsMapper.selectList  : ==> Parameters: none(String), high(String)
2026-08-22 21:48:54.834 DEBUG 215277 --- [   scheduling-1] c.p.i.mapper.IntelNewsMapper.selectList  : <==      Total: 0
2026-08-22 21:48:54.835 DEBUG 215277 --- [   scheduling-1] c.p.i.mapper.IntelNewsMapper.selectList  : ==>  Preparing: SELECT id,source_code,title,content,region_code,normalized_tags,importance,published_at,push_status,version,deleted,created_at,updated_at FROM intel_news WHERE deleted=false AND (push_status = ? AND importance = ?)
2026-08-22 21:48:54.835 DEBUG 215277 --- [   scheduling-1] c.p.i.mapper.IntelNewsMapper.selectList  : ==> Parameters: none(String), high(String)
2026-08-22 21:48:54.835 DEBUG 215277 --- [   scheduling-1] c.p.i.mapper.IntelNewsMapper.selectList  : <==      Total: 0
2026-08-22 21:48:54.836 DEBUG 215277 --- [   scheduling-1] c.p.i.mapper.IntelNewsMapper.selectList  : ==>  Preparing: SELECT id,source_code,title,content,region_code,normalized_tags,importance,published_at,push_status,version,deleted,created_at,updated_at FROM intel_news WHERE deleted=false AND (push_status = ? AND importance = ?)
2026-08-22 21:48:54.836 DEBUG 215277 --- [   scheduling-1] c.p.i.mapper.IntelNewsMapper.selectList  : ==> Parameters: none(String), high(String)
2026-08-22 21:48:54.836 DEBUG 215277 --- [   scheduling-1] c.p.i.mapper.IntelNewsMapper.selectList  : <==      Total: 0
2026-08-22 21:48:54.836 DEBUG 215277 --- [   scheduling-1] c.p.i.mapper.IntelNewsMapper.selectList  : ==>  Preparing: SELECT id,source_code,title,content,region_code,normalized_tags,importance,published_at,push_status,version,deleted,created_at,updated_at FROM intel_news WHERE deleted=false AND (push_status = ? AND importance = ?)
2026-08-22 21:48:54.836 DEBUG 215277 --- [   scheduling-1] c.p.i.mapper.IntelNewsMapper.selectList  : ==> Parameters: none(String), high(String)
2026-08-22 21:48:54.837 DEBUG 215277 --- [   scheduling-1] c.p.i.mapper.IntelNewsMapper.selectList  : <==      Total: 0
2026-08-22 21:48:54.837 DEBUG 215277 --- [   scheduling-1] c.p.i.mapper.IntelNewsMapper.selectList  : ==>  Preparing: SELECT id,source_code,title,content,region_code,normalized_tags,importance,published_at,push_status,version,deleted,created_at,updated_at FROM intel_news WHERE deleted=false AND (push_status = ? AND importance = ?)
2026-08-22 21:48:54.837 DEBUG 215277 --- [   scheduling-1] c.p.i.mapper.IntelNewsMapper.selectList  : ==> Parameters: none(String), high(String)
2026-08-22 21:48:54.837 DEBUG 215277 --- [   scheduling-1] c.p.i.mapper.IntelNewsMapper.selectList  : <==      Total: 0
2026-08-22 21:48:54.838 DEBUG 215277 --- [   scheduling-1] c.p.i.mapper.IntelNewsMapper.selectList  : ==>  Preparing: SELECT id,source_code,title,content,region_code,normalized_tags,importance,published_at,push_status,version,deleted,created_at,updated_at FROM intel_news WHERE deleted=false AND (push_status = ? AND importance = ?)
2026-08-22 21:48:54.838 DEBUG 215277 --- [   scheduling-1] c.p.i.mapper.IntelNewsMapper.selectList  : ==> Parameters: none(String), high(String)
2026-08-22 21:48:54.838 DEBUG 215277 --- [   scheduling-1] c.p.i.mapper.IntelNewsMapper.selectList  : <==      Total: 0
2026-08-22 21:48:54.838  INFO 215277 --- [   scheduling-1] com.ptidss.intel.service.IntelService    : 情报推送执行完成：匹配情报 0 条，派发消息 0 条，触发决策会话情报重评 0 个
2026-08-22 21:49:03.728 DEBUG 215277 --- [   scheduling-1] c.p.d.m.CollectTaskMapper.selectList     : ==>  Preparing: SELECT id,source_id,task_type,cron_expr,last_run_time,last_status,records_count,error_log,version,deleted,created_at,updated_at FROM collect_task WHERE deleted=false AND (cron_expr IS NOT NULL)
2026-08-22 21:49:03.728 DEBUG 215277 --- [   scheduling-1] c.p.d.m.CollectTaskMapper.selectList     : ==> Parameters: 
2026-08-22 21:49:03.728 DEBUG 215277 --- [   scheduling-1] c.p.d.m.CollectTaskMapper.selectList     : <==      Total: 3
2026-08-22 21:49:14.046 DEBUG 215277 --- [   scheduling-1] c.p.i.m.IntelSourceMapper.selectList     : ==>  Preparing: SELECT id,source_code,source_name,intel_type,fetch_mode,conn_type,conn_config,frequency,status,last_success_at,last_error,consecutive_failures,version,deleted,created_at,updated_at FROM intel_source WHERE deleted=false AND (status = ?)
2026-08-22 21:49:14.046 DEBUG 215277 --- [   scheduling-1] c.p.i.m.IntelSourceMapper.selectList     : ==> Parameters: enabled(String)
2026-08-22 21:49:14.047 DEBUG 215277 --- [   scheduling-1] c.p.i.m.IntelSourceMapper.selectList     : <==      Total: 21
2026-08-22 21:49:14.048  INFO 215277 --- [   scheduling-1] c.p.intel.service.IntelFetchService      : 行情采集执行完成：到期 0 个（成功 0 / 失败 0 / 跳过未到期 21）
2026-08-22 21:49:24.839 DEBUG 215277 --- [   scheduling-1] c.p.i.m.IntelPushRuleMapper.selectList   : ==>  Preparing: SELECT id,rule_name,tags_filter,importance_filter,target_roles,channel,silent_period,status,version,deleted,created_at,updated_at FROM intel_push_rule WHERE deleted=false AND (status = ?)
2026-08-22 21:49:24.839 DEBUG 215277 --- [   scheduling-1] c.p.i.m.IntelPushRuleMapper.selectList   : ==> Parameters: active(String)
2026-08-22 21:49:24.840 DEBUG 215277 --- [   scheduling-1] c.p.i.m.IntelPushRuleMapper.selectList   : <==      Total: 15
2026-08-22 21:49:24.840 DEBUG 215277 --- [   scheduling-1] c.p.i.mapper.IntelNewsMapper.selectList  : ==>  Preparing: SELECT id,source_code,title,content,region_code,normalized_tags,importance,published_at,push_status,version,deleted,created_at,updated_at FROM intel_news WHERE deleted=false AND (push_status = ? AND importance = ?)
2026-08-22 21:49:24.840 DEBUG 215277 --- [   scheduling-1] c.p.i.mapper.IntelNewsMapper.selectList  : ==> Parameters: none(String), high(String)
2026-08-22 21:49:24.841 DEBUG 215277 --- [   scheduling-1] c.p.i.mapper.IntelNewsMapper.selectList  : <==      Total: 0
2026-08-22 21:49:24.841 DEBUG 215277 --- [   scheduling-1] c.p.i.mapper.IntelNewsMapper.selectList  : ==>  Preparing: SELECT id,source_code,title,content,region_code,normalized_tags,importance,published_at,push_status,version,deleted,created_at,updated_at FROM intel_news WHERE deleted=false AND (push_status = ? AND importance = ?)
2026-08-22 21:49:24.841 DEBUG 215277 --- [   scheduling-1] c.p.i.mapper.IntelNewsMapper.selectList  : ==> Parameters: none(String), medium(String)
2026-08-22 21:49:24.844 DEBUG 215277 --- [   scheduling-1] c.p.i.mapper.IntelNewsMapper.selectList  : <==      Total: 309
2026-08-22 21:49:24.844 DEBUG 215277 --- [   scheduling-1] c.p.i.mapper.IntelNewsMapper.selectList  : ==>  Preparing: SELECT id,source_code,title,content,region_code,normalized_tags,importance,published_at,push_status,version,deleted,created_at,updated_at FROM intel_news WHERE deleted=false AND (push_status = ? AND importance = ?)
2026-08-22 21:49:24.844 DEBUG 215277 --- [   scheduling-1] c.p.i.mapper.IntelNewsMapper.selectList  : ==> Parameters: none(String), high(String)
2026-08-22 21:49:24.845 DEBUG 215277 --- [   scheduling-1] c.p.i.mapper.IntelNewsMapper.selectList  : <==      Total: 0
2026-08-22 21:49:24.845 DEBUG 215277 --- [   scheduling-1] c.p.i.mapper.IntelNewsMapper.selectList  : ==>  Preparing: SELECT id,source_code,title,content,region_code,normalized_tags,importance,published_at,push_status,version,deleted,created_at,updated_at FROM intel_news WHERE deleted=false AND (push_status = ? AND importance = ?)
2026-08-22 21:49:24.845 DEBUG 215277 --- [   scheduling-1] c.p.i.mapper.IntelNewsMapper.selectList  : ==> Parameters: none(String), high(String)
2026-08-22 21:49:24.845 DEBUG 215277 --- [   scheduling-1] c.p.i.mapper.IntelNewsMapper.selectList  : <==      Total: 0
2026-08-22 21:49:24.845 DEBUG 215277 --- [   scheduling-1] c.p.i.mapper.IntelNewsMapper.selectList  : ==>  Preparing: SELECT id,source_code,title,content,region_code,normalized_tags,importance,published_at,push_status,version,deleted,created_at,updated_at FROM intel_news WHERE deleted=false AND (push_status = ? AND importance = ?)
2026-08-22 21:49:24.846 DEBUG 215277 --- [   scheduling-1] c.p.i.mapper.IntelNewsMapper.selectList  : ==> Parameters: none(String), high(String)
2026-08-22 21:49:24.846 DEBUG 215277 --- [   scheduling-1] c.p.i.mapper.IntelNewsMapper.selectList  : <==      Total: 0
2026-08-22 21:49:24.846 DEBUG 215277 --- [   scheduling-1] c.p.i.mapper.IntelNewsMapper.selectList  : ==>  Preparing: SELECT id,source_code,title,content,region_code,normalized_tags,importance,published_at,push_status,version,deleted,created_at,updated_at FROM intel_news WHERE deleted=false AND (push_status = ? AND importance = ?)
2026-08-22 21:49:24.846 DEBUG 215277 --- [   scheduling-1] c.p.i.mapper.IntelNewsMapper.selectList  : ==> Parameters: none(String), high(String)
2026-08-22 21:49:24.846 DEBUG 215277 --- [   scheduling-1] c.p.i.mapper.IntelNewsMapper.selectList  : <==      Total: 0
2026-08-22 21:49:24.847 DEBUG 215277 --- [   scheduling-1] c.p.i.mapper.IntelNewsMapper.selectList  : ==>  Preparing: SELECT id,source_code,title,content,region_code,normalized_tags,importance,published_at,push_status,version,deleted,created_at,updated_at FROM intel_news WHERE deleted=false AND (push_status = ? AND importance = ?)
2026-08-22 21:49:24.847 DEBUG 215277 --- [   scheduling-1] c.p.i.mapper.IntelNewsMapper.selectList  : ==> Parameters: none(String), high(String)
2026-08-22 21:49:24.847 DEBUG 215277 --- [   scheduling-1] c.p.i.mapper.IntelNewsMapper.selectList  : <==      Total: 0
2026-08-22 21:49:24.847 DEBUG 215277 --- [   scheduling-1] c.p.i.mapper.IntelNewsMapper.selectList  : ==>  Preparing: SELECT id,source_code,title,content,region_code,normalized_tags,importance,published_at,push_status,version,deleted,created_at,updated_at FROM intel_news WHERE deleted=false AND (push_status = ? AND importance = ?)
2026-08-22 21:49:24.847 DEBUG 215277 --- [   scheduling-1] c.p.i.mapper.IntelNewsMapper.selectList  : ==> Parameters: none(String), high(String)
2026-08-22 21:49:24.848 DEBUG 215277 --- [   scheduling-1] c.p.i.mapper.IntelNewsMapper.selectList  : <==      Total: 0
2026-08-22 21:49:24.848 DEBUG 215277 --- [   scheduling-1] c.p.i.mapper.IntelNewsMapper.selectList  : ==>  Preparing: SELECT id,source_code,title,content,region_code,normalized_tags,importance,published_at,push_status,version,deleted,created_at,updated_at FROM intel_news WHERE deleted=false AND (push_status = ? AND importance = ?)
2026-08-22 21:49:24.848 DEBUG 215277 --- [   scheduling-1] c.p.i.mapper.IntelNewsMapper.selectList  : ==> Parameters: none(String), high(String)
2026-08-22 21:49:24.848 DEBUG 215277 --- [   scheduling-1] c.p.i.mapper.IntelNewsMapper.selectList  : <==      Total: 0
2026-08-22 21:49:24.849 DEBUG 215277 --- [   scheduling-1] c.p.i.mapper.IntelNewsMapper.selectList  : ==>  Preparing: SELECT id,source_code,title,content,region_code,normalized_tags,importance,published_at,push_status,version,deleted,created_at,updated_at FROM intel_news WHERE deleted=false AND (push_status = ? AND importance = ?)
2026-08-22 21:49:24.849 DEBUG 215277 --- [   scheduling-1] c.p.i.mapper.IntelNewsMapper.selectList  : ==> Parameters: none(String), high(String)
2026-08-22 21:49:24.849 DEBUG 215277 --- [   scheduling-1] c.p.i.mapper.IntelNewsMapper.selectList  : <==      Total: 0
2026-08-22 21:49:24.849 DEBUG 215277 --- [   scheduling-1] c.p.i.mapper.IntelNewsMapper.selectList  : ==>  Preparing: SELECT id,source_code,title,content,region_code,normalized_tags,importance,published_at,push_status,version,deleted,created_at,updated_at FROM intel_news WHERE deleted=false AND (push_status = ? AND importance = ?)
2026-08-22 21:49:24.849 DEBUG 215277 --- [   scheduling-1] c.p.i.mapper.IntelNewsMapper.selectList  : ==> Parameters: none(String), high(String)
2026-08-22 21:49:24.850 DEBUG 215277 --- [   scheduling-1] c.p.i.mapper.IntelNewsMapper.selectList  : <==      Total: 0
2026-08-22 21:49:24.850 DEBUG 215277 --- [   scheduling-1] c.p.i.mapper.IntelNewsMapper.selectList  : ==>  Preparing: SELECT id,source_code,title,content,region_code,normalized_tags,importance,published_at,push_status,version,deleted,created_at,updated_at FROM intel_news WHERE deleted=false AND (push_status = ? AND importance = ?)
2026-08-22 21:49:24.850 DEBUG 215277 --- [   scheduling-1] c.p.i.mapper.IntelNewsMapper.selectList  : ==> Parameters: none(String), high(String)
2026-08-22 21:49:24.850 DEBUG 215277 --- [   scheduling-1] c.p.i.mapper.IntelNewsMapper.selectList  : <==      Total: 0
2026-08-22 21:49:24.851 DEBUG 215277 --- [   scheduling-1] c.p.i.mapper.IntelNewsMapper.selectList  : ==>  Preparing: SELECT id,source_code,title,content,region_code,normalized_tags,importance,published_at,push_status,version,deleted,created_at,updated_at FROM intel_news WHERE deleted=false AND (push_status = ? AND importance = ?)
2026-08-22 21:49:24.851 DEBUG 215277 --- [   scheduling-1] c.p.i.mapper.IntelNewsMapper.selectList  : ==> Parameters: none(String), high(String)
2026-08-22 21:49:24.851 DEBUG 215277 --- [   scheduling-1] c.p.i.mapper.IntelNewsMapper.selectList  : <==      Total: 0
2026-08-22 21:49:24.852 DEBUG 215277 --- [   scheduling-1] c.p.i.mapper.IntelNewsMapper.selectList  : ==>  Preparing: SELECT id,source_code,title,content,region_code,normalized_tags,importance,published_at,push_status,version,deleted,created_at,updated_at FROM intel_news WHERE deleted=false AND (push_status = ? AND importance = ?)
2026-08-22 21:49:24.852 DEBUG 215277 --- [   scheduling-1] c.p.i.mapper.IntelNewsMapper.selectList  : ==> Parameters: none(String), high(String)
2026-08-22 21:49:24.852 DEBUG 215277 --- [   scheduling-1] c.p.i.mapper.IntelNewsMapper.selectList  : <==      Total: 0
2026-08-22 21:49:24.852 DEBUG 215277 --- [   scheduling-1] c.p.i.mapper.IntelNewsMapper.selectList  : ==>  Preparing: SELECT id,source_code,title,content,region_code,normalized_tags,importance,published_at,push_status,version,deleted,created_at,updated_at FROM intel_news WHERE deleted=false AND (push_status = ? AND importance = ?)
2026-08-22 21:49:24.852 DEBUG 215277 --- [   scheduling-1] c.p.i.mapper.IntelNewsMapper.selectList  : ==> Parameters: none(String), high(String)
2026-08-22 21:49:24.853 DEBUG 215277 --- [   scheduling-1] c.p.i.mapper.IntelNewsMapper.selectList  : <==      Total: 0
2026-08-22 21:49:24.853  INFO 215277 --- [   scheduling-1] com.ptidss.intel.service.IntelService    : 情报推送执行完成：匹配情报 0 条，派发消息 0 条，触发决策会话情报重评 0 个
2026-08-22 21:49:54.854 DEBUG 215277 --- [   scheduling-1] c.p.i.m.IntelPushRuleMapper.selectList   : ==>  Preparing: SELECT id,rule_name,tags_filter,importance_filter,target_roles,channel,silent_period,status,version,deleted,created_at,updated_at FROM intel_push_rule WHERE deleted=false AND (status = ?)
2026-08-22 21:49:54.854 DEBUG 215277 --- [   scheduling-1] c.p.i.m.IntelPushRuleMapper.selectList   : ==> Parameters: active(String)
2026-08-22 21:49:54.854 DEBUG 215277 --- [   scheduling-1] c.p.i.m.IntelPushRuleMapper.selectList   : <==      Total: 15
2026-08-22 21:49:54.854 DEBUG 215277 --- [   scheduling-1] c.p.i.mapper.IntelNewsMapper.selectList  : ==>  Preparing: SELECT id,source_code,title,content,region_code,normalized_tags,importance,published_at,push_status,version,deleted,created_at,updated_at FROM intel_news WHERE deleted=false AND (push_status = ? AND importance = ?)
2026-08-22 21:49:54.855 DEBUG 215277 --- [   scheduling-1] c.p.i.mapper.IntelNewsMapper.selectList  : ==> Parameters: none(String), high(String)
2026-08-22 21:49:54.855 DEBUG 215277 --- [   scheduling-1] c.p.i.mapper.IntelNewsMapper.selectList  : <==      Total: 0
2026-08-22 21:49:54.855 DEBUG 215277 --- [   scheduling-1] c.p.i.mapper.IntelNewsMapper.selectList  : ==>  Preparing: SELECT id,source_code,title,content,region_code,normalized_tags,importance,published_at,push_status,version,deleted,created_at,updated_at FROM intel_news WHERE deleted=false AND (push_status = ? AND importance = ?)
2026-08-22 21:49:54.855 DEBUG 215277 --- [   scheduling-1] c.p.i.mapper.IntelNewsMapper.selectList  : ==> Parameters: none(String), medium(String)
2026-08-22 21:49:54.858 DEBUG 215277 --- [   scheduling-1] c.p.i.mapper.IntelNewsMapper.selectList  : <==      Total: 309
2026-08-22 21:49:54.859 DEBUG 215277 --- [   scheduling-1] c.p.i.mapper.IntelNewsMapper.selectList  : ==>  Preparing: SELECT id,source_code,title,content,region_code,normalized_tags,importance,published_at,push_status,version,deleted,created_at,updated_at FROM intel_news WHERE deleted=false AND (push_status = ? AND importance = ?)
2026-08-22 21:49:54.859 DEBUG 215277 --- [   scheduling-1] c.p.i.mapper.IntelNewsMapper.selectList  : ==> Parameters: none(String), high(String)
2026-08-22 21:49:54.859 DEBUG 215277 --- [   scheduling-1] c.p.i.mapper.IntelNewsMapper.selectList  : <==      Total: 0
2026-08-22 21:49:54.859 DEBUG 215277 --- [   scheduling-1] c.p.i.mapper.IntelNewsMapper.selectList  : ==>  Preparing: SELECT id,source_code,title,content,region_code,normalized_tags,importance,published_at,push_status,version,deleted,created_at,updated_at FROM intel_news WHERE deleted=false AND (push_status = ? AND importance = ?)
2026-08-22 21:49:54.860 DEBUG 215277 --- [   scheduling-1] c.p.i.mapper.IntelNewsMapper.selectList  : ==> Parameters: none(String), high(String)
2026-08-22 21:49:54.860 DEBUG 215277 --- [   scheduling-1] c.p.i.mapper.IntelNewsMapper.selectList  : <==      Total: 0
2026-08-22 21:49:54.860 DEBUG 215277 --- [   scheduling-1] c.p.i.mapper.IntelNewsMapper.selectList  : ==>  Preparing: SELECT id,source_code,title,content,region_code,normalized_tags,importance,published_at,push_status,version,deleted,created_at,updated_at FROM intel_news WHERE deleted=false AND (push_status = ? AND importance = ?)
2026-08-22 21:49:54.860 DEBUG 215277 --- [   scheduling-1] c.p.i.mapper.IntelNewsMapper.selectList  : ==> Parameters: none(String), high(String)
2026-08-22 21:49:54.861 DEBUG 215277 --- [   scheduling-1] c.p.i.mapper.IntelNewsMapper.selectList  : <==      Total: 0
2026-08-22 21:49:54.861 DEBUG 215277 --- [   scheduling-1] c.p.i.mapper.IntelNewsMapper.selectList  : ==>  Preparing: SELECT id,source_code,title,content,region_code,normalized_tags,importance,published_at,push_status,version,deleted,created_at,updated_at FROM intel_news WHERE deleted=false AND (push_status = ? AND importance = ?)
2026-08-22 21:49:54.861 DEBUG 215277 --- [   scheduling-1] c.p.i.mapper.IntelNewsMapper.selectList  : ==> Parameters: none(String), high(String)
2026-08-22 21:49:54.861 DEBUG 215277 --- [   scheduling-1] c.p.i.mapper.IntelNewsMapper.selectList  : <==      Total: 0
2026-08-22 21:49:54.862 DEBUG 215277 --- [   scheduling-1] c.p.i.mapper.IntelNewsMapper.selectList  : ==>  Preparing: SELECT id,source_code,title,content,region_code,normalized_tags,importance,published_at,push_status,version,deleted,created_at,updated_at FROM intel_news WHERE deleted=false AND (push_status = ? AND importance = ?)
2026-08-22 21:49:54.862 DEBUG 215277 --- [   scheduling-1] c.p.i.mapper.IntelNewsMapper.selectList  : ==> Parameters: none(String), high(String)
2026-08-22 21:49:54.862 DEBUG 215277 --- [   scheduling-1] c.p.i.mapper.IntelNewsMapper.selectList  : <==      Total: 0
2026-08-22 21:49:54.862 DEBUG 215277 --- [   scheduling-1] c.p.i.mapper.IntelNewsMapper.selectList  : ==>  Preparing: SELECT id,source_code,title,content,region_code,normalized_tags,importance,published_at,push_status,version,deleted,created_at,updated_at FROM intel_news WHERE deleted=false AND (push_status = ? AND importance = ?)
2026-08-22 21:49:54.862 DEBUG 215277 --- [   scheduling-1] c.p.i.mapper.IntelNewsMapper.selectList  : ==> Parameters: none(String), high(String)
2026-08-22 21:49:54.863 DEBUG 215277 --- [   scheduling-1] c.p.i.mapper.IntelNewsMapper.selectList  : <==      Total: 0
2026-08-22 21:49:54.863 DEBUG 215277 --- [   scheduling-1] c.p.i.mapper.IntelNewsMapper.selectList  : ==>  Preparing: SELECT id,source_code,title,content,region_code,normalized_tags,importance,published_at,push_status,version,deleted,created_at,updated_at FROM intel_news WHERE deleted=false AND (push_status = ? AND importance = ?)
2026-08-22 21:49:54.863 DEBUG 215277 --- [   scheduling-1] c.p.i.mapper.IntelNewsMapper.selectList  : ==> Parameters: none(String), high(String)
2026-08-22 21:49:54.863 DEBUG 215277 --- [   scheduling-1] c.p.i.mapper.IntelNewsMapper.selectList  : <==      Total: 0
2026-08-22 21:49:54.864 DEBUG 215277 --- [   scheduling-1] c.p.i.mapper.IntelNewsMapper.selectList  : ==>  Preparing: SELECT id,source_code,title,content,region_code,normalized_tags,importance,published_at,push_status,version,deleted,created_at,updated_at FROM intel_news WHERE deleted=false AND (push_status = ? AND importance = ?)
2026-08-22 21:49:54.864 DEBUG 215277 --- [   scheduling-1] c.p.i.mapper.IntelNewsMapper.selectList  : ==> Parameters: none(String), high(String)
2026-08-22 21:49:54.864 DEBUG 215277 --- [   scheduling-1] c.p.i.mapper.IntelNewsMapper.selectList  : <==      Total: 0
2026-08-22 21:49:54.864 DEBUG 215277 --- [   scheduling-1] c.p.i.mapper.IntelNewsMapper.selectList  : ==>  Preparing: SELECT id,source_code,title,content,region_code,normalized_tags,importance,published_at,push_status,version,deleted,created_at,updated_at FROM intel_news WHERE deleted=false AND (push_status = ? AND importance = ?)
2026-08-22 21:49:54.864 DEBUG 215277 --- [   scheduling-1] c.p.i.mapper.IntelNewsMapper.selectList  : ==> Parameters: none(String), high(String)
2026-08-22 21:49:54.864 DEBUG 215277 --- [   scheduling-1] c.p.i.mapper.IntelNewsMapper.selectList  : <==      Total: 0
2026-08-22 21:49:54.865 DEBUG 215277 --- [   scheduling-1] c.p.i.mapper.IntelNewsMapper.selectList  : ==>  Preparing: SELECT id,source_code,title,content,region_code,normalized_tags,importance,published_at,push_status,version,deleted,created_at,updated_at FROM intel_news WHERE deleted=false AND (push_status = ? AND importance = ?)
2026-08-22 21:49:54.865 DEBUG 215277 --- [   scheduling-1] c.p.i.mapper.IntelNewsMapper.selectList  : ==> Parameters: none(String), high(String)
2026-08-22 21:49:54.865 DEBUG 215277 --- [   scheduling-1] c.p.i.mapper.IntelNewsMapper.selectList  : <==      Total: 0
2026-08-22 21:49:54.866 DEBUG 215277 --- [   scheduling-1] c.p.i.mapper.IntelNewsMapper.selectList  : ==>  Preparing: SELECT id,source_code,title,content,region_code,normalized_tags,importance,published_at,push_status,version,deleted,created_at,updated_at FROM intel_news WHERE deleted=false AND (push_status = ? AND importance = ?)
2026-08-22 21:49:54.866 DEBUG 215277 --- [   scheduling-1] c.p.i.mapper.IntelNewsMapper.selectList  : ==> Parameters: none(String), high(String)
2026-08-22 21:49:54.866 DEBUG 215277 --- [   scheduling-1] c.p.i.mapper.IntelNewsMapper.selectList  : <==      Total: 0
2026-08-22 21:49:54.866 DEBUG 215277 --- [   scheduling-1] c.p.i.mapper.IntelNewsMapper.selectList  : ==>  Preparing: SELECT id,source_code,title,content,region_code,normalized_tags,importance,published_at,push_status,version,deleted,created_at,updated_at FROM intel_news WHERE deleted=false AND (push_status = ? AND importance = ?)
2026-08-22 21:49:54.866 DEBUG 215277 --- [   scheduling-1] c.p.i.mapper.IntelNewsMapper.selectList  : ==> Parameters: none(String), high(String)
2026-08-22 21:49:54.867 DEBUG 215277 --- [   scheduling-1] c.p.i.mapper.IntelNewsMapper.selectList  : <==      Total: 0
2026-08-22 21:49:54.867 DEBUG 215277 --- [   scheduling-1] c.p.i.mapper.IntelNewsMapper.selectList  : ==>  Preparing: SELECT id,source_code,title,content,region_code,normalized_tags,importance,published_at,push_status,version,deleted,created_at,updated_at FROM intel_news WHERE deleted=false AND (push_status = ? AND importance = ?)
2026-08-22 21:49:54.867 DEBUG 215277 --- [   scheduling-1] c.p.i.mapper.IntelNewsMapper.selectList  : ==> Parameters: none(String), high(String)
2026-08-22 21:49:54.867 DEBUG 215277 --- [   scheduling-1] c.p.i.mapper.IntelNewsMapper.selectList  : <==      Total: 0
2026-08-22 21:49:54.868  INFO 215277 --- [   scheduling-1] com.ptidss.intel.service.IntelService    : 情报推送执行完成：匹配情报 0 条，派发消息 0 条，触发决策会话情报重评 0 个
2026-08-22 21:50:03.729 DEBUG 215277 --- [   scheduling-1] c.p.d.m.CollectTaskMapper.selectList     : ==>  Preparing: SELECT id,source_id,task_type,cron_expr,last_run_time,last_status,records_count,error_log,version,deleted,created_at,updated_at FROM collect_task WHERE deleted=false AND (cron_expr IS NOT NULL)
2026-08-22 21:50:03.729 DEBUG 215277 --- [   scheduling-1] c.p.d.m.CollectTaskMapper.selectList     : ==> Parameters: 
2026-08-22 21:50:03.730 DEBUG 215277 --- [   scheduling-1] c.p.d.m.CollectTaskMapper.selectList     : <==      Total: 3
2026-08-22 21:50:04.455 DEBUG 215277 --- [nio-9080-exec-1] c.p.s.mapper.SysRegionMapper.selectList  : ==>  Preparing: SELECT id,region_code,region_name,market_support,exchange_channel,settlement_period,status,launch_order,version,deleted,created_at,updated_at FROM sys_region WHERE deleted=false ORDER BY launch_order ASC
2026-08-22 21:50:04.455 DEBUG 215277 --- [nio-9080-exec-3] c.p.s.mapper.SysRoleMapper.selectList    : ==>  Preparing: SELECT id,role_code,role_name,description,status,version,deleted,created_at,updated_at FROM sys_role WHERE deleted=false ORDER BY id ASC
2026-08-22 21:50:04.455 DEBUG 215277 --- [nio-9080-exec-3] c.p.s.mapper.SysRoleMapper.selectList    : ==> Parameters: 
2026-08-22 21:50:04.455 DEBUG 215277 --- [nio-9080-exec-1] c.p.s.mapper.SysRegionMapper.selectList  : ==> Parameters: 
2026-08-22 21:50:04.456 DEBUG 215277 --- [nio-9080-exec-3] c.p.s.mapper.SysRoleMapper.selectList    : <==      Total: 7
2026-08-22 21:50:04.456 DEBUG 215277 --- [nio-9080-exec-3] c.p.s.m.SysRoleRegionMapper.selectList   : ==>  Preparing: SELECT role_id,region_code FROM sys_role_region
2026-08-22 21:50:04.456 DEBUG 215277 --- [nio-9080-exec-2] c.p.s.m.S.selectPage_mpCount             : ==>  Preparing: SELECT COUNT(*) AS total FROM sys_user WHERE deleted = false
2026-08-22 21:50:04.456 DEBUG 215277 --- [nio-9080-exec-3] c.p.s.m.SysRoleRegionMapper.selectList   : ==> Parameters: 
2026-08-22 21:50:04.456 DEBUG 215277 --- [nio-9080-exec-2] c.p.s.m.S.selectPage_mpCount             : ==> Parameters: 
2026-08-22 21:50:04.457 DEBUG 215277 --- [nio-9080-exec-1] c.p.s.mapper.SysRegionMapper.selectList  : <==      Total: 14
2026-08-22 21:50:04.457 DEBUG 215277 --- [nio-9080-exec-3] c.p.s.m.SysRoleRegionMapper.selectList   : <==      Total: 2
2026-08-22 21:50:04.457 DEBUG 215277 --- [nio-9080-exec-2] c.p.s.m.S.selectPage_mpCount             : <==      Total: 1
2026-08-22 21:50:04.457 DEBUG 215277 --- [nio-9080-exec-2] c.p.s.mapper.SysUserMapper.selectPage    : ==>  Preparing: SELECT id,username,display_name,password_hash,role_ids,org_code,phone,email,status,last_login_at,version,deleted,created_at,updated_at FROM sys_user WHERE deleted=false ORDER BY id ASC LIMIT ?
2026-08-22 21:50:04.458 DEBUG 215277 --- [nio-9080-exec-2] c.p.s.mapper.SysUserMapper.selectPage    : ==> Parameters: 10(Long)
2026-08-22 21:50:04.459 DEBUG 215277 --- [nio-9080-exec-2] c.p.s.mapper.SysUserMapper.selectPage    : <==      Total: 4
2026-08-22 21:50:10.241 DEBUG 215277 --- [nio-9080-exec-4] c.p.s.mapper.SysRoleMapper.selectList    : ==>  Preparing: SELECT id,role_code,role_name,description,status,version,deleted,created_at,updated_at FROM sys_role WHERE deleted=false ORDER BY id ASC
2026-08-22 21:50:10.242 DEBUG 215277 --- [nio-9080-exec-4] c.p.s.mapper.SysRoleMapper.selectList    : ==> Parameters: 
2026-08-22 21:50:10.243 DEBUG 215277 --- [nio-9080-exec-4] c.p.s.mapper.SysRoleMapper.selectList    : <==      Total: 7
2026-08-22 21:50:10.243 DEBUG 215277 --- [nio-9080-exec-4] c.p.s.m.SysRoleRegionMapper.selectList   : ==>  Preparing: SELECT role_id,region_code FROM sys_role_region
2026-08-22 21:50:10.243 DEBUG 215277 --- [nio-9080-exec-4] c.p.s.m.SysRoleRegionMapper.selectList   : ==> Parameters: 
2026-08-22 21:50:10.243 DEBUG 215277 --- [nio-9080-exec-6] c.p.s.m.SysPermissionMapper.selectList   : ==>  Preparing: SELECT id,perm_code,perm_name,resource_type,resource_pattern,status,version,deleted,created_at,updated_at FROM sys_permission WHERE deleted=false ORDER BY id ASC
2026-08-22 21:50:10.243 DEBUG 215277 --- [nio-9080-exec-6] c.p.s.m.SysPermissionMapper.selectList   : ==> Parameters: 
2026-08-22 21:50:10.243 DEBUG 215277 --- [nio-9080-exec-4] c.p.s.m.SysRoleRegionMapper.selectList   : <==      Total: 2
2026-08-22 21:50:10.243 DEBUG 215277 --- [nio-9080-exec-6] c.p.s.m.SysPermissionMapper.selectList   : <==      Total: 18
2026-08-22 21:50:14.049 DEBUG 215277 --- [   scheduling-1] c.p.i.m.IntelSourceMapper.selectList     : ==>  Preparing: SELECT id,source_code,source_name,intel_type,fetch_mode,conn_type,conn_config,frequency,status,last_success_at,last_error,consecutive_failures,version,deleted,created_at,updated_at FROM intel_source WHERE deleted=false AND (status = ?)
2026-08-22 21:50:14.049 DEBUG 215277 --- [   scheduling-1] c.p.i.m.IntelSourceMapper.selectList     : ==> Parameters: enabled(String)
2026-08-22 21:50:14.049 DEBUG 215277 --- [   scheduling-1] c.p.i.m.IntelSourceMapper.selectList     : <==      Total: 21
2026-08-22 21:50:14.050  INFO 215277 --- [   scheduling-1] c.p.intel.service.IntelFetchService      : 行情采集执行完成：到期 0 个（成功 0 / 失败 0 / 跳过未到期 21）
2026-08-22 21:50:24.868 DEBUG 215277 --- [   scheduling-1] c.p.i.m.IntelPushRuleMapper.selectList   : ==>  Preparing: SELECT id,rule_name,tags_filter,importance_filter,target_roles,channel,silent_period,status,version,deleted,created_at,updated_at FROM intel_push_rule WHERE deleted=false AND (status = ?)
2026-08-22 21:50:24.868 DEBUG 215277 --- [   scheduling-1] c.p.i.m.IntelPushRuleMapper.selectList   : ==> Parameters: active(String)
2026-08-22 21:50:24.869 DEBUG 215277 --- [   scheduling-1] c.p.i.m.IntelPushRuleMapper.selectList   : <==      Total: 15
2026-08-22 21:50:24.869 DEBUG 215277 --- [   scheduling-1] c.p.i.mapper.IntelNewsMapper.selectList  : ==>  Preparing: SELECT id,source_code,title,content,region_code,normalized_tags,importance,published_at,push_status,version,deleted,created_at,updated_at FROM intel_news WHERE deleted=false AND (push_status = ? AND importance = ?)
2026-08-22 21:50:24.869 DEBUG 215277 --- [   scheduling-1] c.p.i.mapper.IntelNewsMapper.selectList  : ==> Parameters: none(String), high(String)
2026-08-22 21:50:24.869 DEBUG 215277 --- [   scheduling-1] c.p.i.mapper.IntelNewsMapper.selectList  : <==      Total: 0
2026-08-22 21:50:24.870 DEBUG 215277 --- [   scheduling-1] c.p.i.mapper.IntelNewsMapper.selectList  : ==>  Preparing: SELECT id,source_code,title,content,region_code,normalized_tags,importance,published_at,push_status,version,deleted,created_at,updated_at FROM intel_news WHERE deleted=false AND (push_status = ? AND importance = ?)
2026-08-22 21:50:24.870 DEBUG 215277 --- [   scheduling-1] c.p.i.mapper.IntelNewsMapper.selectList  : ==> Parameters: none(String), medium(String)
2026-08-22 21:50:24.873 DEBUG 215277 --- [   scheduling-1] c.p.i.mapper.IntelNewsMapper.selectList  : <==      Total: 309
2026-08-22 21:50:24.874 DEBUG 215277 --- [   scheduling-1] c.p.i.mapper.IntelNewsMapper.selectList  : ==>  Preparing: SELECT id,source_code,title,content,region_code,normalized_tags,importance,published_at,push_status,version,deleted,created_at,updated_at FROM intel_news WHERE deleted=false AND (push_status = ? AND importance = ?)
2026-08-22 21:50:24.874 DEBUG 215277 --- [   scheduling-1] c.p.i.mapper.IntelNewsMapper.selectList  : ==> Parameters: none(String), high(String)
2026-08-22 21:50:24.874 DEBUG 215277 --- [   scheduling-1] c.p.i.mapper.IntelNewsMapper.selectList  : <==      Total: 0
2026-08-22 21:50:24.874 DEBUG 215277 --- [   scheduling-1] c.p.i.mapper.IntelNewsMapper.selectList  : ==>  Preparing: SELECT id,source_code,title,content,region_code,normalized_tags,importance,published_at,push_status,version,deleted,created_at,updated_at FROM intel_news WHERE deleted=false AND (push_status = ? AND importance = ?)
2026-08-22 21:50:24.874 DEBUG 215277 --- [   scheduling-1] c.p.i.mapper.IntelNewsMapper.selectList  : ==> Parameters: none(String), high(String)
2026-08-22 21:50:24.875 DEBUG 215277 --- [   scheduling-1] c.p.i.mapper.IntelNewsMapper.selectList  : <==      Total: 0
2026-08-22 21:50:24.875 DEBUG 215277 --- [   scheduling-1] c.p.i.mapper.IntelNewsMapper.selectList  : ==>  Preparing: SELECT id,source_code,title,content,region_code,normalized_tags,importance,published_at,push_status,version,deleted,created_at,updated_at FROM intel_news WHERE deleted=false AND (push_status = ? AND importance = ?)
2026-08-22 21:50:24.875 DEBUG 215277 --- [   scheduling-1] c.p.i.mapper.IntelNewsMapper.selectList  : ==> Parameters: none(String), high(String)
2026-08-22 21:50:24.875 DEBUG 215277 --- [   scheduling-1] c.p.i.mapper.IntelNewsMapper.selectList  : <==      Total: 0
2026-08-22 21:50:24.875 DEBUG 215277 --- [   scheduling-1] c.p.i.mapper.IntelNewsMapper.selectList  : ==>  Preparing: SELECT id,source_code,title,content,region_code,normalized_tags,importance,published_at,push_status,version,deleted,created_at,updated_at FROM intel_news WHERE deleted=false AND (push_status = ? AND importance = ?)
2026-08-22 21:50:24.875 DEBUG 215277 --- [   scheduling-1] c.p.i.mapper.IntelNewsMapper.selectList  : ==> Parameters: none(String), high(String)
2026-08-22 21:50:24.876 DEBUG 215277 --- [   scheduling-1] c.p.i.mapper.IntelNewsMapper.selectList  : <==      Total: 0
2026-08-22 21:50:24.876 DEBUG 215277 --- [   scheduling-1] c.p.i.mapper.IntelNewsMapper.selectList  : ==>  Preparing: SELECT id,source_code,title,content,region_code,normalized_tags,importance,published_at,push_status,version,deleted,created_at,updated_at FROM intel_news WHERE deleted=false AND (push_status = ? AND importance = ?)
2026-08-22 21:50:24.876 DEBUG 215277 --- [   scheduling-1] c.p.i.mapper.IntelNewsMapper.selectList  : ==> Parameters: none(String), high(String)
2026-08-22 21:50:24.876 DEBUG 215277 --- [   scheduling-1] c.p.i.mapper.IntelNewsMapper.selectList  : <==      Total: 0
2026-08-22 21:50:24.877 DEBUG 215277 --- [   scheduling-1] c.p.i.mapper.IntelNewsMapper.selectList  : ==>  Preparing: SELECT id,source_code,title,content,region_code,normalized_tags,importance,published_at,push_status,version,deleted,created_at,updated_at FROM intel_news WHERE deleted=false AND (push_status = ? AND importance = ?)
2026-08-22 21:50:24.877 DEBUG 215277 --- [   scheduling-1] c.p.i.mapper.IntelNewsMapper.selectList  : ==> Parameters: none(String), high(String)
2026-08-22 21:50:24.877 DEBUG 215277 --- [   scheduling-1] c.p.i.mapper.IntelNewsMapper.selectList  : <==      Total: 0
2026-08-22 21:50:24.878 DEBUG 215277 --- [   scheduling-1] c.p.i.mapper.IntelNewsMapper.selectList  : ==>  Preparing: SELECT id,source_code,title,content,region_code,normalized_tags,importance,published_at,push_status,version,deleted,created_at,updated_at FROM intel_news WHERE deleted=false AND (push_status = ? AND importance = ?)
2026-08-22 21:50:24.878 DEBUG 215277 --- [   scheduling-1] c.p.i.mapper.IntelNewsMapper.selectList  : ==> Parameters: none(String), high(String)
2026-08-22 21:50:24.878 DEBUG 215277 --- [   scheduling-1] c.p.i.mapper.IntelNewsMapper.selectList  : <==      Total: 0
2026-08-22 21:50:24.878 DEBUG 215277 --- [   scheduling-1] c.p.i.mapper.IntelNewsMapper.selectList  : ==>  Preparing: SELECT id,source_code,title,content,region_code,normalized_tags,importance,published_at,push_status,version,deleted,created_at,updated_at FROM intel_news WHERE deleted=false AND (push_status = ? AND importance = ?)
2026-08-22 21:50:24.878 DEBUG 215277 --- [   scheduling-1] c.p.i.mapper.IntelNewsMapper.selectList  : ==> Parameters: none(String), high(String)
2026-08-22 21:50:24.878 DEBUG 215277 --- [   scheduling-1] c.p.i.mapper.IntelNewsMapper.selectList  : <==      Total: 0
2026-08-22 21:50:24.879 DEBUG 215277 --- [   scheduling-1] c.p.i.mapper.IntelNewsMapper.selectList  : ==>  Preparing: SELECT id,source_code,title,content,region_code,normalized_tags,importance,published_at,push_status,version,deleted,created_at,updated_at FROM intel_news WHERE deleted=false AND (push_status = ? AND importance = ?)
2026-08-22 21:50:24.879 DEBUG 215277 --- [   scheduling-1] c.p.i.mapper.IntelNewsMapper.selectList  : ==> Parameters: none(String), high(String)
2026-08-22 21:50:24.879 DEBUG 215277 --- [   scheduling-1] c.p.i.mapper.IntelNewsMapper.selectList  : <==      Total: 0
2026-08-22 21:50:24.879 DEBUG 215277 --- [   scheduling-1] c.p.i.mapper.IntelNewsMapper.selectList  : ==>  Preparing: SELECT id,source_code,title,content,region_code,normalized_tags,importance,published_at,push_status,version,deleted,created_at,updated_at FROM intel_news WHERE deleted=false AND (push_status = ? AND importance = ?)
2026-08-22 21:50:24.879 DEBUG 215277 --- [   scheduling-1] c.p.i.mapper.IntelNewsMapper.selectList  : ==> Parameters: none(String), high(String)
2026-08-22 21:50:24.880 DEBUG 215277 --- [   scheduling-1] c.p.i.mapper.IntelNewsMapper.selectList  : <==      Total: 0
2026-08-22 21:50:24.880 DEBUG 215277 --- [   scheduling-1] c.p.i.mapper.IntelNewsMapper.selectList  : ==>  Preparing: SELECT id,source_code,title,content,region_code,normalized_tags,importance,published_at,push_status,version,deleted,created_at,updated_at FROM intel_news WHERE deleted=false AND (push_status = ? AND importance = ?)
2026-08-22 21:50:24.880 DEBUG 215277 --- [   scheduling-1] c.p.i.mapper.IntelNewsMapper.selectList  : ==> Parameters: none(String), high(String)
2026-08-22 21:50:24.881 DEBUG 215277 --- [   scheduling-1] c.p.i.mapper.IntelNewsMapper.selectList  : <==      Total: 0
2026-08-22 21:50:24.881 DEBUG 215277 --- [   scheduling-1] c.p.i.mapper.IntelNewsMapper.selectList  : ==>  Preparing: SELECT id,source_code,title,content,region_code,normalized_tags,importance,published_at,push_status,version,deleted,created_at,updated_at FROM intel_news WHERE deleted=false AND (push_status = ? AND importance = ?)
2026-08-22 21:50:24.881 DEBUG 215277 --- [   scheduling-1] c.p.i.mapper.IntelNewsMapper.selectList  : ==> Parameters: none(String), high(String)
2026-08-22 21:50:24.881 DEBUG 215277 --- [   scheduling-1] c.p.i.mapper.IntelNewsMapper.selectList  : <==      Total: 0
2026-08-22 21:50:24.882 DEBUG 215277 --- [   scheduling-1] c.p.i.mapper.IntelNewsMapper.selectList  : ==>  Preparing: SELECT id,source_code,title,content,region_code,normalized_tags,importance,published_at,push_status,version,deleted,created_at,updated_at FROM intel_news WHERE deleted=false AND (push_status = ? AND importance = ?)
2026-08-22 21:50:24.882 DEBUG 215277 --- [   scheduling-1] c.p.i.mapper.IntelNewsMapper.selectList  : ==> Parameters: none(String), high(String)
2026-08-22 21:50:24.882 DEBUG 215277 --- [   scheduling-1] c.p.i.mapper.IntelNewsMapper.selectList  : <==      Total: 0
2026-08-22 21:50:24.882  INFO 215277 --- [   scheduling-1] com.ptidss.intel.service.IntelService    : 情报推送执行完成：匹配情报 0 条，派发消息 0 条，触发决策会话情报重评 0 个
2026-08-22 21:50:30.072 DEBUG 215277 --- [nio-9080-exec-5] c.p.s.mapper.SysRoleMapper.updateById    : ==>  Preparing: UPDATE sys_role SET role_code=?, role_name=?, description=?, status=?, updated_at=? WHERE id=? AND deleted=false
2026-08-22 21:50:30.073 DEBUG 215277 --- [nio-9080-exec-5] c.p.s.mapper.SysRoleMapper.updateById    : ==> Parameters: manager(String), 经理(String), 审批/报表/考核(String), active(String), 2026-08-22 21:50:30.072(Timestamp), 5(Long)
2026-08-22 21:50:30.074 DEBUG 215277 --- [nio-9080-exec-5] c.p.s.mapper.SysRoleMapper.updateById    : <==    Updates: 1
2026-08-22 21:50:30.074 DEBUG 215277 --- [nio-9080-exec-5] c.p.s.mapper.SysRoleRegionMapper.delete  : ==>  Preparing: DELETE FROM sys_role_region WHERE (role_id = ?)
2026-08-22 21:50:30.074 DEBUG 215277 --- [nio-9080-exec-5] c.p.s.mapper.SysRoleRegionMapper.delete  : ==> Parameters: 5(Long)
2026-08-22 21:50:30.075 DEBUG 215277 --- [nio-9080-exec-5] c.p.s.mapper.SysRoleRegionMapper.delete  : <==    Updates: 2
2026-08-22 21:50:30.075 DEBUG 215277 --- [nio-9080-exec-5] c.p.s.mapper.SysRoleRegionMapper.insert  : ==>  Preparing: INSERT INTO sys_role_region ( role_id, region_code ) VALUES ( ?, ? )
2026-08-22 21:50:30.075 DEBUG 215277 --- [nio-9080-exec-5] c.p.s.mapper.SysRoleRegionMapper.insert  : ==> Parameters: 5(Long), CN-32(String)
2026-08-22 21:50:30.075 DEBUG 215277 --- [nio-9080-exec-5] c.p.s.mapper.SysRoleRegionMapper.insert  : <==    Updates: 1
2026-08-22 21:50:30.079 DEBUG 215277 --- [nio-9080-exec-5] c.p.system.mapper.AuditLogMapper.insert  : ==>  Preparing: INSERT INTO audit_log ( id, trace_id, user_id, username, action, target_type, target_id, after_snapshot, ip, user_agent, result, region_code, created_at ) VALUES ( ?, ?, ?, ?, ?, ?, ?, ?, ?, ?, ?, ?, ? )
2026-08-22 21:50:30.080 DEBUG 215277 --- [nio-9080-exec-5] c.p.system.mapper.AuditLogMapper.insert  : ==> Parameters: 216916946128605184(Long), 91f227b15ce14fc8(String), 1(Long), admin(String), role_update(String), sys_role(String), SysRole(id=5, roleCode=manager, roleName=经理, description=审批/报表/考(String), [{"description":"审批/报表/考核","id":5,"regionCodes":["CN-32"],"roleCode":"manager","roleName":"经理","status":"active","updatedAt":"2026-08-22T21:50:30.072+08:00"}](String), 127.0.0.1(String), Mozilla/5.0 (X11; Linux x86_64) AppleWebKit/537.36 (KHTML, like Gecko) Qoder/1.23.0 Chrome/148.0.7778.97 Electron/42.2.0 Safari/537.36(String), success(String), CN-11(String), 2026-08-22 21:50:30.079(Timestamp)
2026-08-22 21:50:30.081 DEBUG 215277 --- [nio-9080-exec-5] c.p.system.mapper.AuditLogMapper.insert  : <==    Updates: 1
2026-08-22 21:50:30.093 DEBUG 215277 --- [nio-9080-exec-8] c.p.s.mapper.SysRoleMapper.selectList    : ==>  Preparing: SELECT id,role_code,role_name,description,status,version,deleted,created_at,updated_at FROM sys_role WHERE deleted=false ORDER BY id ASC
2026-08-22 21:50:30.093 DEBUG 215277 --- [nio-9080-exec-8] c.p.s.mapper.SysRoleMapper.selectList    : ==> Parameters: 
2026-08-22 21:50:30.093 DEBUG 215277 --- [nio-9080-exec-8] c.p.s.mapper.SysRoleMapper.selectList    : <==      Total: 7
2026-08-22 21:50:30.094 DEBUG 215277 --- [nio-9080-exec-8] c.p.s.m.SysRoleRegionMapper.selectList   : ==>  Preparing: SELECT role_id,region_code FROM sys_role_region
2026-08-22 21:50:30.094 DEBUG 215277 --- [nio-9080-exec-8] c.p.s.m.SysRoleRegionMapper.selectList   : ==> Parameters: 
2026-08-22 21:50:30.094 DEBUG 215277 --- [nio-9080-exec-8] c.p.s.m.SysRoleRegionMapper.selectList   : <==      Total: 1
2026-08-22 21:50:54.883 DEBUG 215277 --- [   scheduling-1] c.p.i.m.IntelPushRuleMapper.selectList   : ==>  Preparing: SELECT id,rule_name,tags_filter,importance_filter,target_roles,channel,silent_period,status,version,deleted,created_at,updated_at FROM intel_push_rule WHERE deleted=false AND (status = ?)
2026-08-22 21:50:54.883 DEBUG 215277 --- [   scheduling-1] c.p.i.m.IntelPushRuleMapper.selectList   : ==> Parameters: active(String)
2026-08-22 21:50:54.883 DEBUG 215277 --- [   scheduling-1] c.p.i.m.IntelPushRuleMapper.selectList   : <==      Total: 15
2026-08-22 21:50:54.884 DEBUG 215277 --- [   scheduling-1] c.p.i.mapper.IntelNewsMapper.selectList  : ==>  Preparing: SELECT id,source_code,title,content,region_code,normalized_tags,importance,published_at,push_status,version,deleted,created_at,updated_at FROM intel_news WHERE deleted=false AND (push_status = ? AND importance = ?)
2026-08-22 21:50:54.884 DEBUG 215277 --- [   scheduling-1] c.p.i.mapper.IntelNewsMapper.selectList  : ==> Parameters: none(String), high(String)
2026-08-22 21:50:54.884 DEBUG 215277 --- [   scheduling-1] c.p.i.mapper.IntelNewsMapper.selectList  : <==      Total: 0
2026-08-22 21:50:54.884 DEBUG 215277 --- [   scheduling-1] c.p.i.mapper.IntelNewsMapper.selectList  : ==>  Preparing: SELECT id,source_code,title,content,region_code,normalized_tags,importance,published_at,push_status,version,deleted,created_at,updated_at FROM intel_news WHERE deleted=false AND (push_status = ? AND importance = ?)
2026-08-22 21:50:54.884 DEBUG 215277 --- [   scheduling-1] c.p.i.mapper.IntelNewsMapper.selectList  : ==> Parameters: none(String), medium(String)
2026-08-22 21:50:54.886 DEBUG 215277 --- [   scheduling-1] c.p.i.mapper.IntelNewsMapper.selectList  : <==      Total: 309
2026-08-22 21:50:54.887 DEBUG 215277 --- [   scheduling-1] c.p.i.mapper.IntelNewsMapper.selectList  : ==>  Preparing: SELECT id,source_code,title,content,region_code,normalized_tags,importance,published_at,push_status,version,deleted,created_at,updated_at FROM intel_news WHERE deleted=false AND (push_status = ? AND importance = ?)
2026-08-22 21:50:54.887 DEBUG 215277 --- [   scheduling-1] c.p.i.mapper.IntelNewsMapper.selectList  : ==> Parameters: none(String), high(String)
2026-08-22 21:50:54.887 DEBUG 215277 --- [   scheduling-1] c.p.i.mapper.IntelNewsMapper.selectList  : <==      Total: 0
2026-08-22 21:50:54.887 DEBUG 215277 --- [   scheduling-1] c.p.i.mapper.IntelNewsMapper.selectList  : ==>  Preparing: SELECT id,source_code,title,content,region_code,normalized_tags,importance,published_at,push_status,version,deleted,created_at,updated_at FROM intel_news WHERE deleted=false AND (push_status = ? AND importance = ?)
2026-08-22 21:50:54.887 DEBUG 215277 --- [   scheduling-1] c.p.i.mapper.IntelNewsMapper.selectList  : ==> Parameters: none(String), high(String)
2026-08-22 21:50:54.887 DEBUG 215277 --- [   scheduling-1] c.p.i.mapper.IntelNewsMapper.selectList  : <==      Total: 0
2026-08-22 21:50:54.888 DEBUG 215277 --- [   scheduling-1] c.p.i.mapper.IntelNewsMapper.selectList  : ==>  Preparing: SELECT id,source_code,title,content,region_code,normalized_tags,importance,published_at,push_status,version,deleted,created_at,updated_at FROM intel_news WHERE deleted=false AND (push_status = ? AND importance = ?)
2026-08-22 21:50:54.888 DEBUG 215277 --- [   scheduling-1] c.p.i.mapper.IntelNewsMapper.selectList  : ==> Parameters: none(String), high(String)
2026-08-22 21:50:54.888 DEBUG 215277 --- [   scheduling-1] c.p.i.mapper.IntelNewsMapper.selectList  : <==      Total: 0
2026-08-22 21:50:54.888 DEBUG 215277 --- [   scheduling-1] c.p.i.mapper.IntelNewsMapper.selectList  : ==>  Preparing: SELECT id,source_code,title,content,region_code,normalized_tags,importance,published_at,push_status,version,deleted,created_at,updated_at FROM intel_news WHERE deleted=false AND (push_status = ? AND importance = ?)
2026-08-22 21:50:54.888 DEBUG 215277 --- [   scheduling-1] c.p.i.mapper.IntelNewsMapper.selectList  : ==> Parameters: none(String), high(String)
2026-08-22 21:50:54.888 DEBUG 215277 --- [   scheduling-1] c.p.i.mapper.IntelNewsMapper.selectList  : <==      Total: 0
2026-08-22 21:50:54.889 DEBUG 215277 --- [   scheduling-1] c.p.i.mapper.IntelNewsMapper.selectList  : ==>  Preparing: SELECT id,source_code,title,content,region_code,normalized_tags,importance,published_at,push_status,version,deleted,created_at,updated_at FROM intel_news WHERE deleted=false AND (push_status = ? AND importance = ?)
2026-08-22 21:50:54.889 DEBUG 215277 --- [   scheduling-1] c.p.i.mapper.IntelNewsMapper.selectList  : ==> Parameters: none(String), high(String)
2026-08-22 21:50:54.889 DEBUG 215277 --- [   scheduling-1] c.p.i.mapper.IntelNewsMapper.selectList  : <==      Total: 0
2026-08-22 21:50:54.889 DEBUG 215277 --- [   scheduling-1] c.p.i.mapper.IntelNewsMapper.selectList  : ==>  Preparing: SELECT id,source_code,title,content,region_code,normalized_tags,importance,published_at,push_status,version,deleted,created_at,updated_at FROM intel_news WHERE deleted=false AND (push_status = ? AND importance = ?)
2026-08-22 21:50:54.889 DEBUG 215277 --- [   scheduling-1] c.p.i.mapper.IntelNewsMapper.selectList  : ==> Parameters: none(String), high(String)
2026-08-22 21:50:54.889 DEBUG 215277 --- [   scheduling-1] c.p.i.mapper.IntelNewsMapper.selectList  : <==      Total: 0
2026-08-22 21:50:54.890 DEBUG 215277 --- [   scheduling-1] c.p.i.mapper.IntelNewsMapper.selectList  : ==>  Preparing: SELECT id,source_code,title,content,region_code,normalized_tags,importance,published_at,push_status,version,deleted,created_at,updated_at FROM intel_news WHERE deleted=false AND (push_status = ? AND importance = ?)
2026-08-22 21:50:54.890 DEBUG 215277 --- [   scheduling-1] c.p.i.mapper.IntelNewsMapper.selectList  : ==> Parameters: none(String), high(String)
2026-08-22 21:50:54.890 DEBUG 215277 --- [   scheduling-1] c.p.i.mapper.IntelNewsMapper.selectList  : <==      Total: 0
2026-08-22 21:50:54.890 DEBUG 215277 --- [   scheduling-1] c.p.i.mapper.IntelNewsMapper.selectList  : ==>  Preparing: SELECT id,source_code,title,content,region_code,normalized_tags,importance,published_at,push_status,version,deleted,created_at,updated_at FROM intel_news WHERE deleted=false AND (push_status = ? AND importance = ?)
2026-08-22 21:50:54.890 DEBUG 215277 --- [   scheduling-1] c.p.i.mapper.IntelNewsMapper.selectList  : ==> Parameters: none(String), high(String)
2026-08-22 21:50:54.891 DEBUG 215277 --- [   scheduling-1] c.p.i.mapper.IntelNewsMapper.selectList  : <==      Total: 0
2026-08-22 21:50:54.891 DEBUG 215277 --- [   scheduling-1] c.p.i.mapper.IntelNewsMapper.selectList  : ==>  Preparing: SELECT id,source_code,title,content,region_code,normalized_tags,importance,published_at,push_status,version,deleted,created_at,updated_at FROM intel_news WHERE deleted=false AND (push_status = ? AND importance = ?)
2026-08-22 21:50:54.891 DEBUG 215277 --- [   scheduling-1] c.p.i.mapper.IntelNewsMapper.selectList  : ==> Parameters: none(String), high(String)
2026-08-22 21:50:54.891 DEBUG 215277 --- [   scheduling-1] c.p.i.mapper.IntelNewsMapper.selectList  : <==      Total: 0
2026-08-22 21:50:54.891 DEBUG 215277 --- [   scheduling-1] c.p.i.mapper.IntelNewsMapper.selectList  : ==>  Preparing: SELECT id,source_code,title,content,region_code,normalized_tags,importance,published_at,push_status,version,deleted,created_at,updated_at FROM intel_news WHERE deleted=false AND (push_status = ? AND importance = ?)
2026-08-22 21:50:54.891 DEBUG 215277 --- [   scheduling-1] c.p.i.mapper.IntelNewsMapper.selectList  : ==> Parameters: none(String), high(String)
2026-08-22 21:50:54.892 DEBUG 215277 --- [   scheduling-1] c.p.i.mapper.IntelNewsMapper.selectList  : <==      Total: 0
2026-08-22 21:50:54.892 DEBUG 215277 --- [   scheduling-1] c.p.i.mapper.IntelNewsMapper.selectList  : ==>  Preparing: SELECT id,source_code,title,content,region_code,normalized_tags,importance,published_at,push_status,version,deleted,created_at,updated_at FROM intel_news WHERE deleted=false AND (push_status = ? AND importance = ?)
2026-08-22 21:50:54.892 DEBUG 215277 --- [   scheduling-1] c.p.i.mapper.IntelNewsMapper.selectList  : ==> Parameters: none(String), high(String)
2026-08-22 21:50:54.892 DEBUG 215277 --- [   scheduling-1] c.p.i.mapper.IntelNewsMapper.selectList  : <==      Total: 0
2026-08-22 21:50:54.893 DEBUG 215277 --- [   scheduling-1] c.p.i.mapper.IntelNewsMapper.selectList  : ==>  Preparing: SELECT id,source_code,title,content,region_code,normalized_tags,importance,published_at,push_status,version,deleted,created_at,updated_at FROM intel_news WHERE deleted=false AND (push_status = ? AND importance = ?)
2026-08-22 21:50:54.893 DEBUG 215277 --- [   scheduling-1] c.p.i.mapper.IntelNewsMapper.selectList  : ==> Parameters: none(String), high(String)
2026-08-22 21:50:54.893 DEBUG 215277 --- [   scheduling-1] c.p.i.mapper.IntelNewsMapper.selectList  : <==      Total: 0
2026-08-22 21:50:54.893 DEBUG 215277 --- [   scheduling-1] c.p.i.mapper.IntelNewsMapper.selectList  : ==>  Preparing: SELECT id,source_code,title,content,region_code,normalized_tags,importance,published_at,push_status,version,deleted,created_at,updated_at FROM intel_news WHERE deleted=false AND (push_status = ? AND importance = ?)
2026-08-22 21:50:54.893 DEBUG 215277 --- [   scheduling-1] c.p.i.mapper.IntelNewsMapper.selectList  : ==> Parameters: none(String), high(String)
2026-08-22 21:50:54.893 DEBUG 215277 --- [   scheduling-1] c.p.i.mapper.IntelNewsMapper.selectList  : <==      Total: 0
2026-08-22 21:50:54.893  INFO 215277 --- [   scheduling-1] com.ptidss.intel.service.IntelService    : 情报推送执行完成：匹配情报 0 条，派发消息 0 条，触发决策会话情报重评 0 个
2026-08-22 21:51:03.731 DEBUG 215277 --- [   scheduling-1] c.p.d.m.CollectTaskMapper.selectList     : ==>  Preparing: SELECT id,source_id,task_type,cron_expr,last_run_time,last_status,records_count,error_log,version,deleted,created_at,updated_at FROM collect_task WHERE deleted=false AND (cron_expr IS NOT NULL)
2026-08-22 21:51:03.731 DEBUG 215277 --- [   scheduling-1] c.p.d.m.CollectTaskMapper.selectList     : ==> Parameters: 
2026-08-22 21:51:03.731 DEBUG 215277 --- [   scheduling-1] c.p.d.m.CollectTaskMapper.selectList     : <==      Total: 3
2026-08-22 21:51:14.050 DEBUG 215277 --- [   scheduling-1] c.p.i.m.IntelSourceMapper.selectList     : ==>  Preparing: SELECT id,source_code,source_name,intel_type,fetch_mode,conn_type,conn_config,frequency,status,last_success_at,last_error,consecutive_failures,version,deleted,created_at,updated_at FROM intel_source WHERE deleted=false AND (status = ?)
2026-08-22 21:51:14.050 DEBUG 215277 --- [   scheduling-1] c.p.i.m.IntelSourceMapper.selectList     : ==> Parameters: enabled(String)
2026-08-22 21:51:14.051 DEBUG 215277 --- [   scheduling-1] c.p.i.m.IntelSourceMapper.selectList     : <==      Total: 21
2026-08-22 21:51:14.051  INFO 215277 --- [   scheduling-1] c.p.intel.service.IntelFetchService      : 行情采集执行完成：到期 0 个（成功 0 / 失败 0 / 跳过未到期 21）
2026-08-22 21:51:24.894 DEBUG 215277 --- [   scheduling-1] c.p.i.m.IntelPushRuleMapper.selectList   : ==>  Preparing: SELECT id,rule_name,tags_filter,importance_filter,target_roles,channel,silent_period,status,version,deleted,created_at,updated_at FROM intel_push_rule WHERE deleted=false AND (status = ?)
2026-08-22 21:51:24.894 DEBUG 215277 --- [   scheduling-1] c.p.i.m.IntelPushRuleMapper.selectList   : ==> Parameters: active(String)
2026-08-22 21:51:24.895 DEBUG 215277 --- [   scheduling-1] c.p.i.m.IntelPushRuleMapper.selectList   : <==      Total: 15
2026-08-22 21:51:24.895 DEBUG 215277 --- [   scheduling-1] c.p.i.mapper.IntelNewsMapper.selectList  : ==>  Preparing: SELECT id,source_code,title,content,region_code,normalized_tags,importance,published_at,push_status,version,deleted,created_at,updated_at FROM intel_news WHERE deleted=false AND (push_status = ? AND importance = ?)
2026-08-22 21:51:24.895 DEBUG 215277 --- [   scheduling-1] c.p.i.mapper.IntelNewsMapper.selectList  : ==> Parameters: none(String), high(String)
2026-08-22 21:51:24.896 DEBUG 215277 --- [   scheduling-1] c.p.i.mapper.IntelNewsMapper.selectList  : <==      Total: 0
2026-08-22 21:51:24.896 DEBUG 215277 --- [   scheduling-1] c.p.i.mapper.IntelNewsMapper.selectList  : ==>  Preparing: SELECT id,source_code,title,content,region_code,normalized_tags,importance,published_at,push_status,version,deleted,created_at,updated_at FROM intel_news WHERE deleted=false AND (push_status = ? AND importance = ?)
2026-08-22 21:51:24.896 DEBUG 215277 --- [   scheduling-1] c.p.i.mapper.IntelNewsMapper.selectList  : ==> Parameters: none(String), medium(String)
2026-08-22 21:51:24.900 DEBUG 215277 --- [   scheduling-1] c.p.i.mapper.IntelNewsMapper.selectList  : <==      Total: 309
2026-08-22 21:51:24.901 DEBUG 215277 --- [   scheduling-1] c.p.i.mapper.IntelNewsMapper.selectList  : ==>  Preparing: SELECT id,source_code,title,content,region_code,normalized_tags,importance,published_at,push_status,version,deleted,created_at,updated_at FROM intel_news WHERE deleted=false AND (push_status = ? AND importance = ?)
2026-08-22 21:51:24.901 DEBUG 215277 --- [   scheduling-1] c.p.i.mapper.IntelNewsMapper.selectList  : ==> Parameters: none(String), high(String)
2026-08-22 21:51:24.902 DEBUG 215277 --- [   scheduling-1] c.p.i.mapper.IntelNewsMapper.selectList  : <==      Total: 0
2026-08-22 21:51:24.902 DEBUG 215277 --- [   scheduling-1] c.p.i.mapper.IntelNewsMapper.selectList  : ==>  Preparing: SELECT id,source_code,title,content,region_code,normalized_tags,importance,published_at,push_status,version,deleted,created_at,updated_at FROM intel_news WHERE deleted=false AND (push_status = ? AND importance = ?)
2026-08-22 21:51:24.902 DEBUG 215277 --- [   scheduling-1] c.p.i.mapper.IntelNewsMapper.selectList  : ==> Parameters: none(String), high(String)
2026-08-22 21:51:24.902 DEBUG 215277 --- [   scheduling-1] c.p.i.mapper.IntelNewsMapper.selectList  : <==      Total: 0
2026-08-22 21:51:24.903 DEBUG 215277 --- [   scheduling-1] c.p.i.mapper.IntelNewsMapper.selectList  : ==>  Preparing: SELECT id,source_code,title,content,region_code,normalized_tags,importance,published_at,push_status,version,deleted,created_at,updated_at FROM intel_news WHERE deleted=false AND (push_status = ? AND importance = ?)
2026-08-22 21:51:24.903 DEBUG 215277 --- [   scheduling-1] c.p.i.mapper.IntelNewsMapper.selectList  : ==> Parameters: none(String), high(String)
2026-08-22 21:51:24.903 DEBUG 215277 --- [   scheduling-1] c.p.i.mapper.IntelNewsMapper.selectList  : <==      Total: 0
2026-08-22 21:51:24.903 DEBUG 215277 --- [   scheduling-1] c.p.i.mapper.IntelNewsMapper.selectList  : ==>  Preparing: SELECT id,source_code,title,content,region_code,normalized_tags,importance,published_at,push_status,version,deleted,created_at,updated_at FROM intel_news WHERE deleted=false AND (push_status = ? AND importance = ?)
2026-08-22 21:51:24.903 DEBUG 215277 --- [   scheduling-1] c.p.i.mapper.IntelNewsMapper.selectList  : ==> Parameters: none(String), high(String)
2026-08-22 21:51:24.904 DEBUG 215277 --- [   scheduling-1] c.p.i.mapper.IntelNewsMapper.selectList  : <==      Total: 0
2026-08-22 21:51:24.904 DEBUG 215277 --- [   scheduling-1] c.p.i.mapper.IntelNewsMapper.selectList  : ==>  Preparing: SELECT id,source_code,title,content,region_code,normalized_tags,importance,published_at,push_status,version,deleted,created_at,updated_at FROM intel_news WHERE deleted=false AND (push_status = ? AND importance = ?)
2026-08-22 21:51:24.904 DEBUG 215277 --- [   scheduling-1] c.p.i.mapper.IntelNewsMapper.selectList  : ==> Parameters: none(String), high(String)
2026-08-22 21:51:24.904 DEBUG 215277 --- [   scheduling-1] c.p.i.mapper.IntelNewsMapper.selectList  : <==      Total: 0
2026-08-22 21:51:24.905 DEBUG 215277 --- [   scheduling-1] c.p.i.mapper.IntelNewsMapper.selectList  : ==>  Preparing: SELECT id,source_code,title,content,region_code,normalized_tags,importance,published_at,push_status,version,deleted,created_at,updated_at FROM intel_news WHERE deleted=false AND (push_status = ? AND importance = ?)
2026-08-22 21:51:24.905 DEBUG 215277 --- [   scheduling-1] c.p.i.mapper.IntelNewsMapper.selectList  : ==> Parameters: none(String), high(String)
2026-08-22 21:51:24.905 DEBUG 215277 --- [   scheduling-1] c.p.i.mapper.IntelNewsMapper.selectList  : <==      Total: 0
2026-08-22 21:51:24.906 DEBUG 215277 --- [   scheduling-1] c.p.i.mapper.IntelNewsMapper.selectList  : ==>  Preparing: SELECT id,source_code,title,content,region_code,normalized_tags,importance,published_at,push_status,version,deleted,created_at,updated_at FROM intel_news WHERE deleted=false AND (push_status = ? AND importance = ?)
2026-08-22 21:51:24.906 DEBUG 215277 --- [   scheduling-1] c.p.i.mapper.IntelNewsMapper.selectList  : ==> Parameters: none(String), high(String)
2026-08-22 21:51:24.906 DEBUG 215277 --- [   scheduling-1] c.p.i.mapper.IntelNewsMapper.selectList  : <==      Total: 0
2026-08-22 21:51:24.907 DEBUG 215277 --- [   scheduling-1] c.p.i.mapper.IntelNewsMapper.selectList  : ==>  Preparing: SELECT id,source_code,title,content,region_code,normalized_tags,importance,published_at,push_status,version,deleted,created_at,updated_at FROM intel_news WHERE deleted=false AND (push_status = ? AND importance = ?)
2026-08-22 21:51:24.907 DEBUG 215277 --- [   scheduling-1] c.p.i.mapper.IntelNewsMapper.selectList  : ==> Parameters: none(String), high(String)
2026-08-22 21:51:24.907 DEBUG 215277 --- [   scheduling-1] c.p.i.mapper.IntelNewsMapper.selectList  : <==      Total: 0
2026-08-22 21:51:24.908 DEBUG 215277 --- [   scheduling-1] c.p.i.mapper.IntelNewsMapper.selectList  : ==>  Preparing: SELECT id,source_code,title,content,region_code,normalized_tags,importance,published_at,push_status,version,deleted,created_at,updated_at FROM intel_news WHERE deleted=false AND (push_status = ? AND importance = ?)
2026-08-22 21:51:24.908 DEBUG 215277 --- [   scheduling-1] c.p.i.mapper.IntelNewsMapper.selectList  : ==> Parameters: none(String), high(String)
2026-08-22 21:51:24.908 DEBUG 215277 --- [   scheduling-1] c.p.i.mapper.IntelNewsMapper.selectList  : <==      Total: 0
2026-08-22 21:51:24.908 DEBUG 215277 --- [   scheduling-1] c.p.i.mapper.IntelNewsMapper.selectList  : ==>  Preparing: SELECT id,source_code,title,content,region_code,normalized_tags,importance,published_at,push_status,version,deleted,created_at,updated_at FROM intel_news WHERE deleted=false AND (push_status = ? AND importance = ?)
2026-08-22 21:51:24.908 DEBUG 215277 --- [   scheduling-1] c.p.i.mapper.IntelNewsMapper.selectList  : ==> Parameters: none(String), high(String)
2026-08-22 21:51:24.909 DEBUG 215277 --- [   scheduling-1] c.p.i.mapper.IntelNewsMapper.selectList  : <==      Total: 0
2026-08-22 21:51:24.909 DEBUG 215277 --- [   scheduling-1] c.p.i.mapper.IntelNewsMapper.selectList  : ==>  Preparing: SELECT id,source_code,title,content,region_code,normalized_tags,importance,published_at,push_status,version,deleted,created_at,updated_at FROM intel_news WHERE deleted=false AND (push_status = ? AND importance = ?)
2026-08-22 21:51:24.909 DEBUG 215277 --- [   scheduling-1] c.p.i.mapper.IntelNewsMapper.selectList  : ==> Parameters: none(String), high(String)
2026-08-22 21:51:24.909 DEBUG 215277 --- [   scheduling-1] c.p.i.mapper.IntelNewsMapper.selectList  : <==      Total: 0
2026-08-22 21:51:24.910 DEBUG 215277 --- [   scheduling-1] c.p.i.mapper.IntelNewsMapper.selectList  : ==>  Preparing: SELECT id,source_code,title,content,region_code,normalized_tags,importance,published_at,push_status,version,deleted,created_at,updated_at FROM intel_news WHERE deleted=false AND (push_status = ? AND importance = ?)
2026-08-22 21:51:24.910 DEBUG 215277 --- [   scheduling-1] c.p.i.mapper.IntelNewsMapper.selectList  : ==> Parameters: none(String), high(String)
2026-08-22 21:51:24.910 DEBUG 215277 --- [   scheduling-1] c.p.i.mapper.IntelNewsMapper.selectList  : <==      Total: 0
2026-08-22 21:51:24.911 DEBUG 215277 --- [   scheduling-1] c.p.i.mapper.IntelNewsMapper.selectList  : ==>  Preparing: SELECT id,source_code,title,content,region_code,normalized_tags,importance,published_at,push_status,version,deleted,created_at,updated_at FROM intel_news WHERE deleted=false AND (push_status = ? AND importance = ?)
2026-08-22 21:51:24.911 DEBUG 215277 --- [   scheduling-1] c.p.i.mapper.IntelNewsMapper.selectList  : ==> Parameters: none(String), high(String)
2026-08-22 21:51:24.911 DEBUG 215277 --- [   scheduling-1] c.p.i.mapper.IntelNewsMapper.selectList  : <==      Total: 0
2026-08-22 21:51:24.911  INFO 215277 --- [   scheduling-1] com.ptidss.intel.service.IntelService    : 情报推送执行完成：匹配情报 0 条，派发消息 0 条，触发决策会话情报重评 0 个
2026-08-22 21:51:49.447 DEBUG 215277 --- [nio-9080-exec-3] c.p.s.mapper.SysRegionMapper.selectList  : ==>  Preparing: SELECT id,region_code,region_name,market_support,exchange_channel,settlement_period,status,launch_order,version,deleted,created_at,updated_at FROM sys_region WHERE deleted=false ORDER BY launch_order ASC
2026-08-22 21:51:49.447 DEBUG 215277 --- [io-9080-exec-10] c.p.s.mapper.SysRoleMapper.selectList    : ==>  Preparing: SELECT id,role_code,role_name,description,status,version,deleted,created_at,updated_at FROM sys_role WHERE deleted=false ORDER BY id ASC
2026-08-22 21:51:49.447 DEBUG 215277 --- [io-9080-exec-10] c.p.s.mapper.SysRoleMapper.selectList    : ==> Parameters: 
2026-08-22 21:51:49.447 DEBUG 215277 --- [nio-9080-exec-3] c.p.s.mapper.SysRegionMapper.selectList  : ==> Parameters: 
2026-08-22 21:51:49.448 DEBUG 215277 --- [io-9080-exec-10] c.p.s.mapper.SysRoleMapper.selectList    : <==      Total: 7
2026-08-22 21:51:49.448 DEBUG 215277 --- [io-9080-exec-10] c.p.s.m.SysRoleRegionMapper.selectList   : ==>  Preparing: SELECT role_id,region_code FROM sys_role_region
2026-08-22 21:51:49.448 DEBUG 215277 --- [io-9080-exec-10] c.p.s.m.SysRoleRegionMapper.selectList   : ==> Parameters: 
2026-08-22 21:51:49.448 DEBUG 215277 --- [nio-9080-exec-3] c.p.s.mapper.SysRegionMapper.selectList  : <==      Total: 14
2026-08-22 21:51:49.448 DEBUG 215277 --- [io-9080-exec-10] c.p.s.m.SysRoleRegionMapper.selectList   : <==      Total: 1
2026-08-22 21:51:49.448 DEBUG 215277 --- [nio-9080-exec-7] c.p.s.m.S.selectPage_mpCount             : ==>  Preparing: SELECT COUNT(*) AS total FROM sys_user WHERE deleted = false
2026-08-22 21:51:49.449 DEBUG 215277 --- [nio-9080-exec-7] c.p.s.m.S.selectPage_mpCount             : ==> Parameters: 
2026-08-22 21:51:49.449 DEBUG 215277 --- [nio-9080-exec-7] c.p.s.m.S.selectPage_mpCount             : <==      Total: 1
2026-08-22 21:51:49.449 DEBUG 215277 --- [nio-9080-exec-7] c.p.s.mapper.SysUserMapper.selectPage    : ==>  Preparing: SELECT id,username,display_name,password_hash,role_ids,org_code,phone,email,status,last_login_at,version,deleted,created_at,updated_at FROM sys_user WHERE deleted=false ORDER BY id ASC LIMIT ?
2026-08-22 21:51:49.449 DEBUG 215277 --- [nio-9080-exec-7] c.p.s.mapper.SysUserMapper.selectPage    : ==> Parameters: 10(Long)
2026-08-22 21:51:49.450 DEBUG 215277 --- [nio-9080-exec-7] c.p.s.mapper.SysUserMapper.selectPage    : <==      Total: 4
2026-08-22 21:51:54.912 DEBUG 215277 --- [   scheduling-1] c.p.i.m.IntelPushRuleMapper.selectList   : ==>  Preparing: SELECT id,rule_name,tags_filter,importance_filter,target_roles,channel,silent_period,status,version,deleted,created_at,updated_at FROM intel_push_rule WHERE deleted=false AND (status = ?)
2026-08-22 21:51:54.912 DEBUG 215277 --- [   scheduling-1] c.p.i.m.IntelPushRuleMapper.selectList   : ==> Parameters: active(String)
2026-08-22 21:51:54.913 DEBUG 215277 --- [   scheduling-1] c.p.i.m.IntelPushRuleMapper.selectList   : <==      Total: 15
2026-08-22 21:51:54.913 DEBUG 215277 --- [   scheduling-1] c.p.i.mapper.IntelNewsMapper.selectList  : ==>  Preparing: SELECT id,source_code,title,content,region_code,normalized_tags,importance,published_at,push_status,version,deleted,created_at,updated_at FROM intel_news WHERE deleted=false AND (push_status = ? AND importance = ?)
2026-08-22 21:51:54.913 DEBUG 215277 --- [   scheduling-1] c.p.i.mapper.IntelNewsMapper.selectList  : ==> Parameters: none(String), high(String)
2026-08-22 21:51:54.913 DEBUG 215277 --- [   scheduling-1] c.p.i.mapper.IntelNewsMapper.selectList  : <==      Total: 0
2026-08-22 21:51:54.914 DEBUG 215277 --- [   scheduling-1] c.p.i.mapper.IntelNewsMapper.selectList  : ==>  Preparing: SELECT id,source_code,title,content,region_code,normalized_tags,importance,published_at,push_status,version,deleted,created_at,updated_at FROM intel_news WHERE deleted=false AND (push_status = ? AND importance = ?)
2026-08-22 21:51:54.914 DEBUG 215277 --- [   scheduling-1] c.p.i.mapper.IntelNewsMapper.selectList  : ==> Parameters: none(String), medium(String)
2026-08-22 21:51:54.918 DEBUG 215277 --- [   scheduling-1] c.p.i.mapper.IntelNewsMapper.selectList  : <==      Total: 309
2026-08-22 21:51:54.918 DEBUG 215277 --- [   scheduling-1] c.p.i.mapper.IntelNewsMapper.selectList  : ==>  Preparing: SELECT id,source_code,title,content,region_code,normalized_tags,importance,published_at,push_status,version,deleted,created_at,updated_at FROM intel_news WHERE deleted=false AND (push_status = ? AND importance = ?)
2026-08-22 21:51:54.918 DEBUG 215277 --- [   scheduling-1] c.p.i.mapper.IntelNewsMapper.selectList  : ==> Parameters: none(String), high(String)
2026-08-22 21:51:54.919 DEBUG 215277 --- [   scheduling-1] c.p.i.mapper.IntelNewsMapper.selectList  : <==      Total: 0
2026-08-22 21:51:54.919 DEBUG 215277 --- [   scheduling-1] c.p.i.mapper.IntelNewsMapper.selectList  : ==>  Preparing: SELECT id,source_code,title,content,region_code,normalized_tags,importance,published_at,push_status,version,deleted,created_at,updated_at FROM intel_news WHERE deleted=false AND (push_status = ? AND importance = ?)
2026-08-22 21:51:54.919 DEBUG 215277 --- [   scheduling-1] c.p.i.mapper.IntelNewsMapper.selectList  : ==> Parameters: none(String), high(String)
2026-08-22 21:51:54.919 DEBUG 215277 --- [   scheduling-1] c.p.i.mapper.IntelNewsMapper.selectList  : <==      Total: 0
2026-08-22 21:51:54.920 DEBUG 215277 --- [   scheduling-1] c.p.i.mapper.IntelNewsMapper.selectList  : ==>  Preparing: SELECT id,source_code,title,content,region_code,normalized_tags,importance,published_at,push_status,version,deleted,created_at,updated_at FROM intel_news WHERE deleted=false AND (push_status = ? AND importance = ?)
2026-08-22 21:51:54.920 DEBUG 215277 --- [   scheduling-1] c.p.i.mapper.IntelNewsMapper.selectList  : ==> Parameters: none(String), high(String)
2026-08-22 21:51:54.920 DEBUG 215277 --- [   scheduling-1] c.p.i.mapper.IntelNewsMapper.selectList  : <==      Total: 0
2026-08-22 21:51:54.920 DEBUG 215277 --- [   scheduling-1] c.p.i.mapper.IntelNewsMapper.selectList  : ==>  Preparing: SELECT id,source_code,title,content,region_code,normalized_tags,importance,published_at,push_status,version,deleted,created_at,updated_at FROM intel_news WHERE deleted=false AND (push_status = ? AND importance = ?)
2026-08-22 21:51:54.921 DEBUG 215277 --- [   scheduling-1] c.p.i.mapper.IntelNewsMapper.selectList  : ==> Parameters: none(String), high(String)
2026-08-22 21:51:54.921 DEBUG 215277 --- [   scheduling-1] c.p.i.mapper.IntelNewsMapper.selectList  : <==      Total: 0
2026-08-22 21:51:54.921 DEBUG 215277 --- [   scheduling-1] c.p.i.mapper.IntelNewsMapper.selectList  : ==>  Preparing: SELECT id,source_code,title,content,region_code,normalized_tags,importance,published_at,push_status,version,deleted,created_at,updated_at FROM intel_news WHERE deleted=false AND (push_status = ? AND importance = ?)
2026-08-22 21:51:54.921 DEBUG 215277 --- [   scheduling-1] c.p.i.mapper.IntelNewsMapper.selectList  : ==> Parameters: none(String), high(String)
2026-08-22 21:51:54.922 DEBUG 215277 --- [   scheduling-1] c.p.i.mapper.IntelNewsMapper.selectList  : <==      Total: 0
2026-08-22 21:51:54.922 DEBUG 215277 --- [   scheduling-1] c.p.i.mapper.IntelNewsMapper.selectList  : ==>  Preparing: SELECT id,source_code,title,content,region_code,normalized_tags,importance,published_at,push_status,version,deleted,created_at,updated_at FROM intel_news WHERE deleted=false AND (push_status = ? AND importance = ?)
2026-08-22 21:51:54.922 DEBUG 215277 --- [   scheduling-1] c.p.i.mapper.IntelNewsMapper.selectList  : ==> Parameters: none(String), high(String)
2026-08-22 21:51:54.923 DEBUG 215277 --- [   scheduling-1] c.p.i.mapper.IntelNewsMapper.selectList  : <==      Total: 0
2026-08-22 21:51:54.923 DEBUG 215277 --- [   scheduling-1] c.p.i.mapper.IntelNewsMapper.selectList  : ==>  Preparing: SELECT id,source_code,title,content,region_code,normalized_tags,importance,published_at,push_status,version,deleted,created_at,updated_at FROM intel_news WHERE deleted=false AND (push_status = ? AND importance = ?)
2026-08-22 21:51:54.923 DEBUG 215277 --- [   scheduling-1] c.p.i.mapper.IntelNewsMapper.selectList  : ==> Parameters: none(String), high(String)
2026-08-22 21:51:54.923 DEBUG 215277 --- [   scheduling-1] c.p.i.mapper.IntelNewsMapper.selectList  : <==      Total: 0
2026-08-22 21:51:54.924 DEBUG 215277 --- [   scheduling-1] c.p.i.mapper.IntelNewsMapper.selectList  : ==>  Preparing: SELECT id,source_code,title,content,region_code,normalized_tags,importance,published_at,push_status,version,deleted,created_at,updated_at FROM intel_news WHERE deleted=false AND (push_status = ? AND importance = ?)
2026-08-22 21:51:54.924 DEBUG 215277 --- [   scheduling-1] c.p.i.mapper.IntelNewsMapper.selectList  : ==> Parameters: none(String), high(String)
2026-08-22 21:51:54.924 DEBUG 215277 --- [   scheduling-1] c.p.i.mapper.IntelNewsMapper.selectList  : <==      Total: 0
2026-08-22 21:51:54.924 DEBUG 215277 --- [   scheduling-1] c.p.i.mapper.IntelNewsMapper.selectList  : ==>  Preparing: SELECT id,source_code,title,content,region_code,normalized_tags,importance,published_at,push_status,version,deleted,created_at,updated_at FROM intel_news WHERE deleted=false AND (push_status = ? AND importance = ?)
2026-08-22 21:51:54.925 DEBUG 215277 --- [   scheduling-1] c.p.i.mapper.IntelNewsMapper.selectList  : ==> Parameters: none(String), high(String)
2026-08-22 21:51:54.925 DEBUG 215277 --- [   scheduling-1] c.p.i.mapper.IntelNewsMapper.selectList  : <==      Total: 0
2026-08-22 21:51:54.925 DEBUG 215277 --- [   scheduling-1] c.p.i.mapper.IntelNewsMapper.selectList  : ==>  Preparing: SELECT id,source_code,title,content,region_code,normalized_tags,importance,published_at,push_status,version,deleted,created_at,updated_at FROM intel_news WHERE deleted=false AND (push_status = ? AND importance = ?)
2026-08-22 21:51:54.925 DEBUG 215277 --- [   scheduling-1] c.p.i.mapper.IntelNewsMapper.selectList  : ==> Parameters: none(String), high(String)
2026-08-22 21:51:54.925 DEBUG 215277 --- [   scheduling-1] c.p.i.mapper.IntelNewsMapper.selectList  : <==      Total: 0
2026-08-22 21:51:54.926 DEBUG 215277 --- [   scheduling-1] c.p.i.mapper.IntelNewsMapper.selectList  : ==>  Preparing: SELECT id,source_code,title,content,region_code,normalized_tags,importance,published_at,push_status,version,deleted,created_at,updated_at FROM intel_news WHERE deleted=false AND (push_status = ? AND importance = ?)
2026-08-22 21:51:54.926 DEBUG 215277 --- [   scheduling-1] c.p.i.mapper.IntelNewsMapper.selectList  : ==> Parameters: none(String), high(String)
2026-08-22 21:51:54.926 DEBUG 215277 --- [   scheduling-1] c.p.i.mapper.IntelNewsMapper.selectList  : <==      Total: 0
2026-08-22 21:51:54.927 DEBUG 215277 --- [   scheduling-1] c.p.i.mapper.IntelNewsMapper.selectList  : ==>  Preparing: SELECT id,source_code,title,content,region_code,normalized_tags,importance,published_at,push_status,version,deleted,created_at,updated_at FROM intel_news WHERE deleted=false AND (push_status = ? AND importance = ?)
2026-08-22 21:51:54.927 DEBUG 215277 --- [   scheduling-1] c.p.i.mapper.IntelNewsMapper.selectList  : ==> Parameters: none(String), high(String)
2026-08-22 21:51:54.927 DEBUG 215277 --- [   scheduling-1] c.p.i.mapper.IntelNewsMapper.selectList  : <==      Total: 0
2026-08-22 21:51:54.927 DEBUG 215277 --- [   scheduling-1] c.p.i.mapper.IntelNewsMapper.selectList  : ==>  Preparing: SELECT id,source_code,title,content,region_code,normalized_tags,importance,published_at,push_status,version,deleted,created_at,updated_at FROM intel_news WHERE deleted=false AND (push_status = ? AND importance = ?)
2026-08-22 21:51:54.927 DEBUG 215277 --- [   scheduling-1] c.p.i.mapper.IntelNewsMapper.selectList  : ==> Parameters: none(String), high(String)
2026-08-22 21:51:54.928 DEBUG 215277 --- [   scheduling-1] c.p.i.mapper.IntelNewsMapper.selectList  : <==      Total: 0
2026-08-22 21:51:54.928  INFO 215277 --- [   scheduling-1] com.ptidss.intel.service.IntelService    : 情报推送执行完成：匹配情报 0 条，派发消息 0 条，触发决策会话情报重评 0 个
2026-08-22 21:52:03.732 DEBUG 215277 --- [   scheduling-1] c.p.d.m.CollectTaskMapper.selectList     : ==>  Preparing: SELECT id,source_id,task_type,cron_expr,last_run_time,last_status,records_count,error_log,version,deleted,created_at,updated_at FROM collect_task WHERE deleted=false AND (cron_expr IS NOT NULL)
2026-08-22 21:52:03.732 DEBUG 215277 --- [   scheduling-1] c.p.d.m.CollectTaskMapper.selectList     : ==> Parameters: 
2026-08-22 21:52:03.732 DEBUG 215277 --- [   scheduling-1] c.p.d.m.CollectTaskMapper.selectList     : <==      Total: 3
2026-08-22 21:52:14.052 DEBUG 215277 --- [   scheduling-1] c.p.i.m.IntelSourceMapper.selectList     : ==>  Preparing: SELECT id,source_code,source_name,intel_type,fetch_mode,conn_type,conn_config,frequency,status,last_success_at,last_error,consecutive_failures,version,deleted,created_at,updated_at FROM intel_source WHERE deleted=false AND (status = ?)
2026-08-22 21:52:14.052 DEBUG 215277 --- [   scheduling-1] c.p.i.m.IntelSourceMapper.selectList     : ==> Parameters: enabled(String)
2026-08-22 21:52:14.053 DEBUG 215277 --- [   scheduling-1] c.p.i.m.IntelSourceMapper.selectList     : <==      Total: 21
2026-08-22 21:52:14.053  INFO 215277 --- [   scheduling-1] c.p.intel.service.IntelFetchService      : 行情采集执行完成：到期 0 个（成功 0 / 失败 0 / 跳过未到期 21）
2026-08-22 21:52:24.929 DEBUG 215277 --- [   scheduling-1] c.p.i.m.IntelPushRuleMapper.selectList   : ==>  Preparing: SELECT id,rule_name,tags_filter,importance_filter,target_roles,channel,silent_period,status,version,deleted,created_at,updated_at FROM intel_push_rule WHERE deleted=false AND (status = ?)
2026-08-22 21:52:24.929 DEBUG 215277 --- [   scheduling-1] c.p.i.m.IntelPushRuleMapper.selectList   : ==> Parameters: active(String)
2026-08-22 21:52:24.929 DEBUG 215277 --- [   scheduling-1] c.p.i.m.IntelPushRuleMapper.selectList   : <==      Total: 15
2026-08-22 21:52:24.930 DEBUG 215277 --- [   scheduling-1] c.p.i.mapper.IntelNewsMapper.selectList  : ==>  Preparing: SELECT id,source_code,title,content,region_code,normalized_tags,importance,published_at,push_status,version,deleted,created_at,updated_at FROM intel_news WHERE deleted=false AND (push_status = ? AND importance = ?)
2026-08-22 21:52:24.930 DEBUG 215277 --- [   scheduling-1] c.p.i.mapper.IntelNewsMapper.selectList  : ==> Parameters: none(String), high(String)
2026-08-22 21:52:24.930 DEBUG 215277 --- [   scheduling-1] c.p.i.mapper.IntelNewsMapper.selectList  : <==      Total: 0
2026-08-22 21:52:24.931 DEBUG 215277 --- [   scheduling-1] c.p.i.mapper.IntelNewsMapper.selectList  : ==>  Preparing: SELECT id,source_code,title,content,region_code,normalized_tags,importance,published_at,push_status,version,deleted,created_at,updated_at FROM intel_news WHERE deleted=false AND (push_status = ? AND importance = ?)
2026-08-22 21:52:24.931 DEBUG 215277 --- [   scheduling-1] c.p.i.mapper.IntelNewsMapper.selectList  : ==> Parameters: none(String), medium(String)
2026-08-22 21:52:24.935 DEBUG 215277 --- [   scheduling-1] c.p.i.mapper.IntelNewsMapper.selectList  : <==      Total: 309
2026-08-22 21:52:24.936 DEBUG 215277 --- [   scheduling-1] c.p.i.mapper.IntelNewsMapper.selectList  : ==>  Preparing: SELECT id,source_code,title,content,region_code,normalized_tags,importance,published_at,push_status,version,deleted,created_at,updated_at FROM intel_news WHERE deleted=false AND (push_status = ? AND importance = ?)
2026-08-22 21:52:24.936 DEBUG 215277 --- [   scheduling-1] c.p.i.mapper.IntelNewsMapper.selectList  : ==> Parameters: none(String), high(String)
2026-08-22 21:52:24.936 DEBUG 215277 --- [   scheduling-1] c.p.i.mapper.IntelNewsMapper.selectList  : <==      Total: 0
2026-08-22 21:52:24.936 DEBUG 215277 --- [   scheduling-1] c.p.i.mapper.IntelNewsMapper.selectList  : ==>  Preparing: SELECT id,source_code,title,content,region_code,normalized_tags,importance,published_at,push_status,version,deleted,created_at,updated_at FROM intel_news WHERE deleted=false AND (push_status = ? AND importance = ?)
2026-08-22 21:52:24.936 DEBUG 215277 --- [   scheduling-1] c.p.i.mapper.IntelNewsMapper.selectList  : ==> Parameters: none(String), high(String)
2026-08-22 21:52:24.937 DEBUG 215277 --- [   scheduling-1] c.p.i.mapper.IntelNewsMapper.selectList  : <==      Total: 0
2026-08-22 21:52:24.937 DEBUG 215277 --- [   scheduling-1] c.p.i.mapper.IntelNewsMapper.selectList  : ==>  Preparing: SELECT id,source_code,title,content,region_code,normalized_tags,importance,published_at,push_status,version,deleted,created_at,updated_at FROM intel_news WHERE deleted=false AND (push_status = ? AND importance = ?)
2026-08-22 21:52:24.937 DEBUG 215277 --- [   scheduling-1] c.p.i.mapper.IntelNewsMapper.selectList  : ==> Parameters: none(String), high(String)
2026-08-22 21:52:24.937 DEBUG 215277 --- [   scheduling-1] c.p.i.mapper.IntelNewsMapper.selectList  : <==      Total: 0
2026-08-22 21:52:24.938 DEBUG 215277 --- [   scheduling-1] c.p.i.mapper.IntelNewsMapper.selectList  : ==>  Preparing: SELECT id,source_code,title,content,region_code,normalized_tags,importance,published_at,push_status,version,deleted,created_at,updated_at FROM intel_news WHERE deleted=false AND (push_status = ? AND importance = ?)
2026-08-22 21:52:24.938 DEBUG 215277 --- [   scheduling-1] c.p.i.mapper.IntelNewsMapper.selectList  : ==> Parameters: none(String), high(String)
2026-08-22 21:52:24.938 DEBUG 215277 --- [   scheduling-1] c.p.i.mapper.IntelNewsMapper.selectList  : <==      Total: 0
2026-08-22 21:52:24.938 DEBUG 215277 --- [   scheduling-1] c.p.i.mapper.IntelNewsMapper.selectList  : ==>  Preparing: SELECT id,source_code,title,content,region_code,normalized_tags,importance,published_at,push_status,version,deleted,created_at,updated_at FROM intel_news WHERE deleted=false AND (push_status = ? AND importance = ?)
2026-08-22 21:52:24.938 DEBUG 215277 --- [   scheduling-1] c.p.i.mapper.IntelNewsMapper.selectList  : ==> Parameters: none(String), high(String)
2026-08-22 21:52:24.939 DEBUG 215277 --- [   scheduling-1] c.p.i.mapper.IntelNewsMapper.selectList  : <==      Total: 0
2026-08-22 21:52:24.939 DEBUG 215277 --- [   scheduling-1] c.p.i.mapper.IntelNewsMapper.selectList  : ==>  Preparing: SELECT id,source_code,title,content,region_code,normalized_tags,importance,published_at,push_status,version,deleted,created_at,updated_at FROM intel_news WHERE deleted=false AND (push_status = ? AND importance = ?)
2026-08-22 21:52:24.939 DEBUG 215277 --- [   scheduling-1] c.p.i.mapper.IntelNewsMapper.selectList  : ==> Parameters: none(String), high(String)
2026-08-22 21:52:24.939 DEBUG 215277 --- [   scheduling-1] c.p.i.mapper.IntelNewsMapper.selectList  : <==      Total: 0
2026-08-22 21:52:24.940 DEBUG 215277 --- [   scheduling-1] c.p.i.mapper.IntelNewsMapper.selectList  : ==>  Preparing: SELECT id,source_code,title,content,region_code,normalized_tags,importance,published_at,push_status,version,deleted,created_at,updated_at FROM intel_news WHERE deleted=false AND (push_status = ? AND importance = ?)
2026-08-22 21:52:24.940 DEBUG 215277 --- [   scheduling-1] c.p.i.mapper.IntelNewsMapper.selectList  : ==> Parameters: none(String), high(String)
2026-08-22 21:52:24.940 DEBUG 215277 --- [   scheduling-1] c.p.i.mapper.IntelNewsMapper.selectList  : <==      Total: 0
2026-08-22 21:52:24.940 DEBUG 215277 --- [   scheduling-1] c.p.i.mapper.IntelNewsMapper.selectList  : ==>  Preparing: SELECT id,source_code,title,content,region_code,normalized_tags,importance,published_at,push_status,version,deleted,created_at,updated_at FROM intel_news WHERE deleted=false AND (push_status = ? AND importance = ?)
2026-08-22 21:52:24.940 DEBUG 215277 --- [   scheduling-1] c.p.i.mapper.IntelNewsMapper.selectList  : ==> Parameters: none(String), high(String)
2026-08-22 21:52:24.941 DEBUG 215277 --- [   scheduling-1] c.p.i.mapper.IntelNewsMapper.selectList  : <==      Total: 0
2026-08-22 21:52:24.941 DEBUG 215277 --- [   scheduling-1] c.p.i.mapper.IntelNewsMapper.selectList  : ==>  Preparing: SELECT id,source_code,title,content,region_code,normalized_tags,importance,published_at,push_status,version,deleted,created_at,updated_at FROM intel_news WHERE deleted=false AND (push_status = ? AND importance = ?)
2026-08-22 21:52:24.941 DEBUG 215277 --- [   scheduling-1] c.p.i.mapper.IntelNewsMapper.selectList  : ==> Parameters: none(String), high(String)
2026-08-22 21:52:24.941 DEBUG 215277 --- [   scheduling-1] c.p.i.mapper.IntelNewsMapper.selectList  : <==      Total: 0
2026-08-22 21:52:24.941 DEBUG 215277 --- [   scheduling-1] c.p.i.mapper.IntelNewsMapper.selectList  : ==>  Preparing: SELECT id,source_code,title,content,region_code,normalized_tags,importance,published_at,push_status,version,deleted,created_at,updated_at FROM intel_news WHERE deleted=false AND (push_status = ? AND importance = ?)
2026-08-22 21:52:24.941 DEBUG 215277 --- [   scheduling-1] c.p.i.mapper.IntelNewsMapper.selectList  : ==> Parameters: none(String), high(String)
2026-08-22 21:52:24.942 DEBUG 215277 --- [   scheduling-1] c.p.i.mapper.IntelNewsMapper.selectList  : <==      Total: 0
2026-08-22 21:52:24.942 DEBUG 215277 --- [   scheduling-1] c.p.i.mapper.IntelNewsMapper.selectList  : ==>  Preparing: SELECT id,source_code,title,content,region_code,normalized_tags,importance,published_at,push_status,version,deleted,created_at,updated_at FROM intel_news WHERE deleted=false AND (push_status = ? AND importance = ?)
2026-08-22 21:52:24.942 DEBUG 215277 --- [   scheduling-1] c.p.i.mapper.IntelNewsMapper.selectList  : ==> Parameters: none(String), high(String)
2026-08-22 21:52:24.942 DEBUG 215277 --- [   scheduling-1] c.p.i.mapper.IntelNewsMapper.selectList  : <==      Total: 0
2026-08-22 21:52:24.943 DEBUG 215277 --- [   scheduling-1] c.p.i.mapper.IntelNewsMapper.selectList  : ==>  Preparing: SELECT id,source_code,title,content,region_code,normalized_tags,importance,published_at,push_status,version,deleted,created_at,updated_at FROM intel_news WHERE deleted=false AND (push_status = ? AND importance = ?)
2026-08-22 21:52:24.943 DEBUG 215277 --- [   scheduling-1] c.p.i.mapper.IntelNewsMapper.selectList  : ==> Parameters: none(String), high(String)
2026-08-22 21:52:24.943 DEBUG 215277 --- [   scheduling-1] c.p.i.mapper.IntelNewsMapper.selectList  : <==      Total: 0
2026-08-22 21:52:24.943 DEBUG 215277 --- [   scheduling-1] c.p.i.mapper.IntelNewsMapper.selectList  : ==>  Preparing: SELECT id,source_code,title,content,region_code,normalized_tags,importance,published_at,push_status,version,deleted,created_at,updated_at FROM intel_news WHERE deleted=false AND (push_status = ? AND importance = ?)
2026-08-22 21:52:24.943 DEBUG 215277 --- [   scheduling-1] c.p.i.mapper.IntelNewsMapper.selectList  : ==> Parameters: none(String), high(String)
2026-08-22 21:52:24.944 DEBUG 215277 --- [   scheduling-1] c.p.i.mapper.IntelNewsMapper.selectList  : <==      Total: 0
2026-08-22 21:52:24.944  INFO 215277 --- [   scheduling-1] com.ptidss.intel.service.IntelService    : 情报推送执行完成：匹配情报 0 条，派发消息 0 条，触发决策会话情报重评 0 个
2026-08-22 21:52:54.944 DEBUG 215277 --- [   scheduling-1] c.p.i.m.IntelPushRuleMapper.selectList   : ==>  Preparing: SELECT id,rule_name,tags_filter,importance_filter,target_roles,channel,silent_period,status,version,deleted,created_at,updated_at FROM intel_push_rule WHERE deleted=false AND (status = ?)
2026-08-22 21:52:54.944 DEBUG 215277 --- [   scheduling-1] c.p.i.m.IntelPushRuleMapper.selectList   : ==> Parameters: active(String)
2026-08-22 21:52:54.945 DEBUG 215277 --- [   scheduling-1] c.p.i.m.IntelPushRuleMapper.selectList   : <==      Total: 15
2026-08-22 21:52:54.945 DEBUG 215277 --- [   scheduling-1] c.p.i.mapper.IntelNewsMapper.selectList  : ==>  Preparing: SELECT id,source_code,title,content,region_code,normalized_tags,importance,published_at,push_status,version,deleted,created_at,updated_at FROM intel_news WHERE deleted=false AND (push_status = ? AND importance = ?)
2026-08-22 21:52:54.945 DEBUG 215277 --- [   scheduling-1] c.p.i.mapper.IntelNewsMapper.selectList  : ==> Parameters: none(String), high(String)
2026-08-22 21:52:54.946 DEBUG 215277 --- [   scheduling-1] c.p.i.mapper.IntelNewsMapper.selectList  : <==      Total: 0
2026-08-22 21:52:54.946 DEBUG 215277 --- [   scheduling-1] c.p.i.mapper.IntelNewsMapper.selectList  : ==>  Preparing: SELECT id,source_code,title,content,region_code,normalized_tags,importance,published_at,push_status,version,deleted,created_at,updated_at FROM intel_news WHERE deleted=false AND (push_status = ? AND importance = ?)
2026-08-22 21:52:54.946 DEBUG 215277 --- [   scheduling-1] c.p.i.mapper.IntelNewsMapper.selectList  : ==> Parameters: none(String), medium(String)
2026-08-22 21:52:54.949 DEBUG 215277 --- [   scheduling-1] c.p.i.mapper.IntelNewsMapper.selectList  : <==      Total: 309
2026-08-22 21:52:54.949 DEBUG 215277 --- [   scheduling-1] c.p.i.mapper.IntelNewsMapper.selectList  : ==>  Preparing: SELECT id,source_code,title,content,region_code,normalized_tags,importance,published_at,push_status,version,deleted,created_at,updated_at FROM intel_news WHERE deleted=false AND (push_status = ? AND importance = ?)
2026-08-22 21:52:54.949 DEBUG 215277 --- [   scheduling-1] c.p.i.mapper.IntelNewsMapper.selectList  : ==> Parameters: none(String), high(String)
2026-08-22 21:52:54.950 DEBUG 215277 --- [   scheduling-1] c.p.i.mapper.IntelNewsMapper.selectList  : <==      Total: 0
2026-08-22 21:52:54.950 DEBUG 215277 --- [   scheduling-1] c.p.i.mapper.IntelNewsMapper.selectList  : ==>  Preparing: SELECT id,source_code,title,content,region_code,normalized_tags,importance,published_at,push_status,version,deleted,created_at,updated_at FROM intel_news WHERE deleted=false AND (push_status = ? AND importance = ?)
2026-08-22 21:52:54.950 DEBUG 215277 --- [   scheduling-1] c.p.i.mapper.IntelNewsMapper.selectList  : ==> Parameters: none(String), high(String)
2026-08-22 21:52:54.951 DEBUG 215277 --- [   scheduling-1] c.p.i.mapper.IntelNewsMapper.selectList  : <==      Total: 0
2026-08-22 21:52:54.951 DEBUG 215277 --- [   scheduling-1] c.p.i.mapper.IntelNewsMapper.selectList  : ==>  Preparing: SELECT id,source_code,title,content,region_code,normalized_tags,importance,published_at,push_status,version,deleted,created_at,updated_at FROM intel_news WHERE deleted=false AND (push_status = ? AND importance = ?)
2026-08-22 21:52:54.951 DEBUG 215277 --- [   scheduling-1] c.p.i.mapper.IntelNewsMapper.selectList  : ==> Parameters: none(String), high(String)
2026-08-22 21:52:54.951 DEBUG 215277 --- [   scheduling-1] c.p.i.mapper.IntelNewsMapper.selectList  : <==      Total: 0
2026-08-22 21:52:54.952 DEBUG 215277 --- [   scheduling-1] c.p.i.mapper.IntelNewsMapper.selectList  : ==>  Preparing: SELECT id,source_code,title,content,region_code,normalized_tags,importance,published_at,push_status,version,deleted,created_at,updated_at FROM intel_news WHERE deleted=false AND (push_status = ? AND importance = ?)
2026-08-22 21:52:54.952 DEBUG 215277 --- [   scheduling-1] c.p.i.mapper.IntelNewsMapper.selectList  : ==> Parameters: none(String), high(String)
2026-08-22 21:52:54.952 DEBUG 215277 --- [   scheduling-1] c.p.i.mapper.IntelNewsMapper.selectList  : <==      Total: 0
2026-08-22 21:52:54.952 DEBUG 215277 --- [   scheduling-1] c.p.i.mapper.IntelNewsMapper.selectList  : ==>  Preparing: SELECT id,source_code,title,content,region_code,normalized_tags,importance,published_at,push_status,version,deleted,created_at,updated_at FROM intel_news WHERE deleted=false AND (push_status = ? AND importance = ?)
2026-08-22 21:52:54.953 DEBUG 215277 --- [   scheduling-1] c.p.i.mapper.IntelNewsMapper.selectList  : ==> Parameters: none(String), high(String)
2026-08-22 21:52:54.953 DEBUG 215277 --- [   scheduling-1] c.p.i.mapper.IntelNewsMapper.selectList  : <==      Total: 0
2026-08-22 21:52:54.953 DEBUG 215277 --- [   scheduling-1] c.p.i.mapper.IntelNewsMapper.selectList  : ==>  Preparing: SELECT id,source_code,title,content,region_code,normalized_tags,importance,published_at,push_status,version,deleted,created_at,updated_at FROM intel_news WHERE deleted=false AND (push_status = ? AND importance = ?)
2026-08-22 21:52:54.953 DEBUG 215277 --- [   scheduling-1] c.p.i.mapper.IntelNewsMapper.selectList  : ==> Parameters: none(String), high(String)
2026-08-22 21:52:54.954 DEBUG 215277 --- [   scheduling-1] c.p.i.mapper.IntelNewsMapper.selectList  : <==      Total: 0
2026-08-22 21:52:54.954 DEBUG 215277 --- [   scheduling-1] c.p.i.mapper.IntelNewsMapper.selectList  : ==>  Preparing: SELECT id,source_code,title,content,region_code,normalized_tags,importance,published_at,push_status,version,deleted,created_at,updated_at FROM intel_news WHERE deleted=false AND (push_status = ? AND importance = ?)
2026-08-22 21:52:54.954 DEBUG 215277 --- [   scheduling-1] c.p.i.mapper.IntelNewsMapper.selectList  : ==> Parameters: none(String), high(String)
2026-08-22 21:52:54.955 DEBUG 215277 --- [   scheduling-1] c.p.i.mapper.IntelNewsMapper.selectList  : <==      Total: 0
2026-08-22 21:52:54.955 DEBUG 215277 --- [   scheduling-1] c.p.i.mapper.IntelNewsMapper.selectList  : ==>  Preparing: SELECT id,source_code,title,content,region_code,normalized_tags,importance,published_at,push_status,version,deleted,created_at,updated_at FROM intel_news WHERE deleted=false AND (push_status = ? AND importance = ?)
2026-08-22 21:52:54.955 DEBUG 215277 --- [   scheduling-1] c.p.i.mapper.IntelNewsMapper.selectList  : ==> Parameters: none(String), high(String)
2026-08-22 21:52:54.955 DEBUG 215277 --- [   scheduling-1] c.p.i.mapper.IntelNewsMapper.selectList  : <==      Total: 0
2026-08-22 21:52:54.956 DEBUG 215277 --- [   scheduling-1] c.p.i.mapper.IntelNewsMapper.selectList  : ==>  Preparing: SELECT id,source_code,title,content,region_code,normalized_tags,importance,published_at,push_status,version,deleted,created_at,updated_at FROM intel_news WHERE deleted=false AND (push_status = ? AND importance = ?)
2026-08-22 21:52:54.956 DEBUG 215277 --- [   scheduling-1] c.p.i.mapper.IntelNewsMapper.selectList  : ==> Parameters: none(String), high(String)
2026-08-22 21:52:54.956 DEBUG 215277 --- [   scheduling-1] c.p.i.mapper.IntelNewsMapper.selectList  : <==      Total: 0
2026-08-22 21:52:54.956 DEBUG 215277 --- [   scheduling-1] c.p.i.mapper.IntelNewsMapper.selectList  : ==>  Preparing: SELECT id,source_code,title,content,region_code,normalized_tags,importance,published_at,push_status,version,deleted,created_at,updated_at FROM intel_news WHERE deleted=false AND (push_status = ? AND importance = ?)
2026-08-22 21:52:54.956 DEBUG 215277 --- [   scheduling-1] c.p.i.mapper.IntelNewsMapper.selectList  : ==> Parameters: none(String), high(String)
2026-08-22 21:52:54.957 DEBUG 215277 --- [   scheduling-1] c.p.i.mapper.IntelNewsMapper.selectList  : <==      Total: 0
2026-08-22 21:52:54.957 DEBUG 215277 --- [   scheduling-1] c.p.i.mapper.IntelNewsMapper.selectList  : ==>  Preparing: SELECT id,source_code,title,content,region_code,normalized_tags,importance,published_at,push_status,version,deleted,created_at,updated_at FROM intel_news WHERE deleted=false AND (push_status = ? AND importance = ?)
2026-08-22 21:52:54.957 DEBUG 215277 --- [   scheduling-1] c.p.i.mapper.IntelNewsMapper.selectList  : ==> Parameters: none(String), high(String)
2026-08-22 21:52:54.958 DEBUG 215277 --- [   scheduling-1] c.p.i.mapper.IntelNewsMapper.selectList  : <==      Total: 0
2026-08-22 21:52:54.958 DEBUG 215277 --- [   scheduling-1] c.p.i.mapper.IntelNewsMapper.selectList  : ==>  Preparing: SELECT id,source_code,title,content,region_code,normalized_tags,importance,published_at,push_status,version,deleted,created_at,updated_at FROM intel_news WHERE deleted=false AND (push_status = ? AND importance = ?)
2026-08-22 21:52:54.958 DEBUG 215277 --- [   scheduling-1] c.p.i.mapper.IntelNewsMapper.selectList  : ==> Parameters: none(String), high(String)
2026-08-22 21:52:54.958 DEBUG 215277 --- [   scheduling-1] c.p.i.mapper.IntelNewsMapper.selectList  : <==      Total: 0
2026-08-22 21:52:54.959 DEBUG 215277 --- [   scheduling-1] c.p.i.mapper.IntelNewsMapper.selectList  : ==>  Preparing: SELECT id,source_code,title,content,region_code,normalized_tags,importance,published_at,push_status,version,deleted,created_at,updated_at FROM intel_news WHERE deleted=false AND (push_status = ? AND importance = ?)
2026-08-22 21:52:54.959 DEBUG 215277 --- [   scheduling-1] c.p.i.mapper.IntelNewsMapper.selectList  : ==> Parameters: none(String), high(String)
2026-08-22 21:52:54.959 DEBUG 215277 --- [   scheduling-1] c.p.i.mapper.IntelNewsMapper.selectList  : <==      Total: 0
2026-08-22 21:52:54.959  INFO 215277 --- [   scheduling-1] com.ptidss.intel.service.IntelService    : 情报推送执行完成：匹配情报 0 条，派发消息 0 条，触发决策会话情报重评 0 个
2026-08-22 21:53:03.733 DEBUG 215277 --- [   scheduling-1] c.p.d.m.CollectTaskMapper.selectList     : ==>  Preparing: SELECT id,source_id,task_type,cron_expr,last_run_time,last_status,records_count,error_log,version,deleted,created_at,updated_at FROM collect_task WHERE deleted=false AND (cron_expr IS NOT NULL)
2026-08-22 21:53:03.733 DEBUG 215277 --- [   scheduling-1] c.p.d.m.CollectTaskMapper.selectList     : ==> Parameters: 
2026-08-22 21:53:03.734 DEBUG 215277 --- [   scheduling-1] c.p.d.m.CollectTaskMapper.selectList     : <==      Total: 3
2026-08-22 21:53:14.054 DEBUG 215277 --- [   scheduling-1] c.p.i.m.IntelSourceMapper.selectList     : ==>  Preparing: SELECT id,source_code,source_name,intel_type,fetch_mode,conn_type,conn_config,frequency,status,last_success_at,last_error,consecutive_failures,version,deleted,created_at,updated_at FROM intel_source WHERE deleted=false AND (status = ?)
2026-08-22 21:53:14.054 DEBUG 215277 --- [   scheduling-1] c.p.i.m.IntelSourceMapper.selectList     : ==> Parameters: enabled(String)
2026-08-22 21:53:14.054 DEBUG 215277 --- [   scheduling-1] c.p.i.m.IntelSourceMapper.selectList     : <==      Total: 21
2026-08-22 21:53:14.054  INFO 215277 --- [   scheduling-1] c.p.intel.service.IntelFetchService      : 行情采集执行完成：到期 0 个（成功 0 / 失败 0 / 跳过未到期 21）
2026-08-22 21:53:24.960 DEBUG 215277 --- [   scheduling-1] c.p.i.m.IntelPushRuleMapper.selectList   : ==>  Preparing: SELECT id,rule_name,tags_filter,importance_filter,target_roles,channel,silent_period,status,version,deleted,created_at,updated_at FROM intel_push_rule WHERE deleted=false AND (status = ?)
2026-08-22 21:53:24.960 DEBUG 215277 --- [   scheduling-1] c.p.i.m.IntelPushRuleMapper.selectList   : ==> Parameters: active(String)
2026-08-22 21:53:24.960 DEBUG 215277 --- [   scheduling-1] c.p.i.m.IntelPushRuleMapper.selectList   : <==      Total: 15
2026-08-22 21:53:24.961 DEBUG 215277 --- [   scheduling-1] c.p.i.mapper.IntelNewsMapper.selectList  : ==>  Preparing: SELECT id,source_code,title,content,region_code,normalized_tags,importance,published_at,push_status,version,deleted,created_at,updated_at FROM intel_news WHERE deleted=false AND (push_status = ? AND importance = ?)
2026-08-22 21:53:24.961 DEBUG 215277 --- [   scheduling-1] c.p.i.mapper.IntelNewsMapper.selectList  : ==> Parameters: none(String), high(String)
2026-08-22 21:53:24.961 DEBUG 215277 --- [   scheduling-1] c.p.i.mapper.IntelNewsMapper.selectList  : <==      Total: 0
2026-08-22 21:53:24.961 DEBUG 215277 --- [   scheduling-1] c.p.i.mapper.IntelNewsMapper.selectList  : ==>  Preparing: SELECT id,source_code,title,content,region_code,normalized_tags,importance,published_at,push_status,version,deleted,created_at,updated_at FROM intel_news WHERE deleted=false AND (push_status = ? AND importance = ?)
2026-08-22 21:53:24.961 DEBUG 215277 --- [   scheduling-1] c.p.i.mapper.IntelNewsMapper.selectList  : ==> Parameters: none(String), medium(String)
2026-08-22 21:53:24.964 DEBUG 215277 --- [   scheduling-1] c.p.i.mapper.IntelNewsMapper.selectList  : <==      Total: 309
2026-08-22 21:53:24.964 DEBUG 215277 --- [   scheduling-1] c.p.i.mapper.IntelNewsMapper.selectList  : ==>  Preparing: SELECT id,source_code,title,content,region_code,normalized_tags,importance,published_at,push_status,version,deleted,created_at,updated_at FROM intel_news WHERE deleted=false AND (push_status = ? AND importance = ?)
2026-08-22 21:53:24.964 DEBUG 215277 --- [   scheduling-1] c.p.i.mapper.IntelNewsMapper.selectList  : ==> Parameters: none(String), high(String)
2026-08-22 21:53:24.965 DEBUG 215277 --- [   scheduling-1] c.p.i.mapper.IntelNewsMapper.selectList  : <==      Total: 0
2026-08-22 21:53:24.965 DEBUG 215277 --- [   scheduling-1] c.p.i.mapper.IntelNewsMapper.selectList  : ==>  Preparing: SELECT id,source_code,title,content,region_code,normalized_tags,importance,published_at,push_status,version,deleted,created_at,updated_at FROM intel_news WHERE deleted=false AND (push_status = ? AND importance = ?)
2026-08-22 21:53:24.965 DEBUG 215277 --- [   scheduling-1] c.p.i.mapper.IntelNewsMapper.selectList  : ==> Parameters: none(String), high(String)
2026-08-22 21:53:24.965 DEBUG 215277 --- [   scheduling-1] c.p.i.mapper.IntelNewsMapper.selectList  : <==      Total: 0
2026-08-22 21:53:24.965 DEBUG 215277 --- [   scheduling-1] c.p.i.mapper.IntelNewsMapper.selectList  : ==>  Preparing: SELECT id,source_code,title,content,region_code,normalized_tags,importance,published_at,push_status,version,deleted,created_at,updated_at FROM intel_news WHERE deleted=false AND (push_status = ? AND importance = ?)
2026-08-22 21:53:24.965 DEBUG 215277 --- [   scheduling-1] c.p.i.mapper.IntelNewsMapper.selectList  : ==> Parameters: none(String), high(String)
2026-08-22 21:53:24.966 DEBUG 215277 --- [   scheduling-1] c.p.i.mapper.IntelNewsMapper.selectList  : <==      Total: 0
2026-08-22 21:53:24.966 DEBUG 215277 --- [   scheduling-1] c.p.i.mapper.IntelNewsMapper.selectList  : ==>  Preparing: SELECT id,source_code,title,content,region_code,normalized_tags,importance,published_at,push_status,version,deleted,created_at,updated_at FROM intel_news WHERE deleted=false AND (push_status = ? AND importance = ?)
2026-08-22 21:53:24.966 DEBUG 215277 --- [   scheduling-1] c.p.i.mapper.IntelNewsMapper.selectList  : ==> Parameters: none(String), high(String)
2026-08-22 21:53:24.966 DEBUG 215277 --- [   scheduling-1] c.p.i.mapper.IntelNewsMapper.selectList  : <==      Total: 0
2026-08-22 21:53:24.966 DEBUG 215277 --- [   scheduling-1] c.p.i.mapper.IntelNewsMapper.selectList  : ==>  Preparing: SELECT id,source_code,title,content,region_code,normalized_tags,importance,published_at,push_status,version,deleted,created_at,updated_at FROM intel_news WHERE deleted=false AND (push_status = ? AND importance = ?)
2026-08-22 21:53:24.966 DEBUG 215277 --- [   scheduling-1] c.p.i.mapper.IntelNewsMapper.selectList  : ==> Parameters: none(String), high(String)
2026-08-22 21:53:24.967 DEBUG 215277 --- [   scheduling-1] c.p.i.mapper.IntelNewsMapper.selectList  : <==      Total: 0
2026-08-22 21:53:24.967 DEBUG 215277 --- [   scheduling-1] c.p.i.mapper.IntelNewsMapper.selectList  : ==>  Preparing: SELECT id,source_code,title,content,region_code,normalized_tags,importance,published_at,push_status,version,deleted,created_at,updated_at FROM intel_news WHERE deleted=false AND (push_status = ? AND importance = ?)
2026-08-22 21:53:24.967 DEBUG 215277 --- [   scheduling-1] c.p.i.mapper.IntelNewsMapper.selectList  : ==> Parameters: none(String), high(String)
2026-08-22 21:53:24.967 DEBUG 215277 --- [   scheduling-1] c.p.i.mapper.IntelNewsMapper.selectList  : <==      Total: 0
2026-08-22 21:53:24.968 DEBUG 215277 --- [   scheduling-1] c.p.i.mapper.IntelNewsMapper.selectList  : ==>  Preparing: SELECT id,source_code,title,content,region_code,normalized_tags,importance,published_at,push_status,version,deleted,created_at,updated_at FROM intel_news WHERE deleted=false AND (push_status = ? AND importance = ?)
2026-08-22 21:53:24.968 DEBUG 215277 --- [   scheduling-1] c.p.i.mapper.IntelNewsMapper.selectList  : ==> Parameters: none(String), high(String)
2026-08-22 21:53:24.968 DEBUG 215277 --- [   scheduling-1] c.p.i.mapper.IntelNewsMapper.selectList  : <==      Total: 0
2026-08-22 21:53:24.968 DEBUG 215277 --- [   scheduling-1] c.p.i.mapper.IntelNewsMapper.selectList  : ==>  Preparing: SELECT id,source_code,title,content,region_code,normalized_tags,importance,published_at,push_status,version,deleted,created_at,updated_at FROM intel_news WHERE deleted=false AND (push_status = ? AND importance = ?)
2026-08-22 21:53:24.968 DEBUG 215277 --- [   scheduling-1] c.p.i.mapper.IntelNewsMapper.selectList  : ==> Parameters: none(String), high(String)
2026-08-22 21:53:24.969 DEBUG 215277 --- [   scheduling-1] c.p.i.mapper.IntelNewsMapper.selectList  : <==      Total: 0
2026-08-22 21:53:24.969 DEBUG 215277 --- [   scheduling-1] c.p.i.mapper.IntelNewsMapper.selectList  : ==>  Preparing: SELECT id,source_code,title,content,region_code,normalized_tags,importance,published_at,push_status,version,deleted,created_at,updated_at FROM intel_news WHERE deleted=false AND (push_status = ? AND importance = ?)
2026-08-22 21:53:24.969 DEBUG 215277 --- [   scheduling-1] c.p.i.mapper.IntelNewsMapper.selectList  : ==> Parameters: none(String), high(String)
2026-08-22 21:53:24.969 DEBUG 215277 --- [   scheduling-1] c.p.i.mapper.IntelNewsMapper.selectList  : <==      Total: 0
2026-08-22 21:53:24.970 DEBUG 215277 --- [   scheduling-1] c.p.i.mapper.IntelNewsMapper.selectList  : ==>  Preparing: SELECT id,source_code,title,content,region_code,normalized_tags,importance,published_at,push_status,version,deleted,created_at,updated_at FROM intel_news WHERE deleted=false AND (push_status = ? AND importance = ?)
2026-08-22 21:53:24.970 DEBUG 215277 --- [   scheduling-1] c.p.i.mapper.IntelNewsMapper.selectList  : ==> Parameters: none(String), high(String)
2026-08-22 21:53:24.970 DEBUG 215277 --- [   scheduling-1] c.p.i.mapper.IntelNewsMapper.selectList  : <==      Total: 0
2026-08-22 21:53:24.970 DEBUG 215277 --- [   scheduling-1] c.p.i.mapper.IntelNewsMapper.selectList  : ==>  Preparing: SELECT id,source_code,title,content,region_code,normalized_tags,importance,published_at,push_status,version,deleted,created_at,updated_at FROM intel_news WHERE deleted=false AND (push_status = ? AND importance = ?)
2026-08-22 21:53:24.970 DEBUG 215277 --- [   scheduling-1] c.p.i.mapper.IntelNewsMapper.selectList  : ==> Parameters: none(String), high(String)
2026-08-22 21:53:24.970 DEBUG 215277 --- [   scheduling-1] c.p.i.mapper.IntelNewsMapper.selectList  : <==      Total: 0
2026-08-22 21:53:24.971 DEBUG 215277 --- [   scheduling-1] c.p.i.mapper.IntelNewsMapper.selectList  : ==>  Preparing: SELECT id,source_code,title,content,region_code,normalized_tags,importance,published_at,push_status,version,deleted,created_at,updated_at FROM intel_news WHERE deleted=false AND (push_status = ? AND importance = ?)
2026-08-22 21:53:24.971 DEBUG 215277 --- [   scheduling-1] c.p.i.mapper.IntelNewsMapper.selectList  : ==> Parameters: none(String), high(String)
2026-08-22 21:53:24.971 DEBUG 215277 --- [   scheduling-1] c.p.i.mapper.IntelNewsMapper.selectList  : <==      Total: 0
2026-08-22 21:53:24.971 DEBUG 215277 --- [   scheduling-1] c.p.i.mapper.IntelNewsMapper.selectList  : ==>  Preparing: SELECT id,source_code,title,content,region_code,normalized_tags,importance,published_at,push_status,version,deleted,created_at,updated_at FROM intel_news WHERE deleted=false AND (push_status = ? AND importance = ?)
2026-08-22 21:53:24.971 DEBUG 215277 --- [   scheduling-1] c.p.i.mapper.IntelNewsMapper.selectList  : ==> Parameters: none(String), high(String)
2026-08-22 21:53:24.971 DEBUG 215277 --- [   scheduling-1] c.p.i.mapper.IntelNewsMapper.selectList  : <==      Total: 0
2026-08-22 21:53:24.971  INFO 215277 --- [   scheduling-1] com.ptidss.intel.service.IntelService    : 情报推送执行完成：匹配情报 0 条，派发消息 0 条，触发决策会话情报重评 0 个
2026-08-22 21:53:54.972 DEBUG 215277 --- [   scheduling-1] c.p.i.m.IntelPushRuleMapper.selectList   : ==>  Preparing: SELECT id,rule_name,tags_filter,importance_filter,target_roles,channel,silent_period,status,version,deleted,created_at,updated_at FROM intel_push_rule WHERE deleted=false AND (status = ?)
2026-08-22 21:53:54.972 DEBUG 215277 --- [   scheduling-1] c.p.i.m.IntelPushRuleMapper.selectList   : ==> Parameters: active(String)
2026-08-22 21:53:54.973 DEBUG 215277 --- [   scheduling-1] c.p.i.m.IntelPushRuleMapper.selectList   : <==      Total: 15
2026-08-22 21:53:54.973 DEBUG 215277 --- [   scheduling-1] c.p.i.mapper.IntelNewsMapper.selectList  : ==>  Preparing: SELECT id,source_code,title,content,region_code,normalized_tags,importance,published_at,push_status,version,deleted,created_at,updated_at FROM intel_news WHERE deleted=false AND (push_status = ? AND importance = ?)
2026-08-22 21:53:54.973 DEBUG 215277 --- [   scheduling-1] c.p.i.mapper.IntelNewsMapper.selectList  : ==> Parameters: none(String), high(String)
2026-08-22 21:53:54.974 DEBUG 215277 --- [   scheduling-1] c.p.i.mapper.IntelNewsMapper.selectList  : <==      Total: 0
2026-08-22 21:53:54.974 DEBUG 215277 --- [   scheduling-1] c.p.i.mapper.IntelNewsMapper.selectList  : ==>  Preparing: SELECT id,source_code,title,content,region_code,normalized_tags,importance,published_at,push_status,version,deleted,created_at,updated_at FROM intel_news WHERE deleted=false AND (push_status = ? AND importance = ?)
2026-08-22 21:53:54.974 DEBUG 215277 --- [   scheduling-1] c.p.i.mapper.IntelNewsMapper.selectList  : ==> Parameters: none(String), medium(String)
2026-08-22 21:53:54.978 DEBUG 215277 --- [   scheduling-1] c.p.i.mapper.IntelNewsMapper.selectList  : <==      Total: 309
2026-08-22 21:53:54.979 DEBUG 215277 --- [   scheduling-1] c.p.i.mapper.IntelNewsMapper.selectList  : ==>  Preparing: SELECT id,source_code,title,content,region_code,normalized_tags,importance,published_at,push_status,version,deleted,created_at,updated_at FROM intel_news WHERE deleted=false AND (push_status = ? AND importance = ?)
2026-08-22 21:53:54.979 DEBUG 215277 --- [   scheduling-1] c.p.i.mapper.IntelNewsMapper.selectList  : ==> Parameters: none(String), high(String)
2026-08-22 21:53:54.979 DEBUG 215277 --- [   scheduling-1] c.p.i.mapper.IntelNewsMapper.selectList  : <==      Total: 0
2026-08-22 21:53:54.979 DEBUG 215277 --- [   scheduling-1] c.p.i.mapper.IntelNewsMapper.selectList  : ==>  Preparing: SELECT id,source_code,title,content,region_code,normalized_tags,importance,published_at,push_status,version,deleted,created_at,updated_at FROM intel_news WHERE deleted=false AND (push_status = ? AND importance = ?)
2026-08-22 21:53:54.979 DEBUG 215277 --- [   scheduling-1] c.p.i.mapper.IntelNewsMapper.selectList  : ==> Parameters: none(String), high(String)
2026-08-22 21:53:54.979 DEBUG 215277 --- [   scheduling-1] c.p.i.mapper.IntelNewsMapper.selectList  : <==      Total: 0
2026-08-22 21:53:54.980 DEBUG 215277 --- [   scheduling-1] c.p.i.mapper.IntelNewsMapper.selectList  : ==>  Preparing: SELECT id,source_code,title,content,region_code,normalized_tags,importance,published_at,push_status,version,deleted,created_at,updated_at FROM intel_news WHERE deleted=false AND (push_status = ? AND importance = ?)
2026-08-22 21:53:54.980 DEBUG 215277 --- [   scheduling-1] c.p.i.mapper.IntelNewsMapper.selectList  : ==> Parameters: none(String), high(String)
2026-08-22 21:53:54.980 DEBUG 215277 --- [   scheduling-1] c.p.i.mapper.IntelNewsMapper.selectList  : <==      Total: 0
2026-08-22 21:53:54.980 DEBUG 215277 --- [   scheduling-1] c.p.i.mapper.IntelNewsMapper.selectList  : ==>  Preparing: SELECT id,source_code,title,content,region_code,normalized_tags,importance,published_at,push_status,version,deleted,created_at,updated_at FROM intel_news WHERE deleted=false AND (push_status = ? AND importance = ?)
2026-08-22 21:53:54.980 DEBUG 215277 --- [   scheduling-1] c.p.i.mapper.IntelNewsMapper.selectList  : ==> Parameters: none(String), high(String)
2026-08-22 21:53:54.980 DEBUG 215277 --- [   scheduling-1] c.p.i.mapper.IntelNewsMapper.selectList  : <==      Total: 0
2026-08-22 21:53:54.981 DEBUG 215277 --- [   scheduling-1] c.p.i.mapper.IntelNewsMapper.selectList  : ==>  Preparing: SELECT id,source_code,title,content,region_code,normalized_tags,importance,published_at,push_status,version,deleted,created_at,updated_at FROM intel_news WHERE deleted=false AND (push_status = ? AND importance = ?)
2026-08-22 21:53:54.981 DEBUG 215277 --- [   scheduling-1] c.p.i.mapper.IntelNewsMapper.selectList  : ==> Parameters: none(String), high(String)
2026-08-22 21:53:54.981 DEBUG 215277 --- [   scheduling-1] c.p.i.mapper.IntelNewsMapper.selectList  : <==      Total: 0
2026-08-22 21:53:54.981 DEBUG 215277 --- [   scheduling-1] c.p.i.mapper.IntelNewsMapper.selectList  : ==>  Preparing: SELECT id,source_code,title,content,region_code,normalized_tags,importance,published_at,push_status,version,deleted,created_at,updated_at FROM intel_news WHERE deleted=false AND (push_status = ? AND importance = ?)
2026-08-22 21:53:54.981 DEBUG 215277 --- [   scheduling-1] c.p.i.mapper.IntelNewsMapper.selectList  : ==> Parameters: none(String), high(String)
2026-08-22 21:53:54.982 DEBUG 215277 --- [   scheduling-1] c.p.i.mapper.IntelNewsMapper.selectList  : <==      Total: 0
2026-08-22 21:53:54.982 DEBUG 215277 --- [   scheduling-1] c.p.i.mapper.IntelNewsMapper.selectList  : ==>  Preparing: SELECT id,source_code,title,content,region_code,normalized_tags,importance,published_at,push_status,version,deleted,created_at,updated_at FROM intel_news WHERE deleted=false AND (push_status = ? AND importance = ?)
2026-08-22 21:53:54.982 DEBUG 215277 --- [   scheduling-1] c.p.i.mapper.IntelNewsMapper.selectList  : ==> Parameters: none(String), high(String)
2026-08-22 21:53:54.982 DEBUG 215277 --- [   scheduling-1] c.p.i.mapper.IntelNewsMapper.selectList  : <==      Total: 0
2026-08-22 21:53:54.983 DEBUG 215277 --- [   scheduling-1] c.p.i.mapper.IntelNewsMapper.selectList  : ==>  Preparing: SELECT id,source_code,title,content,region_code,normalized_tags,importance,published_at,push_status,version,deleted,created_at,updated_at FROM intel_news WHERE deleted=false AND (push_status = ? AND importance = ?)
2026-08-22 21:53:54.983 DEBUG 215277 --- [   scheduling-1] c.p.i.mapper.IntelNewsMapper.selectList  : ==> Parameters: none(String), high(String)
2026-08-22 21:53:54.983 DEBUG 215277 --- [   scheduling-1] c.p.i.mapper.IntelNewsMapper.selectList  : <==      Total: 0
2026-08-22 21:53:54.983 DEBUG 215277 --- [   scheduling-1] c.p.i.mapper.IntelNewsMapper.selectList  : ==>  Preparing: SELECT id,source_code,title,content,region_code,normalized_tags,importance,published_at,push_status,version,deleted,created_at,updated_at FROM intel_news WHERE deleted=false AND (push_status = ? AND importance = ?)
2026-08-22 21:53:54.983 DEBUG 215277 --- [   scheduling-1] c.p.i.mapper.IntelNewsMapper.selectList  : ==> Parameters: none(String), high(String)
2026-08-22 21:53:54.984 DEBUG 215277 --- [   scheduling-1] c.p.i.mapper.IntelNewsMapper.selectList  : <==      Total: 0
2026-08-22 21:53:54.984 DEBUG 215277 --- [   scheduling-1] c.p.i.mapper.IntelNewsMapper.selectList  : ==>  Preparing: SELECT id,source_code,title,content,region_code,normalized_tags,importance,published_at,push_status,version,deleted,created_at,updated_at FROM intel_news WHERE deleted=false AND (push_status = ? AND importance = ?)
2026-08-22 21:53:54.984 DEBUG 215277 --- [   scheduling-1] c.p.i.mapper.IntelNewsMapper.selectList  : ==> Parameters: none(String), high(String)
2026-08-22 21:53:54.984 DEBUG 215277 --- [   scheduling-1] c.p.i.mapper.IntelNewsMapper.selectList  : <==      Total: 0
2026-08-22 21:53:54.985 DEBUG 215277 --- [   scheduling-1] c.p.i.mapper.IntelNewsMapper.selectList  : ==>  Preparing: SELECT id,source_code,title,content,region_code,normalized_tags,importance,published_at,push_status,version,deleted,created_at,updated_at FROM intel_news WHERE deleted=false AND (push_status = ? AND importance = ?)
2026-08-22 21:53:54.985 DEBUG 215277 --- [   scheduling-1] c.p.i.mapper.IntelNewsMapper.selectList  : ==> Parameters: none(String), high(String)
2026-08-22 21:53:54.985 DEBUG 215277 --- [   scheduling-1] c.p.i.mapper.IntelNewsMapper.selectList  : <==      Total: 0
2026-08-22 21:53:54.986 DEBUG 215277 --- [   scheduling-1] c.p.i.mapper.IntelNewsMapper.selectList  : ==>  Preparing: SELECT id,source_code,title,content,region_code,normalized_tags,importance,published_at,push_status,version,deleted,created_at,updated_at FROM intel_news WHERE deleted=false AND (push_status = ? AND importance = ?)
2026-08-22 21:53:54.986 DEBUG 215277 --- [   scheduling-1] c.p.i.mapper.IntelNewsMapper.selectList  : ==> Parameters: none(String), high(String)
2026-08-22 21:53:54.986 DEBUG 215277 --- [   scheduling-1] c.p.i.mapper.IntelNewsMapper.selectList  : <==      Total: 0
2026-08-22 21:53:54.986 DEBUG 215277 --- [   scheduling-1] c.p.i.mapper.IntelNewsMapper.selectList  : ==>  Preparing: SELECT id,source_code,title,content,region_code,normalized_tags,importance,published_at,push_status,version,deleted,created_at,updated_at FROM intel_news WHERE deleted=false AND (push_status = ? AND importance = ?)
2026-08-22 21:53:54.986 DEBUG 215277 --- [   scheduling-1] c.p.i.mapper.IntelNewsMapper.selectList  : ==> Parameters: none(String), high(String)
2026-08-22 21:53:54.987 DEBUG 215277 --- [   scheduling-1] c.p.i.mapper.IntelNewsMapper.selectList  : <==      Total: 0
2026-08-22 21:53:54.987  INFO 215277 --- [   scheduling-1] com.ptidss.intel.service.IntelService    : 情报推送执行完成：匹配情报 0 条，派发消息 0 条，触发决策会话情报重评 0 个
2026-08-22 21:54:03.735 DEBUG 215277 --- [   scheduling-1] c.p.d.m.CollectTaskMapper.selectList     : ==>  Preparing: SELECT id,source_id,task_type,cron_expr,last_run_time,last_status,records_count,error_log,version,deleted,created_at,updated_at FROM collect_task WHERE deleted=false AND (cron_expr IS NOT NULL)
2026-08-22 21:54:03.735 DEBUG 215277 --- [   scheduling-1] c.p.d.m.CollectTaskMapper.selectList     : ==> Parameters: 
2026-08-22 21:54:03.736 DEBUG 215277 --- [   scheduling-1] c.p.d.m.CollectTaskMapper.selectList     : <==      Total: 3
2026-08-22 21:54:12.586 DEBUG 215277 --- [nio-9080-exec-2] c.p.s.m.SysPermissionMapper.selectList   : ==>  Preparing: SELECT id,perm_code,perm_name,resource_type,resource_pattern,status,version,deleted,created_at,updated_at FROM sys_permission WHERE deleted=false ORDER BY id ASC
2026-08-22 21:54:12.586 DEBUG 215277 --- [nio-9080-exec-1] c.p.s.mapper.SysRoleMapper.selectList    : ==>  Preparing: SELECT id,role_code,role_name,description,status,version,deleted,created_at,updated_at FROM sys_role WHERE deleted=false ORDER BY id ASC
2026-08-22 21:54:12.586 DEBUG 215277 --- [nio-9080-exec-1] c.p.s.mapper.SysRoleMapper.selectList    : ==> Parameters: 
2026-08-22 21:54:12.586 DEBUG 215277 --- [nio-9080-exec-2] c.p.s.m.SysPermissionMapper.selectList   : ==> Parameters: 
2026-08-22 21:54:12.587 DEBUG 215277 --- [nio-9080-exec-1] c.p.s.mapper.SysRoleMapper.selectList    : <==      Total: 7
2026-08-22 21:54:12.587 DEBUG 215277 --- [nio-9080-exec-1] c.p.s.m.SysRoleRegionMapper.selectList   : ==>  Preparing: SELECT role_id,region_code FROM sys_role_region
2026-08-22 21:54:12.587 DEBUG 215277 --- [nio-9080-exec-1] c.p.s.m.SysRoleRegionMapper.selectList   : ==> Parameters: 
2026-08-22 21:54:12.587 DEBUG 215277 --- [nio-9080-exec-2] c.p.s.m.SysPermissionMapper.selectList   : <==      Total: 18
2026-08-22 21:54:12.587 DEBUG 215277 --- [nio-9080-exec-1] c.p.s.m.SysRoleRegionMapper.selectList   : <==      Total: 1
2026-08-22 21:54:14.055 DEBUG 215277 --- [   scheduling-1] c.p.i.m.IntelSourceMapper.selectList     : ==>  Preparing: SELECT id,source_code,source_name,intel_type,fetch_mode,conn_type,conn_config,frequency,status,last_success_at,last_error,consecutive_failures,version,deleted,created_at,updated_at FROM intel_source WHERE deleted=false AND (status = ?)
2026-08-22 21:54:14.055 DEBUG 215277 --- [   scheduling-1] c.p.i.m.IntelSourceMapper.selectList     : ==> Parameters: enabled(String)
2026-08-22 21:54:14.056 DEBUG 215277 --- [   scheduling-1] c.p.i.m.IntelSourceMapper.selectList     : <==      Total: 21
2026-08-22 21:54:14.057 DEBUG 215277 --- [   scheduling-1] c.p.intel.mapper.IntelNewsMapper.insert  : ==>  Preparing: INSERT INTO intel_news ( id, source_code, title, content, region_code, normalized_tags, importance, published_at, push_status, version, deleted, created_at, updated_at ) VALUES ( ?, ?, ?, ?, ?, ?, ?, ?, ?, ?, ?, ?, ? )
2026-08-22 21:54:14.057 DEBUG 215277 --- [   scheduling-1] c.p.intel.mapper.IntelNewsMapper.insert  : ==> Parameters: 216917885560426496(Long), INTL-PRICE-SD(String), 【山东现货】21:54 出清均价 449 元/MWh(String), 【价格】山东电力现货市场 2026-08-22 21:54 最新出清均价 449 元/MWh，较昨日同时段回落 69 元/MWh。本条为行情接入模拟数据（mock=true），生产环境配置真实 endpoint 后自动切换真实拉取。(String), CN-37(String), ["现货","价格"](String), medium(String), 2026-08-22 21:54:14.057(Timestamp), none(String), 1(Integer), false(Boolean), 2026-08-22 21:54:14.057(Timestamp), 2026-08-22 21:54:14.057(Timestamp)
2026-08-22 21:54:14.060 DEBUG 215277 --- [   scheduling-1] c.p.intel.mapper.IntelNewsMapper.insert  : <==    Updates: 1
2026-08-22 21:54:14.060 DEBUG 215277 --- [   scheduling-1] c.p.i.m.IntelSourceMapper.updateById     : ==>  Preparing: UPDATE intel_source SET last_success_at=?, consecutive_failures=?, updated_at=? WHERE id=? AND deleted=false
2026-08-22 21:54:14.060 DEBUG 215277 --- [   scheduling-1] c.p.i.m.IntelSourceMapper.updateById     : ==> Parameters: 2026-08-22 21:54:14.06(Timestamp), 0(Integer), 2026-08-22 21:54:14.06(Timestamp), 11(Long)
2026-08-22 21:54:14.062 DEBUG 215277 --- [   scheduling-1] c.p.i.m.IntelSourceMapper.updateById     : <==    Updates: 1
2026-08-22 21:54:14.062  INFO 215277 --- [   scheduling-1] c.p.intel.service.IntelFetchService      : 情报源模拟采集：INTL-PRICE-SD 生成模拟情报
2026-08-22 21:54:14.063 DEBUG 215277 --- [   scheduling-1] c.p.intel.mapper.IntelNewsMapper.insert  : ==>  Preparing: INSERT INTO intel_news ( id, source_code, title, content, region_code, normalized_tags, importance, published_at, push_status, version, deleted, created_at, updated_at ) VALUES ( ?, ?, ?, ?, ?, ?, ?, ?, ?, ?, ?, ?, ? )
2026-08-22 21:54:14.063 DEBUG 215277 --- [   scheduling-1] c.p.intel.mapper.IntelNewsMapper.insert  : ==> Parameters: 216917885581398016(Long), INTL-PRICE-GD(String), 【广东现货】21:54 出清均价 790 元/MWh(String), 【价格】广东电力现货市场 2026-08-22 21:54 最新出清均价 790 元/MWh，较昨日同时段上涨 11 元/MWh。本条为行情接入模拟数据（mock=true），生产环境配置真实 endpoint 后自动切换真实拉取。(String), CN-44(String), ["现货","价格"](String), medium(String), 2026-08-22 21:54:14.062(Timestamp), none(String), 1(Integer), false(Boolean), 2026-08-22 21:54:14.062(Timestamp), 2026-08-22 21:54:14.062(Timestamp)
2026-08-22 21:54:14.064 DEBUG 215277 --- [   scheduling-1] c.p.intel.mapper.IntelNewsMapper.insert  : <==    Updates: 1
2026-08-22 21:54:14.064 DEBUG 215277 --- [   scheduling-1] c.p.i.m.IntelSourceMapper.updateById     : ==>  Preparing: UPDATE intel_source SET last_success_at=?, consecutive_failures=?, updated_at=? WHERE id=? AND deleted=false
2026-08-22 21:54:14.064 DEBUG 215277 --- [   scheduling-1] c.p.i.m.IntelSourceMapper.updateById     : ==> Parameters: 2026-08-22 21:54:14.064(Timestamp), 0(Integer), 2026-08-22 21:54:14.064(Timestamp), 13(Long)
2026-08-22 21:54:14.066 DEBUG 215277 --- [   scheduling-1] c.p.i.m.IntelSourceMapper.updateById     : <==    Updates: 1
2026-08-22 21:54:14.066  INFO 215277 --- [   scheduling-1] c.p.intel.service.IntelFetchService      : 情报源模拟采集：INTL-PRICE-GD 生成模拟情报
2026-08-22 21:54:14.066 DEBUG 215277 --- [   scheduling-1] c.p.intel.mapper.IntelNewsMapper.insert  : ==>  Preparing: INSERT INTO intel_news ( id, source_code, title, content, region_code, normalized_tags, importance, published_at, push_status, version, deleted, created_at, updated_at ) VALUES ( ?, ?, ?, ?, ?, ?, ?, ?, ?, ?, ?, ?, ? )
2026-08-22 21:54:14.066 DEBUG 215277 --- [   scheduling-1] c.p.intel.mapper.IntelNewsMapper.insert  : ==> Parameters: 216917885598175232(Long), INTL-PRICE-MX(String), 【蒙西现货】21:54 出清均价 590 元/MWh(String), 【价格】蒙西电力现货市场 2026-08-22 21:54 最新出清均价 590 元/MWh，较昨日同时段上涨 15 元/MWh。本条为行情接入模拟数据（mock=true），生产环境配置真实 endpoint 后自动切换真实拉取。(String), CN-15(String), ["现货","价格"](String), medium(String), 2026-08-22 21:54:14.066(Timestamp), none(String), 1(Integer), false(Boolean), 2026-08-22 21:54:14.066(Timestamp), 2026-08-22 21:54:14.066(Timestamp)
2026-08-22 21:54:14.068 DEBUG 215277 --- [   scheduling-1] c.p.intel.mapper.IntelNewsMapper.insert  : <==    Updates: 1
2026-08-22 21:54:14.068 DEBUG 215277 --- [   scheduling-1] c.p.i.m.IntelSourceMapper.updateById     : ==>  Preparing: UPDATE intel_source SET last_success_at=?, consecutive_failures=?, updated_at=? WHERE id=? AND deleted=false
2026-08-22 21:54:14.068 DEBUG 215277 --- [   scheduling-1] c.p.i.m.IntelSourceMapper.updateById     : ==> Parameters: 2026-08-22 21:54:14.068(Timestamp), 0(Integer), 2026-08-22 21:54:14.068(Timestamp), 15(Long)
2026-08-22 21:54:14.069 DEBUG 215277 --- [   scheduling-1] c.p.i.m.IntelSourceMapper.updateById     : <==    Updates: 1
2026-08-22 21:54:14.069  INFO 215277 --- [   scheduling-1] c.p.intel.service.IntelFetchService      : 情报源模拟采集：INTL-PRICE-MX 生成模拟情报
2026-08-22 21:54:14.070 DEBUG 215277 --- [   scheduling-1] c.p.intel.mapper.IntelNewsMapper.insert  : ==>  Preparing: INSERT INTO intel_news ( id, source_code, title, content, region_code, normalized_tags, importance, published_at, push_status, version, deleted, created_at, updated_at ) VALUES ( ?, ?, ?, ?, ?, ?, ?, ?, ?, ?, ?, ?, ? )
2026-08-22 21:54:14.070 DEBUG 215277 --- [   scheduling-1] c.p.intel.mapper.IntelNewsMapper.insert  : ==> Parameters: 216917885614952448(Long), INTL-PRICE-SX(String), 【山西现货】21:54 出清均价 443 元/MWh(String), 【价格】山西电力现货市场 2026-08-22 21:54 最新出清均价 443 元/MWh，较昨日同时段上涨 22 元/MWh。本条为行情接入模拟数据（mock=true），生产环境配置真实 endpoint 后自动切换真实拉取。(String), CN-14(String), ["现货","价格"](String), medium(String), 2026-08-22 21:54:14.07(Timestamp), none(String), 1(Integer), false(Boolean), 2026-08-22 21:54:14.07(Timestamp), 2026-08-22 21:54:14.07(Timestamp)
2026-08-22 21:54:14.071 DEBUG 215277 --- [   scheduling-1] c.p.intel.mapper.IntelNewsMapper.insert  : <==    Updates: 1
2026-08-22 21:54:14.072 DEBUG 215277 --- [   scheduling-1] c.p.i.m.IntelSourceMapper.updateById     : ==>  Preparing: UPDATE intel_source SET last_success_at=?, consecutive_failures=?, updated_at=? WHERE id=? AND deleted=false
2026-08-22 21:54:14.072 DEBUG 215277 --- [   scheduling-1] c.p.i.m.IntelSourceMapper.updateById     : ==> Parameters: 2026-08-22 21:54:14.071(Timestamp), 0(Integer), 2026-08-22 21:54:14.072(Timestamp), 12(Long)
2026-08-22 21:54:14.073 DEBUG 215277 --- [   scheduling-1] c.p.i.m.IntelSourceMapper.updateById     : <==    Updates: 1
2026-08-22 21:54:14.073  INFO 215277 --- [   scheduling-1] c.p.intel.service.IntelFetchService      : 情报源模拟采集：INTL-PRICE-SX 生成模拟情报
2026-08-22 21:54:14.074 DEBUG 215277 --- [   scheduling-1] c.p.intel.mapper.IntelNewsMapper.insert  : ==>  Preparing: INSERT INTO intel_news ( id, source_code, title, content, region_code, normalized_tags, importance, published_at, push_status, version, deleted, created_at, updated_at ) VALUES ( ?, ?, ?, ?, ?, ?, ?, ?, ?, ?, ?, ?, ? )
2026-08-22 21:54:14.074 DEBUG 215277 --- [   scheduling-1] c.p.intel.mapper.IntelNewsMapper.insert  : ==> Parameters: 216917885627535360(Long), INTL-PRICE-GS(String), 【甘肃现货】21:54 出清均价 726 元/MWh(String), 【价格】甘肃电力现货市场 2026-08-22 21:54 最新出清均价 726 元/MWh，较昨日同时段上涨 5 元/MWh。本条为行情接入模拟数据（mock=true），生产环境配置真实 endpoint 后自动切换真实拉取。(String), CN-62(String), ["现货","价格"](String), medium(String), 2026-08-22 21:54:14.073(Timestamp), none(String), 1(Integer), false(Boolean), 2026-08-22 21:54:14.073(Timestamp), 2026-08-22 21:54:14.073(Timestamp)
2026-08-22 21:54:14.075 DEBUG 215277 --- [   scheduling-1] c.p.intel.mapper.IntelNewsMapper.insert  : <==    Updates: 1
2026-08-22 21:54:14.075 DEBUG 215277 --- [   scheduling-1] c.p.i.m.IntelSourceMapper.updateById     : ==>  Preparing: UPDATE intel_source SET last_success_at=?, consecutive_failures=?, updated_at=? WHERE id=? AND deleted=false
2026-08-22 21:54:14.075 DEBUG 215277 --- [   scheduling-1] c.p.i.m.IntelSourceMapper.updateById     : ==> Parameters: 2026-08-22 21:54:14.075(Timestamp), 0(Integer), 2026-08-22 21:54:14.075(Timestamp), 14(Long)
2026-08-22 21:54:14.077 DEBUG 215277 --- [   scheduling-1] c.p.i.m.IntelSourceMapper.updateById     : <==    Updates: 1
2026-08-22 21:54:14.077  INFO 215277 --- [   scheduling-1] c.p.intel.service.IntelFetchService      : 情报源模拟采集：INTL-PRICE-GS 生成模拟情报
2026-08-22 21:54:14.077  INFO 215277 --- [   scheduling-1] c.p.intel.service.IntelFetchService      : 行情采集执行完成：到期 5 个（成功 5 / 失败 0 / 跳过未到期 16）
2026-08-22 21:54:24.988 DEBUG 215277 --- [   scheduling-1] c.p.i.m.IntelPushRuleMapper.selectList   : ==>  Preparing: SELECT id,rule_name,tags_filter,importance_filter,target_roles,channel,silent_period,status,version,deleted,created_at,updated_at FROM intel_push_rule WHERE deleted=false AND (status = ?)
2026-08-22 21:54:24.988 DEBUG 215277 --- [   scheduling-1] c.p.i.m.IntelPushRuleMapper.selectList   : ==> Parameters: active(String)
2026-08-22 21:54:24.988 DEBUG 215277 --- [   scheduling-1] c.p.i.m.IntelPushRuleMapper.selectList   : <==      Total: 15
2026-08-22 21:54:24.989 DEBUG 215277 --- [   scheduling-1] c.p.i.mapper.IntelNewsMapper.selectList  : ==>  Preparing: SELECT id,source_code,title,content,region_code,normalized_tags,importance,published_at,push_status,version,deleted,created_at,updated_at FROM intel_news WHERE deleted=false AND (push_status = ? AND importance = ?)
2026-08-22 21:54:24.989 DEBUG 215277 --- [   scheduling-1] c.p.i.mapper.IntelNewsMapper.selectList  : ==> Parameters: none(String), high(String)
2026-08-22 21:54:24.989 DEBUG 215277 --- [   scheduling-1] c.p.i.mapper.IntelNewsMapper.selectList  : <==      Total: 0
2026-08-22 21:54:24.990 DEBUG 215277 --- [   scheduling-1] c.p.i.mapper.IntelNewsMapper.selectList  : ==>  Preparing: SELECT id,source_code,title,content,region_code,normalized_tags,importance,published_at,push_status,version,deleted,created_at,updated_at FROM intel_news WHERE deleted=false AND (push_status = ? AND importance = ?)
2026-08-22 21:54:24.990 DEBUG 215277 --- [   scheduling-1] c.p.i.mapper.IntelNewsMapper.selectList  : ==> Parameters: none(String), medium(String)
2026-08-22 21:54:24.992 DEBUG 215277 --- [   scheduling-1] c.p.i.mapper.IntelNewsMapper.selectList  : <==      Total: 314
2026-08-22 21:54:24.993 DEBUG 215277 --- [   scheduling-1] c.p.i.mapper.IntelNewsMapper.selectList  : ==>  Preparing: SELECT id,source_code,title,content,region_code,normalized_tags,importance,published_at,push_status,version,deleted,created_at,updated_at FROM intel_news WHERE deleted=false AND (push_status = ? AND importance = ?)
2026-08-22 21:54:24.993 DEBUG 215277 --- [   scheduling-1] c.p.i.mapper.IntelNewsMapper.selectList  : ==> Parameters: none(String), high(String)
2026-08-22 21:54:24.993 DEBUG 215277 --- [   scheduling-1] c.p.i.mapper.IntelNewsMapper.selectList  : <==      Total: 0
2026-08-22 21:54:24.994 DEBUG 215277 --- [   scheduling-1] c.p.i.mapper.IntelNewsMapper.selectList  : ==>  Preparing: SELECT id,source_code,title,content,region_code,normalized_tags,importance,published_at,push_status,version,deleted,created_at,updated_at FROM intel_news WHERE deleted=false AND (push_status = ? AND importance = ?)
2026-08-22 21:54:24.994 DEBUG 215277 --- [   scheduling-1] c.p.i.mapper.IntelNewsMapper.selectList  : ==> Parameters: none(String), high(String)
2026-08-22 21:54:24.994 DEBUG 215277 --- [   scheduling-1] c.p.i.mapper.IntelNewsMapper.selectList  : <==      Total: 0
2026-08-22 21:54:24.994 DEBUG 215277 --- [   scheduling-1] c.p.i.mapper.IntelNewsMapper.selectList  : ==>  Preparing: SELECT id,source_code,title,content,region_code,normalized_tags,importance,published_at,push_status,version,deleted,created_at,updated_at FROM intel_news WHERE deleted=false AND (push_status = ? AND importance = ?)
2026-08-22 21:54:24.994 DEBUG 215277 --- [   scheduling-1] c.p.i.mapper.IntelNewsMapper.selectList  : ==> Parameters: none(String), high(String)
2026-08-22 21:54:24.995 DEBUG 215277 --- [   scheduling-1] c.p.i.mapper.IntelNewsMapper.selectList  : <==      Total: 0
2026-08-22 21:54:24.995 DEBUG 215277 --- [   scheduling-1] c.p.i.mapper.IntelNewsMapper.selectList  : ==>  Preparing: SELECT id,source_code,title,content,region_code,normalized_tags,importance,published_at,push_status,version,deleted,created_at,updated_at FROM intel_news WHERE deleted=false AND (push_status = ? AND importance = ?)
2026-08-22 21:54:24.995 DEBUG 215277 --- [   scheduling-1] c.p.i.mapper.IntelNewsMapper.selectList  : ==> Parameters: none(String), high(String)
2026-08-22 21:54:24.995 DEBUG 215277 --- [   scheduling-1] c.p.i.mapper.IntelNewsMapper.selectList  : <==      Total: 0
2026-08-22 21:54:24.996 DEBUG 215277 --- [   scheduling-1] c.p.i.mapper.IntelNewsMapper.selectList  : ==>  Preparing: SELECT id,source_code,title,content,region_code,normalized_tags,importance,published_at,push_status,version,deleted,created_at,updated_at FROM intel_news WHERE deleted=false AND (push_status = ? AND importance = ?)
2026-08-22 21:54:24.996 DEBUG 215277 --- [   scheduling-1] c.p.i.mapper.IntelNewsMapper.selectList  : ==> Parameters: none(String), high(String)
2026-08-22 21:54:24.996 DEBUG 215277 --- [   scheduling-1] c.p.i.mapper.IntelNewsMapper.selectList  : <==      Total: 0
2026-08-22 21:54:24.996 DEBUG 215277 --- [   scheduling-1] c.p.i.mapper.IntelNewsMapper.selectList  : ==>  Preparing: SELECT id,source_code,title,content,region_code,normalized_tags,importance,published_at,push_status,version,deleted,created_at,updated_at FROM intel_news WHERE deleted=false AND (push_status = ? AND importance = ?)
2026-08-22 21:54:24.996 DEBUG 215277 --- [   scheduling-1] c.p.i.mapper.IntelNewsMapper.selectList  : ==> Parameters: none(String), high(String)
2026-08-22 21:54:24.997 DEBUG 215277 --- [   scheduling-1] c.p.i.mapper.IntelNewsMapper.selectList  : <==      Total: 0
2026-08-22 21:54:24.997 DEBUG 215277 --- [   scheduling-1] c.p.i.mapper.IntelNewsMapper.selectList  : ==>  Preparing: SELECT id,source_code,title,content,region_code,normalized_tags,importance,published_at,push_status,version,deleted,created_at,updated_at FROM intel_news WHERE deleted=false AND (push_status = ? AND importance = ?)
2026-08-22 21:54:24.997 DEBUG 215277 --- [   scheduling-1] c.p.i.mapper.IntelNewsMapper.selectList  : ==> Parameters: none(String), high(String)
2026-08-22 21:54:24.997 DEBUG 215277 --- [   scheduling-1] c.p.i.mapper.IntelNewsMapper.selectList  : <==      Total: 0
2026-08-22 21:54:24.997 DEBUG 215277 --- [   scheduling-1] c.p.i.mapper.IntelNewsMapper.selectList  : ==>  Preparing: SELECT id,source_code,title,content,region_code,normalized_tags,importance,published_at,push_status,version,deleted,created_at,updated_at FROM intel_news WHERE deleted=false AND (push_status = ? AND importance = ?)
2026-08-22 21:54:24.998 DEBUG 215277 --- [   scheduling-1] c.p.i.mapper.IntelNewsMapper.selectList  : ==> Parameters: none(String), high(String)
2026-08-22 21:54:24.998 DEBUG 215277 --- [   scheduling-1] c.p.i.mapper.IntelNewsMapper.selectList  : <==      Total: 0
2026-08-22 21:54:24.998 DEBUG 215277 --- [   scheduling-1] c.p.i.mapper.IntelNewsMapper.selectList  : ==>  Preparing: SELECT id,source_code,title,content,region_code,normalized_tags,importance,published_at,push_status,version,deleted,created_at,updated_at FROM intel_news WHERE deleted=false AND (push_status = ? AND importance = ?)
2026-08-22 21:54:24.998 DEBUG 215277 --- [   scheduling-1] c.p.i.mapper.IntelNewsMapper.selectList  : ==> Parameters: none(String), high(String)
2026-08-22 21:54:24.999 DEBUG 215277 --- [   scheduling-1] c.p.i.mapper.IntelNewsMapper.selectList  : <==      Total: 0
2026-08-22 21:54:24.999 DEBUG 215277 --- [   scheduling-1] c.p.i.mapper.IntelNewsMapper.selectList  : ==>  Preparing: SELECT id,source_code,title,content,region_code,normalized_tags,importance,published_at,push_status,version,deleted,created_at,updated_at FROM intel_news WHERE deleted=false AND (push_status = ? AND importance = ?)
2026-08-22 21:54:24.999 DEBUG 215277 --- [   scheduling-1] c.p.i.mapper.IntelNewsMapper.selectList  : ==> Parameters: none(String), high(String)
2026-08-22 21:54:24.999 DEBUG 215277 --- [   scheduling-1] c.p.i.mapper.IntelNewsMapper.selectList  : <==      Total: 0
2026-08-22 21:54:25.000 DEBUG 215277 --- [   scheduling-1] c.p.i.mapper.IntelNewsMapper.selectList  : ==>  Preparing: SELECT id,source_code,title,content,region_code,normalized_tags,importance,published_at,push_status,version,deleted,created_at,updated_at FROM intel_news WHERE deleted=false AND (push_status = ? AND importance = ?)
2026-08-22 21:54:25.000 DEBUG 215277 --- [   scheduling-1] c.p.i.mapper.IntelNewsMapper.selectList  : ==> Parameters: none(String), high(String)
2026-08-22 21:54:25.000 DEBUG 215277 --- [   scheduling-1] c.p.i.mapper.IntelNewsMapper.selectList  : <==      Total: 0
2026-08-22 21:54:25.000 DEBUG 215277 --- [   scheduling-1] c.p.i.mapper.IntelNewsMapper.selectList  : ==>  Preparing: SELECT id,source_code,title,content,region_code,normalized_tags,importance,published_at,push_status,version,deleted,created_at,updated_at FROM intel_news WHERE deleted=false AND (push_status = ? AND importance = ?)
2026-08-22 21:54:25.000 DEBUG 215277 --- [   scheduling-1] c.p.i.mapper.IntelNewsMapper.selectList  : ==> Parameters: none(String), high(String)
2026-08-22 21:54:25.001 DEBUG 215277 --- [   scheduling-1] c.p.i.mapper.IntelNewsMapper.selectList  : <==      Total: 0
2026-08-22 21:54:25.001 DEBUG 215277 --- [   scheduling-1] c.p.i.mapper.IntelNewsMapper.selectList  : ==>  Preparing: SELECT id,source_code,title,content,region_code,normalized_tags,importance,published_at,push_status,version,deleted,created_at,updated_at FROM intel_news WHERE deleted=false AND (push_status = ? AND importance = ?)
2026-08-22 21:54:25.001 DEBUG 215277 --- [   scheduling-1] c.p.i.mapper.IntelNewsMapper.selectList  : ==> Parameters: none(String), high(String)
2026-08-22 21:54:25.001 DEBUG 215277 --- [   scheduling-1] c.p.i.mapper.IntelNewsMapper.selectList  : <==      Total: 0
2026-08-22 21:54:25.001  INFO 215277 --- [   scheduling-1] com.ptidss.intel.service.IntelService    : 情报推送执行完成：匹配情报 0 条，派发消息 0 条，触发决策会话情报重评 0 个
2026-08-22 21:54:55.002 DEBUG 215277 --- [   scheduling-1] c.p.i.m.IntelPushRuleMapper.selectList   : ==>  Preparing: SELECT id,rule_name,tags_filter,importance_filter,target_roles,channel,silent_period,status,version,deleted,created_at,updated_at FROM intel_push_rule WHERE deleted=false AND (status = ?)
2026-08-22 21:54:55.002 DEBUG 215277 --- [   scheduling-1] c.p.i.m.IntelPushRuleMapper.selectList   : ==> Parameters: active(String)
2026-08-22 21:54:55.003 DEBUG 215277 --- [   scheduling-1] c.p.i.m.IntelPushRuleMapper.selectList   : <==      Total: 15
2026-08-22 21:54:55.003 DEBUG 215277 --- [   scheduling-1] c.p.i.mapper.IntelNewsMapper.selectList  : ==>  Preparing: SELECT id,source_code,title,content,region_code,normalized_tags,importance,published_at,push_status,version,deleted,created_at,updated_at FROM intel_news WHERE deleted=false AND (push_status = ? AND importance = ?)
2026-08-22 21:54:55.003 DEBUG 215277 --- [   scheduling-1] c.p.i.mapper.IntelNewsMapper.selectList  : ==> Parameters: none(String), high(String)
2026-08-22 21:54:55.004 DEBUG 215277 --- [   scheduling-1] c.p.i.mapper.IntelNewsMapper.selectList  : <==      Total: 0
2026-08-22 21:54:55.004 DEBUG 215277 --- [   scheduling-1] c.p.i.mapper.IntelNewsMapper.selectList  : ==>  Preparing: SELECT id,source_code,title,content,region_code,normalized_tags,importance,published_at,push_status,version,deleted,created_at,updated_at FROM intel_news WHERE deleted=false AND (push_status = ? AND importance = ?)
2026-08-22 21:54:55.004 DEBUG 215277 --- [   scheduling-1] c.p.i.mapper.IntelNewsMapper.selectList  : ==> Parameters: none(String), medium(String)
2026-08-22 21:54:55.007 DEBUG 215277 --- [   scheduling-1] c.p.i.mapper.IntelNewsMapper.selectList  : <==      Total: 314
2026-08-22 21:54:55.007 DEBUG 215277 --- [   scheduling-1] c.p.i.mapper.IntelNewsMapper.selectList  : ==>  Preparing: SELECT id,source_code,title,content,region_code,normalized_tags,importance,published_at,push_status,version,deleted,created_at,updated_at FROM intel_news WHERE deleted=false AND (push_status = ? AND importance = ?)
2026-08-22 21:54:55.007 DEBUG 215277 --- [   scheduling-1] c.p.i.mapper.IntelNewsMapper.selectList  : ==> Parameters: none(String), high(String)
2026-08-22 21:54:55.008 DEBUG 215277 --- [   scheduling-1] c.p.i.mapper.IntelNewsMapper.selectList  : <==      Total: 0
2026-08-22 21:54:55.008 DEBUG 215277 --- [   scheduling-1] c.p.i.mapper.IntelNewsMapper.selectList  : ==>  Preparing: SELECT id,source_code,title,content,region_code,normalized_tags,importance,published_at,push_status,version,deleted,created_at,updated_at FROM intel_news WHERE deleted=false AND (push_status = ? AND importance = ?)
2026-08-22 21:54:55.008 DEBUG 215277 --- [   scheduling-1] c.p.i.mapper.IntelNewsMapper.selectList  : ==> Parameters: none(String), high(String)
2026-08-22 21:54:55.008 DEBUG 215277 --- [   scheduling-1] c.p.i.mapper.IntelNewsMapper.selectList  : <==      Total: 0
2026-08-22 21:54:55.008 DEBUG 215277 --- [   scheduling-1] c.p.i.mapper.IntelNewsMapper.selectList  : ==>  Preparing: SELECT id,source_code,title,content,region_code,normalized_tags,importance,published_at,push_status,version,deleted,created_at,updated_at FROM intel_news WHERE deleted=false AND (push_status = ? AND importance = ?)
2026-08-22 21:54:55.008 DEBUG 215277 --- [   scheduling-1] c.p.i.mapper.IntelNewsMapper.selectList  : ==> Parameters: none(String), high(String)
2026-08-22 21:54:55.009 DEBUG 215277 --- [   scheduling-1] c.p.i.mapper.IntelNewsMapper.selectList  : <==      Total: 0
2026-08-22 21:54:55.009 DEBUG 215277 --- [   scheduling-1] c.p.i.mapper.IntelNewsMapper.selectList  : ==>  Preparing: SELECT id,source_code,title,content,region_code,normalized_tags,importance,published_at,push_status,version,deleted,created_at,updated_at FROM intel_news WHERE deleted=false AND (push_status = ? AND importance = ?)
2026-08-22 21:54:55.009 DEBUG 215277 --- [   scheduling-1] c.p.i.mapper.IntelNewsMapper.selectList  : ==> Parameters: none(String), high(String)
2026-08-22 21:54:55.009 DEBUG 215277 --- [   scheduling-1] c.p.i.mapper.IntelNewsMapper.selectList  : <==      Total: 0
2026-08-22 21:54:55.010 DEBUG 215277 --- [   scheduling-1] c.p.i.mapper.IntelNewsMapper.selectList  : ==>  Preparing: SELECT id,source_code,title,content,region_code,normalized_tags,importance,published_at,push_status,version,deleted,created_at,updated_at FROM intel_news WHERE deleted=false AND (push_status = ? AND importance = ?)
2026-08-22 21:54:55.010 DEBUG 215277 --- [   scheduling-1] c.p.i.mapper.IntelNewsMapper.selectList  : ==> Parameters: none(String), high(String)
2026-08-22 21:54:55.010 DEBUG 215277 --- [   scheduling-1] c.p.i.mapper.IntelNewsMapper.selectList  : <==      Total: 0
2026-08-22 21:54:55.010 DEBUG 215277 --- [   scheduling-1] c.p.i.mapper.IntelNewsMapper.selectList  : ==>  Preparing: SELECT id,source_code,title,content,region_code,normalized_tags,importance,published_at,push_status,version,deleted,created_at,updated_at FROM intel_news WHERE deleted=false AND (push_status = ? AND importance = ?)
2026-08-22 21:54:55.010 DEBUG 215277 --- [   scheduling-1] c.p.i.mapper.IntelNewsMapper.selectList  : ==> Parameters: none(String), high(String)
2026-08-22 21:54:55.011 DEBUG 215277 --- [   scheduling-1] c.p.i.mapper.IntelNewsMapper.selectList  : <==      Total: 0
2026-08-22 21:54:55.011 DEBUG 215277 --- [   scheduling-1] c.p.i.mapper.IntelNewsMapper.selectList  : ==>  Preparing: SELECT id,source_code,title,content,region_code,normalized_tags,importance,published_at,push_status,version,deleted,created_at,updated_at FROM intel_news WHERE deleted=false AND (push_status = ? AND importance = ?)
2026-08-22 21:54:55.011 DEBUG 215277 --- [   scheduling-1] c.p.i.mapper.IntelNewsMapper.selectList  : ==> Parameters: none(String), high(String)
2026-08-22 21:54:55.011 DEBUG 215277 --- [   scheduling-1] c.p.i.mapper.IntelNewsMapper.selectList  : <==      Total: 0
2026-08-22 21:54:55.011 DEBUG 215277 --- [   scheduling-1] c.p.i.mapper.IntelNewsMapper.selectList  : ==>  Preparing: SELECT id,source_code,title,content,region_code,normalized_tags,importance,published_at,push_status,version,deleted,created_at,updated_at FROM intel_news WHERE deleted=false AND (push_status = ? AND importance = ?)
2026-08-22 21:54:55.012 DEBUG 215277 --- [   scheduling-1] c.p.i.mapper.IntelNewsMapper.selectList  : ==> Parameters: none(String), high(String)
2026-08-22 21:54:55.012 DEBUG 215277 --- [   scheduling-1] c.p.i.mapper.IntelNewsMapper.selectList  : <==      Total: 0
2026-08-22 21:54:55.012 DEBUG 215277 --- [   scheduling-1] c.p.i.mapper.IntelNewsMapper.selectList  : ==>  Preparing: SELECT id,source_code,title,content,region_code,normalized_tags,importance,published_at,push_status,version,deleted,created_at,updated_at FROM intel_news WHERE deleted=false AND (push_status = ? AND importance = ?)
2026-08-22 21:54:55.012 DEBUG 215277 --- [   scheduling-1] c.p.i.mapper.IntelNewsMapper.selectList  : ==> Parameters: none(String), high(String)
2026-08-22 21:54:55.012 DEBUG 215277 --- [   scheduling-1] c.p.i.mapper.IntelNewsMapper.selectList  : <==      Total: 0
2026-08-22 21:54:55.013 DEBUG 215277 --- [   scheduling-1] c.p.i.mapper.IntelNewsMapper.selectList  : ==>  Preparing: SELECT id,source_code,title,content,region_code,normalized_tags,importance,published_at,push_status,version,deleted,created_at,updated_at FROM intel_news WHERE deleted=false AND (push_status = ? AND importance = ?)
2026-08-22 21:54:55.013 DEBUG 215277 --- [   scheduling-1] c.p.i.mapper.IntelNewsMapper.selectList  : ==> Parameters: none(String), high(String)
2026-08-22 21:54:55.013 DEBUG 215277 --- [   scheduling-1] c.p.i.mapper.IntelNewsMapper.selectList  : <==      Total: 0
2026-08-22 21:54:55.013 DEBUG 215277 --- [   scheduling-1] c.p.i.mapper.IntelNewsMapper.selectList  : ==>  Preparing: SELECT id,source_code,title,content,region_code,normalized_tags,importance,published_at,push_status,version,deleted,created_at,updated_at FROM intel_news WHERE deleted=false AND (push_status = ? AND importance = ?)
2026-08-22 21:54:55.013 DEBUG 215277 --- [   scheduling-1] c.p.i.mapper.IntelNewsMapper.selectList  : ==> Parameters: none(String), high(String)
2026-08-22 21:54:55.013 DEBUG 215277 --- [   scheduling-1] c.p.i.mapper.IntelNewsMapper.selectList  : <==      Total: 0
2026-08-22 21:54:55.014 DEBUG 215277 --- [   scheduling-1] c.p.i.mapper.IntelNewsMapper.selectList  : ==>  Preparing: SELECT id,source_code,title,content,region_code,normalized_tags,importance,published_at,push_status,version,deleted,created_at,updated_at FROM intel_news WHERE deleted=false AND (push_status = ? AND importance = ?)
2026-08-22 21:54:55.014 DEBUG 215277 --- [   scheduling-1] c.p.i.mapper.IntelNewsMapper.selectList  : ==> Parameters: none(String), high(String)
2026-08-22 21:54:55.014 DEBUG 215277 --- [   scheduling-1] c.p.i.mapper.IntelNewsMapper.selectList  : <==      Total: 0
2026-08-22 21:54:55.014 DEBUG 215277 --- [   scheduling-1] c.p.i.mapper.IntelNewsMapper.selectList  : ==>  Preparing: SELECT id,source_code,title,content,region_code,normalized_tags,importance,published_at,push_status,version,deleted,created_at,updated_at FROM intel_news WHERE deleted=false AND (push_status = ? AND importance = ?)
2026-08-22 21:54:55.014 DEBUG 215277 --- [   scheduling-1] c.p.i.mapper.IntelNewsMapper.selectList  : ==> Parameters: none(String), high(String)
2026-08-22 21:54:55.015 DEBUG 215277 --- [   scheduling-1] c.p.i.mapper.IntelNewsMapper.selectList  : <==      Total: 0
2026-08-22 21:54:55.015  INFO 215277 --- [   scheduling-1] com.ptidss.intel.service.IntelService    : 情报推送执行完成：匹配情报 0 条，派发消息 0 条，触发决策会话情报重评 0 个
2026-08-22 21:55:03.737 DEBUG 215277 --- [   scheduling-1] c.p.d.m.CollectTaskMapper.selectList     : ==>  Preparing: SELECT id,source_id,task_type,cron_expr,last_run_time,last_status,records_count,error_log,version,deleted,created_at,updated_at FROM collect_task WHERE deleted=false AND (cron_expr IS NOT NULL)
2026-08-22 21:55:03.737 DEBUG 215277 --- [   scheduling-1] c.p.d.m.CollectTaskMapper.selectList     : ==> Parameters: 
2026-08-22 21:55:03.737 DEBUG 215277 --- [   scheduling-1] c.p.d.m.CollectTaskMapper.selectList     : <==      Total: 3
2026-08-22 21:55:14.077 DEBUG 215277 --- [   scheduling-1] c.p.i.m.IntelSourceMapper.selectList     : ==>  Preparing: SELECT id,source_code,source_name,intel_type,fetch_mode,conn_type,conn_config,frequency,status,last_success_at,last_error,consecutive_failures,version,deleted,created_at,updated_at FROM intel_source WHERE deleted=false AND (status = ?)
2026-08-22 21:55:14.077 DEBUG 215277 --- [   scheduling-1] c.p.i.m.IntelSourceMapper.selectList     : ==> Parameters: enabled(String)
2026-08-22 21:55:14.078 DEBUG 215277 --- [   scheduling-1] c.p.i.m.IntelSourceMapper.selectList     : <==      Total: 21
2026-08-22 21:55:14.078  INFO 215277 --- [   scheduling-1] c.p.intel.service.IntelFetchService      : 行情采集执行完成：到期 0 个（成功 0 / 失败 0 / 跳过未到期 21）
2026-08-22 21:55:25.015 DEBUG 215277 --- [   scheduling-1] c.p.i.m.IntelPushRuleMapper.selectList   : ==>  Preparing: SELECT id,rule_name,tags_filter,importance_filter,target_roles,channel,silent_period,status,version,deleted,created_at,updated_at FROM intel_push_rule WHERE deleted=false AND (status = ?)
2026-08-22 21:55:25.016 DEBUG 215277 --- [   scheduling-1] c.p.i.m.IntelPushRuleMapper.selectList   : ==> Parameters: active(String)
2026-08-22 21:55:25.016 DEBUG 215277 --- [   scheduling-1] c.p.i.m.IntelPushRuleMapper.selectList   : <==      Total: 15
2026-08-22 21:55:25.016 DEBUG 215277 --- [   scheduling-1] c.p.i.mapper.IntelNewsMapper.selectList  : ==>  Preparing: SELECT id,source_code,title,content,region_code,normalized_tags,importance,published_at,push_status,version,deleted,created_at,updated_at FROM intel_news WHERE deleted=false AND (push_status = ? AND importance = ?)
2026-08-22 21:55:25.016 DEBUG 215277 --- [   scheduling-1] c.p.i.mapper.IntelNewsMapper.selectList  : ==> Parameters: none(String), high(String)
2026-08-22 21:55:25.017 DEBUG 215277 --- [   scheduling-1] c.p.i.mapper.IntelNewsMapper.selectList  : <==      Total: 0
2026-08-22 21:55:25.017 DEBUG 215277 --- [   scheduling-1] c.p.i.mapper.IntelNewsMapper.selectList  : ==>  Preparing: SELECT id,source_code,title,content,region_code,normalized_tags,importance,published_at,push_status,version,deleted,created_at,updated_at FROM intel_news WHERE deleted=false AND (push_status = ? AND importance = ?)
2026-08-22 21:55:25.017 DEBUG 215277 --- [   scheduling-1] c.p.i.mapper.IntelNewsMapper.selectList  : ==> Parameters: none(String), medium(String)
2026-08-22 21:55:25.019 DEBUG 215277 --- [   scheduling-1] c.p.i.mapper.IntelNewsMapper.selectList  : <==      Total: 314
2026-08-22 21:55:25.020 DEBUG 215277 --- [   scheduling-1] c.p.i.mapper.IntelNewsMapper.selectList  : ==>  Preparing: SELECT id,source_code,title,content,region_code,normalized_tags,importance,published_at,push_status,version,deleted,created_at,updated_at FROM intel_news WHERE deleted=false AND (push_status = ? AND importance = ?)
2026-08-22 21:55:25.020 DEBUG 215277 --- [   scheduling-1] c.p.i.mapper.IntelNewsMapper.selectList  : ==> Parameters: none(String), high(String)
2026-08-22 21:55:25.020 DEBUG 215277 --- [   scheduling-1] c.p.i.mapper.IntelNewsMapper.selectList  : <==      Total: 0
2026-08-22 21:55:25.020 DEBUG 215277 --- [   scheduling-1] c.p.i.mapper.IntelNewsMapper.selectList  : ==>  Preparing: SELECT id,source_code,title,content,region_code,normalized_tags,importance,published_at,push_status,version,deleted,created_at,updated_at FROM intel_news WHERE deleted=false AND (push_status = ? AND importance = ?)
2026-08-22 21:55:25.020 DEBUG 215277 --- [   scheduling-1] c.p.i.mapper.IntelNewsMapper.selectList  : ==> Parameters: none(String), high(String)
2026-08-22 21:55:25.020 DEBUG 215277 --- [   scheduling-1] c.p.i.mapper.IntelNewsMapper.selectList  : <==      Total: 0
2026-08-22 21:55:25.021 DEBUG 215277 --- [   scheduling-1] c.p.i.mapper.IntelNewsMapper.selectList  : ==>  Preparing: SELECT id,source_code,title,content,region_code,normalized_tags,importance,published_at,push_status,version,deleted,created_at,updated_at FROM intel_news WHERE deleted=false AND (push_status = ? AND importance = ?)
2026-08-22 21:55:25.021 DEBUG 215277 --- [   scheduling-1] c.p.i.mapper.IntelNewsMapper.selectList  : ==> Parameters: none(String), high(String)
2026-08-22 21:55:25.021 DEBUG 215277 --- [   scheduling-1] c.p.i.mapper.IntelNewsMapper.selectList  : <==      Total: 0
2026-08-22 21:55:25.021 DEBUG 215277 --- [   scheduling-1] c.p.i.mapper.IntelNewsMapper.selectList  : ==>  Preparing: SELECT id,source_code,title,content,region_code,normalized_tags,importance,published_at,push_status,version,deleted,created_at,updated_at FROM intel_news WHERE deleted=false AND (push_status = ? AND importance = ?)
2026-08-22 21:55:25.021 DEBUG 215277 --- [   scheduling-1] c.p.i.mapper.IntelNewsMapper.selectList  : ==> Parameters: none(String), high(String)
2026-08-22 21:55:25.021 DEBUG 215277 --- [   scheduling-1] c.p.i.mapper.IntelNewsMapper.selectList  : <==      Total: 0
2026-08-22 21:55:25.022 DEBUG 215277 --- [   scheduling-1] c.p.i.mapper.IntelNewsMapper.selectList  : ==>  Preparing: SELECT id,source_code,title,content,region_code,normalized_tags,importance,published_at,push_status,version,deleted,created_at,updated_at FROM intel_news WHERE deleted=false AND (push_status = ? AND importance = ?)
2026-08-22 21:55:25.022 DEBUG 215277 --- [   scheduling-1] c.p.i.mapper.IntelNewsMapper.selectList  : ==> Parameters: none(String), high(String)
2026-08-22 21:55:25.022 DEBUG 215277 --- [   scheduling-1] c.p.i.mapper.IntelNewsMapper.selectList  : <==      Total: 0
2026-08-22 21:55:25.022 DEBUG 215277 --- [   scheduling-1] c.p.i.mapper.IntelNewsMapper.selectList  : ==>  Preparing: SELECT id,source_code,title,content,region_code,normalized_tags,importance,published_at,push_status,version,deleted,created_at,updated_at FROM intel_news WHERE deleted=false AND (push_status = ? AND importance = ?)
2026-08-22 21:55:25.022 DEBUG 215277 --- [   scheduling-1] c.p.i.mapper.IntelNewsMapper.selectList  : ==> Parameters: none(String), high(String)
2026-08-22 21:55:25.023 DEBUG 215277 --- [   scheduling-1] c.p.i.mapper.IntelNewsMapper.selectList  : <==      Total: 0
2026-08-22 21:55:25.023 DEBUG 215277 --- [   scheduling-1] c.p.i.mapper.IntelNewsMapper.selectList  : ==>  Preparing: SELECT id,source_code,title,content,region_code,normalized_tags,importance,published_at,push_status,version,deleted,created_at,updated_at FROM intel_news WHERE deleted=false AND (push_status = ? AND importance = ?)
2026-08-22 21:55:25.023 DEBUG 215277 --- [   scheduling-1] c.p.i.mapper.IntelNewsMapper.selectList  : ==> Parameters: none(String), high(String)
2026-08-22 21:55:25.023 DEBUG 215277 --- [   scheduling-1] c.p.i.mapper.IntelNewsMapper.selectList  : <==      Total: 0
2026-08-22 21:55:25.024 DEBUG 215277 --- [   scheduling-1] c.p.i.mapper.IntelNewsMapper.selectList  : ==>  Preparing: SELECT id,source_code,title,content,region_code,normalized_tags,importance,published_at,push_status,version,deleted,created_at,updated_at FROM intel_news WHERE deleted=false AND (push_status = ? AND importance = ?)
2026-08-22 21:55:25.024 DEBUG 215277 --- [   scheduling-1] c.p.i.mapper.IntelNewsMapper.selectList  : ==> Parameters: none(String), high(String)
2026-08-22 21:55:25.024 DEBUG 215277 --- [   scheduling-1] c.p.i.mapper.IntelNewsMapper.selectList  : <==      Total: 0
2026-08-22 21:55:25.024 DEBUG 215277 --- [   scheduling-1] c.p.i.mapper.IntelNewsMapper.selectList  : ==>  Preparing: SELECT id,source_code,title,content,region_code,normalized_tags,importance,published_at,push_status,version,deleted,created_at,updated_at FROM intel_news WHERE deleted=false AND (push_status = ? AND importance = ?)
2026-08-22 21:55:25.024 DEBUG 215277 --- [   scheduling-1] c.p.i.mapper.IntelNewsMapper.selectList  : ==> Parameters: none(String), high(String)
2026-08-22 21:55:25.025 DEBUG 215277 --- [   scheduling-1] c.p.i.mapper.IntelNewsMapper.selectList  : <==      Total: 0
2026-08-22 21:55:25.025 DEBUG 215277 --- [   scheduling-1] c.p.i.mapper.IntelNewsMapper.selectList  : ==>  Preparing: SELECT id,source_code,title,content,region_code,normalized_tags,importance,published_at,push_status,version,deleted,created_at,updated_at FROM intel_news WHERE deleted=false AND (push_status = ? AND importance = ?)
2026-08-22 21:55:25.025 DEBUG 215277 --- [   scheduling-1] c.p.i.mapper.IntelNewsMapper.selectList  : ==> Parameters: none(String), high(String)
2026-08-22 21:55:25.025 DEBUG 215277 --- [   scheduling-1] c.p.i.mapper.IntelNewsMapper.selectList  : <==      Total: 0
2026-08-22 21:55:25.026 DEBUG 215277 --- [   scheduling-1] c.p.i.mapper.IntelNewsMapper.selectList  : ==>  Preparing: SELECT id,source_code,title,content,region_code,normalized_tags,importance,published_at,push_status,version,deleted,created_at,updated_at FROM intel_news WHERE deleted=false AND (push_status = ? AND importance = ?)
2026-08-22 21:55:25.026 DEBUG 215277 --- [   scheduling-1] c.p.i.mapper.IntelNewsMapper.selectList  : ==> Parameters: none(String), high(String)
2026-08-22 21:55:25.026 DEBUG 215277 --- [   scheduling-1] c.p.i.mapper.IntelNewsMapper.selectList  : <==      Total: 0
2026-08-22 21:55:25.026 DEBUG 215277 --- [   scheduling-1] c.p.i.mapper.IntelNewsMapper.selectList  : ==>  Preparing: SELECT id,source_code,title,content,region_code,normalized_tags,importance,published_at,push_status,version,deleted,created_at,updated_at FROM intel_news WHERE deleted=false AND (push_status = ? AND importance = ?)
2026-08-22 21:55:25.026 DEBUG 215277 --- [   scheduling-1] c.p.i.mapper.IntelNewsMapper.selectList  : ==> Parameters: none(String), high(String)
2026-08-22 21:55:25.027 DEBUG 215277 --- [   scheduling-1] c.p.i.mapper.IntelNewsMapper.selectList  : <==      Total: 0
2026-08-22 21:55:25.027 DEBUG 215277 --- [   scheduling-1] c.p.i.mapper.IntelNewsMapper.selectList  : ==>  Preparing: SELECT id,source_code,title,content,region_code,normalized_tags,importance,published_at,push_status,version,deleted,created_at,updated_at FROM intel_news WHERE deleted=false AND (push_status = ? AND importance = ?)
2026-08-22 21:55:25.027 DEBUG 215277 --- [   scheduling-1] c.p.i.mapper.IntelNewsMapper.selectList  : ==> Parameters: none(String), high(String)
2026-08-22 21:55:25.027 DEBUG 215277 --- [   scheduling-1] c.p.i.mapper.IntelNewsMapper.selectList  : <==      Total: 0
2026-08-22 21:55:25.027  INFO 215277 --- [   scheduling-1] com.ptidss.intel.service.IntelService    : 情报推送执行完成：匹配情报 0 条，派发消息 0 条，触发决策会话情报重评 0 个
2026-08-22 21:55:55.028 DEBUG 215277 --- [   scheduling-1] c.p.i.m.IntelPushRuleMapper.selectList   : ==>  Preparing: SELECT id,rule_name,tags_filter,importance_filter,target_roles,channel,silent_period,status,version,deleted,created_at,updated_at FROM intel_push_rule WHERE deleted=false AND (status = ?)
2026-08-22 21:55:55.028 DEBUG 215277 --- [   scheduling-1] c.p.i.m.IntelPushRuleMapper.selectList   : ==> Parameters: active(String)
2026-08-22 21:55:55.029 DEBUG 215277 --- [   scheduling-1] c.p.i.m.IntelPushRuleMapper.selectList   : <==      Total: 15
2026-08-22 21:55:55.029 DEBUG 215277 --- [   scheduling-1] c.p.i.mapper.IntelNewsMapper.selectList  : ==>  Preparing: SELECT id,source_code,title,content,region_code,normalized_tags,importance,published_at,push_status,version,deleted,created_at,updated_at FROM intel_news WHERE deleted=false AND (push_status = ? AND importance = ?)
2026-08-22 21:55:55.029 DEBUG 215277 --- [   scheduling-1] c.p.i.mapper.IntelNewsMapper.selectList  : ==> Parameters: none(String), high(String)
2026-08-22 21:55:55.029 DEBUG 215277 --- [   scheduling-1] c.p.i.mapper.IntelNewsMapper.selectList  : <==      Total: 0
2026-08-22 21:55:55.030 DEBUG 215277 --- [   scheduling-1] c.p.i.mapper.IntelNewsMapper.selectList  : ==>  Preparing: SELECT id,source_code,title,content,region_code,normalized_tags,importance,published_at,push_status,version,deleted,created_at,updated_at FROM intel_news WHERE deleted=false AND (push_status = ? AND importance = ?)
2026-08-22 21:55:55.030 DEBUG 215277 --- [   scheduling-1] c.p.i.mapper.IntelNewsMapper.selectList  : ==> Parameters: none(String), medium(String)
2026-08-22 21:55:55.032 DEBUG 215277 --- [   scheduling-1] c.p.i.mapper.IntelNewsMapper.selectList  : <==      Total: 314
2026-08-22 21:55:55.033 DEBUG 215277 --- [   scheduling-1] c.p.i.mapper.IntelNewsMapper.selectList  : ==>  Preparing: SELECT id,source_code,title,content,region_code,normalized_tags,importance,published_at,push_status,version,deleted,created_at,updated_at FROM intel_news WHERE deleted=false AND (push_status = ? AND importance = ?)
2026-08-22 21:55:55.033 DEBUG 215277 --- [   scheduling-1] c.p.i.mapper.IntelNewsMapper.selectList  : ==> Parameters: none(String), high(String)
2026-08-22 21:55:55.034 DEBUG 215277 --- [   scheduling-1] c.p.i.mapper.IntelNewsMapper.selectList  : <==      Total: 0
2026-08-22 21:55:55.034 DEBUG 215277 --- [   scheduling-1] c.p.i.mapper.IntelNewsMapper.selectList  : ==>  Preparing: SELECT id,source_code,title,content,region_code,normalized_tags,importance,published_at,push_status,version,deleted,created_at,updated_at FROM intel_news WHERE deleted=false AND (push_status = ? AND importance = ?)
2026-08-22 21:55:55.034 DEBUG 215277 --- [   scheduling-1] c.p.i.mapper.IntelNewsMapper.selectList  : ==> Parameters: none(String), high(String)
2026-08-22 21:55:55.035 DEBUG 215277 --- [   scheduling-1] c.p.i.mapper.IntelNewsMapper.selectList  : <==      Total: 0
2026-08-22 21:55:55.035 DEBUG 215277 --- [   scheduling-1] c.p.i.mapper.IntelNewsMapper.selectList  : ==>  Preparing: SELECT id,source_code,title,content,region_code,normalized_tags,importance,published_at,push_status,version,deleted,created_at,updated_at FROM intel_news WHERE deleted=false AND (push_status = ? AND importance = ?)
2026-08-22 21:55:55.035 DEBUG 215277 --- [   scheduling-1] c.p.i.mapper.IntelNewsMapper.selectList  : ==> Parameters: none(String), high(String)
2026-08-22 21:55:55.036 DEBUG 215277 --- [   scheduling-1] c.p.i.mapper.IntelNewsMapper.selectList  : <==      Total: 0
2026-08-22 21:55:55.036 DEBUG 215277 --- [   scheduling-1] c.p.i.mapper.IntelNewsMapper.selectList  : ==>  Preparing: SELECT id,source_code,title,content,region_code,normalized_tags,importance,published_at,push_status,version,deleted,created_at,updated_at FROM intel_news WHERE deleted=false AND (push_status = ? AND importance = ?)
2026-08-22 21:55:55.036 DEBUG 215277 --- [   scheduling-1] c.p.i.mapper.IntelNewsMapper.selectList  : ==> Parameters: none(String), high(String)
2026-08-22 21:55:55.037 DEBUG 215277 --- [   scheduling-1] c.p.i.mapper.IntelNewsMapper.selectList  : <==      Total: 0
2026-08-22 21:55:55.037 DEBUG 215277 --- [   scheduling-1] c.p.i.mapper.IntelNewsMapper.selectList  : ==>  Preparing: SELECT id,source_code,title,content,region_code,normalized_tags,importance,published_at,push_status,version,deleted,created_at,updated_at FROM intel_news WHERE deleted=false AND (push_status = ? AND importance = ?)
2026-08-22 21:55:55.037 DEBUG 215277 --- [   scheduling-1] c.p.i.mapper.IntelNewsMapper.selectList  : ==> Parameters: none(String), high(String)
2026-08-22 21:55:55.037 DEBUG 215277 --- [   scheduling-1] c.p.i.mapper.IntelNewsMapper.selectList  : <==      Total: 0
2026-08-22 21:55:55.038 DEBUG 215277 --- [   scheduling-1] c.p.i.mapper.IntelNewsMapper.selectList  : ==>  Preparing: SELECT id,source_code,title,content,region_code,normalized_tags,importance,published_at,push_status,version,deleted,created_at,updated_at FROM intel_news WHERE deleted=false AND (push_status = ? AND importance = ?)
2026-08-22 21:55:55.038 DEBUG 215277 --- [   scheduling-1] c.p.i.mapper.IntelNewsMapper.selectList  : ==> Parameters: none(String), high(String)
2026-08-22 21:55:55.038 DEBUG 215277 --- [   scheduling-1] c.p.i.mapper.IntelNewsMapper.selectList  : <==      Total: 0
2026-08-22 21:55:55.039 DEBUG 215277 --- [   scheduling-1] c.p.i.mapper.IntelNewsMapper.selectList  : ==>  Preparing: SELECT id,source_code,title,content,region_code,normalized_tags,importance,published_at,push_status,version,deleted,created_at,updated_at FROM intel_news WHERE deleted=false AND (push_status = ? AND importance = ?)
2026-08-22 21:55:55.039 DEBUG 215277 --- [   scheduling-1] c.p.i.mapper.IntelNewsMapper.selectList  : ==> Parameters: none(String), high(String)
2026-08-22 21:55:55.039 DEBUG 215277 --- [   scheduling-1] c.p.i.mapper.IntelNewsMapper.selectList  : <==      Total: 0
2026-08-22 21:55:55.040 DEBUG 215277 --- [   scheduling-1] c.p.i.mapper.IntelNewsMapper.selectList  : ==>  Preparing: SELECT id,source_code,title,content,region_code,normalized_tags,importance,published_at,push_status,version,deleted,created_at,updated_at FROM intel_news WHERE deleted=false AND (push_status = ? AND importance = ?)
2026-08-22 21:55:55.040 DEBUG 215277 --- [   scheduling-1] c.p.i.mapper.IntelNewsMapper.selectList  : ==> Parameters: none(String), high(String)
2026-08-22 21:55:55.040 DEBUG 215277 --- [   scheduling-1] c.p.i.mapper.IntelNewsMapper.selectList  : <==      Total: 0
2026-08-22 21:55:55.041 DEBUG 215277 --- [   scheduling-1] c.p.i.mapper.IntelNewsMapper.selectList  : ==>  Preparing: SELECT id,source_code,title,content,region_code,normalized_tags,importance,published_at,push_status,version,deleted,created_at,updated_at FROM intel_news WHERE deleted=false AND (push_status = ? AND importance = ?)
2026-08-22 21:55:55.041 DEBUG 215277 --- [   scheduling-1] c.p.i.mapper.IntelNewsMapper.selectList  : ==> Parameters: none(String), high(String)
2026-08-22 21:55:55.041 DEBUG 215277 --- [   scheduling-1] c.p.i.mapper.IntelNewsMapper.selectList  : <==      Total: 0
2026-08-22 21:55:55.041 DEBUG 215277 --- [   scheduling-1] c.p.i.mapper.IntelNewsMapper.selectList  : ==>  Preparing: SELECT id,source_code,title,content,region_code,normalized_tags,importance,published_at,push_status,version,deleted,created_at,updated_at FROM intel_news WHERE deleted=false AND (push_status = ? AND importance = ?)
2026-08-22 21:55:55.041 DEBUG 215277 --- [   scheduling-1] c.p.i.mapper.IntelNewsMapper.selectList  : ==> Parameters: none(String), high(String)
2026-08-22 21:55:55.042 DEBUG 215277 --- [   scheduling-1] c.p.i.mapper.IntelNewsMapper.selectList  : <==      Total: 0
2026-08-22 21:55:55.042 DEBUG 215277 --- [   scheduling-1] c.p.i.mapper.IntelNewsMapper.selectList  : ==>  Preparing: SELECT id,source_code,title,content,region_code,normalized_tags,importance,published_at,push_status,version,deleted,created_at,updated_at FROM intel_news WHERE deleted=false AND (push_status = ? AND importance = ?)
2026-08-22 21:55:55.042 DEBUG 215277 --- [   scheduling-1] c.p.i.mapper.IntelNewsMapper.selectList  : ==> Parameters: none(String), high(String)
2026-08-22 21:55:55.042 DEBUG 215277 --- [   scheduling-1] c.p.i.mapper.IntelNewsMapper.selectList  : <==      Total: 0
2026-08-22 21:55:55.043 DEBUG 215277 --- [   scheduling-1] c.p.i.mapper.IntelNewsMapper.selectList  : ==>  Preparing: SELECT id,source_code,title,content,region_code,normalized_tags,importance,published_at,push_status,version,deleted,created_at,updated_at FROM intel_news WHERE deleted=false AND (push_status = ? AND importance = ?)
2026-08-22 21:55:55.043 DEBUG 215277 --- [   scheduling-1] c.p.i.mapper.IntelNewsMapper.selectList  : ==> Parameters: none(String), high(String)
2026-08-22 21:55:55.043 DEBUG 215277 --- [   scheduling-1] c.p.i.mapper.IntelNewsMapper.selectList  : <==      Total: 0
2026-08-22 21:55:55.043 DEBUG 215277 --- [   scheduling-1] c.p.i.mapper.IntelNewsMapper.selectList  : ==>  Preparing: SELECT id,source_code,title,content,region_code,normalized_tags,importance,published_at,push_status,version,deleted,created_at,updated_at FROM intel_news WHERE deleted=false AND (push_status = ? AND importance = ?)
2026-08-22 21:55:55.043 DEBUG 215277 --- [   scheduling-1] c.p.i.mapper.IntelNewsMapper.selectList  : ==> Parameters: none(String), high(String)
2026-08-22 21:55:55.044 DEBUG 215277 --- [   scheduling-1] c.p.i.mapper.IntelNewsMapper.selectList  : <==      Total: 0
2026-08-22 21:55:55.044  INFO 215277 --- [   scheduling-1] com.ptidss.intel.service.IntelService    : 情报推送执行完成：匹配情报 0 条，派发消息 0 条，触发决策会话情报重评 0 个
2026-08-22 21:56:03.738 DEBUG 215277 --- [   scheduling-1] c.p.d.m.CollectTaskMapper.selectList     : ==>  Preparing: SELECT id,source_id,task_type,cron_expr,last_run_time,last_status,records_count,error_log,version,deleted,created_at,updated_at FROM collect_task WHERE deleted=false AND (cron_expr IS NOT NULL)
2026-08-22 21:56:03.738 DEBUG 215277 --- [   scheduling-1] c.p.d.m.CollectTaskMapper.selectList     : ==> Parameters: 
2026-08-22 21:56:03.739 DEBUG 215277 --- [   scheduling-1] c.p.d.m.CollectTaskMapper.selectList     : <==      Total: 3
2026-08-22 21:56:14.079 DEBUG 215277 --- [   scheduling-1] c.p.i.m.IntelSourceMapper.selectList     : ==>  Preparing: SELECT id,source_code,source_name,intel_type,fetch_mode,conn_type,conn_config,frequency,status,last_success_at,last_error,consecutive_failures,version,deleted,created_at,updated_at FROM intel_source WHERE deleted=false AND (status = ?)
2026-08-22 21:56:14.079 DEBUG 215277 --- [   scheduling-1] c.p.i.m.IntelSourceMapper.selectList     : ==> Parameters: enabled(String)
2026-08-22 21:56:14.079 DEBUG 215277 --- [   scheduling-1] c.p.i.m.IntelSourceMapper.selectList     : <==      Total: 21
2026-08-22 21:56:14.080  INFO 215277 --- [   scheduling-1] c.p.intel.service.IntelFetchService      : 行情采集执行完成：到期 0 个（成功 0 / 失败 0 / 跳过未到期 21）
2026-08-22 21:56:25.045 DEBUG 215277 --- [   scheduling-1] c.p.i.m.IntelPushRuleMapper.selectList   : ==>  Preparing: SELECT id,rule_name,tags_filter,importance_filter,target_roles,channel,silent_period,status,version,deleted,created_at,updated_at FROM intel_push_rule WHERE deleted=false AND (status = ?)
2026-08-22 21:56:25.045 DEBUG 215277 --- [   scheduling-1] c.p.i.m.IntelPushRuleMapper.selectList   : ==> Parameters: active(String)
2026-08-22 21:56:25.045 DEBUG 215277 --- [   scheduling-1] c.p.i.m.IntelPushRuleMapper.selectList   : <==      Total: 15
2026-08-22 21:56:25.045 DEBUG 215277 --- [   scheduling-1] c.p.i.mapper.IntelNewsMapper.selectList  : ==>  Preparing: SELECT id,source_code,title,content,region_code,normalized_tags,importance,published_at,push_status,version,deleted,created_at,updated_at FROM intel_news WHERE deleted=false AND (push_status = ? AND importance = ?)
2026-08-22 21:56:25.045 DEBUG 215277 --- [   scheduling-1] c.p.i.mapper.IntelNewsMapper.selectList  : ==> Parameters: none(String), high(String)
2026-08-22 21:56:25.046 DEBUG 215277 --- [   scheduling-1] c.p.i.mapper.IntelNewsMapper.selectList  : <==      Total: 0
2026-08-22 21:56:25.046 DEBUG 215277 --- [   scheduling-1] c.p.i.mapper.IntelNewsMapper.selectList  : ==>  Preparing: SELECT id,source_code,title,content,region_code,normalized_tags,importance,published_at,push_status,version,deleted,created_at,updated_at FROM intel_news WHERE deleted=false AND (push_status = ? AND importance = ?)
2026-08-22 21:56:25.046 DEBUG 215277 --- [   scheduling-1] c.p.i.mapper.IntelNewsMapper.selectList  : ==> Parameters: none(String), medium(String)
2026-08-22 21:56:25.049 DEBUG 215277 --- [   scheduling-1] c.p.i.mapper.IntelNewsMapper.selectList  : <==      Total: 314
2026-08-22 21:56:25.049 DEBUG 215277 --- [   scheduling-1] c.p.i.mapper.IntelNewsMapper.selectList  : ==>  Preparing: SELECT id,source_code,title,content,region_code,normalized_tags,importance,published_at,push_status,version,deleted,created_at,updated_at FROM intel_news WHERE deleted=false AND (push_status = ? AND importance = ?)
2026-08-22 21:56:25.050 DEBUG 215277 --- [   scheduling-1] c.p.i.mapper.IntelNewsMapper.selectList  : ==> Parameters: none(String), high(String)
2026-08-22 21:56:25.050 DEBUG 215277 --- [   scheduling-1] c.p.i.mapper.IntelNewsMapper.selectList  : <==      Total: 0
2026-08-22 21:56:25.050 DEBUG 215277 --- [   scheduling-1] c.p.i.mapper.IntelNewsMapper.selectList  : ==>  Preparing: SELECT id,source_code,title,content,region_code,normalized_tags,importance,published_at,push_status,version,deleted,created_at,updated_at FROM intel_news WHERE deleted=false AND (push_status = ? AND importance = ?)
2026-08-22 21:56:25.050 DEBUG 215277 --- [   scheduling-1] c.p.i.mapper.IntelNewsMapper.selectList  : ==> Parameters: none(String), high(String)
2026-08-22 21:56:25.051 DEBUG 215277 --- [   scheduling-1] c.p.i.mapper.IntelNewsMapper.selectList  : <==      Total: 0
2026-08-22 21:56:25.051 DEBUG 215277 --- [   scheduling-1] c.p.i.mapper.IntelNewsMapper.selectList  : ==>  Preparing: SELECT id,source_code,title,content,region_code,normalized_tags,importance,published_at,push_status,version,deleted,created_at,updated_at FROM intel_news WHERE deleted=false AND (push_status = ? AND importance = ?)
2026-08-22 21:56:25.051 DEBUG 215277 --- [   scheduling-1] c.p.i.mapper.IntelNewsMapper.selectList  : ==> Parameters: none(String), high(String)
2026-08-22 21:56:25.052 DEBUG 215277 --- [   scheduling-1] c.p.i.mapper.IntelNewsMapper.selectList  : <==      Total: 0
2026-08-22 21:56:25.052 DEBUG 215277 --- [   scheduling-1] c.p.i.mapper.IntelNewsMapper.selectList  : ==>  Preparing: SELECT id,source_code,title,content,region_code,normalized_tags,importance,published_at,push_status,version,deleted,created_at,updated_at FROM intel_news WHERE deleted=false AND (push_status = ? AND importance = ?)
2026-08-22 21:56:25.052 DEBUG 215277 --- [   scheduling-1] c.p.i.mapper.IntelNewsMapper.selectList  : ==> Parameters: none(String), high(String)
2026-08-22 21:56:25.052 DEBUG 215277 --- [   scheduling-1] c.p.i.mapper.IntelNewsMapper.selectList  : <==      Total: 0
2026-08-22 21:56:25.053 DEBUG 215277 --- [   scheduling-1] c.p.i.mapper.IntelNewsMapper.selectList  : ==>  Preparing: SELECT id,source_code,title,content,region_code,normalized_tags,importance,published_at,push_status,version,deleted,created_at,updated_at FROM intel_news WHERE deleted=false AND (push_status = ? AND importance = ?)
2026-08-22 21:56:25.053 DEBUG 215277 --- [   scheduling-1] c.p.i.mapper.IntelNewsMapper.selectList  : ==> Parameters: none(String), high(String)
2026-08-22 21:56:25.053 DEBUG 215277 --- [   scheduling-1] c.p.i.mapper.IntelNewsMapper.selectList  : <==      Total: 0
2026-08-22 21:56:25.053 DEBUG 215277 --- [   scheduling-1] c.p.i.mapper.IntelNewsMapper.selectList  : ==>  Preparing: SELECT id,source_code,title,content,region_code,normalized_tags,importance,published_at,push_status,version,deleted,created_at,updated_at FROM intel_news WHERE deleted=false AND (push_status = ? AND importance = ?)
2026-08-22 21:56:25.053 DEBUG 215277 --- [   scheduling-1] c.p.i.mapper.IntelNewsMapper.selectList  : ==> Parameters: none(String), high(String)
2026-08-22 21:56:25.054 DEBUG 215277 --- [   scheduling-1] c.p.i.mapper.IntelNewsMapper.selectList  : <==      Total: 0
2026-08-22 21:56:25.054 DEBUG 215277 --- [   scheduling-1] c.p.i.mapper.IntelNewsMapper.selectList  : ==>  Preparing: SELECT id,source_code,title,content,region_code,normalized_tags,importance,published_at,push_status,version,deleted,created_at,updated_at FROM intel_news WHERE deleted=false AND (push_status = ? AND importance = ?)
2026-08-22 21:56:25.054 DEBUG 215277 --- [   scheduling-1] c.p.i.mapper.IntelNewsMapper.selectList  : ==> Parameters: none(String), high(String)
2026-08-22 21:56:25.055 DEBUG 215277 --- [   scheduling-1] c.p.i.mapper.IntelNewsMapper.selectList  : <==      Total: 0
2026-08-22 21:56:25.055 DEBUG 215277 --- [   scheduling-1] c.p.i.mapper.IntelNewsMapper.selectList  : ==>  Preparing: SELECT id,source_code,title,content,region_code,normalized_tags,importance,published_at,push_status,version,deleted,created_at,updated_at FROM intel_news WHERE deleted=false AND (push_status = ? AND importance = ?)
2026-08-22 21:56:25.055 DEBUG 215277 --- [   scheduling-1] c.p.i.mapper.IntelNewsMapper.selectList  : ==> Parameters: none(String), high(String)
2026-08-22 21:56:25.056 DEBUG 215277 --- [   scheduling-1] c.p.i.mapper.IntelNewsMapper.selectList  : <==      Total: 0
2026-08-22 21:56:25.056 DEBUG 215277 --- [   scheduling-1] c.p.i.mapper.IntelNewsMapper.selectList  : ==>  Preparing: SELECT id,source_code,title,content,region_code,normalized_tags,importance,published_at,push_status,version,deleted,created_at,updated_at FROM intel_news WHERE deleted=false AND (push_status = ? AND importance = ?)
2026-08-22 21:56:25.056 DEBUG 215277 --- [   scheduling-1] c.p.i.mapper.IntelNewsMapper.selectList  : ==> Parameters: none(String), high(String)
2026-08-22 21:56:25.057 DEBUG 215277 --- [   scheduling-1] c.p.i.mapper.IntelNewsMapper.selectList  : <==      Total: 0
2026-08-22 21:56:25.057 DEBUG 215277 --- [   scheduling-1] c.p.i.mapper.IntelNewsMapper.selectList  : ==>  Preparing: SELECT id,source_code,title,content,region_code,normalized_tags,importance,published_at,push_status,version,deleted,created_at,updated_at FROM intel_news WHERE deleted=false AND (push_status = ? AND importance = ?)
2026-08-22 21:56:25.057 DEBUG 215277 --- [   scheduling-1] c.p.i.mapper.IntelNewsMapper.selectList  : ==> Parameters: none(String), high(String)
2026-08-22 21:56:25.057 DEBUG 215277 --- [   scheduling-1] c.p.i.mapper.IntelNewsMapper.selectList  : <==      Total: 0
2026-08-22 21:56:25.058 DEBUG 215277 --- [   scheduling-1] c.p.i.mapper.IntelNewsMapper.selectList  : ==>  Preparing: SELECT id,source_code,title,content,region_code,normalized_tags,importance,published_at,push_status,version,deleted,created_at,updated_at FROM intel_news WHERE deleted=false AND (push_status = ? AND importance = ?)
2026-08-22 21:56:25.058 DEBUG 215277 --- [   scheduling-1] c.p.i.mapper.IntelNewsMapper.selectList  : ==> Parameters: none(String), high(String)
2026-08-22 21:56:25.058 DEBUG 215277 --- [   scheduling-1] c.p.i.mapper.IntelNewsMapper.selectList  : <==      Total: 0
2026-08-22 21:56:25.058 DEBUG 215277 --- [   scheduling-1] c.p.i.mapper.IntelNewsMapper.selectList  : ==>  Preparing: SELECT id,source_code,title,content,region_code,normalized_tags,importance,published_at,push_status,version,deleted,created_at,updated_at FROM intel_news WHERE deleted=false AND (push_status = ? AND importance = ?)
2026-08-22 21:56:25.058 DEBUG 215277 --- [   scheduling-1] c.p.i.mapper.IntelNewsMapper.selectList  : ==> Parameters: none(String), high(String)
2026-08-22 21:56:25.059 DEBUG 215277 --- [   scheduling-1] c.p.i.mapper.IntelNewsMapper.selectList  : <==      Total: 0
2026-08-22 21:56:25.059 DEBUG 215277 --- [   scheduling-1] c.p.i.mapper.IntelNewsMapper.selectList  : ==>  Preparing: SELECT id,source_code,title,content,region_code,normalized_tags,importance,published_at,push_status,version,deleted,created_at,updated_at FROM intel_news WHERE deleted=false AND (push_status = ? AND importance = ?)
2026-08-22 21:56:25.059 DEBUG 215277 --- [   scheduling-1] c.p.i.mapper.IntelNewsMapper.selectList  : ==> Parameters: none(String), high(String)
2026-08-22 21:56:25.059 DEBUG 215277 --- [   scheduling-1] c.p.i.mapper.IntelNewsMapper.selectList  : <==      Total: 0
2026-08-22 21:56:25.059  INFO 215277 --- [   scheduling-1] com.ptidss.intel.service.IntelService    : 情报推送执行完成：匹配情报 0 条，派发消息 0 条，触发决策会话情报重评 0 个
2026-08-22 21:56:55.060 DEBUG 215277 --- [   scheduling-1] c.p.i.m.IntelPushRuleMapper.selectList   : ==>  Preparing: SELECT id,rule_name,tags_filter,importance_filter,target_roles,channel,silent_period,status,version,deleted,created_at,updated_at FROM intel_push_rule WHERE deleted=false AND (status = ?)
2026-08-22 21:56:55.060 DEBUG 215277 --- [   scheduling-1] c.p.i.m.IntelPushRuleMapper.selectList   : ==> Parameters: active(String)
2026-08-22 21:56:55.061 DEBUG 215277 --- [   scheduling-1] c.p.i.m.IntelPushRuleMapper.selectList   : <==      Total: 15
2026-08-22 21:56:55.061 DEBUG 215277 --- [   scheduling-1] c.p.i.mapper.IntelNewsMapper.selectList  : ==>  Preparing: SELECT id,source_code,title,content,region_code,normalized_tags,importance,published_at,push_status,version,deleted,created_at,updated_at FROM intel_news WHERE deleted=false AND (push_status = ? AND importance = ?)
2026-08-22 21:56:55.061 DEBUG 215277 --- [   scheduling-1] c.p.i.mapper.IntelNewsMapper.selectList  : ==> Parameters: none(String), high(String)
2026-08-22 21:56:55.062 DEBUG 215277 --- [   scheduling-1] c.p.i.mapper.IntelNewsMapper.selectList  : <==      Total: 0
2026-08-22 21:56:55.062 DEBUG 215277 --- [   scheduling-1] c.p.i.mapper.IntelNewsMapper.selectList  : ==>  Preparing: SELECT id,source_code,title,content,region_code,normalized_tags,importance,published_at,push_status,version,deleted,created_at,updated_at FROM intel_news WHERE deleted=false AND (push_status = ? AND importance = ?)
2026-08-22 21:56:55.062 DEBUG 215277 --- [   scheduling-1] c.p.i.mapper.IntelNewsMapper.selectList  : ==> Parameters: none(String), medium(String)
2026-08-22 21:56:55.064 DEBUG 215277 --- [   scheduling-1] c.p.i.mapper.IntelNewsMapper.selectList  : <==      Total: 314
2026-08-22 21:56:55.065 DEBUG 215277 --- [   scheduling-1] c.p.i.mapper.IntelNewsMapper.selectList  : ==>  Preparing: SELECT id,source_code,title,content,region_code,normalized_tags,importance,published_at,push_status,version,deleted,created_at,updated_at FROM intel_news WHERE deleted=false AND (push_status = ? AND importance = ?)
2026-08-22 21:56:55.065 DEBUG 215277 --- [   scheduling-1] c.p.i.mapper.IntelNewsMapper.selectList  : ==> Parameters: none(String), high(String)
2026-08-22 21:56:55.065 DEBUG 215277 --- [   scheduling-1] c.p.i.mapper.IntelNewsMapper.selectList  : <==      Total: 0
2026-08-22 21:56:55.066 DEBUG 215277 --- [   scheduling-1] c.p.i.mapper.IntelNewsMapper.selectList  : ==>  Preparing: SELECT id,source_code,title,content,region_code,normalized_tags,importance,published_at,push_status,version,deleted,created_at,updated_at FROM intel_news WHERE deleted=false AND (push_status = ? AND importance = ?)
2026-08-22 21:56:55.066 DEBUG 215277 --- [   scheduling-1] c.p.i.mapper.IntelNewsMapper.selectList  : ==> Parameters: none(String), high(String)
2026-08-22 21:56:55.066 DEBUG 215277 --- [   scheduling-1] c.p.i.mapper.IntelNewsMapper.selectList  : <==      Total: 0
2026-08-22 21:56:55.067 DEBUG 215277 --- [   scheduling-1] c.p.i.mapper.IntelNewsMapper.selectList  : ==>  Preparing: SELECT id,source_code,title,content,region_code,normalized_tags,importance,published_at,push_status,version,deleted,created_at,updated_at FROM intel_news WHERE deleted=false AND (push_status = ? AND importance = ?)
2026-08-22 21:56:55.067 DEBUG 215277 --- [   scheduling-1] c.p.i.mapper.IntelNewsMapper.selectList  : ==> Parameters: none(String), high(String)
2026-08-22 21:56:55.067 DEBUG 215277 --- [   scheduling-1] c.p.i.mapper.IntelNewsMapper.selectList  : <==      Total: 0
2026-08-22 21:56:55.067 DEBUG 215277 --- [   scheduling-1] c.p.i.mapper.IntelNewsMapper.selectList  : ==>  Preparing: SELECT id,source_code,title,content,region_code,normalized_tags,importance,published_at,push_status,version,deleted,created_at,updated_at FROM intel_news WHERE deleted=false AND (push_status = ? AND importance = ?)
2026-08-22 21:56:55.067 DEBUG 215277 --- [   scheduling-1] c.p.i.mapper.IntelNewsMapper.selectList  : ==> Parameters: none(String), high(String)
2026-08-22 21:56:55.068 DEBUG 215277 --- [   scheduling-1] c.p.i.mapper.IntelNewsMapper.selectList  : <==      Total: 0
2026-08-22 21:56:55.068 DEBUG 215277 --- [   scheduling-1] c.p.i.mapper.IntelNewsMapper.selectList  : ==>  Preparing: SELECT id,source_code,title,content,region_code,normalized_tags,importance,published_at,push_status,version,deleted,created_at,updated_at FROM intel_news WHERE deleted=false AND (push_status = ? AND importance = ?)
2026-08-22 21:56:55.068 DEBUG 215277 --- [   scheduling-1] c.p.i.mapper.IntelNewsMapper.selectList  : ==> Parameters: none(String), high(String)
2026-08-22 21:56:55.068 DEBUG 215277 --- [   scheduling-1] c.p.i.mapper.IntelNewsMapper.selectList  : <==      Total: 0
2026-08-22 21:56:55.069 DEBUG 215277 --- [   scheduling-1] c.p.i.mapper.IntelNewsMapper.selectList  : ==>  Preparing: SELECT id,source_code,title,content,region_code,normalized_tags,importance,published_at,push_status,version,deleted,created_at,updated_at FROM intel_news WHERE deleted=false AND (push_status = ? AND importance = ?)
2026-08-22 21:56:55.069 DEBUG 215277 --- [   scheduling-1] c.p.i.mapper.IntelNewsMapper.selectList  : ==> Parameters: none(String), high(String)
2026-08-22 21:56:55.069 DEBUG 215277 --- [   scheduling-1] c.p.i.mapper.IntelNewsMapper.selectList  : <==      Total: 0
2026-08-22 21:56:55.070 DEBUG 215277 --- [   scheduling-1] c.p.i.mapper.IntelNewsMapper.selectList  : ==>  Preparing: SELECT id,source_code,title,content,region_code,normalized_tags,importance,published_at,push_status,version,deleted,created_at,updated_at FROM intel_news WHERE deleted=false AND (push_status = ? AND importance = ?)
2026-08-22 21:56:55.070 DEBUG 215277 --- [   scheduling-1] c.p.i.mapper.IntelNewsMapper.selectList  : ==> Parameters: none(String), high(String)
2026-08-22 21:56:55.070 DEBUG 215277 --- [   scheduling-1] c.p.i.mapper.IntelNewsMapper.selectList  : <==      Total: 0
2026-08-22 21:56:55.070 DEBUG 215277 --- [   scheduling-1] c.p.i.mapper.IntelNewsMapper.selectList  : ==>  Preparing: SELECT id,source_code,title,content,region_code,normalized_tags,importance,published_at,push_status,version,deleted,created_at,updated_at FROM intel_news WHERE deleted=false AND (push_status = ? AND importance = ?)
2026-08-22 21:56:55.070 DEBUG 215277 --- [   scheduling-1] c.p.i.mapper.IntelNewsMapper.selectList  : ==> Parameters: none(String), high(String)
2026-08-22 21:56:55.071 DEBUG 215277 --- [   scheduling-1] c.p.i.mapper.IntelNewsMapper.selectList  : <==      Total: 0
2026-08-22 21:56:55.071 DEBUG 215277 --- [   scheduling-1] c.p.i.mapper.IntelNewsMapper.selectList  : ==>  Preparing: SELECT id,source_code,title,content,region_code,normalized_tags,importance,published_at,push_status,version,deleted,created_at,updated_at FROM intel_news WHERE deleted=false AND (push_status = ? AND importance = ?)
2026-08-22 21:56:55.071 DEBUG 215277 --- [   scheduling-1] c.p.i.mapper.IntelNewsMapper.selectList  : ==> Parameters: none(String), high(String)
2026-08-22 21:56:55.071 DEBUG 215277 --- [   scheduling-1] c.p.i.mapper.IntelNewsMapper.selectList  : <==      Total: 0
2026-08-22 21:56:55.072 DEBUG 215277 --- [   scheduling-1] c.p.i.mapper.IntelNewsMapper.selectList  : ==>  Preparing: SELECT id,source_code,title,content,region_code,normalized_tags,importance,published_at,push_status,version,deleted,created_at,updated_at FROM intel_news WHERE deleted=false AND (push_status = ? AND importance = ?)
2026-08-22 21:56:55.072 DEBUG 215277 --- [   scheduling-1] c.p.i.mapper.IntelNewsMapper.selectList  : ==> Parameters: none(String), high(String)
2026-08-22 21:56:55.072 DEBUG 215277 --- [   scheduling-1] c.p.i.mapper.IntelNewsMapper.selectList  : <==      Total: 0
2026-08-22 21:56:55.073 DEBUG 215277 --- [   scheduling-1] c.p.i.mapper.IntelNewsMapper.selectList  : ==>  Preparing: SELECT id,source_code,title,content,region_code,normalized_tags,importance,published_at,push_status,version,deleted,created_at,updated_at FROM intel_news WHERE deleted=false AND (push_status = ? AND importance = ?)
2026-08-22 21:56:55.073 DEBUG 215277 --- [   scheduling-1] c.p.i.mapper.IntelNewsMapper.selectList  : ==> Parameters: none(String), high(String)
2026-08-22 21:56:55.073 DEBUG 215277 --- [   scheduling-1] c.p.i.mapper.IntelNewsMapper.selectList  : <==      Total: 0
2026-08-22 21:56:55.073 DEBUG 215277 --- [   scheduling-1] c.p.i.mapper.IntelNewsMapper.selectList  : ==>  Preparing: SELECT id,source_code,title,content,region_code,normalized_tags,importance,published_at,push_status,version,deleted,created_at,updated_at FROM intel_news WHERE deleted=false AND (push_status = ? AND importance = ?)
2026-08-22 21:56:55.073 DEBUG 215277 --- [   scheduling-1] c.p.i.mapper.IntelNewsMapper.selectList  : ==> Parameters: none(String), high(String)
2026-08-22 21:56:55.074 DEBUG 215277 --- [   scheduling-1] c.p.i.mapper.IntelNewsMapper.selectList  : <==      Total: 0
2026-08-22 21:56:55.074 DEBUG 215277 --- [   scheduling-1] c.p.i.mapper.IntelNewsMapper.selectList  : ==>  Preparing: SELECT id,source_code,title,content,region_code,normalized_tags,importance,published_at,push_status,version,deleted,created_at,updated_at FROM intel_news WHERE deleted=false AND (push_status = ? AND importance = ?)
2026-08-22 21:56:55.074 DEBUG 215277 --- [   scheduling-1] c.p.i.mapper.IntelNewsMapper.selectList  : ==> Parameters: none(String), high(String)
2026-08-22 21:56:55.075 DEBUG 215277 --- [   scheduling-1] c.p.i.mapper.IntelNewsMapper.selectList  : <==      Total: 0
2026-08-22 21:56:55.075  INFO 215277 --- [   scheduling-1] com.ptidss.intel.service.IntelService    : 情报推送执行完成：匹配情报 0 条，派发消息 0 条，触发决策会话情报重评 0 个
2026-08-22 21:57:03.740 DEBUG 215277 --- [   scheduling-1] c.p.d.m.CollectTaskMapper.selectList     : ==>  Preparing: SELECT id,source_id,task_type,cron_expr,last_run_time,last_status,records_count,error_log,version,deleted,created_at,updated_at FROM collect_task WHERE deleted=false AND (cron_expr IS NOT NULL)
2026-08-22 21:57:03.740 DEBUG 215277 --- [   scheduling-1] c.p.d.m.CollectTaskMapper.selectList     : ==> Parameters: 
2026-08-22 21:57:03.740 DEBUG 215277 --- [   scheduling-1] c.p.d.m.CollectTaskMapper.selectList     : <==      Total: 3
2026-08-22 21:57:14.081 DEBUG 215277 --- [   scheduling-1] c.p.i.m.IntelSourceMapper.selectList     : ==>  Preparing: SELECT id,source_code,source_name,intel_type,fetch_mode,conn_type,conn_config,frequency,status,last_success_at,last_error,consecutive_failures,version,deleted,created_at,updated_at FROM intel_source WHERE deleted=false AND (status = ?)
2026-08-22 21:57:14.081 DEBUG 215277 --- [   scheduling-1] c.p.i.m.IntelSourceMapper.selectList     : ==> Parameters: enabled(String)
2026-08-22 21:57:14.081 DEBUG 215277 --- [   scheduling-1] c.p.i.m.IntelSourceMapper.selectList     : <==      Total: 21
2026-08-22 21:57:14.082  INFO 215277 --- [   scheduling-1] c.p.intel.service.IntelFetchService      : 行情采集执行完成：到期 0 个（成功 0 / 失败 0 / 跳过未到期 21）
2026-08-22 21:57:25.075 DEBUG 215277 --- [   scheduling-1] c.p.i.m.IntelPushRuleMapper.selectList   : ==>  Preparing: SELECT id,rule_name,tags_filter,importance_filter,target_roles,channel,silent_period,status,version,deleted,created_at,updated_at FROM intel_push_rule WHERE deleted=false AND (status = ?)
2026-08-22 21:57:25.075 DEBUG 215277 --- [   scheduling-1] c.p.i.m.IntelPushRuleMapper.selectList   : ==> Parameters: active(String)
2026-08-22 21:57:25.076 DEBUG 215277 --- [   scheduling-1] c.p.i.m.IntelPushRuleMapper.selectList   : <==      Total: 15
2026-08-22 21:57:25.076 DEBUG 215277 --- [   scheduling-1] c.p.i.mapper.IntelNewsMapper.selectList  : ==>  Preparing: SELECT id,source_code,title,content,region_code,normalized_tags,importance,published_at,push_status,version,deleted,created_at,updated_at FROM intel_news WHERE deleted=false AND (push_status = ? AND importance = ?)
2026-08-22 21:57:25.076 DEBUG 215277 --- [   scheduling-1] c.p.i.mapper.IntelNewsMapper.selectList  : ==> Parameters: none(String), high(String)
2026-08-22 21:57:25.077 DEBUG 215277 --- [   scheduling-1] c.p.i.mapper.IntelNewsMapper.selectList  : <==      Total: 0
2026-08-22 21:57:25.077 DEBUG 215277 --- [   scheduling-1] c.p.i.mapper.IntelNewsMapper.selectList  : ==>  Preparing: SELECT id,source_code,title,content,region_code,normalized_tags,importance,published_at,push_status,version,deleted,created_at,updated_at FROM intel_news WHERE deleted=false AND (push_status = ? AND importance = ?)
2026-08-22 21:57:25.077 DEBUG 215277 --- [   scheduling-1] c.p.i.mapper.IntelNewsMapper.selectList  : ==> Parameters: none(String), medium(String)
2026-08-22 21:57:25.080 DEBUG 215277 --- [   scheduling-1] c.p.i.mapper.IntelNewsMapper.selectList  : <==      Total: 314
2026-08-22 21:57:25.080 DEBUG 215277 --- [   scheduling-1] c.p.i.mapper.IntelNewsMapper.selectList  : ==>  Preparing: SELECT id,source_code,title,content,region_code,normalized_tags,importance,published_at,push_status,version,deleted,created_at,updated_at FROM intel_news WHERE deleted=false AND (push_status = ? AND importance = ?)
2026-08-22 21:57:25.080 DEBUG 215277 --- [   scheduling-1] c.p.i.mapper.IntelNewsMapper.selectList  : ==> Parameters: none(String), high(String)
2026-08-22 21:57:25.080 DEBUG 215277 --- [   scheduling-1] c.p.i.mapper.IntelNewsMapper.selectList  : <==      Total: 0
2026-08-22 21:57:25.081 DEBUG 215277 --- [   scheduling-1] c.p.i.mapper.IntelNewsMapper.selectList  : ==>  Preparing: SELECT id,source_code,title,content,region_code,normalized_tags,importance,published_at,push_status,version,deleted,created_at,updated_at FROM intel_news WHERE deleted=false AND (push_status = ? AND importance = ?)
2026-08-22 21:57:25.081 DEBUG 215277 --- [   scheduling-1] c.p.i.mapper.IntelNewsMapper.selectList  : ==> Parameters: none(String), high(String)
2026-08-22 21:57:25.081 DEBUG 215277 --- [   scheduling-1] c.p.i.mapper.IntelNewsMapper.selectList  : <==      Total: 0
2026-08-22 21:57:25.081 DEBUG 215277 --- [   scheduling-1] c.p.i.mapper.IntelNewsMapper.selectList  : ==>  Preparing: SELECT id,source_code,title,content,region_code,normalized_tags,importance,published_at,push_status,version,deleted,created_at,updated_at FROM intel_news WHERE deleted=false AND (push_status = ? AND importance = ?)
2026-08-22 21:57:25.081 DEBUG 215277 --- [   scheduling-1] c.p.i.mapper.IntelNewsMapper.selectList  : ==> Parameters: none(String), high(String)
2026-08-22 21:57:25.082 DEBUG 215277 --- [   scheduling-1] c.p.i.mapper.IntelNewsMapper.selectList  : <==      Total: 0
2026-08-22 21:57:25.082 DEBUG 215277 --- [   scheduling-1] c.p.i.mapper.IntelNewsMapper.selectList  : ==>  Preparing: SELECT id,source_code,title,content,region_code,normalized_tags,importance,published_at,push_status,version,deleted,created_at,updated_at FROM intel_news WHERE deleted=false AND (push_status = ? AND importance = ?)
2026-08-22 21:57:25.082 DEBUG 215277 --- [   scheduling-1] c.p.i.mapper.IntelNewsMapper.selectList  : ==> Parameters: none(String), high(String)
2026-08-22 21:57:25.082 DEBUG 215277 --- [   scheduling-1] c.p.i.mapper.IntelNewsMapper.selectList  : <==      Total: 0
2026-08-22 21:57:25.083 DEBUG 215277 --- [   scheduling-1] c.p.i.mapper.IntelNewsMapper.selectList  : ==>  Preparing: SELECT id,source_code,title,content,region_code,normalized_tags,importance,published_at,push_status,version,deleted,created_at,updated_at FROM intel_news WHERE deleted=false AND (push_status = ? AND importance = ?)
2026-08-22 21:57:25.083 DEBUG 215277 --- [   scheduling-1] c.p.i.mapper.IntelNewsMapper.selectList  : ==> Parameters: none(String), high(String)
2026-08-22 21:57:25.083 DEBUG 215277 --- [   scheduling-1] c.p.i.mapper.IntelNewsMapper.selectList  : <==      Total: 0
2026-08-22 21:57:25.083 DEBUG 215277 --- [   scheduling-1] c.p.i.mapper.IntelNewsMapper.selectList  : ==>  Preparing: SELECT id,source_code,title,content,region_code,normalized_tags,importance,published_at,push_status,version,deleted,created_at,updated_at FROM intel_news WHERE deleted=false AND (push_status = ? AND importance = ?)
2026-08-22 21:57:25.083 DEBUG 215277 --- [   scheduling-1] c.p.i.mapper.IntelNewsMapper.selectList  : ==> Parameters: none(String), high(String)
2026-08-22 21:57:25.084 DEBUG 215277 --- [   scheduling-1] c.p.i.mapper.IntelNewsMapper.selectList  : <==      Total: 0
2026-08-22 21:57:25.084 DEBUG 215277 --- [   scheduling-1] c.p.i.mapper.IntelNewsMapper.selectList  : ==>  Preparing: SELECT id,source_code,title,content,region_code,normalized_tags,importance,published_at,push_status,version,deleted,created_at,updated_at FROM intel_news WHERE deleted=false AND (push_status = ? AND importance = ?)
2026-08-22 21:57:25.084 DEBUG 215277 --- [   scheduling-1] c.p.i.mapper.IntelNewsMapper.selectList  : ==> Parameters: none(String), high(String)
2026-08-22 21:57:25.084 DEBUG 215277 --- [   scheduling-1] c.p.i.mapper.IntelNewsMapper.selectList  : <==      Total: 0
2026-08-22 21:57:25.085 DEBUG 215277 --- [   scheduling-1] c.p.i.mapper.IntelNewsMapper.selectList  : ==>  Preparing: SELECT id,source_code,title,content,region_code,normalized_tags,importance,published_at,push_status,version,deleted,created_at,updated_at FROM intel_news WHERE deleted=false AND (push_status = ? AND importance = ?)
2026-08-22 21:57:25.085 DEBUG 215277 --- [   scheduling-1] c.p.i.mapper.IntelNewsMapper.selectList  : ==> Parameters: none(String), high(String)
2026-08-22 21:57:25.085 DEBUG 215277 --- [   scheduling-1] c.p.i.mapper.IntelNewsMapper.selectList  : <==      Total: 0
2026-08-22 21:57:25.085 DEBUG 215277 --- [   scheduling-1] c.p.i.mapper.IntelNewsMapper.selectList  : ==>  Preparing: SELECT id,source_code,title,content,region_code,normalized_tags,importance,published_at,push_status,version,deleted,created_at,updated_at FROM intel_news WHERE deleted=false AND (push_status = ? AND importance = ?)
2026-08-22 21:57:25.085 DEBUG 215277 --- [   scheduling-1] c.p.i.mapper.IntelNewsMapper.selectList  : ==> Parameters: none(String), high(String)
2026-08-22 21:57:25.086 DEBUG 215277 --- [   scheduling-1] c.p.i.mapper.IntelNewsMapper.selectList  : <==      Total: 0
2026-08-22 21:57:25.086 DEBUG 215277 --- [   scheduling-1] c.p.i.mapper.IntelNewsMapper.selectList  : ==>  Preparing: SELECT id,source_code,title,content,region_code,normalized_tags,importance,published_at,push_status,version,deleted,created_at,updated_at FROM intel_news WHERE deleted=false AND (push_status = ? AND importance = ?)
2026-08-22 21:57:25.086 DEBUG 215277 --- [   scheduling-1] c.p.i.mapper.IntelNewsMapper.selectList  : ==> Parameters: none(String), high(String)
2026-08-22 21:57:25.087 DEBUG 215277 --- [   scheduling-1] c.p.i.mapper.IntelNewsMapper.selectList  : <==      Total: 0
2026-08-22 21:57:25.087 DEBUG 215277 --- [   scheduling-1] c.p.i.mapper.IntelNewsMapper.selectList  : ==>  Preparing: SELECT id,source_code,title,content,region_code,normalized_tags,importance,published_at,push_status,version,deleted,created_at,updated_at FROM intel_news WHERE deleted=false AND (push_status = ? AND importance = ?)
2026-08-22 21:57:25.087 DEBUG 215277 --- [   scheduling-1] c.p.i.mapper.IntelNewsMapper.selectList  : ==> Parameters: none(String), high(String)
2026-08-22 21:57:25.088 DEBUG 215277 --- [   scheduling-1] c.p.i.mapper.IntelNewsMapper.selectList  : <==      Total: 0
2026-08-22 21:57:25.088 DEBUG 215277 --- [   scheduling-1] c.p.i.mapper.IntelNewsMapper.selectList  : ==>  Preparing: SELECT id,source_code,title,content,region_code,normalized_tags,importance,published_at,push_status,version,deleted,created_at,updated_at FROM intel_news WHERE deleted=false AND (push_status = ? AND importance = ?)
2026-08-22 21:57:25.088 DEBUG 215277 --- [   scheduling-1] c.p.i.mapper.IntelNewsMapper.selectList  : ==> Parameters: none(String), high(String)
2026-08-22 21:57:25.088 DEBUG 215277 --- [   scheduling-1] c.p.i.mapper.IntelNewsMapper.selectList  : <==      Total: 0
2026-08-22 21:57:25.089 DEBUG 215277 --- [   scheduling-1] c.p.i.mapper.IntelNewsMapper.selectList  : ==>  Preparing: SELECT id,source_code,title,content,region_code,normalized_tags,importance,published_at,push_status,version,deleted,created_at,updated_at FROM intel_news WHERE deleted=false AND (push_status = ? AND importance = ?)
2026-08-22 21:57:25.089 DEBUG 215277 --- [   scheduling-1] c.p.i.mapper.IntelNewsMapper.selectList  : ==> Parameters: none(String), high(String)
2026-08-22 21:57:25.089 DEBUG 215277 --- [   scheduling-1] c.p.i.mapper.IntelNewsMapper.selectList  : <==      Total: 0
2026-08-22 21:57:25.089  INFO 215277 --- [   scheduling-1] com.ptidss.intel.service.IntelService    : 情报推送执行完成：匹配情报 0 条，派发消息 0 条，触发决策会话情报重评 0 个
2026-08-22 21:57:55.090 DEBUG 215277 --- [   scheduling-1] c.p.i.m.IntelPushRuleMapper.selectList   : ==>  Preparing: SELECT id,rule_name,tags_filter,importance_filter,target_roles,channel,silent_period,status,version,deleted,created_at,updated_at FROM intel_push_rule WHERE deleted=false AND (status = ?)
2026-08-22 21:57:55.090 DEBUG 215277 --- [   scheduling-1] c.p.i.m.IntelPushRuleMapper.selectList   : ==> Parameters: active(String)
2026-08-22 21:57:55.091 DEBUG 215277 --- [   scheduling-1] c.p.i.m.IntelPushRuleMapper.selectList   : <==      Total: 15
2026-08-22 21:57:55.092 DEBUG 215277 --- [   scheduling-1] c.p.i.mapper.IntelNewsMapper.selectList  : ==>  Preparing: SELECT id,source_code,title,content,region_code,normalized_tags,importance,published_at,push_status,version,deleted,created_at,updated_at FROM intel_news WHERE deleted=false AND (push_status = ? AND importance = ?)
2026-08-22 21:57:55.092 DEBUG 215277 --- [   scheduling-1] c.p.i.mapper.IntelNewsMapper.selectList  : ==> Parameters: none(String), high(String)
2026-08-22 21:57:55.092 DEBUG 215277 --- [   scheduling-1] c.p.i.mapper.IntelNewsMapper.selectList  : <==      Total: 0
2026-08-22 21:57:55.092 DEBUG 215277 --- [   scheduling-1] c.p.i.mapper.IntelNewsMapper.selectList  : ==>  Preparing: SELECT id,source_code,title,content,region_code,normalized_tags,importance,published_at,push_status,version,deleted,created_at,updated_at FROM intel_news WHERE deleted=false AND (push_status = ? AND importance = ?)
2026-08-22 21:57:55.092 DEBUG 215277 --- [   scheduling-1] c.p.i.mapper.IntelNewsMapper.selectList  : ==> Parameters: none(String), medium(String)
2026-08-22 21:57:55.096 DEBUG 215277 --- [   scheduling-1] c.p.i.mapper.IntelNewsMapper.selectList  : <==      Total: 314
2026-08-22 21:57:55.097 DEBUG 215277 --- [   scheduling-1] c.p.i.mapper.IntelNewsMapper.selectList  : ==>  Preparing: SELECT id,source_code,title,content,region_code,normalized_tags,importance,published_at,push_status,version,deleted,created_at,updated_at FROM intel_news WHERE deleted=false AND (push_status = ? AND importance = ?)
2026-08-22 21:57:55.097 DEBUG 215277 --- [   scheduling-1] c.p.i.mapper.IntelNewsMapper.selectList  : ==> Parameters: none(String), high(String)
2026-08-22 21:57:55.098 DEBUG 215277 --- [   scheduling-1] c.p.i.mapper.IntelNewsMapper.selectList  : <==      Total: 0
2026-08-22 21:57:55.098 DEBUG 215277 --- [   scheduling-1] c.p.i.mapper.IntelNewsMapper.selectList  : ==>  Preparing: SELECT id,source_code,title,content,region_code,normalized_tags,importance,published_at,push_status,version,deleted,created_at,updated_at FROM intel_news WHERE deleted=false AND (push_status = ? AND importance = ?)
2026-08-22 21:57:55.098 DEBUG 215277 --- [   scheduling-1] c.p.i.mapper.IntelNewsMapper.selectList  : ==> Parameters: none(String), high(String)
2026-08-22 21:57:55.098 DEBUG 215277 --- [   scheduling-1] c.p.i.mapper.IntelNewsMapper.selectList  : <==      Total: 0
2026-08-22 21:57:55.099 DEBUG 215277 --- [   scheduling-1] c.p.i.mapper.IntelNewsMapper.selectList  : ==>  Preparing: SELECT id,source_code,title,content,region_code,normalized_tags,importance,published_at,push_status,version,deleted,created_at,updated_at FROM intel_news WHERE deleted=false AND (push_status = ? AND importance = ?)
2026-08-22 21:57:55.099 DEBUG 215277 --- [   scheduling-1] c.p.i.mapper.IntelNewsMapper.selectList  : ==> Parameters: none(String), high(String)
2026-08-22 21:57:55.099 DEBUG 215277 --- [   scheduling-1] c.p.i.mapper.IntelNewsMapper.selectList  : <==      Total: 0
2026-08-22 21:57:55.099 DEBUG 215277 --- [   scheduling-1] c.p.i.mapper.IntelNewsMapper.selectList  : ==>  Preparing: SELECT id,source_code,title,content,region_code,normalized_tags,importance,published_at,push_status,version,deleted,created_at,updated_at FROM intel_news WHERE deleted=false AND (push_status = ? AND importance = ?)
2026-08-22 21:57:55.099 DEBUG 215277 --- [   scheduling-1] c.p.i.mapper.IntelNewsMapper.selectList  : ==> Parameters: none(String), high(String)
2026-08-22 21:57:55.100 DEBUG 215277 --- [   scheduling-1] c.p.i.mapper.IntelNewsMapper.selectList  : <==      Total: 0
2026-08-22 21:57:55.100 DEBUG 215277 --- [   scheduling-1] c.p.i.mapper.IntelNewsMapper.selectList  : ==>  Preparing: SELECT id,source_code,title,content,region_code,normalized_tags,importance,published_at,push_status,version,deleted,created_at,updated_at FROM intel_news WHERE deleted=false AND (push_status = ? AND importance = ?)
2026-08-22 21:57:55.100 DEBUG 215277 --- [   scheduling-1] c.p.i.mapper.IntelNewsMapper.selectList  : ==> Parameters: none(String), high(String)
2026-08-22 21:57:55.100 DEBUG 215277 --- [   scheduling-1] c.p.i.mapper.IntelNewsMapper.selectList  : <==      Total: 0
2026-08-22 21:57:55.100 DEBUG 215277 --- [   scheduling-1] c.p.i.mapper.IntelNewsMapper.selectList  : ==>  Preparing: SELECT id,source_code,title,content,region_code,normalized_tags,importance,published_at,push_status,version,deleted,created_at,updated_at FROM intel_news WHERE deleted=false AND (push_status = ? AND importance = ?)
2026-08-22 21:57:55.101 DEBUG 215277 --- [   scheduling-1] c.p.i.mapper.IntelNewsMapper.selectList  : ==> Parameters: none(String), high(String)
2026-08-22 21:57:55.101 DEBUG 215277 --- [   scheduling-1] c.p.i.mapper.IntelNewsMapper.selectList  : <==      Total: 0
2026-08-22 21:57:55.101 DEBUG 215277 --- [   scheduling-1] c.p.i.mapper.IntelNewsMapper.selectList  : ==>  Preparing: SELECT id,source_code,title,content,region_code,normalized_tags,importance,published_at,push_status,version,deleted,created_at,updated_at FROM intel_news WHERE deleted=false AND (push_status = ? AND importance = ?)
2026-08-22 21:57:55.101 DEBUG 215277 --- [   scheduling-1] c.p.i.mapper.IntelNewsMapper.selectList  : ==> Parameters: none(String), high(String)
2026-08-22 21:57:55.101 DEBUG 215277 --- [   scheduling-1] c.p.i.mapper.IntelNewsMapper.selectList  : <==      Total: 0
2026-08-22 21:57:55.102 DEBUG 215277 --- [   scheduling-1] c.p.i.mapper.IntelNewsMapper.selectList  : ==>  Preparing: SELECT id,source_code,title,content,region_code,normalized_tags,importance,published_at,push_status,version,deleted,created_at,updated_at FROM intel_news WHERE deleted=false AND (push_status = ? AND importance = ?)
2026-08-22 21:57:55.102 DEBUG 215277 --- [   scheduling-1] c.p.i.mapper.IntelNewsMapper.selectList  : ==> Parameters: none(String), high(String)
2026-08-22 21:57:55.102 DEBUG 215277 --- [   scheduling-1] c.p.i.mapper.IntelNewsMapper.selectList  : <==      Total: 0
2026-08-22 21:57:55.102 DEBUG 215277 --- [   scheduling-1] c.p.i.mapper.IntelNewsMapper.selectList  : ==>  Preparing: SELECT id,source_code,title,content,region_code,normalized_tags,importance,published_at,push_status,version,deleted,created_at,updated_at FROM intel_news WHERE deleted=false AND (push_status = ? AND importance = ?)
2026-08-22 21:57:55.102 DEBUG 215277 --- [   scheduling-1] c.p.i.mapper.IntelNewsMapper.selectList  : ==> Parameters: none(String), high(String)
2026-08-22 21:57:55.103 DEBUG 215277 --- [   scheduling-1] c.p.i.mapper.IntelNewsMapper.selectList  : <==      Total: 0
2026-08-22 21:57:55.103 DEBUG 215277 --- [   scheduling-1] c.p.i.mapper.IntelNewsMapper.selectList  : ==>  Preparing: SELECT id,source_code,title,content,region_code,normalized_tags,importance,published_at,push_status,version,deleted,created_at,updated_at FROM intel_news WHERE deleted=false AND (push_status = ? AND importance = ?)
2026-08-22 21:57:55.103 DEBUG 215277 --- [   scheduling-1] c.p.i.mapper.IntelNewsMapper.selectList  : ==> Parameters: none(String), high(String)
2026-08-22 21:57:55.103 DEBUG 215277 --- [   scheduling-1] c.p.i.mapper.IntelNewsMapper.selectList  : <==      Total: 0
2026-08-22 21:57:55.104 DEBUG 215277 --- [   scheduling-1] c.p.i.mapper.IntelNewsMapper.selectList  : ==>  Preparing: SELECT id,source_code,title,content,region_code,normalized_tags,importance,published_at,push_status,version,deleted,created_at,updated_at FROM intel_news WHERE deleted=false AND (push_status = ? AND importance = ?)
2026-08-22 21:57:55.104 DEBUG 215277 --- [   scheduling-1] c.p.i.mapper.IntelNewsMapper.selectList  : ==> Parameters: none(String), high(String)
2026-08-22 21:57:55.104 DEBUG 215277 --- [   scheduling-1] c.p.i.mapper.IntelNewsMapper.selectList  : <==      Total: 0
2026-08-22 21:57:55.104 DEBUG 215277 --- [   scheduling-1] c.p.i.mapper.IntelNewsMapper.selectList  : ==>  Preparing: SELECT id,source_code,title,content,region_code,normalized_tags,importance,published_at,push_status,version,deleted,created_at,updated_at FROM intel_news WHERE deleted=false AND (push_status = ? AND importance = ?)
2026-08-22 21:57:55.105 DEBUG 215277 --- [   scheduling-1] c.p.i.mapper.IntelNewsMapper.selectList  : ==> Parameters: none(String), high(String)
2026-08-22 21:57:55.105 DEBUG 215277 --- [   scheduling-1] c.p.i.mapper.IntelNewsMapper.selectList  : <==      Total: 0
2026-08-22 21:57:55.105 DEBUG 215277 --- [   scheduling-1] c.p.i.mapper.IntelNewsMapper.selectList  : ==>  Preparing: SELECT id,source_code,title,content,region_code,normalized_tags,importance,published_at,push_status,version,deleted,created_at,updated_at FROM intel_news WHERE deleted=false AND (push_status = ? AND importance = ?)
2026-08-22 21:57:55.105 DEBUG 215277 --- [   scheduling-1] c.p.i.mapper.IntelNewsMapper.selectList  : ==> Parameters: none(String), high(String)
2026-08-22 21:57:55.105 DEBUG 215277 --- [   scheduling-1] c.p.i.mapper.IntelNewsMapper.selectList  : <==      Total: 0
2026-08-22 21:57:55.105  INFO 215277 --- [   scheduling-1] com.ptidss.intel.service.IntelService    : 情报推送执行完成：匹配情报 0 条，派发消息 0 条，触发决策会话情报重评 0 个
2026-08-22 21:58:03.741 DEBUG 215277 --- [   scheduling-1] c.p.d.m.CollectTaskMapper.selectList     : ==>  Preparing: SELECT id,source_id,task_type,cron_expr,last_run_time,last_status,records_count,error_log,version,deleted,created_at,updated_at FROM collect_task WHERE deleted=false AND (cron_expr IS NOT NULL)
2026-08-22 21:58:03.741 DEBUG 215277 --- [   scheduling-1] c.p.d.m.CollectTaskMapper.selectList     : ==> Parameters: 
2026-08-22 21:58:03.741 DEBUG 215277 --- [   scheduling-1] c.p.d.m.CollectTaskMapper.selectList     : <==      Total: 3
2026-08-22 21:58:14.082 DEBUG 215277 --- [   scheduling-1] c.p.i.m.IntelSourceMapper.selectList     : ==>  Preparing: SELECT id,source_code,source_name,intel_type,fetch_mode,conn_type,conn_config,frequency,status,last_success_at,last_error,consecutive_failures,version,deleted,created_at,updated_at FROM intel_source WHERE deleted=false AND (status = ?)
2026-08-22 21:58:14.083 DEBUG 215277 --- [   scheduling-1] c.p.i.m.IntelSourceMapper.selectList     : ==> Parameters: enabled(String)
2026-08-22 21:58:14.083 DEBUG 215277 --- [   scheduling-1] c.p.i.m.IntelSourceMapper.selectList     : <==      Total: 21
2026-08-22 21:58:14.083  INFO 215277 --- [   scheduling-1] c.p.intel.service.IntelFetchService      : 行情采集执行完成：到期 0 个（成功 0 / 失败 0 / 跳过未到期 21）
2026-08-22 21:58:25.106 DEBUG 215277 --- [   scheduling-1] c.p.i.m.IntelPushRuleMapper.selectList   : ==>  Preparing: SELECT id,rule_name,tags_filter,importance_filter,target_roles,channel,silent_period,status,version,deleted,created_at,updated_at FROM intel_push_rule WHERE deleted=false AND (status = ?)
2026-08-22 21:58:25.106 DEBUG 215277 --- [   scheduling-1] c.p.i.m.IntelPushRuleMapper.selectList   : ==> Parameters: active(String)
2026-08-22 21:58:25.107 DEBUG 215277 --- [   scheduling-1] c.p.i.m.IntelPushRuleMapper.selectList   : <==      Total: 15
2026-08-22 21:58:25.107 DEBUG 215277 --- [   scheduling-1] c.p.i.mapper.IntelNewsMapper.selectList  : ==>  Preparing: SELECT id,source_code,title,content,region_code,normalized_tags,importance,published_at,push_status,version,deleted,created_at,updated_at FROM intel_news WHERE deleted=false AND (push_status = ? AND importance = ?)
2026-08-22 21:58:25.107 DEBUG 215277 --- [   scheduling-1] c.p.i.mapper.IntelNewsMapper.selectList  : ==> Parameters: none(String), high(String)
2026-08-22 21:58:25.107 DEBUG 215277 --- [   scheduling-1] c.p.i.mapper.IntelNewsMapper.selectList  : <==      Total: 0
2026-08-22 21:58:25.108 DEBUG 215277 --- [   scheduling-1] c.p.i.mapper.IntelNewsMapper.selectList  : ==>  Preparing: SELECT id,source_code,title,content,region_code,normalized_tags,importance,published_at,push_status,version,deleted,created_at,updated_at FROM intel_news WHERE deleted=false AND (push_status = ? AND importance = ?)
2026-08-22 21:58:25.108 DEBUG 215277 --- [   scheduling-1] c.p.i.mapper.IntelNewsMapper.selectList  : ==> Parameters: none(String), medium(String)
2026-08-22 21:58:25.110 DEBUG 215277 --- [   scheduling-1] c.p.i.mapper.IntelNewsMapper.selectList  : <==      Total: 314
2026-08-22 21:58:25.111 DEBUG 215277 --- [   scheduling-1] c.p.i.mapper.IntelNewsMapper.selectList  : ==>  Preparing: SELECT id,source_code,title,content,region_code,normalized_tags,importance,published_at,push_status,version,deleted,created_at,updated_at FROM intel_news WHERE deleted=false AND (push_status = ? AND importance = ?)
2026-08-22 21:58:25.111 DEBUG 215277 --- [   scheduling-1] c.p.i.mapper.IntelNewsMapper.selectList  : ==> Parameters: none(String), high(String)
2026-08-22 21:58:25.111 DEBUG 215277 --- [   scheduling-1] c.p.i.mapper.IntelNewsMapper.selectList  : <==      Total: 0
2026-08-22 21:58:25.111 DEBUG 215277 --- [   scheduling-1] c.p.i.mapper.IntelNewsMapper.selectList  : ==>  Preparing: SELECT id,source_code,title,content,region_code,normalized_tags,importance,published_at,push_status,version,deleted,created_at,updated_at FROM intel_news WHERE deleted=false AND (push_status = ? AND importance = ?)
2026-08-22 21:58:25.111 DEBUG 215277 --- [   scheduling-1] c.p.i.mapper.IntelNewsMapper.selectList  : ==> Parameters: none(String), high(String)
2026-08-22 21:58:25.112 DEBUG 215277 --- [   scheduling-1] c.p.i.mapper.IntelNewsMapper.selectList  : <==      Total: 0
2026-08-22 21:58:25.112 DEBUG 215277 --- [   scheduling-1] c.p.i.mapper.IntelNewsMapper.selectList  : ==>  Preparing: SELECT id,source_code,title,content,region_code,normalized_tags,importance,published_at,push_status,version,deleted,created_at,updated_at FROM intel_news WHERE deleted=false AND (push_status = ? AND importance = ?)
2026-08-22 21:58:25.112 DEBUG 215277 --- [   scheduling-1] c.p.i.mapper.IntelNewsMapper.selectList  : ==> Parameters: none(String), high(String)
2026-08-22 21:58:25.112 DEBUG 215277 --- [   scheduling-1] c.p.i.mapper.IntelNewsMapper.selectList  : <==      Total: 0
2026-08-22 21:58:25.113 DEBUG 215277 --- [   scheduling-1] c.p.i.mapper.IntelNewsMapper.selectList  : ==>  Preparing: SELECT id,source_code,title,content,region_code,normalized_tags,importance,published_at,push_status,version,deleted,created_at,updated_at FROM intel_news WHERE deleted=false AND (push_status = ? AND importance = ?)
2026-08-22 21:58:25.113 DEBUG 215277 --- [   scheduling-1] c.p.i.mapper.IntelNewsMapper.selectList  : ==> Parameters: none(String), high(String)
2026-08-22 21:58:25.113 DEBUG 215277 --- [   scheduling-1] c.p.i.mapper.IntelNewsMapper.selectList  : <==      Total: 0
2026-08-22 21:58:25.113 DEBUG 215277 --- [   scheduling-1] c.p.i.mapper.IntelNewsMapper.selectList  : ==>  Preparing: SELECT id,source_code,title,content,region_code,normalized_tags,importance,published_at,push_status,version,deleted,created_at,updated_at FROM intel_news WHERE deleted=false AND (push_status = ? AND importance = ?)
2026-08-22 21:58:25.113 DEBUG 215277 --- [   scheduling-1] c.p.i.mapper.IntelNewsMapper.selectList  : ==> Parameters: none(String), high(String)
2026-08-22 21:58:25.114 DEBUG 215277 --- [   scheduling-1] c.p.i.mapper.IntelNewsMapper.selectList  : <==      Total: 0
2026-08-22 21:58:25.114 DEBUG 215277 --- [   scheduling-1] c.p.i.mapper.IntelNewsMapper.selectList  : ==>  Preparing: SELECT id,source_code,title,content,region_code,normalized_tags,importance,published_at,push_status,version,deleted,created_at,updated_at FROM intel_news WHERE deleted=false AND (push_status = ? AND importance = ?)
2026-08-22 21:58:25.114 DEBUG 215277 --- [   scheduling-1] c.p.i.mapper.IntelNewsMapper.selectList  : ==> Parameters: none(String), high(String)
2026-08-22 21:58:25.114 DEBUG 215277 --- [   scheduling-1] c.p.i.mapper.IntelNewsMapper.selectList  : <==      Total: 0
2026-08-22 21:58:25.114 DEBUG 215277 --- [   scheduling-1] c.p.i.mapper.IntelNewsMapper.selectList  : ==>  Preparing: SELECT id,source_code,title,content,region_code,normalized_tags,importance,published_at,push_status,version,deleted,created_at,updated_at FROM intel_news WHERE deleted=false AND (push_status = ? AND importance = ?)
2026-08-22 21:58:25.115 DEBUG 215277 --- [   scheduling-1] c.p.i.mapper.IntelNewsMapper.selectList  : ==> Parameters: none(String), high(String)
2026-08-22 21:58:25.115 DEBUG 215277 --- [   scheduling-1] c.p.i.mapper.IntelNewsMapper.selectList  : <==      Total: 0
2026-08-22 21:58:25.115 DEBUG 215277 --- [   scheduling-1] c.p.i.mapper.IntelNewsMapper.selectList  : ==>  Preparing: SELECT id,source_code,title,content,region_code,normalized_tags,importance,published_at,push_status,version,deleted,created_at,updated_at FROM intel_news WHERE deleted=false AND (push_status = ? AND importance = ?)
2026-08-22 21:58:25.115 DEBUG 215277 --- [   scheduling-1] c.p.i.mapper.IntelNewsMapper.selectList  : ==> Parameters: none(String), high(String)
2026-08-22 21:58:25.115 DEBUG 215277 --- [   scheduling-1] c.p.i.mapper.IntelNewsMapper.selectList  : <==      Total: 0
2026-08-22 21:58:25.116 DEBUG 215277 --- [   scheduling-1] c.p.i.mapper.IntelNewsMapper.selectList  : ==>  Preparing: SELECT id,source_code,title,content,region_code,normalized_tags,importance,published_at,push_status,version,deleted,created_at,updated_at FROM intel_news WHERE deleted=false AND (push_status = ? AND importance = ?)
2026-08-22 21:58:25.116 DEBUG 215277 --- [   scheduling-1] c.p.i.mapper.IntelNewsMapper.selectList  : ==> Parameters: none(String), high(String)
2026-08-22 21:58:25.116 DEBUG 215277 --- [   scheduling-1] c.p.i.mapper.IntelNewsMapper.selectList  : <==      Total: 0
2026-08-22 21:58:25.116 DEBUG 215277 --- [   scheduling-1] c.p.i.mapper.IntelNewsMapper.selectList  : ==>  Preparing: SELECT id,source_code,title,content,region_code,normalized_tags,importance,published_at,push_status,version,deleted,created_at,updated_at FROM intel_news WHERE deleted=false AND (push_status = ? AND importance = ?)
2026-08-22 21:58:25.116 DEBUG 215277 --- [   scheduling-1] c.p.i.mapper.IntelNewsMapper.selectList  : ==> Parameters: none(String), high(String)
2026-08-22 21:58:25.116 DEBUG 215277 --- [   scheduling-1] c.p.i.mapper.IntelNewsMapper.selectList  : <==      Total: 0
2026-08-22 21:58:25.117 DEBUG 215277 --- [   scheduling-1] c.p.i.mapper.IntelNewsMapper.selectList  : ==>  Preparing: SELECT id,source_code,title,content,region_code,normalized_tags,importance,published_at,push_status,version,deleted,created_at,updated_at FROM intel_news WHERE deleted=false AND (push_status = ? AND importance = ?)
2026-08-22 21:58:25.117 DEBUG 215277 --- [   scheduling-1] c.p.i.mapper.IntelNewsMapper.selectList  : ==> Parameters: none(String), high(String)
2026-08-22 21:58:25.117 DEBUG 215277 --- [   scheduling-1] c.p.i.mapper.IntelNewsMapper.selectList  : <==      Total: 0
2026-08-22 21:58:25.117 DEBUG 215277 --- [   scheduling-1] c.p.i.mapper.IntelNewsMapper.selectList  : ==>  Preparing: SELECT id,source_code,title,content,region_code,normalized_tags,importance,published_at,push_status,version,deleted,created_at,updated_at FROM intel_news WHERE deleted=false AND (push_status = ? AND importance = ?)
2026-08-22 21:58:25.117 DEBUG 215277 --- [   scheduling-1] c.p.i.mapper.IntelNewsMapper.selectList  : ==> Parameters: none(String), high(String)
2026-08-22 21:58:25.117 DEBUG 215277 --- [   scheduling-1] c.p.i.mapper.IntelNewsMapper.selectList  : <==      Total: 0
2026-08-22 21:58:25.118 DEBUG 215277 --- [   scheduling-1] c.p.i.mapper.IntelNewsMapper.selectList  : ==>  Preparing: SELECT id,source_code,title,content,region_code,normalized_tags,importance,published_at,push_status,version,deleted,created_at,updated_at FROM intel_news WHERE deleted=false AND (push_status = ? AND importance = ?)
2026-08-22 21:58:25.118 DEBUG 215277 --- [   scheduling-1] c.p.i.mapper.IntelNewsMapper.selectList  : ==> Parameters: none(String), high(String)
2026-08-22 21:58:25.118 DEBUG 215277 --- [   scheduling-1] c.p.i.mapper.IntelNewsMapper.selectList  : <==      Total: 0
2026-08-22 21:58:25.118  INFO 215277 --- [   scheduling-1] com.ptidss.intel.service.IntelService    : 情报推送执行完成：匹配情报 0 条，派发消息 0 条，触发决策会话情报重评 0 个
2026-08-22 21:58:55.119 DEBUG 215277 --- [   scheduling-1] c.p.i.m.IntelPushRuleMapper.selectList   : ==>  Preparing: SELECT id,rule_name,tags_filter,importance_filter,target_roles,channel,silent_period,status,version,deleted,created_at,updated_at FROM intel_push_rule WHERE deleted=false AND (status = ?)
2026-08-22 21:58:55.119 DEBUG 215277 --- [   scheduling-1] c.p.i.m.IntelPushRuleMapper.selectList   : ==> Parameters: active(String)
2026-08-22 21:58:55.120 DEBUG 215277 --- [   scheduling-1] c.p.i.m.IntelPushRuleMapper.selectList   : <==      Total: 15
2026-08-22 21:58:55.120 DEBUG 215277 --- [   scheduling-1] c.p.i.mapper.IntelNewsMapper.selectList  : ==>  Preparing: SELECT id,source_code,title,content,region_code,normalized_tags,importance,published_at,push_status,version,deleted,created_at,updated_at FROM intel_news WHERE deleted=false AND (push_status = ? AND importance = ?)
2026-08-22 21:58:55.120 DEBUG 215277 --- [   scheduling-1] c.p.i.mapper.IntelNewsMapper.selectList  : ==> Parameters: none(String), high(String)
2026-08-22 21:58:55.122 DEBUG 215277 --- [   scheduling-1] c.p.i.mapper.IntelNewsMapper.selectList  : <==      Total: 0
2026-08-22 21:58:55.122 DEBUG 215277 --- [   scheduling-1] c.p.i.mapper.IntelNewsMapper.selectList  : ==>  Preparing: SELECT id,source_code,title,content,region_code,normalized_tags,importance,published_at,push_status,version,deleted,created_at,updated_at FROM intel_news WHERE deleted=false AND (push_status = ? AND importance = ?)
2026-08-22 21:58:55.122 DEBUG 215277 --- [   scheduling-1] c.p.i.mapper.IntelNewsMapper.selectList  : ==> Parameters: none(String), medium(String)
2026-08-22 21:58:55.127 DEBUG 215277 --- [   scheduling-1] c.p.i.mapper.IntelNewsMapper.selectList  : <==      Total: 314
2026-08-22 21:58:55.128 DEBUG 215277 --- [   scheduling-1] c.p.i.mapper.IntelNewsMapper.selectList  : ==>  Preparing: SELECT id,source_code,title,content,region_code,normalized_tags,importance,published_at,push_status,version,deleted,created_at,updated_at FROM intel_news WHERE deleted=false AND (push_status = ? AND importance = ?)
2026-08-22 21:58:55.128 DEBUG 215277 --- [   scheduling-1] c.p.i.mapper.IntelNewsMapper.selectList  : ==> Parameters: none(String), high(String)
2026-08-22 21:58:55.128 DEBUG 215277 --- [   scheduling-1] c.p.i.mapper.IntelNewsMapper.selectList  : <==      Total: 0
2026-08-22 21:58:55.129 DEBUG 215277 --- [   scheduling-1] c.p.i.mapper.IntelNewsMapper.selectList  : ==>  Preparing: SELECT id,source_code,title,content,region_code,normalized_tags,importance,published_at,push_status,version,deleted,created_at,updated_at FROM intel_news WHERE deleted=false AND (push_status = ? AND importance = ?)
2026-08-22 21:58:55.129 DEBUG 215277 --- [   scheduling-1] c.p.i.mapper.IntelNewsMapper.selectList  : ==> Parameters: none(String), high(String)
2026-08-22 21:58:55.129 DEBUG 215277 --- [   scheduling-1] c.p.i.mapper.IntelNewsMapper.selectList  : <==      Total: 0
2026-08-22 21:58:55.129 DEBUG 215277 --- [   scheduling-1] c.p.i.mapper.IntelNewsMapper.selectList  : ==>  Preparing: SELECT id,source_code,title,content,region_code,normalized_tags,importance,published_at,push_status,version,deleted,created_at,updated_at FROM intel_news WHERE deleted=false AND (push_status = ? AND importance = ?)
2026-08-22 21:58:55.129 DEBUG 215277 --- [   scheduling-1] c.p.i.mapper.IntelNewsMapper.selectList  : ==> Parameters: none(String), high(String)
2026-08-22 21:58:55.130 DEBUG 215277 --- [   scheduling-1] c.p.i.mapper.IntelNewsMapper.selectList  : <==      Total: 0
2026-08-22 21:58:55.130 DEBUG 215277 --- [   scheduling-1] c.p.i.mapper.IntelNewsMapper.selectList  : ==>  Preparing: SELECT id,source_code,title,content,region_code,normalized_tags,importance,published_at,push_status,version,deleted,created_at,updated_at FROM intel_news WHERE deleted=false AND (push_status = ? AND importance = ?)
2026-08-22 21:58:55.130 DEBUG 215277 --- [   scheduling-1] c.p.i.mapper.IntelNewsMapper.selectList  : ==> Parameters: none(String), high(String)
2026-08-22 21:58:55.131 DEBUG 215277 --- [   scheduling-1] c.p.i.mapper.IntelNewsMapper.selectList  : <==      Total: 0
2026-08-22 21:58:55.131 DEBUG 215277 --- [   scheduling-1] c.p.i.mapper.IntelNewsMapper.selectList  : ==>  Preparing: SELECT id,source_code,title,content,region_code,normalized_tags,importance,published_at,push_status,version,deleted,created_at,updated_at FROM intel_news WHERE deleted=false AND (push_status = ? AND importance = ?)
2026-08-22 21:58:55.131 DEBUG 215277 --- [   scheduling-1] c.p.i.mapper.IntelNewsMapper.selectList  : ==> Parameters: none(String), high(String)
2026-08-22 21:58:55.131 DEBUG 215277 --- [   scheduling-1] c.p.i.mapper.IntelNewsMapper.selectList  : <==      Total: 0
2026-08-22 21:58:55.132 DEBUG 215277 --- [   scheduling-1] c.p.i.mapper.IntelNewsMapper.selectList  : ==>  Preparing: SELECT id,source_code,title,content,region_code,normalized_tags,importance,published_at,push_status,version,deleted,created_at,updated_at FROM intel_news WHERE deleted=false AND (push_status = ? AND importance = ?)
2026-08-22 21:58:55.132 DEBUG 215277 --- [   scheduling-1] c.p.i.mapper.IntelNewsMapper.selectList  : ==> Parameters: none(String), high(String)
2026-08-22 21:58:55.132 DEBUG 215277 --- [   scheduling-1] c.p.i.mapper.IntelNewsMapper.selectList  : <==      Total: 0
2026-08-22 21:58:55.132 DEBUG 215277 --- [   scheduling-1] c.p.i.mapper.IntelNewsMapper.selectList  : ==>  Preparing: SELECT id,source_code,title,content,region_code,normalized_tags,importance,published_at,push_status,version,deleted,created_at,updated_at FROM intel_news WHERE deleted=false AND (push_status = ? AND importance = ?)
2026-08-22 21:58:55.133 DEBUG 215277 --- [   scheduling-1] c.p.i.mapper.IntelNewsMapper.selectList  : ==> Parameters: none(String), high(String)
2026-08-22 21:58:55.133 DEBUG 215277 --- [   scheduling-1] c.p.i.mapper.IntelNewsMapper.selectList  : <==      Total: 0
2026-08-22 21:58:55.133 DEBUG 215277 --- [   scheduling-1] c.p.i.mapper.IntelNewsMapper.selectList  : ==>  Preparing: SELECT id,source_code,title,content,region_code,normalized_tags,importance,published_at,push_status,version,deleted,created_at,updated_at FROM intel_news WHERE deleted=false AND (push_status = ? AND importance = ?)
2026-08-22 21:58:55.133 DEBUG 215277 --- [   scheduling-1] c.p.i.mapper.IntelNewsMapper.selectList  : ==> Parameters: none(String), high(String)
2026-08-22 21:58:55.134 DEBUG 215277 --- [   scheduling-1] c.p.i.mapper.IntelNewsMapper.selectList  : <==      Total: 0
2026-08-22 21:58:55.134 DEBUG 215277 --- [   scheduling-1] c.p.i.mapper.IntelNewsMapper.selectList  : ==>  Preparing: SELECT id,source_code,title,content,region_code,normalized_tags,importance,published_at,push_status,version,deleted,created_at,updated_at FROM intel_news WHERE deleted=false AND (push_status = ? AND importance = ?)
2026-08-22 21:58:55.134 DEBUG 215277 --- [   scheduling-1] c.p.i.mapper.IntelNewsMapper.selectList  : ==> Parameters: none(String), high(String)
2026-08-22 21:58:55.134 DEBUG 215277 --- [   scheduling-1] c.p.i.mapper.IntelNewsMapper.selectList  : <==      Total: 0
2026-08-22 21:58:55.135 DEBUG 215277 --- [   scheduling-1] c.p.i.mapper.IntelNewsMapper.selectList  : ==>  Preparing: SELECT id,source_code,title,content,region_code,normalized_tags,importance,published_at,push_status,version,deleted,created_at,updated_at FROM intel_news WHERE deleted=false AND (push_status = ? AND importance = ?)
2026-08-22 21:58:55.135 DEBUG 215277 --- [   scheduling-1] c.p.i.mapper.IntelNewsMapper.selectList  : ==> Parameters: none(String), high(String)
2026-08-22 21:58:55.135 DEBUG 215277 --- [   scheduling-1] c.p.i.mapper.IntelNewsMapper.selectList  : <==      Total: 0
2026-08-22 21:58:55.135 DEBUG 215277 --- [   scheduling-1] c.p.i.mapper.IntelNewsMapper.selectList  : ==>  Preparing: SELECT id,source_code,title,content,region_code,normalized_tags,importance,published_at,push_status,version,deleted,created_at,updated_at FROM intel_news WHERE deleted=false AND (push_status = ? AND importance = ?)
2026-08-22 21:58:55.135 DEBUG 215277 --- [   scheduling-1] c.p.i.mapper.IntelNewsMapper.selectList  : ==> Parameters: none(String), high(String)
2026-08-22 21:58:55.135 DEBUG 215277 --- [   scheduling-1] c.p.i.mapper.IntelNewsMapper.selectList  : <==      Total: 0
2026-08-22 21:58:55.136 DEBUG 215277 --- [   scheduling-1] c.p.i.mapper.IntelNewsMapper.selectList  : ==>  Preparing: SELECT id,source_code,title,content,region_code,normalized_tags,importance,published_at,push_status,version,deleted,created_at,updated_at FROM intel_news WHERE deleted=false AND (push_status = ? AND importance = ?)
2026-08-22 21:58:55.136 DEBUG 215277 --- [   scheduling-1] c.p.i.mapper.IntelNewsMapper.selectList  : ==> Parameters: none(String), high(String)
2026-08-22 21:58:55.136 DEBUG 215277 --- [   scheduling-1] c.p.i.mapper.IntelNewsMapper.selectList  : <==      Total: 0
2026-08-22 21:58:55.136 DEBUG 215277 --- [   scheduling-1] c.p.i.mapper.IntelNewsMapper.selectList  : ==>  Preparing: SELECT id,source_code,title,content,region_code,normalized_tags,importance,published_at,push_status,version,deleted,created_at,updated_at FROM intel_news WHERE deleted=false AND (push_status = ? AND importance = ?)
2026-08-22 21:58:55.136 DEBUG 215277 --- [   scheduling-1] c.p.i.mapper.IntelNewsMapper.selectList  : ==> Parameters: none(String), high(String)
2026-08-22 21:58:55.137 DEBUG 215277 --- [   scheduling-1] c.p.i.mapper.IntelNewsMapper.selectList  : <==      Total: 0
2026-08-22 21:58:55.137  INFO 215277 --- [   scheduling-1] com.ptidss.intel.service.IntelService    : 情报推送执行完成：匹配情报 0 条，派发消息 0 条，触发决策会话情报重评 0 个
2026-08-22 21:59:03.742 DEBUG 215277 --- [   scheduling-1] c.p.d.m.CollectTaskMapper.selectList     : ==>  Preparing: SELECT id,source_id,task_type,cron_expr,last_run_time,last_status,records_count,error_log,version,deleted,created_at,updated_at FROM collect_task WHERE deleted=false AND (cron_expr IS NOT NULL)
2026-08-22 21:59:03.743 DEBUG 215277 --- [   scheduling-1] c.p.d.m.CollectTaskMapper.selectList     : ==> Parameters: 
2026-08-22 21:59:03.744 DEBUG 215277 --- [   scheduling-1] c.p.d.m.CollectTaskMapper.selectList     : <==      Total: 3
2026-08-22 21:59:14.084 DEBUG 215277 --- [   scheduling-1] c.p.i.m.IntelSourceMapper.selectList     : ==>  Preparing: SELECT id,source_code,source_name,intel_type,fetch_mode,conn_type,conn_config,frequency,status,last_success_at,last_error,consecutive_failures,version,deleted,created_at,updated_at FROM intel_source WHERE deleted=false AND (status = ?)
2026-08-22 21:59:14.084 DEBUG 215277 --- [   scheduling-1] c.p.i.m.IntelSourceMapper.selectList     : ==> Parameters: enabled(String)
2026-08-22 21:59:14.085 DEBUG 215277 --- [   scheduling-1] c.p.i.m.IntelSourceMapper.selectList     : <==      Total: 21
2026-08-22 21:59:14.085  INFO 215277 --- [   scheduling-1] c.p.intel.service.IntelFetchService      : 行情采集执行完成：到期 0 个（成功 0 / 失败 0 / 跳过未到期 21）
2026-08-22 21:59:25.137 DEBUG 215277 --- [   scheduling-1] c.p.i.m.IntelPushRuleMapper.selectList   : ==>  Preparing: SELECT id,rule_name,tags_filter,importance_filter,target_roles,channel,silent_period,status,version,deleted,created_at,updated_at FROM intel_push_rule WHERE deleted=false AND (status = ?)
2026-08-22 21:59:25.138 DEBUG 215277 --- [   scheduling-1] c.p.i.m.IntelPushRuleMapper.selectList   : ==> Parameters: active(String)
2026-08-22 21:59:25.138 DEBUG 215277 --- [   scheduling-1] c.p.i.m.IntelPushRuleMapper.selectList   : <==      Total: 15
2026-08-22 21:59:25.139 DEBUG 215277 --- [   scheduling-1] c.p.i.mapper.IntelNewsMapper.selectList  : ==>  Preparing: SELECT id,source_code,title,content,region_code,normalized_tags,importance,published_at,push_status,version,deleted,created_at,updated_at FROM intel_news WHERE deleted=false AND (push_status = ? AND importance = ?)
2026-08-22 21:59:25.139 DEBUG 215277 --- [   scheduling-1] c.p.i.mapper.IntelNewsMapper.selectList  : ==> Parameters: none(String), high(String)
2026-08-22 21:59:25.139 DEBUG 215277 --- [   scheduling-1] c.p.i.mapper.IntelNewsMapper.selectList  : <==      Total: 0
2026-08-22 21:59:25.139 DEBUG 215277 --- [   scheduling-1] c.p.i.mapper.IntelNewsMapper.selectList  : ==>  Preparing: SELECT id,source_code,title,content,region_code,normalized_tags,importance,published_at,push_status,version,deleted,created_at,updated_at FROM intel_news WHERE deleted=false AND (push_status = ? AND importance = ?)
2026-08-22 21:59:25.139 DEBUG 215277 --- [   scheduling-1] c.p.i.mapper.IntelNewsMapper.selectList  : ==> Parameters: none(String), medium(String)
2026-08-22 21:59:25.142 DEBUG 215277 --- [   scheduling-1] c.p.i.mapper.IntelNewsMapper.selectList  : <==      Total: 314
2026-08-22 21:59:25.142 DEBUG 215277 --- [   scheduling-1] c.p.i.mapper.IntelNewsMapper.selectList  : ==>  Preparing: SELECT id,source_code,title,content,region_code,normalized_tags,importance,published_at,push_status,version,deleted,created_at,updated_at FROM intel_news WHERE deleted=false AND (push_status = ? AND importance = ?)
2026-08-22 21:59:25.143 DEBUG 215277 --- [   scheduling-1] c.p.i.mapper.IntelNewsMapper.selectList  : ==> Parameters: none(String), high(String)
2026-08-22 21:59:25.143 DEBUG 215277 --- [   scheduling-1] c.p.i.mapper.IntelNewsMapper.selectList  : <==      Total: 0
2026-08-22 21:59:25.143 DEBUG 215277 --- [   scheduling-1] c.p.i.mapper.IntelNewsMapper.selectList  : ==>  Preparing: SELECT id,source_code,title,content,region_code,normalized_tags,importance,published_at,push_status,version,deleted,created_at,updated_at FROM intel_news WHERE deleted=false AND (push_status = ? AND importance = ?)
2026-08-22 21:59:25.143 DEBUG 215277 --- [   scheduling-1] c.p.i.mapper.IntelNewsMapper.selectList  : ==> Parameters: none(String), high(String)
2026-08-22 21:59:25.144 DEBUG 215277 --- [   scheduling-1] c.p.i.mapper.IntelNewsMapper.selectList  : <==      Total: 0
2026-08-22 21:59:25.144 DEBUG 215277 --- [   scheduling-1] c.p.i.mapper.IntelNewsMapper.selectList  : ==>  Preparing: SELECT id,source_code,title,content,region_code,normalized_tags,importance,published_at,push_status,version,deleted,created_at,updated_at FROM intel_news WHERE deleted=false AND (push_status = ? AND importance = ?)
2026-08-22 21:59:25.144 DEBUG 215277 --- [   scheduling-1] c.p.i.mapper.IntelNewsMapper.selectList  : ==> Parameters: none(String), high(String)
2026-08-22 21:59:25.144 DEBUG 215277 --- [   scheduling-1] c.p.i.mapper.IntelNewsMapper.selectList  : <==      Total: 0
2026-08-22 21:59:25.145 DEBUG 215277 --- [   scheduling-1] c.p.i.mapper.IntelNewsMapper.selectList  : ==>  Preparing: SELECT id,source_code,title,content,region_code,normalized_tags,importance,published_at,push_status,version,deleted,created_at,updated_at FROM intel_news WHERE deleted=false AND (push_status = ? AND importance = ?)
2026-08-22 21:59:25.145 DEBUG 215277 --- [   scheduling-1] c.p.i.mapper.IntelNewsMapper.selectList  : ==> Parameters: none(String), high(String)
2026-08-22 21:59:25.145 DEBUG 215277 --- [   scheduling-1] c.p.i.mapper.IntelNewsMapper.selectList  : <==      Total: 0
2026-08-22 21:59:25.145 DEBUG 215277 --- [   scheduling-1] c.p.i.mapper.IntelNewsMapper.selectList  : ==>  Preparing: SELECT id,source_code,title,content,region_code,normalized_tags,importance,published_at,push_status,version,deleted,created_at,updated_at FROM intel_news WHERE deleted=false AND (push_status = ? AND importance = ?)
2026-08-22 21:59:25.145 DEBUG 215277 --- [   scheduling-1] c.p.i.mapper.IntelNewsMapper.selectList  : ==> Parameters: none(String), high(String)
2026-08-22 21:59:25.146 DEBUG 215277 --- [   scheduling-1] c.p.i.mapper.IntelNewsMapper.selectList  : <==      Total: 0
2026-08-22 21:59:25.146 DEBUG 215277 --- [   scheduling-1] c.p.i.mapper.IntelNewsMapper.selectList  : ==>  Preparing: SELECT id,source_code,title,content,region_code,normalized_tags,importance,published_at,push_status,version,deleted,created_at,updated_at FROM intel_news WHERE deleted=false AND (push_status = ? AND importance = ?)
2026-08-22 21:59:25.146 DEBUG 215277 --- [   scheduling-1] c.p.i.mapper.IntelNewsMapper.selectList  : ==> Parameters: none(String), high(String)
2026-08-22 21:59:25.146 DEBUG 215277 --- [   scheduling-1] c.p.i.mapper.IntelNewsMapper.selectList  : <==      Total: 0
2026-08-22 21:59:25.146 DEBUG 215277 --- [   scheduling-1] c.p.i.mapper.IntelNewsMapper.selectList  : ==>  Preparing: SELECT id,source_code,title,content,region_code,normalized_tags,importance,published_at,push_status,version,deleted,created_at,updated_at FROM intel_news WHERE deleted=false AND (push_status = ? AND importance = ?)
2026-08-22 21:59:25.146 DEBUG 215277 --- [   scheduling-1] c.p.i.mapper.IntelNewsMapper.selectList  : ==> Parameters: none(String), high(String)
2026-08-22 21:59:25.147 DEBUG 215277 --- [   scheduling-1] c.p.i.mapper.IntelNewsMapper.selectList  : <==      Total: 0
2026-08-22 21:59:25.147 DEBUG 215277 --- [   scheduling-1] c.p.i.mapper.IntelNewsMapper.selectList  : ==>  Preparing: SELECT id,source_code,title,content,region_code,normalized_tags,importance,published_at,push_status,version,deleted,created_at,updated_at FROM intel_news WHERE deleted=false AND (push_status = ? AND importance = ?)
2026-08-22 21:59:25.147 DEBUG 215277 --- [   scheduling-1] c.p.i.mapper.IntelNewsMapper.selectList  : ==> Parameters: none(String), high(String)
2026-08-22 21:59:25.147 DEBUG 215277 --- [   scheduling-1] c.p.i.mapper.IntelNewsMapper.selectList  : <==      Total: 0
2026-08-22 21:59:25.147 DEBUG 215277 --- [   scheduling-1] c.p.i.mapper.IntelNewsMapper.selectList  : ==>  Preparing: SELECT id,source_code,title,content,region_code,normalized_tags,importance,published_at,push_status,version,deleted,created_at,updated_at FROM intel_news WHERE deleted=false AND (push_status = ? AND importance = ?)
2026-08-22 21:59:25.147 DEBUG 215277 --- [   scheduling-1] c.p.i.mapper.IntelNewsMapper.selectList  : ==> Parameters: none(String), high(String)
2026-08-22 21:59:25.148 DEBUG 215277 --- [   scheduling-1] c.p.i.mapper.IntelNewsMapper.selectList  : <==      Total: 0
2026-08-22 21:59:25.148 DEBUG 215277 --- [   scheduling-1] c.p.i.mapper.IntelNewsMapper.selectList  : ==>  Preparing: SELECT id,source_code,title,content,region_code,normalized_tags,importance,published_at,push_status,version,deleted,created_at,updated_at FROM intel_news WHERE deleted=false AND (push_status = ? AND importance = ?)
2026-08-22 21:59:25.148 DEBUG 215277 --- [   scheduling-1] c.p.i.mapper.IntelNewsMapper.selectList  : ==> Parameters: none(String), high(String)
2026-08-22 21:59:25.148 DEBUG 215277 --- [   scheduling-1] c.p.i.mapper.IntelNewsMapper.selectList  : <==      Total: 0
2026-08-22 21:59:25.148 DEBUG 215277 --- [   scheduling-1] c.p.i.mapper.IntelNewsMapper.selectList  : ==>  Preparing: SELECT id,source_code,title,content,region_code,normalized_tags,importance,published_at,push_status,version,deleted,created_at,updated_at FROM intel_news WHERE deleted=false AND (push_status = ? AND importance = ?)
2026-08-22 21:59:25.148 DEBUG 215277 --- [   scheduling-1] c.p.i.mapper.IntelNewsMapper.selectList  : ==> Parameters: none(String), high(String)
2026-08-22 21:59:25.149 DEBUG 215277 --- [   scheduling-1] c.p.i.mapper.IntelNewsMapper.selectList  : <==      Total: 0
2026-08-22 21:59:25.149 DEBUG 215277 --- [   scheduling-1] c.p.i.mapper.IntelNewsMapper.selectList  : ==>  Preparing: SELECT id,source_code,title,content,region_code,normalized_tags,importance,published_at,push_status,version,deleted,created_at,updated_at FROM intel_news WHERE deleted=false AND (push_status = ? AND importance = ?)
2026-08-22 21:59:25.149 DEBUG 215277 --- [   scheduling-1] c.p.i.mapper.IntelNewsMapper.selectList  : ==> Parameters: none(String), high(String)
2026-08-22 21:59:25.149 DEBUG 215277 --- [   scheduling-1] c.p.i.mapper.IntelNewsMapper.selectList  : <==      Total: 0
2026-08-22 21:59:25.150 DEBUG 215277 --- [   scheduling-1] c.p.i.mapper.IntelNewsMapper.selectList  : ==>  Preparing: SELECT id,source_code,title,content,region_code,normalized_tags,importance,published_at,push_status,version,deleted,created_at,updated_at FROM intel_news WHERE deleted=false AND (push_status = ? AND importance = ?)
2026-08-22 21:59:25.150 DEBUG 215277 --- [   scheduling-1] c.p.i.mapper.IntelNewsMapper.selectList  : ==> Parameters: none(String), high(String)
2026-08-22 21:59:25.150 DEBUG 215277 --- [   scheduling-1] c.p.i.mapper.IntelNewsMapper.selectList  : <==      Total: 0
2026-08-22 21:59:25.150  INFO 215277 --- [   scheduling-1] com.ptidss.intel.service.IntelService    : 情报推送执行完成：匹配情报 0 条，派发消息 0 条，触发决策会话情报重评 0 个
2026-08-22 21:59:55.151 DEBUG 215277 --- [   scheduling-1] c.p.i.m.IntelPushRuleMapper.selectList   : ==>  Preparing: SELECT id,rule_name,tags_filter,importance_filter,target_roles,channel,silent_period,status,version,deleted,created_at,updated_at FROM intel_push_rule WHERE deleted=false AND (status = ?)
2026-08-22 21:59:55.151 DEBUG 215277 --- [   scheduling-1] c.p.i.m.IntelPushRuleMapper.selectList   : ==> Parameters: active(String)
2026-08-22 21:59:55.152 DEBUG 215277 --- [   scheduling-1] c.p.i.m.IntelPushRuleMapper.selectList   : <==      Total: 15
2026-08-22 21:59:55.152 DEBUG 215277 --- [   scheduling-1] c.p.i.mapper.IntelNewsMapper.selectList  : ==>  Preparing: SELECT id,source_code,title,content,region_code,normalized_tags,importance,published_at,push_status,version,deleted,created_at,updated_at FROM intel_news WHERE deleted=false AND (push_status = ? AND importance = ?)
2026-08-22 21:59:55.152 DEBUG 215277 --- [   scheduling-1] c.p.i.mapper.IntelNewsMapper.selectList  : ==> Parameters: none(String), high(String)
2026-08-22 21:59:55.152 DEBUG 215277 --- [   scheduling-1] c.p.i.mapper.IntelNewsMapper.selectList  : <==      Total: 0
2026-08-22 21:59:55.153 DEBUG 215277 --- [   scheduling-1] c.p.i.mapper.IntelNewsMapper.selectList  : ==>  Preparing: SELECT id,source_code,title,content,region_code,normalized_tags,importance,published_at,push_status,version,deleted,created_at,updated_at FROM intel_news WHERE deleted=false AND (push_status = ? AND importance = ?)
2026-08-22 21:59:55.153 DEBUG 215277 --- [   scheduling-1] c.p.i.mapper.IntelNewsMapper.selectList  : ==> Parameters: none(String), medium(String)
2026-08-22 21:59:55.155 DEBUG 215277 --- [   scheduling-1] c.p.i.mapper.IntelNewsMapper.selectList  : <==      Total: 314
2026-08-22 21:59:55.155 DEBUG 215277 --- [   scheduling-1] c.p.i.mapper.IntelNewsMapper.selectList  : ==>  Preparing: SELECT id,source_code,title,content,region_code,normalized_tags,importance,published_at,push_status,version,deleted,created_at,updated_at FROM intel_news WHERE deleted=false AND (push_status = ? AND importance = ?)
2026-08-22 21:59:55.155 DEBUG 215277 --- [   scheduling-1] c.p.i.mapper.IntelNewsMapper.selectList  : ==> Parameters: none(String), high(String)
2026-08-22 21:59:55.156 DEBUG 215277 --- [   scheduling-1] c.p.i.mapper.IntelNewsMapper.selectList  : <==      Total: 0
2026-08-22 21:59:55.156 DEBUG 215277 --- [   scheduling-1] c.p.i.mapper.IntelNewsMapper.selectList  : ==>  Preparing: SELECT id,source_code,title,content,region_code,normalized_tags,importance,published_at,push_status,version,deleted,created_at,updated_at FROM intel_news WHERE deleted=false AND (push_status = ? AND importance = ?)
2026-08-22 21:59:55.156 DEBUG 215277 --- [   scheduling-1] c.p.i.mapper.IntelNewsMapper.selectList  : ==> Parameters: none(String), high(String)
2026-08-22 21:59:55.156 DEBUG 215277 --- [   scheduling-1] c.p.i.mapper.IntelNewsMapper.selectList  : <==      Total: 0
2026-08-22 21:59:55.157 DEBUG 215277 --- [   scheduling-1] c.p.i.mapper.IntelNewsMapper.selectList  : ==>  Preparing: SELECT id,source_code,title,content,region_code,normalized_tags,importance,published_at,push_status,version,deleted,created_at,updated_at FROM intel_news WHERE deleted=false AND (push_status = ? AND importance = ?)
2026-08-22 21:59:55.157 DEBUG 215277 --- [   scheduling-1] c.p.i.mapper.IntelNewsMapper.selectList  : ==> Parameters: none(String), high(String)
2026-08-22 21:59:55.157 DEBUG 215277 --- [   scheduling-1] c.p.i.mapper.IntelNewsMapper.selectList  : <==      Total: 0
2026-08-22 21:59:55.157 DEBUG 215277 --- [   scheduling-1] c.p.i.mapper.IntelNewsMapper.selectList  : ==>  Preparing: SELECT id,source_code,title,content,region_code,normalized_tags,importance,published_at,push_status,version,deleted,created_at,updated_at FROM intel_news WHERE deleted=false AND (push_status = ? AND importance = ?)
2026-08-22 21:59:55.157 DEBUG 215277 --- [   scheduling-1] c.p.i.mapper.IntelNewsMapper.selectList  : ==> Parameters: none(String), high(String)
2026-08-22 21:59:55.158 DEBUG 215277 --- [   scheduling-1] c.p.i.mapper.IntelNewsMapper.selectList  : <==      Total: 0
2026-08-22 21:59:55.158 DEBUG 215277 --- [   scheduling-1] c.p.i.mapper.IntelNewsMapper.selectList  : ==>  Preparing: SELECT id,source_code,title,content,region_code,normalized_tags,importance,published_at,push_status,version,deleted,created_at,updated_at FROM intel_news WHERE deleted=false AND (push_status = ? AND importance = ?)
2026-08-22 21:59:55.158 DEBUG 215277 --- [   scheduling-1] c.p.i.mapper.IntelNewsMapper.selectList  : ==> Parameters: none(String), high(String)
2026-08-22 21:59:55.158 DEBUG 215277 --- [   scheduling-1] c.p.i.mapper.IntelNewsMapper.selectList  : <==      Total: 0
2026-08-22 21:59:55.159 DEBUG 215277 --- [   scheduling-1] c.p.i.mapper.IntelNewsMapper.selectList  : ==>  Preparing: SELECT id,source_code,title,content,region_code,normalized_tags,importance,published_at,push_status,version,deleted,created_at,updated_at FROM intel_news WHERE deleted=false AND (push_status = ? AND importance = ?)
2026-08-22 21:59:55.159 DEBUG 215277 --- [   scheduling-1] c.p.i.mapper.IntelNewsMapper.selectList  : ==> Parameters: none(String), high(String)
2026-08-22 21:59:55.159 DEBUG 215277 --- [   scheduling-1] c.p.i.mapper.IntelNewsMapper.selectList  : <==      Total: 0
2026-08-22 21:59:55.159 DEBUG 215277 --- [   scheduling-1] c.p.i.mapper.IntelNewsMapper.selectList  : ==>  Preparing: SELECT id,source_code,title,content,region_code,normalized_tags,importance,published_at,push_status,version,deleted,created_at,updated_at FROM intel_news WHERE deleted=false AND (push_status = ? AND importance = ?)
2026-08-22 21:59:55.159 DEBUG 215277 --- [   scheduling-1] c.p.i.mapper.IntelNewsMapper.selectList  : ==> Parameters: none(String), high(String)
2026-08-22 21:59:55.160 DEBUG 215277 --- [   scheduling-1] c.p.i.mapper.IntelNewsMapper.selectList  : <==      Total: 0
2026-08-22 21:59:55.160 DEBUG 215277 --- [   scheduling-1] c.p.i.mapper.IntelNewsMapper.selectList  : ==>  Preparing: SELECT id,source_code,title,content,region_code,normalized_tags,importance,published_at,push_status,version,deleted,created_at,updated_at FROM intel_news WHERE deleted=false AND (push_status = ? AND importance = ?)
2026-08-22 21:59:55.160 DEBUG 215277 --- [   scheduling-1] c.p.i.mapper.IntelNewsMapper.selectList  : ==> Parameters: none(String), high(String)
2026-08-22 21:59:55.160 DEBUG 215277 --- [   scheduling-1] c.p.i.mapper.IntelNewsMapper.selectList  : <==      Total: 0
2026-08-22 21:59:55.161 DEBUG 215277 --- [   scheduling-1] c.p.i.mapper.IntelNewsMapper.selectList  : ==>  Preparing: SELECT id,source_code,title,content,region_code,normalized_tags,importance,published_at,push_status,version,deleted,created_at,updated_at FROM intel_news WHERE deleted=false AND (push_status = ? AND importance = ?)
2026-08-22 21:59:55.161 DEBUG 215277 --- [   scheduling-1] c.p.i.mapper.IntelNewsMapper.selectList  : ==> Parameters: none(String), high(String)
2026-08-22 21:59:55.161 DEBUG 215277 --- [   scheduling-1] c.p.i.mapper.IntelNewsMapper.selectList  : <==      Total: 0
2026-08-22 21:59:55.161 DEBUG 215277 --- [   scheduling-1] c.p.i.mapper.IntelNewsMapper.selectList  : ==>  Preparing: SELECT id,source_code,title,content,region_code,normalized_tags,importance,published_at,push_status,version,deleted,created_at,updated_at FROM intel_news WHERE deleted=false AND (push_status = ? AND importance = ?)
2026-08-22 21:59:55.161 DEBUG 215277 --- [   scheduling-1] c.p.i.mapper.IntelNewsMapper.selectList  : ==> Parameters: none(String), high(String)
2026-08-22 21:59:55.162 DEBUG 215277 --- [   scheduling-1] c.p.i.mapper.IntelNewsMapper.selectList  : <==      Total: 0
2026-08-22 21:59:55.162 DEBUG 215277 --- [   scheduling-1] c.p.i.mapper.IntelNewsMapper.selectList  : ==>  Preparing: SELECT id,source_code,title,content,region_code,normalized_tags,importance,published_at,push_status,version,deleted,created_at,updated_at FROM intel_news WHERE deleted=false AND (push_status = ? AND importance = ?)
2026-08-22 21:59:55.162 DEBUG 215277 --- [   scheduling-1] c.p.i.mapper.IntelNewsMapper.selectList  : ==> Parameters: none(String), high(String)
2026-08-22 21:59:55.162 DEBUG 215277 --- [   scheduling-1] c.p.i.mapper.IntelNewsMapper.selectList  : <==      Total: 0
2026-08-22 21:59:55.163 DEBUG 215277 --- [   scheduling-1] c.p.i.mapper.IntelNewsMapper.selectList  : ==>  Preparing: SELECT id,source_code,title,content,region_code,normalized_tags,importance,published_at,push_status,version,deleted,created_at,updated_at FROM intel_news WHERE deleted=false AND (push_status = ? AND importance = ?)
2026-08-22 21:59:55.163 DEBUG 215277 --- [   scheduling-1] c.p.i.mapper.IntelNewsMapper.selectList  : ==> Parameters: none(String), high(String)
2026-08-22 21:59:55.163 DEBUG 215277 --- [   scheduling-1] c.p.i.mapper.IntelNewsMapper.selectList  : <==      Total: 0
2026-08-22 21:59:55.163 DEBUG 215277 --- [   scheduling-1] c.p.i.mapper.IntelNewsMapper.selectList  : ==>  Preparing: SELECT id,source_code,title,content,region_code,normalized_tags,importance,published_at,push_status,version,deleted,created_at,updated_at FROM intel_news WHERE deleted=false AND (push_status = ? AND importance = ?)
2026-08-22 21:59:55.163 DEBUG 215277 --- [   scheduling-1] c.p.i.mapper.IntelNewsMapper.selectList  : ==> Parameters: none(String), high(String)
2026-08-22 21:59:55.164 DEBUG 215277 --- [   scheduling-1] c.p.i.mapper.IntelNewsMapper.selectList  : <==      Total: 0
2026-08-22 21:59:55.164  INFO 215277 --- [   scheduling-1] com.ptidss.intel.service.IntelService    : 情报推送执行完成：匹配情报 0 条，派发消息 0 条，触发决策会话情报重评 0 个
2026-08-22 22:00:03.745 DEBUG 215277 --- [   scheduling-1] c.p.d.m.CollectTaskMapper.selectList     : ==>  Preparing: SELECT id,source_id,task_type,cron_expr,last_run_time,last_status,records_count,error_log,version,deleted,created_at,updated_at FROM collect_task WHERE deleted=false AND (cron_expr IS NOT NULL)
2026-08-22 22:00:03.745 DEBUG 215277 --- [   scheduling-1] c.p.d.m.CollectTaskMapper.selectList     : ==> Parameters: 
2026-08-22 22:00:03.746 DEBUG 215277 --- [   scheduling-1] c.p.d.m.CollectTaskMapper.selectList     : <==      Total: 3
2026-08-22 22:00:03.747 DEBUG 215277 --- [   scheduling-1] c.p.d.m.CollectTaskMapper.updateById     : ==>  Preparing: UPDATE collect_task SET source_id=?, task_type=?, cron_expr=?, last_run_time=?, last_status=?, records_count=?, version=?, created_at=?, updated_at=? WHERE id=? AND version=? AND deleted=false
2026-08-22 22:00:03.748 DEBUG 215277 --- [   scheduling-1] c.p.d.m.CollectTaskMapper.updateById     : ==> Parameters: 2(Long), market(String), 0 0/30 * * * *(String), 2026-08-22 22:00:03.747(Timestamp), success(String), 2758(Long), 117(Integer), 2026-08-20 18:39:44.561(Timestamp), 2026-08-20 18:39:44.561(Timestamp), 1(Long), 116(Integer)
2026-08-22 22:00:03.752 DEBUG 215277 --- [   scheduling-1] c.p.d.m.CollectTaskMapper.updateById     : <==    Updates: 1
2026-08-22 22:00:03.752  INFO 215277 --- [   scheduling-1] com.ptidss.data.service.DataService      : 定时采集执行：task=market(1) cron=0 0/30 * * * * 记录数=2758
2026-08-22 22:00:14.087 DEBUG 215277 --- [   scheduling-1] c.p.i.m.IntelSourceMapper.selectList     : ==>  Preparing: SELECT id,source_code,source_name,intel_type,fetch_mode,conn_type,conn_config,frequency,status,last_success_at,last_error,consecutive_failures,version,deleted,created_at,updated_at FROM intel_source WHERE deleted=false AND (status = ?)
2026-08-22 22:00:14.087 DEBUG 215277 --- [   scheduling-1] c.p.i.m.IntelSourceMapper.selectList     : ==> Parameters: enabled(String)
2026-08-22 22:00:14.089 DEBUG 215277 --- [   scheduling-1] c.p.i.m.IntelSourceMapper.selectList     : <==      Total: 21
2026-08-22 22:00:14.089  INFO 215277 --- [   scheduling-1] c.p.intel.service.IntelFetchService      : 行情采集执行完成：到期 0 个（成功 0 / 失败 0 / 跳过未到期 21）
2026-08-22 22:00:25.164 DEBUG 215277 --- [   scheduling-1] c.p.i.m.IntelPushRuleMapper.selectList   : ==>  Preparing: SELECT id,rule_name,tags_filter,importance_filter,target_roles,channel,silent_period,status,version,deleted,created_at,updated_at FROM intel_push_rule WHERE deleted=false AND (status = ?)
2026-08-22 22:00:25.164 DEBUG 215277 --- [   scheduling-1] c.p.i.m.IntelPushRuleMapper.selectList   : ==> Parameters: active(String)
2026-08-22 22:00:25.165 DEBUG 215277 --- [   scheduling-1] c.p.i.m.IntelPushRuleMapper.selectList   : <==      Total: 15
2026-08-22 22:00:25.165 DEBUG 215277 --- [   scheduling-1] c.p.i.mapper.IntelNewsMapper.selectList  : ==>  Preparing: SELECT id,source_code,title,content,region_code,normalized_tags,importance,published_at,push_status,version,deleted,created_at,updated_at FROM intel_news WHERE deleted=false AND (push_status = ? AND importance = ?)
2026-08-22 22:00:25.166 DEBUG 215277 --- [   scheduling-1] c.p.i.mapper.IntelNewsMapper.selectList  : ==> Parameters: none(String), high(String)
2026-08-22 22:00:25.166 DEBUG 215277 --- [   scheduling-1] c.p.i.mapper.IntelNewsMapper.selectList  : <==      Total: 0
2026-08-22 22:00:25.166 DEBUG 215277 --- [   scheduling-1] c.p.i.mapper.IntelNewsMapper.selectList  : ==>  Preparing: SELECT id,source_code,title,content,region_code,normalized_tags,importance,published_at,push_status,version,deleted,created_at,updated_at FROM intel_news WHERE deleted=false AND (push_status = ? AND importance = ?)
2026-08-22 22:00:25.166 DEBUG 215277 --- [   scheduling-1] c.p.i.mapper.IntelNewsMapper.selectList  : ==> Parameters: none(String), medium(String)
2026-08-22 22:00:25.169 DEBUG 215277 --- [   scheduling-1] c.p.i.mapper.IntelNewsMapper.selectList  : <==      Total: 314
2026-08-22 22:00:25.169 DEBUG 215277 --- [   scheduling-1] c.p.i.mapper.IntelNewsMapper.selectList  : ==>  Preparing: SELECT id,source_code,title,content,region_code,normalized_tags,importance,published_at,push_status,version,deleted,created_at,updated_at FROM intel_news WHERE deleted=false AND (push_status = ? AND importance = ?)
2026-08-22 22:00:25.169 DEBUG 215277 --- [   scheduling-1] c.p.i.mapper.IntelNewsMapper.selectList  : ==> Parameters: none(String), high(String)
2026-08-22 22:00:25.170 DEBUG 215277 --- [   scheduling-1] c.p.i.mapper.IntelNewsMapper.selectList  : <==      Total: 0
2026-08-22 22:00:25.170 DEBUG 215277 --- [   scheduling-1] c.p.i.mapper.IntelNewsMapper.selectList  : ==>  Preparing: SELECT id,source_code,title,content,region_code,normalized_tags,importance,published_at,push_status,version,deleted,created_at,updated_at FROM intel_news WHERE deleted=false AND (push_status = ? AND importance = ?)
2026-08-22 22:00:25.170 DEBUG 215277 --- [   scheduling-1] c.p.i.mapper.IntelNewsMapper.selectList  : ==> Parameters: none(String), high(String)
2026-08-22 22:00:25.170 DEBUG 215277 --- [   scheduling-1] c.p.i.mapper.IntelNewsMapper.selectList  : <==      Total: 0
2026-08-22 22:00:25.171 DEBUG 215277 --- [   scheduling-1] c.p.i.mapper.IntelNewsMapper.selectList  : ==>  Preparing: SELECT id,source_code,title,content,region_code,normalized_tags,importance,published_at,push_status,version,deleted,created_at,updated_at FROM intel_news WHERE deleted=false AND (push_status = ? AND importance = ?)
2026-08-22 22:00:25.171 DEBUG 215277 --- [   scheduling-1] c.p.i.mapper.IntelNewsMapper.selectList  : ==> Parameters: none(String), high(String)
2026-08-22 22:00:25.171 DEBUG 215277 --- [   scheduling-1] c.p.i.mapper.IntelNewsMapper.selectList  : <==      Total: 0
2026-08-22 22:00:25.171 DEBUG 215277 --- [   scheduling-1] c.p.i.mapper.IntelNewsMapper.selectList  : ==>  Preparing: SELECT id,source_code,title,content,region_code,normalized_tags,importance,published_at,push_status,version,deleted,created_at,updated_at FROM intel_news WHERE deleted=false AND (push_status = ? AND importance = ?)
2026-08-22 22:00:25.171 DEBUG 215277 --- [   scheduling-1] c.p.i.mapper.IntelNewsMapper.selectList  : ==> Parameters: none(String), high(String)
2026-08-22 22:00:25.172 DEBUG 215277 --- [   scheduling-1] c.p.i.mapper.IntelNewsMapper.selectList  : <==      Total: 0
2026-08-22 22:00:25.172 DEBUG 215277 --- [   scheduling-1] c.p.i.mapper.IntelNewsMapper.selectList  : ==>  Preparing: SELECT id,source_code,title,content,region_code,normalized_tags,importance,published_at,push_status,version,deleted,created_at,updated_at FROM intel_news WHERE deleted=false AND (push_status = ? AND importance = ?)
2026-08-22 22:00:25.172 DEBUG 215277 --- [   scheduling-1] c.p.i.mapper.IntelNewsMapper.selectList  : ==> Parameters: none(String), high(String)
2026-08-22 22:00:25.172 DEBUG 215277 --- [   scheduling-1] c.p.i.mapper.IntelNewsMapper.selectList  : <==      Total: 0
2026-08-22 22:00:25.173 DEBUG 215277 --- [   scheduling-1] c.p.i.mapper.IntelNewsMapper.selectList  : ==>  Preparing: SELECT id,source_code,title,content,region_code,normalized_tags,importance,published_at,push_status,version,deleted,created_at,updated_at FROM intel_news WHERE deleted=false AND (push_status = ? AND importance = ?)
2026-08-22 22:00:25.173 DEBUG 215277 --- [   scheduling-1] c.p.i.mapper.IntelNewsMapper.selectList  : ==> Parameters: none(String), high(String)
2026-08-22 22:00:25.173 DEBUG 215277 --- [   scheduling-1] c.p.i.mapper.IntelNewsMapper.selectList  : <==      Total: 0
2026-08-22 22:00:25.173 DEBUG 215277 --- [   scheduling-1] c.p.i.mapper.IntelNewsMapper.selectList  : ==>  Preparing: SELECT id,source_code,title,content,region_code,normalized_tags,importance,published_at,push_status,version,deleted,created_at,updated_at FROM intel_news WHERE deleted=false AND (push_status = ? AND importance = ?)
2026-08-22 22:00:25.173 DEBUG 215277 --- [   scheduling-1] c.p.i.mapper.IntelNewsMapper.selectList  : ==> Parameters: none(String), high(String)
2026-08-22 22:00:25.174 DEBUG 215277 --- [   scheduling-1] c.p.i.mapper.IntelNewsMapper.selectList  : <==      Total: 0
2026-08-22 22:00:25.174 DEBUG 215277 --- [   scheduling-1] c.p.i.mapper.IntelNewsMapper.selectList  : ==>  Preparing: SELECT id,source_code,title,content,region_code,normalized_tags,importance,published_at,push_status,version,deleted,created_at,updated_at FROM intel_news WHERE deleted=false AND (push_status = ? AND importance = ?)
2026-08-22 22:00:25.174 DEBUG 215277 --- [   scheduling-1] c.p.i.mapper.IntelNewsMapper.selectList  : ==> Parameters: none(String), high(String)
2026-08-22 22:00:25.174 DEBUG 215277 --- [   scheduling-1] c.p.i.mapper.IntelNewsMapper.selectList  : <==      Total: 0
2026-08-22 22:00:25.175 DEBUG 215277 --- [   scheduling-1] c.p.i.mapper.IntelNewsMapper.selectList  : ==>  Preparing: SELECT id,source_code,title,content,region_code,normalized_tags,importance,published_at,push_status,version,deleted,created_at,updated_at FROM intel_news WHERE deleted=false AND (push_status = ? AND importance = ?)
2026-08-22 22:00:25.175 DEBUG 215277 --- [   scheduling-1] c.p.i.mapper.IntelNewsMapper.selectList  : ==> Parameters: none(String), high(String)
2026-08-22 22:00:25.175 DEBUG 215277 --- [   scheduling-1] c.p.i.mapper.IntelNewsMapper.selectList  : <==      Total: 0
2026-08-22 22:00:25.176 DEBUG 215277 --- [   scheduling-1] c.p.i.mapper.IntelNewsMapper.selectList  : ==>  Preparing: SELECT id,source_code,title,content,region_code,normalized_tags,importance,published_at,push_status,version,deleted,created_at,updated_at FROM intel_news WHERE deleted=false AND (push_status = ? AND importance = ?)
2026-08-22 22:00:25.176 DEBUG 215277 --- [   scheduling-1] c.p.i.mapper.IntelNewsMapper.selectList  : ==> Parameters: none(String), high(String)
2026-08-22 22:00:25.176 DEBUG 215277 --- [   scheduling-1] c.p.i.mapper.IntelNewsMapper.selectList  : <==      Total: 0
2026-08-22 22:00:25.176 DEBUG 215277 --- [   scheduling-1] c.p.i.mapper.IntelNewsMapper.selectList  : ==>  Preparing: SELECT id,source_code,title,content,region_code,normalized_tags,importance,published_at,push_status,version,deleted,created_at,updated_at FROM intel_news WHERE deleted=false AND (push_status = ? AND importance = ?)
2026-08-22 22:00:25.177 DEBUG 215277 --- [   scheduling-1] c.p.i.mapper.IntelNewsMapper.selectList  : ==> Parameters: none(String), high(String)
2026-08-22 22:00:25.177 DEBUG 215277 --- [   scheduling-1] c.p.i.mapper.IntelNewsMapper.selectList  : <==      Total: 0
2026-08-22 22:00:25.177 DEBUG 215277 --- [   scheduling-1] c.p.i.mapper.IntelNewsMapper.selectList  : ==>  Preparing: SELECT id,source_code,title,content,region_code,normalized_tags,importance,published_at,push_status,version,deleted,created_at,updated_at FROM intel_news WHERE deleted=false AND (push_status = ? AND importance = ?)
2026-08-22 22:00:25.177 DEBUG 215277 --- [   scheduling-1] c.p.i.mapper.IntelNewsMapper.selectList  : ==> Parameters: none(String), high(String)
2026-08-22 22:00:25.178 DEBUG 215277 --- [   scheduling-1] c.p.i.mapper.IntelNewsMapper.selectList  : <==      Total: 0
2026-08-22 22:00:25.178 DEBUG 215277 --- [   scheduling-1] c.p.i.mapper.IntelNewsMapper.selectList  : ==>  Preparing: SELECT id,source_code,title,content,region_code,normalized_tags,importance,published_at,push_status,version,deleted,created_at,updated_at FROM intel_news WHERE deleted=false AND (push_status = ? AND importance = ?)
2026-08-22 22:00:25.178 DEBUG 215277 --- [   scheduling-1] c.p.i.mapper.IntelNewsMapper.selectList  : ==> Parameters: none(String), high(String)
2026-08-22 22:00:25.179 DEBUG 215277 --- [   scheduling-1] c.p.i.mapper.IntelNewsMapper.selectList  : <==      Total: 0
2026-08-22 22:00:25.179  INFO 215277 --- [   scheduling-1] com.ptidss.intel.service.IntelService    : 情报推送执行完成：匹配情报 0 条，派发消息 0 条，触发决策会话情报重评 0 个
2026-08-22 22:00:55.180 DEBUG 215277 --- [   scheduling-1] c.p.i.m.IntelPushRuleMapper.selectList   : ==>  Preparing: SELECT id,rule_name,tags_filter,importance_filter,target_roles,channel,silent_period,status,version,deleted,created_at,updated_at FROM intel_push_rule WHERE deleted=false AND (status = ?)
2026-08-22 22:00:55.180 DEBUG 215277 --- [   scheduling-1] c.p.i.m.IntelPushRuleMapper.selectList   : ==> Parameters: active(String)
2026-08-22 22:00:55.181 DEBUG 215277 --- [   scheduling-1] c.p.i.m.IntelPushRuleMapper.selectList   : <==      Total: 15
2026-08-22 22:00:55.182 DEBUG 215277 --- [   scheduling-1] c.p.i.mapper.IntelNewsMapper.selectList  : ==>  Preparing: SELECT id,source_code,title,content,region_code,normalized_tags,importance,published_at,push_status,version,deleted,created_at,updated_at FROM intel_news WHERE deleted=false AND (push_status = ? AND importance = ?)
2026-08-22 22:00:55.182 DEBUG 215277 --- [   scheduling-1] c.p.i.mapper.IntelNewsMapper.selectList  : ==> Parameters: none(String), high(String)
2026-08-22 22:00:55.183 DEBUG 215277 --- [   scheduling-1] c.p.i.mapper.IntelNewsMapper.selectList  : <==      Total: 0
2026-08-22 22:00:55.184 DEBUG 215277 --- [   scheduling-1] c.p.i.mapper.IntelNewsMapper.selectList  : ==>  Preparing: SELECT id,source_code,title,content,region_code,normalized_tags,importance,published_at,push_status,version,deleted,created_at,updated_at FROM intel_news WHERE deleted=false AND (push_status = ? AND importance = ?)
2026-08-22 22:00:55.184 DEBUG 215277 --- [   scheduling-1] c.p.i.mapper.IntelNewsMapper.selectList  : ==> Parameters: none(String), medium(String)
2026-08-22 22:00:55.192 DEBUG 215277 --- [   scheduling-1] c.p.i.mapper.IntelNewsMapper.selectList  : <==      Total: 314
2026-08-22 22:00:55.194 DEBUG 215277 --- [   scheduling-1] c.p.i.mapper.IntelNewsMapper.selectList  : ==>  Preparing: SELECT id,source_code,title,content,region_code,normalized_tags,importance,published_at,push_status,version,deleted,created_at,updated_at FROM intel_news WHERE deleted=false AND (push_status = ? AND importance = ?)
2026-08-22 22:00:55.194 DEBUG 215277 --- [   scheduling-1] c.p.i.mapper.IntelNewsMapper.selectList  : ==> Parameters: none(String), high(String)
2026-08-22 22:00:55.195 DEBUG 215277 --- [   scheduling-1] c.p.i.mapper.IntelNewsMapper.selectList  : <==      Total: 0
2026-08-22 22:00:55.196 DEBUG 215277 --- [   scheduling-1] c.p.i.mapper.IntelNewsMapper.selectList  : ==>  Preparing: SELECT id,source_code,title,content,region_code,normalized_tags,importance,published_at,push_status,version,deleted,created_at,updated_at FROM intel_news WHERE deleted=false AND (push_status = ? AND importance = ?)
2026-08-22 22:00:55.196 DEBUG 215277 --- [   scheduling-1] c.p.i.mapper.IntelNewsMapper.selectList  : ==> Parameters: none(String), high(String)
2026-08-22 22:00:55.197 DEBUG 215277 --- [   scheduling-1] c.p.i.mapper.IntelNewsMapper.selectList  : <==      Total: 0
2026-08-22 22:00:55.197 DEBUG 215277 --- [   scheduling-1] c.p.i.mapper.IntelNewsMapper.selectList  : ==>  Preparing: SELECT id,source_code,title,content,region_code,normalized_tags,importance,published_at,push_status,version,deleted,created_at,updated_at FROM intel_news WHERE deleted=false AND (push_status = ? AND importance = ?)
2026-08-22 22:00:55.197 DEBUG 215277 --- [   scheduling-1] c.p.i.mapper.IntelNewsMapper.selectList  : ==> Parameters: none(String), high(String)
2026-08-22 22:00:55.198 DEBUG 215277 --- [   scheduling-1] c.p.i.mapper.IntelNewsMapper.selectList  : <==      Total: 0
2026-08-22 22:00:55.199 DEBUG 215277 --- [   scheduling-1] c.p.i.mapper.IntelNewsMapper.selectList  : ==>  Preparing: SELECT id,source_code,title,content,region_code,normalized_tags,importance,published_at,push_status,version,deleted,created_at,updated_at FROM intel_news WHERE deleted=false AND (push_status = ? AND importance = ?)
2026-08-22 22:00:55.199 DEBUG 215277 --- [   scheduling-1] c.p.i.mapper.IntelNewsMapper.selectList  : ==> Parameters: none(String), high(String)
2026-08-22 22:00:55.200 DEBUG 215277 --- [   scheduling-1] c.p.i.mapper.IntelNewsMapper.selectList  : <==      Total: 0
2026-08-22 22:00:55.200 DEBUG 215277 --- [   scheduling-1] c.p.i.mapper.IntelNewsMapper.selectList  : ==>  Preparing: SELECT id,source_code,title,content,region_code,normalized_tags,importance,published_at,push_status,version,deleted,created_at,updated_at FROM intel_news WHERE deleted=false AND (push_status = ? AND importance = ?)
2026-08-22 22:00:55.200 DEBUG 215277 --- [   scheduling-1] c.p.i.mapper.IntelNewsMapper.selectList  : ==> Parameters: none(String), high(String)
2026-08-22 22:00:55.201 DEBUG 215277 --- [   scheduling-1] c.p.i.mapper.IntelNewsMapper.selectList  : <==      Total: 0
2026-08-22 22:00:55.202 DEBUG 215277 --- [   scheduling-1] c.p.i.mapper.IntelNewsMapper.selectList  : ==>  Preparing: SELECT id,source_code,title,content,region_code,normalized_tags,importance,published_at,push_status,version,deleted,created_at,updated_at FROM intel_news WHERE deleted=false AND (push_status = ? AND importance = ?)
2026-08-22 22:00:55.202 DEBUG 215277 --- [   scheduling-1] c.p.i.mapper.IntelNewsMapper.selectList  : ==> Parameters: none(String), high(String)
2026-08-22 22:00:55.203 DEBUG 215277 --- [   scheduling-1] c.p.i.mapper.IntelNewsMapper.selectList  : <==      Total: 0
2026-08-22 22:00:55.203 DEBUG 215277 --- [   scheduling-1] c.p.i.mapper.IntelNewsMapper.selectList  : ==>  Preparing: SELECT id,source_code,title,content,region_code,normalized_tags,importance,published_at,push_status,version,deleted,created_at,updated_at FROM intel_news WHERE deleted=false AND (push_status = ? AND importance = ?)
2026-08-22 22:00:55.203 DEBUG 215277 --- [   scheduling-1] c.p.i.mapper.IntelNewsMapper.selectList  : ==> Parameters: none(String), high(String)
2026-08-22 22:00:55.204 DEBUG 215277 --- [   scheduling-1] c.p.i.mapper.IntelNewsMapper.selectList  : <==      Total: 0
2026-08-22 22:00:55.205 DEBUG 215277 --- [   scheduling-1] c.p.i.mapper.IntelNewsMapper.selectList  : ==>  Preparing: SELECT id,source_code,title,content,region_code,normalized_tags,importance,published_at,push_status,version,deleted,created_at,updated_at FROM intel_news WHERE deleted=false AND (push_status = ? AND importance = ?)
2026-08-22 22:00:55.205 DEBUG 215277 --- [   scheduling-1] c.p.i.mapper.IntelNewsMapper.selectList  : ==> Parameters: none(String), high(String)
2026-08-22 22:00:55.206 DEBUG 215277 --- [   scheduling-1] c.p.i.mapper.IntelNewsMapper.selectList  : <==      Total: 0
2026-08-22 22:00:55.206 DEBUG 215277 --- [   scheduling-1] c.p.i.mapper.IntelNewsMapper.selectList  : ==>  Preparing: SELECT id,source_code,title,content,region_code,normalized_tags,importance,published_at,push_status,version,deleted,created_at,updated_at FROM intel_news WHERE deleted=false AND (push_status = ? AND importance = ?)
2026-08-22 22:00:55.207 DEBUG 215277 --- [   scheduling-1] c.p.i.mapper.IntelNewsMapper.selectList  : ==> Parameters: none(String), high(String)
2026-08-22 22:00:55.207 DEBUG 215277 --- [   scheduling-1] c.p.i.mapper.IntelNewsMapper.selectList  : <==      Total: 0
2026-08-22 22:00:55.208 DEBUG 215277 --- [   scheduling-1] c.p.i.mapper.IntelNewsMapper.selectList  : ==>  Preparing: SELECT id,source_code,title,content,region_code,normalized_tags,importance,published_at,push_status,version,deleted,created_at,updated_at FROM intel_news WHERE deleted=false AND (push_status = ? AND importance = ?)
2026-08-22 22:00:55.208 DEBUG 215277 --- [   scheduling-1] c.p.i.mapper.IntelNewsMapper.selectList  : ==> Parameters: none(String), high(String)
2026-08-22 22:00:55.209 DEBUG 215277 --- [   scheduling-1] c.p.i.mapper.IntelNewsMapper.selectList  : <==      Total: 0
2026-08-22 22:00:55.210 DEBUG 215277 --- [   scheduling-1] c.p.i.mapper.IntelNewsMapper.selectList  : ==>  Preparing: SELECT id,source_code,title,content,region_code,normalized_tags,importance,published_at,push_status,version,deleted,created_at,updated_at FROM intel_news WHERE deleted=false AND (push_status = ? AND importance = ?)
2026-08-22 22:00:55.210 DEBUG 215277 --- [   scheduling-1] c.p.i.mapper.IntelNewsMapper.selectList  : ==> Parameters: none(String), high(String)
2026-08-22 22:00:55.211 DEBUG 215277 --- [   scheduling-1] c.p.i.mapper.IntelNewsMapper.selectList  : <==      Total: 0
2026-08-22 22:00:55.211 DEBUG 215277 --- [   scheduling-1] c.p.i.mapper.IntelNewsMapper.selectList  : ==>  Preparing: SELECT id,source_code,title,content,region_code,normalized_tags,importance,published_at,push_status,version,deleted,created_at,updated_at FROM intel_news WHERE deleted=false AND (push_status = ? AND importance = ?)
2026-08-22 22:00:55.212 DEBUG 215277 --- [   scheduling-1] c.p.i.mapper.IntelNewsMapper.selectList  : ==> Parameters: none(String), high(String)
2026-08-22 22:00:55.212 DEBUG 215277 --- [   scheduling-1] c.p.i.mapper.IntelNewsMapper.selectList  : <==      Total: 0
2026-08-22 22:00:55.213 DEBUG 215277 --- [   scheduling-1] c.p.i.mapper.IntelNewsMapper.selectList  : ==>  Preparing: SELECT id,source_code,title,content,region_code,normalized_tags,importance,published_at,push_status,version,deleted,created_at,updated_at FROM intel_news WHERE deleted=false AND (push_status = ? AND importance = ?)
2026-08-22 22:00:55.213 DEBUG 215277 --- [   scheduling-1] c.p.i.mapper.IntelNewsMapper.selectList  : ==> Parameters: none(String), high(String)
2026-08-22 22:00:55.214 DEBUG 215277 --- [   scheduling-1] c.p.i.mapper.IntelNewsMapper.selectList  : <==      Total: 0
2026-08-22 22:00:55.214  INFO 215277 --- [   scheduling-1] com.ptidss.intel.service.IntelService    : 情报推送执行完成：匹配情报 0 条，派发消息 0 条，触发决策会话情报重评 0 个
2026-08-22 22:01:03.754 DEBUG 215277 --- [   scheduling-1] c.p.d.m.CollectTaskMapper.selectList     : ==>  Preparing: SELECT id,source_id,task_type,cron_expr,last_run_time,last_status,records_count,error_log,version,deleted,created_at,updated_at FROM collect_task WHERE deleted=false AND (cron_expr IS NOT NULL)
2026-08-22 22:01:03.754 DEBUG 215277 --- [   scheduling-1] c.p.d.m.CollectTaskMapper.selectList     : ==> Parameters: 
2026-08-22 22:01:03.755 DEBUG 215277 --- [   scheduling-1] c.p.d.m.CollectTaskMapper.selectList     : <==      Total: 3
2026-08-22 22:01:14.090 DEBUG 215277 --- [   scheduling-1] c.p.i.m.IntelSourceMapper.selectList     : ==>  Preparing: SELECT id,source_code,source_name,intel_type,fetch_mode,conn_type,conn_config,frequency,status,last_success_at,last_error,consecutive_failures,version,deleted,created_at,updated_at FROM intel_source WHERE deleted=false AND (status = ?)
2026-08-22 22:01:14.091 DEBUG 215277 --- [   scheduling-1] c.p.i.m.IntelSourceMapper.selectList     : ==> Parameters: enabled(String)
2026-08-22 22:01:14.092 DEBUG 215277 --- [   scheduling-1] c.p.i.m.IntelSourceMapper.selectList     : <==      Total: 21
2026-08-22 22:01:14.093  INFO 215277 --- [   scheduling-1] c.p.intel.service.IntelFetchService      : 行情采集执行完成：到期 0 个（成功 0 / 失败 0 / 跳过未到期 21）
2026-08-22 22:01:25.215 DEBUG 215277 --- [   scheduling-1] c.p.i.m.IntelPushRuleMapper.selectList   : ==>  Preparing: SELECT id,rule_name,tags_filter,importance_filter,target_roles,channel,silent_period,status,version,deleted,created_at,updated_at FROM intel_push_rule WHERE deleted=false AND (status = ?)
2026-08-22 22:01:25.216 DEBUG 215277 --- [   scheduling-1] c.p.i.m.IntelPushRuleMapper.selectList   : ==> Parameters: active(String)
2026-08-22 22:01:25.217 DEBUG 215277 --- [   scheduling-1] c.p.i.m.IntelPushRuleMapper.selectList   : <==      Total: 15
2026-08-22 22:01:25.218 DEBUG 215277 --- [   scheduling-1] c.p.i.mapper.IntelNewsMapper.selectList  : ==>  Preparing: SELECT id,source_code,title,content,region_code,normalized_tags,importance,published_at,push_status,version,deleted,created_at,updated_at FROM intel_news WHERE deleted=false AND (push_status = ? AND importance = ?)
2026-08-22 22:01:25.218 DEBUG 215277 --- [   scheduling-1] c.p.i.mapper.IntelNewsMapper.selectList  : ==> Parameters: none(String), high(String)
2026-08-22 22:01:25.218 DEBUG 215277 --- [   scheduling-1] c.p.i.mapper.IntelNewsMapper.selectList  : <==      Total: 0
2026-08-22 22:01:25.219 DEBUG 215277 --- [   scheduling-1] c.p.i.mapper.IntelNewsMapper.selectList  : ==>  Preparing: SELECT id,source_code,title,content,region_code,normalized_tags,importance,published_at,push_status,version,deleted,created_at,updated_at FROM intel_news WHERE deleted=false AND (push_status = ? AND importance = ?)
2026-08-22 22:01:25.219 DEBUG 215277 --- [   scheduling-1] c.p.i.mapper.IntelNewsMapper.selectList  : ==> Parameters: none(String), medium(String)
2026-08-22 22:01:25.227 DEBUG 215277 --- [   scheduling-1] c.p.i.mapper.IntelNewsMapper.selectList  : <==      Total: 314
2026-08-22 22:01:25.229 DEBUG 215277 --- [   scheduling-1] c.p.i.mapper.IntelNewsMapper.selectList  : ==>  Preparing: SELECT id,source_code,title,content,region_code,normalized_tags,importance,published_at,push_status,version,deleted,created_at,updated_at FROM intel_news WHERE deleted=false AND (push_status = ? AND importance = ?)
2026-08-22 22:01:25.229 DEBUG 215277 --- [   scheduling-1] c.p.i.mapper.IntelNewsMapper.selectList  : ==> Parameters: none(String), high(String)
2026-08-22 22:01:25.230 DEBUG 215277 --- [   scheduling-1] c.p.i.mapper.IntelNewsMapper.selectList  : <==      Total: 0
2026-08-22 22:01:25.230 DEBUG 215277 --- [   scheduling-1] c.p.i.mapper.IntelNewsMapper.selectList  : ==>  Preparing: SELECT id,source_code,title,content,region_code,normalized_tags,importance,published_at,push_status,version,deleted,created_at,updated_at FROM intel_news WHERE deleted=false AND (push_status = ? AND importance = ?)
2026-08-22 22:01:25.230 DEBUG 215277 --- [   scheduling-1] c.p.i.mapper.IntelNewsMapper.selectList  : ==> Parameters: none(String), high(String)
2026-08-22 22:01:25.231 DEBUG 215277 --- [   scheduling-1] c.p.i.mapper.IntelNewsMapper.selectList  : <==      Total: 0
2026-08-22 22:01:25.232 DEBUG 215277 --- [   scheduling-1] c.p.i.mapper.IntelNewsMapper.selectList  : ==>  Preparing: SELECT id,source_code,title,content,region_code,normalized_tags,importance,published_at,push_status,version,deleted,created_at,updated_at FROM intel_news WHERE deleted=false AND (push_status = ? AND importance = ?)
2026-08-22 22:01:25.232 DEBUG 215277 --- [   scheduling-1] c.p.i.mapper.IntelNewsMapper.selectList  : ==> Parameters: none(String), high(String)
2026-08-22 22:01:25.233 DEBUG 215277 --- [   scheduling-1] c.p.i.mapper.IntelNewsMapper.selectList  : <==      Total: 0
2026-08-22 22:01:25.234 DEBUG 215277 --- [   scheduling-1] c.p.i.mapper.IntelNewsMapper.selectList  : ==>  Preparing: SELECT id,source_code,title,content,region_code,normalized_tags,importance,published_at,push_status,version,deleted,created_at,updated_at FROM intel_news WHERE deleted=false AND (push_status = ? AND importance = ?)
2026-08-22 22:01:25.234 DEBUG 215277 --- [   scheduling-1] c.p.i.mapper.IntelNewsMapper.selectList  : ==> Parameters: none(String), high(String)
2026-08-22 22:01:25.235 DEBUG 215277 --- [   scheduling-1] c.p.i.mapper.IntelNewsMapper.selectList  : <==      Total: 0
2026-08-22 22:01:25.236 DEBUG 215277 --- [   scheduling-1] c.p.i.mapper.IntelNewsMapper.selectList  : ==>  Preparing: SELECT id,source_code,title,content,region_code,normalized_tags,importance,published_at,push_status,version,deleted,created_at,updated_at FROM intel_news WHERE deleted=false AND (push_status = ? AND importance = ?)
2026-08-22 22:01:25.236 DEBUG 215277 --- [   scheduling-1] c.p.i.mapper.IntelNewsMapper.selectList  : ==> Parameters: none(String), high(String)
2026-08-22 22:01:25.237 DEBUG 215277 --- [   scheduling-1] c.p.i.mapper.IntelNewsMapper.selectList  : <==      Total: 0
2026-08-22 22:01:25.238 DEBUG 215277 --- [   scheduling-1] c.p.i.mapper.IntelNewsMapper.selectList  : ==>  Preparing: SELECT id,source_code,title,content,region_code,normalized_tags,importance,published_at,push_status,version,deleted,created_at,updated_at FROM intel_news WHERE deleted=false AND (push_status = ? AND importance = ?)
2026-08-22 22:01:25.238 DEBUG 215277 --- [   scheduling-1] c.p.i.mapper.IntelNewsMapper.selectList  : ==> Parameters: none(String), high(String)
2026-08-22 22:01:25.238 DEBUG 215277 --- [   scheduling-1] c.p.i.mapper.IntelNewsMapper.selectList  : <==      Total: 0
2026-08-22 22:01:25.240 DEBUG 215277 --- [   scheduling-1] c.p.i.mapper.IntelNewsMapper.selectList  : ==>  Preparing: SELECT id,source_code,title,content,region_code,normalized_tags,importance,published_at,push_status,version,deleted,created_at,updated_at FROM intel_news WHERE deleted=false AND (push_status = ? AND importance = ?)
2026-08-22 22:01:25.240 DEBUG 215277 --- [   scheduling-1] c.p.i.mapper.IntelNewsMapper.selectList  : ==> Parameters: none(String), high(String)
2026-08-22 22:01:25.241 DEBUG 215277 --- [   scheduling-1] c.p.i.mapper.IntelNewsMapper.selectList  : <==      Total: 0
2026-08-22 22:01:25.242 DEBUG 215277 --- [   scheduling-1] c.p.i.mapper.IntelNewsMapper.selectList  : ==>  Preparing: SELECT id,source_code,title,content,region_code,normalized_tags,importance,published_at,push_status,version,deleted,created_at,updated_at FROM intel_news WHERE deleted=false AND (push_status = ? AND importance = ?)
2026-08-22 22:01:25.242 DEBUG 215277 --- [   scheduling-1] c.p.i.mapper.IntelNewsMapper.selectList  : ==> Parameters: none(String), high(String)
2026-08-22 22:01:25.242 DEBUG 215277 --- [   scheduling-1] c.p.i.mapper.IntelNewsMapper.selectList  : <==      Total: 0
2026-08-22 22:01:25.243 DEBUG 215277 --- [   scheduling-1] c.p.i.mapper.IntelNewsMapper.selectList  : ==>  Preparing: SELECT id,source_code,title,content,region_code,normalized_tags,importance,published_at,push_status,version,deleted,created_at,updated_at FROM intel_news WHERE deleted=false AND (push_status = ? AND importance = ?)
2026-08-22 22:01:25.243 DEBUG 215277 --- [   scheduling-1] c.p.i.mapper.IntelNewsMapper.selectList  : ==> Parameters: none(String), high(String)
2026-08-22 22:01:25.244 DEBUG 215277 --- [   scheduling-1] c.p.i.mapper.IntelNewsMapper.selectList  : <==      Total: 0
2026-08-22 22:01:25.245 DEBUG 215277 --- [   scheduling-1] c.p.i.mapper.IntelNewsMapper.selectList  : ==>  Preparing: SELECT id,source_code,title,content,region_code,normalized_tags,importance,published_at,push_status,version,deleted,created_at,updated_at FROM intel_news WHERE deleted=false AND (push_status = ? AND importance = ?)
2026-08-22 22:01:25.245 DEBUG 215277 --- [   scheduling-1] c.p.i.mapper.IntelNewsMapper.selectList  : ==> Parameters: none(String), high(String)
2026-08-22 22:01:25.246 DEBUG 215277 --- [   scheduling-1] c.p.i.mapper.IntelNewsMapper.selectList  : <==      Total: 0
2026-08-22 22:01:25.247 DEBUG 215277 --- [   scheduling-1] c.p.i.mapper.IntelNewsMapper.selectList  : ==>  Preparing: SELECT id,source_code,title,content,region_code,normalized_tags,importance,published_at,push_status,version,deleted,created_at,updated_at FROM intel_news WHERE deleted=false AND (push_status = ? AND importance = ?)
2026-08-22 22:01:25.247 DEBUG 215277 --- [   scheduling-1] c.p.i.mapper.IntelNewsMapper.selectList  : ==> Parameters: none(String), high(String)
2026-08-22 22:01:25.247 DEBUG 215277 --- [   scheduling-1] c.p.i.mapper.IntelNewsMapper.selectList  : <==      Total: 0
2026-08-22 22:01:25.248 DEBUG 215277 --- [   scheduling-1] c.p.i.mapper.IntelNewsMapper.selectList  : ==>  Preparing: SELECT id,source_code,title,content,region_code,normalized_tags,importance,published_at,push_status,version,deleted,created_at,updated_at FROM intel_news WHERE deleted=false AND (push_status = ? AND importance = ?)
2026-08-22 22:01:25.248 DEBUG 215277 --- [   scheduling-1] c.p.i.mapper.IntelNewsMapper.selectList  : ==> Parameters: none(String), high(String)
2026-08-22 22:01:25.249 DEBUG 215277 --- [   scheduling-1] c.p.i.mapper.IntelNewsMapper.selectList  : <==      Total: 0
2026-08-22 22:01:25.250 DEBUG 215277 --- [   scheduling-1] c.p.i.mapper.IntelNewsMapper.selectList  : ==>  Preparing: SELECT id,source_code,title,content,region_code,normalized_tags,importance,published_at,push_status,version,deleted,created_at,updated_at FROM intel_news WHERE deleted=false AND (push_status = ? AND importance = ?)
2026-08-22 22:01:25.250 DEBUG 215277 --- [   scheduling-1] c.p.i.mapper.IntelNewsMapper.selectList  : ==> Parameters: none(String), high(String)
2026-08-22 22:01:25.250 DEBUG 215277 --- [   scheduling-1] c.p.i.mapper.IntelNewsMapper.selectList  : <==      Total: 0
2026-08-22 22:01:25.251  INFO 215277 --- [   scheduling-1] com.ptidss.intel.service.IntelService    : 情报推送执行完成：匹配情报 0 条，派发消息 0 条，触发决策会话情报重评 0 个
2026-08-22 22:01:55.251 DEBUG 215277 --- [   scheduling-1] c.p.i.m.IntelPushRuleMapper.selectList   : ==>  Preparing: SELECT id,rule_name,tags_filter,importance_filter,target_roles,channel,silent_period,status,version,deleted,created_at,updated_at FROM intel_push_rule WHERE deleted=false AND (status = ?)
2026-08-22 22:01:55.252 DEBUG 215277 --- [   scheduling-1] c.p.i.m.IntelPushRuleMapper.selectList   : ==> Parameters: active(String)
2026-08-22 22:01:55.252 DEBUG 215277 --- [   scheduling-1] c.p.i.m.IntelPushRuleMapper.selectList   : <==      Total: 15
2026-08-22 22:01:55.252 DEBUG 215277 --- [   scheduling-1] c.p.i.mapper.IntelNewsMapper.selectList  : ==>  Preparing: SELECT id,source_code,title,content,region_code,normalized_tags,importance,published_at,push_status,version,deleted,created_at,updated_at FROM intel_news WHERE deleted=false AND (push_status = ? AND importance = ?)
2026-08-22 22:01:55.252 DEBUG 215277 --- [   scheduling-1] c.p.i.mapper.IntelNewsMapper.selectList  : ==> Parameters: none(String), high(String)
2026-08-22 22:01:55.253 DEBUG 215277 --- [   scheduling-1] c.p.i.mapper.IntelNewsMapper.selectList  : <==      Total: 0
2026-08-22 22:01:55.253 DEBUG 215277 --- [   scheduling-1] c.p.i.mapper.IntelNewsMapper.selectList  : ==>  Preparing: SELECT id,source_code,title,content,region_code,normalized_tags,importance,published_at,push_status,version,deleted,created_at,updated_at FROM intel_news WHERE deleted=false AND (push_status = ? AND importance = ?)
2026-08-22 22:01:55.253 DEBUG 215277 --- [   scheduling-1] c.p.i.mapper.IntelNewsMapper.selectList  : ==> Parameters: none(String), medium(String)
2026-08-22 22:01:55.256 DEBUG 215277 --- [   scheduling-1] c.p.i.mapper.IntelNewsMapper.selectList  : <==      Total: 314
2026-08-22 22:01:55.256 DEBUG 215277 --- [   scheduling-1] c.p.i.mapper.IntelNewsMapper.selectList  : ==>  Preparing: SELECT id,source_code,title,content,region_code,normalized_tags,importance,published_at,push_status,version,deleted,created_at,updated_at FROM intel_news WHERE deleted=false AND (push_status = ? AND importance = ?)
2026-08-22 22:01:55.256 DEBUG 215277 --- [   scheduling-1] c.p.i.mapper.IntelNewsMapper.selectList  : ==> Parameters: none(String), high(String)
2026-08-22 22:01:55.257 DEBUG 215277 --- [   scheduling-1] c.p.i.mapper.IntelNewsMapper.selectList  : <==      Total: 0
2026-08-22 22:01:55.257 DEBUG 215277 --- [   scheduling-1] c.p.i.mapper.IntelNewsMapper.selectList  : ==>  Preparing: SELECT id,source_code,title,content,region_code,normalized_tags,importance,published_at,push_status,version,deleted,created_at,updated_at FROM intel_news WHERE deleted=false AND (push_status = ? AND importance = ?)
2026-08-22 22:01:55.257 DEBUG 215277 --- [   scheduling-1] c.p.i.mapper.IntelNewsMapper.selectList  : ==> Parameters: none(String), high(String)
2026-08-22 22:01:55.257 DEBUG 215277 --- [   scheduling-1] c.p.i.mapper.IntelNewsMapper.selectList  : <==      Total: 0
2026-08-22 22:01:55.258 DEBUG 215277 --- [   scheduling-1] c.p.i.mapper.IntelNewsMapper.selectList  : ==>  Preparing: SELECT id,source_code,title,content,region_code,normalized_tags,importance,published_at,push_status,version,deleted,created_at,updated_at FROM intel_news WHERE deleted=false AND (push_status = ? AND importance = ?)
2026-08-22 22:01:55.258 DEBUG 215277 --- [   scheduling-1] c.p.i.mapper.IntelNewsMapper.selectList  : ==> Parameters: none(String), high(String)
2026-08-22 22:01:55.258 DEBUG 215277 --- [   scheduling-1] c.p.i.mapper.IntelNewsMapper.selectList  : <==      Total: 0
2026-08-22 22:01:55.258 DEBUG 215277 --- [   scheduling-1] c.p.i.mapper.IntelNewsMapper.selectList  : ==>  Preparing: SELECT id,source_code,title,content,region_code,normalized_tags,importance,published_at,push_status,version,deleted,created_at,updated_at FROM intel_news WHERE deleted=false AND (push_status = ? AND importance = ?)
2026-08-22 22:01:55.258 DEBUG 215277 --- [   scheduling-1] c.p.i.mapper.IntelNewsMapper.selectList  : ==> Parameters: none(String), high(String)
2026-08-22 22:01:55.259 DEBUG 215277 --- [   scheduling-1] c.p.i.mapper.IntelNewsMapper.selectList  : <==      Total: 0
2026-08-22 22:01:55.259 DEBUG 215277 --- [   scheduling-1] c.p.i.mapper.IntelNewsMapper.selectList  : ==>  Preparing: SELECT id,source_code,title,content,region_code,normalized_tags,importance,published_at,push_status,version,deleted,created_at,updated_at FROM intel_news WHERE deleted=false AND (push_status = ? AND importance = ?)
2026-08-22 22:01:55.259 DEBUG 215277 --- [   scheduling-1] c.p.i.mapper.IntelNewsMapper.selectList  : ==> Parameters: none(String), high(String)
2026-08-22 22:01:55.259 DEBUG 215277 --- [   scheduling-1] c.p.i.mapper.IntelNewsMapper.selectList  : <==      Total: 0
2026-08-22 22:01:55.259 DEBUG 215277 --- [   scheduling-1] c.p.i.mapper.IntelNewsMapper.selectList  : ==>  Preparing: SELECT id,source_code,title,content,region_code,normalized_tags,importance,published_at,push_status,version,deleted,created_at,updated_at FROM intel_news WHERE deleted=false AND (push_status = ? AND importance = ?)
2026-08-22 22:01:55.259 DEBUG 215277 --- [   scheduling-1] c.p.i.mapper.IntelNewsMapper.selectList  : ==> Parameters: none(String), high(String)
2026-08-22 22:01:55.260 DEBUG 215277 --- [   scheduling-1] c.p.i.mapper.IntelNewsMapper.selectList  : <==      Total: 0
2026-08-22 22:01:55.260 DEBUG 215277 --- [   scheduling-1] c.p.i.mapper.IntelNewsMapper.selectList  : ==>  Preparing: SELECT id,source_code,title,content,region_code,normalized_tags,importance,published_at,push_status,version,deleted,created_at,updated_at FROM intel_news WHERE deleted=false AND (push_status = ? AND importance = ?)
2026-08-22 22:01:55.260 DEBUG 215277 --- [   scheduling-1] c.p.i.mapper.IntelNewsMapper.selectList  : ==> Parameters: none(String), high(String)
2026-08-22 22:01:55.260 DEBUG 215277 --- [   scheduling-1] c.p.i.mapper.IntelNewsMapper.selectList  : <==      Total: 0
2026-08-22 22:01:55.260 DEBUG 215277 --- [   scheduling-1] c.p.i.mapper.IntelNewsMapper.selectList  : ==>  Preparing: SELECT id,source_code,title,content,region_code,normalized_tags,importance,published_at,push_status,version,deleted,created_at,updated_at FROM intel_news WHERE deleted=false AND (push_status = ? AND importance = ?)
2026-08-22 22:01:55.261 DEBUG 215277 --- [   scheduling-1] c.p.i.mapper.IntelNewsMapper.selectList  : ==> Parameters: none(String), high(String)
2026-08-22 22:01:55.261 DEBUG 215277 --- [   scheduling-1] c.p.i.mapper.IntelNewsMapper.selectList  : <==      Total: 0
2026-08-22 22:01:55.261 DEBUG 215277 --- [   scheduling-1] c.p.i.mapper.IntelNewsMapper.selectList  : ==>  Preparing: SELECT id,source_code,title,content,region_code,normalized_tags,importance,published_at,push_status,version,deleted,created_at,updated_at FROM intel_news WHERE deleted=false AND (push_status = ? AND importance = ?)
2026-08-22 22:01:55.261 DEBUG 215277 --- [   scheduling-1] c.p.i.mapper.IntelNewsMapper.selectList  : ==> Parameters: none(String), high(String)
2026-08-22 22:01:55.261 DEBUG 215277 --- [   scheduling-1] c.p.i.mapper.IntelNewsMapper.selectList  : <==      Total: 0
2026-08-22 22:01:55.262 DEBUG 215277 --- [   scheduling-1] c.p.i.mapper.IntelNewsMapper.selectList  : ==>  Preparing: SELECT id,source_code,title,content,region_code,normalized_tags,importance,published_at,push_status,version,deleted,created_at,updated_at FROM intel_news WHERE deleted=false AND (push_status = ? AND importance = ?)
2026-08-22 22:01:55.262 DEBUG 215277 --- [   scheduling-1] c.p.i.mapper.IntelNewsMapper.selectList  : ==> Parameters: none(String), high(String)
2026-08-22 22:01:55.262 DEBUG 215277 --- [   scheduling-1] c.p.i.mapper.IntelNewsMapper.selectList  : <==      Total: 0
2026-08-22 22:01:55.262 DEBUG 215277 --- [   scheduling-1] c.p.i.mapper.IntelNewsMapper.selectList  : ==>  Preparing: SELECT id,source_code,title,content,region_code,normalized_tags,importance,published_at,push_status,version,deleted,created_at,updated_at FROM intel_news WHERE deleted=false AND (push_status = ? AND importance = ?)
2026-08-22 22:01:55.262 DEBUG 215277 --- [   scheduling-1] c.p.i.mapper.IntelNewsMapper.selectList  : ==> Parameters: none(String), high(String)
2026-08-22 22:01:55.263 DEBUG 215277 --- [   scheduling-1] c.p.i.mapper.IntelNewsMapper.selectList  : <==      Total: 0
2026-08-22 22:01:55.263 DEBUG 215277 --- [   scheduling-1] c.p.i.mapper.IntelNewsMapper.selectList  : ==>  Preparing: SELECT id,source_code,title,content,region_code,normalized_tags,importance,published_at,push_status,version,deleted,created_at,updated_at FROM intel_news WHERE deleted=false AND (push_status = ? AND importance = ?)
2026-08-22 22:01:55.263 DEBUG 215277 --- [   scheduling-1] c.p.i.mapper.IntelNewsMapper.selectList  : ==> Parameters: none(String), high(String)
2026-08-22 22:01:55.263 DEBUG 215277 --- [   scheduling-1] c.p.i.mapper.IntelNewsMapper.selectList  : <==      Total: 0
2026-08-22 22:01:55.264 DEBUG 215277 --- [   scheduling-1] c.p.i.mapper.IntelNewsMapper.selectList  : ==>  Preparing: SELECT id,source_code,title,content,region_code,normalized_tags,importance,published_at,push_status,version,deleted,created_at,updated_at FROM intel_news WHERE deleted=false AND (push_status = ? AND importance = ?)
2026-08-22 22:01:55.264 DEBUG 215277 --- [   scheduling-1] c.p.i.mapper.IntelNewsMapper.selectList  : ==> Parameters: none(String), high(String)
2026-08-22 22:01:55.264 DEBUG 215277 --- [   scheduling-1] c.p.i.mapper.IntelNewsMapper.selectList  : <==      Total: 0
2026-08-22 22:01:55.264  INFO 215277 --- [   scheduling-1] com.ptidss.intel.service.IntelService    : 情报推送执行完成：匹配情报 0 条，派发消息 0 条，触发决策会话情报重评 0 个
2026-08-22 22:02:03.756 DEBUG 215277 --- [   scheduling-1] c.p.d.m.CollectTaskMapper.selectList     : ==>  Preparing: SELECT id,source_id,task_type,cron_expr,last_run_time,last_status,records_count,error_log,version,deleted,created_at,updated_at FROM collect_task WHERE deleted=false AND (cron_expr IS NOT NULL)
2026-08-22 22:02:03.757 DEBUG 215277 --- [   scheduling-1] c.p.d.m.CollectTaskMapper.selectList     : ==> Parameters: 
2026-08-22 22:02:03.757 DEBUG 215277 --- [   scheduling-1] c.p.d.m.CollectTaskMapper.selectList     : <==      Total: 3
2026-08-22 22:02:14.094 DEBUG 215277 --- [   scheduling-1] c.p.i.m.IntelSourceMapper.selectList     : ==>  Preparing: SELECT id,source_code,source_name,intel_type,fetch_mode,conn_type,conn_config,frequency,status,last_success_at,last_error,consecutive_failures,version,deleted,created_at,updated_at FROM intel_source WHERE deleted=false AND (status = ?)
2026-08-22 22:02:14.094 DEBUG 215277 --- [   scheduling-1] c.p.i.m.IntelSourceMapper.selectList     : ==> Parameters: enabled(String)
2026-08-22 22:02:14.094 DEBUG 215277 --- [   scheduling-1] c.p.i.m.IntelSourceMapper.selectList     : <==      Total: 21
2026-08-22 22:02:14.095  INFO 215277 --- [   scheduling-1] c.p.intel.service.IntelFetchService      : 行情采集执行完成：到期 0 个（成功 0 / 失败 0 / 跳过未到期 21）
2026-08-22 22:02:25.265 DEBUG 215277 --- [   scheduling-1] c.p.i.m.IntelPushRuleMapper.selectList   : ==>  Preparing: SELECT id,rule_name,tags_filter,importance_filter,target_roles,channel,silent_period,status,version,deleted,created_at,updated_at FROM intel_push_rule WHERE deleted=false AND (status = ?)
2026-08-22 22:02:25.266 DEBUG 215277 --- [   scheduling-1] c.p.i.m.IntelPushRuleMapper.selectList   : ==> Parameters: active(String)
2026-08-22 22:02:25.267 DEBUG 215277 --- [   scheduling-1] c.p.i.m.IntelPushRuleMapper.selectList   : <==      Total: 15
2026-08-22 22:02:25.268 DEBUG 215277 --- [   scheduling-1] c.p.i.mapper.IntelNewsMapper.selectList  : ==>  Preparing: SELECT id,source_code,title,content,region_code,normalized_tags,importance,published_at,push_status,version,deleted,created_at,updated_at FROM intel_news WHERE deleted=false AND (push_status = ? AND importance = ?)
2026-08-22 22:02:25.268 DEBUG 215277 --- [   scheduling-1] c.p.i.mapper.IntelNewsMapper.selectList  : ==> Parameters: none(String), high(String)
2026-08-22 22:02:25.269 DEBUG 215277 --- [   scheduling-1] c.p.i.mapper.IntelNewsMapper.selectList  : <==      Total: 0
2026-08-22 22:02:25.270 DEBUG 215277 --- [   scheduling-1] c.p.i.mapper.IntelNewsMapper.selectList  : ==>  Preparing: SELECT id,source_code,title,content,region_code,normalized_tags,importance,published_at,push_status,version,deleted,created_at,updated_at FROM intel_news WHERE deleted=false AND (push_status = ? AND importance = ?)
2026-08-22 22:02:25.270 DEBUG 215277 --- [   scheduling-1] c.p.i.mapper.IntelNewsMapper.selectList  : ==> Parameters: none(String), medium(String)
2026-08-22 22:02:25.277 DEBUG 215277 --- [   scheduling-1] c.p.i.mapper.IntelNewsMapper.selectList  : <==      Total: 314
2026-08-22 22:02:25.278 DEBUG 215277 --- [   scheduling-1] c.p.i.mapper.IntelNewsMapper.selectList  : ==>  Preparing: SELECT id,source_code,title,content,region_code,normalized_tags,importance,published_at,push_status,version,deleted,created_at,updated_at FROM intel_news WHERE deleted=false AND (push_status = ? AND importance = ?)
2026-08-22 22:02:25.278 DEBUG 215277 --- [   scheduling-1] c.p.i.mapper.IntelNewsMapper.selectList  : ==> Parameters: none(String), high(String)
2026-08-22 22:02:25.279 DEBUG 215277 --- [   scheduling-1] c.p.i.mapper.IntelNewsMapper.selectList  : <==      Total: 0
2026-08-22 22:02:25.280 DEBUG 215277 --- [   scheduling-1] c.p.i.mapper.IntelNewsMapper.selectList  : ==>  Preparing: SELECT id,source_code,title,content,region_code,normalized_tags,importance,published_at,push_status,version,deleted,created_at,updated_at FROM intel_news WHERE deleted=false AND (push_status = ? AND importance = ?)
2026-08-22 22:02:25.280 DEBUG 215277 --- [   scheduling-1] c.p.i.mapper.IntelNewsMapper.selectList  : ==> Parameters: none(String), high(String)
2026-08-22 22:02:25.280 DEBUG 215277 --- [   scheduling-1] c.p.i.mapper.IntelNewsMapper.selectList  : <==      Total: 0
2026-08-22 22:02:25.281 DEBUG 215277 --- [   scheduling-1] c.p.i.mapper.IntelNewsMapper.selectList  : ==>  Preparing: SELECT id,source_code,title,content,region_code,normalized_tags,importance,published_at,push_status,version,deleted,created_at,updated_at FROM intel_news WHERE deleted=false AND (push_status = ? AND importance = ?)
2026-08-22 22:02:25.281 DEBUG 215277 --- [   scheduling-1] c.p.i.mapper.IntelNewsMapper.selectList  : ==> Parameters: none(String), high(String)
2026-08-22 22:02:25.282 DEBUG 215277 --- [   scheduling-1] c.p.i.mapper.IntelNewsMapper.selectList  : <==      Total: 0
2026-08-22 22:02:25.283 DEBUG 215277 --- [   scheduling-1] c.p.i.mapper.IntelNewsMapper.selectList  : ==>  Preparing: SELECT id,source_code,title,content,region_code,normalized_tags,importance,published_at,push_status,version,deleted,created_at,updated_at FROM intel_news WHERE deleted=false AND (push_status = ? AND importance = ?)
2026-08-22 22:02:25.283 DEBUG 215277 --- [   scheduling-1] c.p.i.mapper.IntelNewsMapper.selectList  : ==> Parameters: none(String), high(String)
2026-08-22 22:02:25.283 DEBUG 215277 --- [   scheduling-1] c.p.i.mapper.IntelNewsMapper.selectList  : <==      Total: 0
2026-08-22 22:02:25.284 DEBUG 215277 --- [   scheduling-1] c.p.i.mapper.IntelNewsMapper.selectList  : ==>  Preparing: SELECT id,source_code,title,content,region_code,normalized_tags,importance,published_at,push_status,version,deleted,created_at,updated_at FROM intel_news WHERE deleted=false AND (push_status = ? AND importance = ?)
2026-08-22 22:02:25.284 DEBUG 215277 --- [   scheduling-1] c.p.i.mapper.IntelNewsMapper.selectList  : ==> Parameters: none(String), high(String)
2026-08-22 22:02:25.285 DEBUG 215277 --- [   scheduling-1] c.p.i.mapper.IntelNewsMapper.selectList  : <==      Total: 0
2026-08-22 22:02:25.286 DEBUG 215277 --- [   scheduling-1] c.p.i.mapper.IntelNewsMapper.selectList  : ==>  Preparing: SELECT id,source_code,title,content,region_code,normalized_tags,importance,published_at,push_status,version,deleted,created_at,updated_at FROM intel_news WHERE deleted=false AND (push_status = ? AND importance = ?)
2026-08-22 22:02:25.286 DEBUG 215277 --- [   scheduling-1] c.p.i.mapper.IntelNewsMapper.selectList  : ==> Parameters: none(String), high(String)
2026-08-22 22:02:25.286 DEBUG 215277 --- [   scheduling-1] c.p.i.mapper.IntelNewsMapper.selectList  : <==      Total: 0
2026-08-22 22:02:25.287 DEBUG 215277 --- [   scheduling-1] c.p.i.mapper.IntelNewsMapper.selectList  : ==>  Preparing: SELECT id,source_code,title,content,region_code,normalized_tags,importance,published_at,push_status,version,deleted,created_at,updated_at FROM intel_news WHERE deleted=false AND (push_status = ? AND importance = ?)
2026-08-22 22:02:25.287 DEBUG 215277 --- [   scheduling-1] c.p.i.mapper.IntelNewsMapper.selectList  : ==> Parameters: none(String), high(String)
2026-08-22 22:02:25.288 DEBUG 215277 --- [   scheduling-1] c.p.i.mapper.IntelNewsMapper.selectList  : <==      Total: 0
2026-08-22 22:02:25.289 DEBUG 215277 --- [   scheduling-1] c.p.i.mapper.IntelNewsMapper.selectList  : ==>  Preparing: SELECT id,source_code,title,content,region_code,normalized_tags,importance,published_at,push_status,version,deleted,created_at,updated_at FROM intel_news WHERE deleted=false AND (push_status = ? AND importance = ?)
2026-08-22 22:02:25.289 DEBUG 215277 --- [   scheduling-1] c.p.i.mapper.IntelNewsMapper.selectList  : ==> Parameters: none(String), high(String)
2026-08-22 22:02:25.290 DEBUG 215277 --- [   scheduling-1] c.p.i.mapper.IntelNewsMapper.selectList  : <==      Total: 0
2026-08-22 22:02:25.290 DEBUG 215277 --- [   scheduling-1] c.p.i.mapper.IntelNewsMapper.selectList  : ==>  Preparing: SELECT id,source_code,title,content,region_code,normalized_tags,importance,published_at,push_status,version,deleted,created_at,updated_at FROM intel_news WHERE deleted=false AND (push_status = ? AND importance = ?)
2026-08-22 22:02:25.290 DEBUG 215277 --- [   scheduling-1] c.p.i.mapper.IntelNewsMapper.selectList  : ==> Parameters: none(String), high(String)
2026-08-22 22:02:25.291 DEBUG 215277 --- [   scheduling-1] c.p.i.mapper.IntelNewsMapper.selectList  : <==      Total: 0
2026-08-22 22:02:25.292 DEBUG 215277 --- [   scheduling-1] c.p.i.mapper.IntelNewsMapper.selectList  : ==>  Preparing: SELECT id,source_code,title,content,region_code,normalized_tags,importance,published_at,push_status,version,deleted,created_at,updated_at FROM intel_news WHERE deleted=false AND (push_status = ? AND importance = ?)
2026-08-22 22:02:25.292 DEBUG 215277 --- [   scheduling-1] c.p.i.mapper.IntelNewsMapper.selectList  : ==> Parameters: none(String), high(String)
2026-08-22 22:02:25.293 DEBUG 215277 --- [   scheduling-1] c.p.i.mapper.IntelNewsMapper.selectList  : <==      Total: 0
2026-08-22 22:02:25.293 DEBUG 215277 --- [   scheduling-1] c.p.i.mapper.IntelNewsMapper.selectList  : ==>  Preparing: SELECT id,source_code,title,content,region_code,normalized_tags,importance,published_at,push_status,version,deleted,created_at,updated_at FROM intel_news WHERE deleted=false AND (push_status = ? AND importance = ?)
2026-08-22 22:02:25.293 DEBUG 215277 --- [   scheduling-1] c.p.i.mapper.IntelNewsMapper.selectList  : ==> Parameters: none(String), high(String)
2026-08-22 22:02:25.294 DEBUG 215277 --- [   scheduling-1] c.p.i.mapper.IntelNewsMapper.selectList  : <==      Total: 0
2026-08-22 22:02:25.295 DEBUG 215277 --- [   scheduling-1] c.p.i.mapper.IntelNewsMapper.selectList  : ==>  Preparing: SELECT id,source_code,title,content,region_code,normalized_tags,importance,published_at,push_status,version,deleted,created_at,updated_at FROM intel_news WHERE deleted=false AND (push_status = ? AND importance = ?)
2026-08-22 22:02:25.295 DEBUG 215277 --- [   scheduling-1] c.p.i.mapper.IntelNewsMapper.selectList  : ==> Parameters: none(String), high(String)
2026-08-22 22:02:25.296 DEBUG 215277 --- [   scheduling-1] c.p.i.mapper.IntelNewsMapper.selectList  : <==      Total: 0
2026-08-22 22:02:25.297 DEBUG 215277 --- [   scheduling-1] c.p.i.mapper.IntelNewsMapper.selectList  : ==>  Preparing: SELECT id,source_code,title,content,region_code,normalized_tags,importance,published_at,push_status,version,deleted,created_at,updated_at FROM intel_news WHERE deleted=false AND (push_status = ? AND importance = ?)
2026-08-22 22:02:25.297 DEBUG 215277 --- [   scheduling-1] c.p.i.mapper.IntelNewsMapper.selectList  : ==> Parameters: none(String), high(String)
2026-08-22 22:02:25.297 DEBUG 215277 --- [   scheduling-1] c.p.i.mapper.IntelNewsMapper.selectList  : <==      Total: 0
2026-08-22 22:02:25.298  INFO 215277 --- [   scheduling-1] com.ptidss.intel.service.IntelService    : 情报推送执行完成：匹配情报 0 条，派发消息 0 条，触发决策会话情报重评 0 个
2026-08-22 22:02:55.299 DEBUG 215277 --- [   scheduling-1] c.p.i.m.IntelPushRuleMapper.selectList   : ==>  Preparing: SELECT id,rule_name,tags_filter,importance_filter,target_roles,channel,silent_period,status,version,deleted,created_at,updated_at FROM intel_push_rule WHERE deleted=false AND (status = ?)
2026-08-22 22:02:55.299 DEBUG 215277 --- [   scheduling-1] c.p.i.m.IntelPushRuleMapper.selectList   : ==> Parameters: active(String)
2026-08-22 22:02:55.300 DEBUG 215277 --- [   scheduling-1] c.p.i.m.IntelPushRuleMapper.selectList   : <==      Total: 15
2026-08-22 22:02:55.301 DEBUG 215277 --- [   scheduling-1] c.p.i.mapper.IntelNewsMapper.selectList  : ==>  Preparing: SELECT id,source_code,title,content,region_code,normalized_tags,importance,published_at,push_status,version,deleted,created_at,updated_at FROM intel_news WHERE deleted=false AND (push_status = ? AND importance = ?)
2026-08-22 22:02:55.301 DEBUG 215277 --- [   scheduling-1] c.p.i.mapper.IntelNewsMapper.selectList  : ==> Parameters: none(String), high(String)
2026-08-22 22:02:55.302 DEBUG 215277 --- [   scheduling-1] c.p.i.mapper.IntelNewsMapper.selectList  : <==      Total: 0
2026-08-22 22:02:55.303 DEBUG 215277 --- [   scheduling-1] c.p.i.mapper.IntelNewsMapper.selectList  : ==>  Preparing: SELECT id,source_code,title,content,region_code,normalized_tags,importance,published_at,push_status,version,deleted,created_at,updated_at FROM intel_news WHERE deleted=false AND (push_status = ? AND importance = ?)
2026-08-22 22:02:55.303 DEBUG 215277 --- [   scheduling-1] c.p.i.mapper.IntelNewsMapper.selectList  : ==> Parameters: none(String), medium(String)
2026-08-22 22:02:55.309 DEBUG 215277 --- [   scheduling-1] c.p.i.mapper.IntelNewsMapper.selectList  : <==      Total: 314
2026-08-22 22:02:55.311 DEBUG 215277 --- [   scheduling-1] c.p.i.mapper.IntelNewsMapper.selectList  : ==>  Preparing: SELECT id,source_code,title,content,region_code,normalized_tags,importance,published_at,push_status,version,deleted,created_at,updated_at FROM intel_news WHERE deleted=false AND (push_status = ? AND importance = ?)
2026-08-22 22:02:55.311 DEBUG 215277 --- [   scheduling-1] c.p.i.mapper.IntelNewsMapper.selectList  : ==> Parameters: none(String), high(String)
2026-08-22 22:02:55.311 DEBUG 215277 --- [   scheduling-1] c.p.i.mapper.IntelNewsMapper.selectList  : <==      Total: 0
2026-08-22 22:02:55.312 DEBUG 215277 --- [   scheduling-1] c.p.i.mapper.IntelNewsMapper.selectList  : ==>  Preparing: SELECT id,source_code,title,content,region_code,normalized_tags,importance,published_at,push_status,version,deleted,created_at,updated_at FROM intel_news WHERE deleted=false AND (push_status = ? AND importance = ?)
2026-08-22 22:02:55.312 DEBUG 215277 --- [   scheduling-1] c.p.i.mapper.IntelNewsMapper.selectList  : ==> Parameters: none(String), high(String)
2026-08-22 22:02:55.313 DEBUG 215277 --- [   scheduling-1] c.p.i.mapper.IntelNewsMapper.selectList  : <==      Total: 0
2026-08-22 22:02:55.314 DEBUG 215277 --- [   scheduling-1] c.p.i.mapper.IntelNewsMapper.selectList  : ==>  Preparing: SELECT id,source_code,title,content,region_code,normalized_tags,importance,published_at,push_status,version,deleted,created_at,updated_at FROM intel_news WHERE deleted=false AND (push_status = ? AND importance = ?)
2026-08-22 22:02:55.314 DEBUG 215277 --- [   scheduling-1] c.p.i.mapper.IntelNewsMapper.selectList  : ==> Parameters: none(String), high(String)
2026-08-22 22:02:55.315 DEBUG 215277 --- [   scheduling-1] c.p.i.mapper.IntelNewsMapper.selectList  : <==      Total: 0
2026-08-22 22:02:55.315 DEBUG 215277 --- [   scheduling-1] c.p.i.mapper.IntelNewsMapper.selectList  : ==>  Preparing: SELECT id,source_code,title,content,region_code,normalized_tags,importance,published_at,push_status,version,deleted,created_at,updated_at FROM intel_news WHERE deleted=false AND (push_status = ? AND importance = ?)
2026-08-22 22:02:55.315 DEBUG 215277 --- [   scheduling-1] c.p.i.mapper.IntelNewsMapper.selectList  : ==> Parameters: none(String), high(String)
2026-08-22 22:02:55.316 DEBUG 215277 --- [   scheduling-1] c.p.i.mapper.IntelNewsMapper.selectList  : <==      Total: 0
2026-08-22 22:02:55.317 DEBUG 215277 --- [   scheduling-1] c.p.i.mapper.IntelNewsMapper.selectList  : ==>  Preparing: SELECT id,source_code,title,content,region_code,normalized_tags,importance,published_at,push_status,version,deleted,created_at,updated_at FROM intel_news WHERE deleted=false AND (push_status = ? AND importance = ?)
2026-08-22 22:02:55.317 DEBUG 215277 --- [   scheduling-1] c.p.i.mapper.IntelNewsMapper.selectList  : ==> Parameters: none(String), high(String)
2026-08-22 22:02:55.318 DEBUG 215277 --- [   scheduling-1] c.p.i.mapper.IntelNewsMapper.selectList  : <==      Total: 0
2026-08-22 22:02:55.319 DEBUG 215277 --- [   scheduling-1] c.p.i.mapper.IntelNewsMapper.selectList  : ==>  Preparing: SELECT id,source_code,title,content,region_code,normalized_tags,importance,published_at,push_status,version,deleted,created_at,updated_at FROM intel_news WHERE deleted=false AND (push_status = ? AND importance = ?)
2026-08-22 22:02:55.319 DEBUG 215277 --- [   scheduling-1] c.p.i.mapper.IntelNewsMapper.selectList  : ==> Parameters: none(String), high(String)
2026-08-22 22:02:55.320 DEBUG 215277 --- [   scheduling-1] c.p.i.mapper.IntelNewsMapper.selectList  : <==      Total: 0
2026-08-22 22:02:55.320 DEBUG 215277 --- [   scheduling-1] c.p.i.mapper.IntelNewsMapper.selectList  : ==>  Preparing: SELECT id,source_code,title,content,region_code,normalized_tags,importance,published_at,push_status,version,deleted,created_at,updated_at FROM intel_news WHERE deleted=false AND (push_status = ? AND importance = ?)
2026-08-22 22:02:55.321 DEBUG 215277 --- [   scheduling-1] c.p.i.mapper.IntelNewsMapper.selectList  : ==> Parameters: none(String), high(String)
2026-08-22 22:02:55.321 DEBUG 215277 --- [   scheduling-1] c.p.i.mapper.IntelNewsMapper.selectList  : <==      Total: 0
2026-08-22 22:02:55.322 DEBUG 215277 --- [   scheduling-1] c.p.i.mapper.IntelNewsMapper.selectList  : ==>  Preparing: SELECT id,source_code,title,content,region_code,normalized_tags,importance,published_at,push_status,version,deleted,created_at,updated_at FROM intel_news WHERE deleted=false AND (push_status = ? AND importance = ?)
2026-08-22 22:02:55.322 DEBUG 215277 --- [   scheduling-1] c.p.i.mapper.IntelNewsMapper.selectList  : ==> Parameters: none(String), high(String)
2026-08-22 22:02:55.323 DEBUG 215277 --- [   scheduling-1] c.p.i.mapper.IntelNewsMapper.selectList  : <==      Total: 0
2026-08-22 22:02:55.324 DEBUG 215277 --- [   scheduling-1] c.p.i.mapper.IntelNewsMapper.selectList  : ==>  Preparing: SELECT id,source_code,title,content,region_code,normalized_tags,importance,published_at,push_status,version,deleted,created_at,updated_at FROM intel_news WHERE deleted=false AND (push_status = ? AND importance = ?)
2026-08-22 22:02:55.324 DEBUG 215277 --- [   scheduling-1] c.p.i.mapper.IntelNewsMapper.selectList  : ==> Parameters: none(String), high(String)
2026-08-22 22:02:55.324 DEBUG 215277 --- [   scheduling-1] c.p.i.mapper.IntelNewsMapper.selectList  : <==      Total: 0
2026-08-22 22:02:55.325 DEBUG 215277 --- [   scheduling-1] c.p.i.mapper.IntelNewsMapper.selectList  : ==>  Preparing: SELECT id,source_code,title,content,region_code,normalized_tags,importance,published_at,push_status,version,deleted,created_at,updated_at FROM intel_news WHERE deleted=false AND (push_status = ? AND importance = ?)
2026-08-22 22:02:55.325 DEBUG 215277 --- [   scheduling-1] c.p.i.mapper.IntelNewsMapper.selectList  : ==> Parameters: none(String), high(String)
2026-08-22 22:02:55.326 DEBUG 215277 --- [   scheduling-1] c.p.i.mapper.IntelNewsMapper.selectList  : <==      Total: 0
2026-08-22 22:02:55.327 DEBUG 215277 --- [   scheduling-1] c.p.i.mapper.IntelNewsMapper.selectList  : ==>  Preparing: SELECT id,source_code,title,content,region_code,normalized_tags,importance,published_at,push_status,version,deleted,created_at,updated_at FROM intel_news WHERE deleted=false AND (push_status = ? AND importance = ?)
2026-08-22 22:02:55.327 DEBUG 215277 --- [   scheduling-1] c.p.i.mapper.IntelNewsMapper.selectList  : ==> Parameters: none(String), high(String)
2026-08-22 22:02:55.327 DEBUG 215277 --- [   scheduling-1] c.p.i.mapper.IntelNewsMapper.selectList  : <==      Total: 0
2026-08-22 22:02:55.328 DEBUG 215277 --- [   scheduling-1] c.p.i.mapper.IntelNewsMapper.selectList  : ==>  Preparing: SELECT id,source_code,title,content,region_code,normalized_tags,importance,published_at,push_status,version,deleted,created_at,updated_at FROM intel_news WHERE deleted=false AND (push_status = ? AND importance = ?)
2026-08-22 22:02:55.328 DEBUG 215277 --- [   scheduling-1] c.p.i.mapper.IntelNewsMapper.selectList  : ==> Parameters: none(String), high(String)
2026-08-22 22:02:55.329 DEBUG 215277 --- [   scheduling-1] c.p.i.mapper.IntelNewsMapper.selectList  : <==      Total: 0
2026-08-22 22:02:55.330 DEBUG 215277 --- [   scheduling-1] c.p.i.mapper.IntelNewsMapper.selectList  : ==>  Preparing: SELECT id,source_code,title,content,region_code,normalized_tags,importance,published_at,push_status,version,deleted,created_at,updated_at FROM intel_news WHERE deleted=false AND (push_status = ? AND importance = ?)
2026-08-22 22:02:55.330 DEBUG 215277 --- [   scheduling-1] c.p.i.mapper.IntelNewsMapper.selectList  : ==> Parameters: none(String), high(String)
2026-08-22 22:02:55.331 DEBUG 215277 --- [   scheduling-1] c.p.i.mapper.IntelNewsMapper.selectList  : <==      Total: 0
2026-08-22 22:02:55.331  INFO 215277 --- [   scheduling-1] com.ptidss.intel.service.IntelService    : 情报推送执行完成：匹配情报 0 条，派发消息 0 条，触发决策会话情报重评 0 个
2026-08-22 22:03:03.759 DEBUG 215277 --- [   scheduling-1] c.p.d.m.CollectTaskMapper.selectList     : ==>  Preparing: SELECT id,source_id,task_type,cron_expr,last_run_time,last_status,records_count,error_log,version,deleted,created_at,updated_at FROM collect_task WHERE deleted=false AND (cron_expr IS NOT NULL)
2026-08-22 22:03:03.759 DEBUG 215277 --- [   scheduling-1] c.p.d.m.CollectTaskMapper.selectList     : ==> Parameters: 
2026-08-22 22:03:03.760 DEBUG 215277 --- [   scheduling-1] c.p.d.m.CollectTaskMapper.selectList     : <==      Total: 3
2026-08-22 22:03:14.096 DEBUG 215277 --- [   scheduling-1] c.p.i.m.IntelSourceMapper.selectList     : ==>  Preparing: SELECT id,source_code,source_name,intel_type,fetch_mode,conn_type,conn_config,frequency,status,last_success_at,last_error,consecutive_failures,version,deleted,created_at,updated_at FROM intel_source WHERE deleted=false AND (status = ?)
2026-08-22 22:03:14.096 DEBUG 215277 --- [   scheduling-1] c.p.i.m.IntelSourceMapper.selectList     : ==> Parameters: enabled(String)
2026-08-22 22:03:14.098 DEBUG 215277 --- [   scheduling-1] c.p.i.m.IntelSourceMapper.selectList     : <==      Total: 21
2026-08-22 22:03:14.099  INFO 215277 --- [   scheduling-1] c.p.intel.service.IntelFetchService      : 行情采集执行完成：到期 0 个（成功 0 / 失败 0 / 跳过未到期 21）
2026-08-22 22:03:25.332 DEBUG 215277 --- [   scheduling-1] c.p.i.m.IntelPushRuleMapper.selectList   : ==>  Preparing: SELECT id,rule_name,tags_filter,importance_filter,target_roles,channel,silent_period,status,version,deleted,created_at,updated_at FROM intel_push_rule WHERE deleted=false AND (status = ?)
2026-08-22 22:03:25.332 DEBUG 215277 --- [   scheduling-1] c.p.i.m.IntelPushRuleMapper.selectList   : ==> Parameters: active(String)
2026-08-22 22:03:25.334 DEBUG 215277 --- [   scheduling-1] c.p.i.m.IntelPushRuleMapper.selectList   : <==      Total: 15
2026-08-22 22:03:25.335 DEBUG 215277 --- [   scheduling-1] c.p.i.mapper.IntelNewsMapper.selectList  : ==>  Preparing: SELECT id,source_code,title,content,region_code,normalized_tags,importance,published_at,push_status,version,deleted,created_at,updated_at FROM intel_news WHERE deleted=false AND (push_status = ? AND importance = ?)
2026-08-22 22:03:25.335 DEBUG 215277 --- [   scheduling-1] c.p.i.mapper.IntelNewsMapper.selectList  : ==> Parameters: none(String), high(String)
2026-08-22 22:03:25.335 DEBUG 215277 --- [   scheduling-1] c.p.i.mapper.IntelNewsMapper.selectList  : <==      Total: 0
2026-08-22 22:03:25.336 DEBUG 215277 --- [   scheduling-1] c.p.i.mapper.IntelNewsMapper.selectList  : ==>  Preparing: SELECT id,source_code,title,content,region_code,normalized_tags,importance,published_at,push_status,version,deleted,created_at,updated_at FROM intel_news WHERE deleted=false AND (push_status = ? AND importance = ?)
2026-08-22 22:03:25.336 DEBUG 215277 --- [   scheduling-1] c.p.i.mapper.IntelNewsMapper.selectList  : ==> Parameters: none(String), medium(String)
2026-08-22 22:03:25.342 DEBUG 215277 --- [   scheduling-1] c.p.i.mapper.IntelNewsMapper.selectList  : <==      Total: 314
2026-08-22 22:03:25.344 DEBUG 215277 --- [   scheduling-1] c.p.i.mapper.IntelNewsMapper.selectList  : ==>  Preparing: SELECT id,source_code,title,content,region_code,normalized_tags,importance,published_at,push_status,version,deleted,created_at,updated_at FROM intel_news WHERE deleted=false AND (push_status = ? AND importance = ?)
2026-08-22 22:03:25.344 DEBUG 215277 --- [   scheduling-1] c.p.i.mapper.IntelNewsMapper.selectList  : ==> Parameters: none(String), high(String)
2026-08-22 22:03:25.345 DEBUG 215277 --- [   scheduling-1] c.p.i.mapper.IntelNewsMapper.selectList  : <==      Total: 0
2026-08-22 22:03:25.345 DEBUG 215277 --- [   scheduling-1] c.p.i.mapper.IntelNewsMapper.selectList  : ==>  Preparing: SELECT id,source_code,title,content,region_code,normalized_tags,importance,published_at,push_status,version,deleted,created_at,updated_at FROM intel_news WHERE deleted=false AND (push_status = ? AND importance = ?)
2026-08-22 22:03:25.346 DEBUG 215277 --- [   scheduling-1] c.p.i.mapper.IntelNewsMapper.selectList  : ==> Parameters: none(String), high(String)
2026-08-22 22:03:25.346 DEBUG 215277 --- [   scheduling-1] c.p.i.mapper.IntelNewsMapper.selectList  : <==      Total: 0
2026-08-22 22:03:25.347 DEBUG 215277 --- [   scheduling-1] c.p.i.mapper.IntelNewsMapper.selectList  : ==>  Preparing: SELECT id,source_code,title,content,region_code,normalized_tags,importance,published_at,push_status,version,deleted,created_at,updated_at FROM intel_news WHERE deleted=false AND (push_status = ? AND importance = ?)
2026-08-22 22:03:25.347 DEBUG 215277 --- [   scheduling-1] c.p.i.mapper.IntelNewsMapper.selectList  : ==> Parameters: none(String), high(String)
2026-08-22 22:03:25.348 DEBUG 215277 --- [   scheduling-1] c.p.i.mapper.IntelNewsMapper.selectList  : <==      Total: 0
2026-08-22 22:03:25.348 DEBUG 215277 --- [   scheduling-1] c.p.i.mapper.IntelNewsMapper.selectList  : ==>  Preparing: SELECT id,source_code,title,content,region_code,normalized_tags,importance,published_at,push_status,version,deleted,created_at,updated_at FROM intel_news WHERE deleted=false AND (push_status = ? AND importance = ?)
2026-08-22 22:03:25.349 DEBUG 215277 --- [   scheduling-1] c.p.i.mapper.IntelNewsMapper.selectList  : ==> Parameters: none(String), high(String)
2026-08-22 22:03:25.349 DEBUG 215277 --- [   scheduling-1] c.p.i.mapper.IntelNewsMapper.selectList  : <==      Total: 0
2026-08-22 22:03:25.350 DEBUG 215277 --- [   scheduling-1] c.p.i.mapper.IntelNewsMapper.selectList  : ==>  Preparing: SELECT id,source_code,title,content,region_code,normalized_tags,importance,published_at,push_status,version,deleted,created_at,updated_at FROM intel_news WHERE deleted=false AND (push_status = ? AND importance = ?)
2026-08-22 22:03:25.350 DEBUG 215277 --- [   scheduling-1] c.p.i.mapper.IntelNewsMapper.selectList  : ==> Parameters: none(String), high(String)
2026-08-22 22:03:25.351 DEBUG 215277 --- [   scheduling-1] c.p.i.mapper.IntelNewsMapper.selectList  : <==      Total: 0
2026-08-22 22:03:25.352 DEBUG 215277 --- [   scheduling-1] c.p.i.mapper.IntelNewsMapper.selectList  : ==>  Preparing: SELECT id,source_code,title,content,region_code,normalized_tags,importance,published_at,push_status,version,deleted,created_at,updated_at FROM intel_news WHERE deleted=false AND (push_status = ? AND importance = ?)
2026-08-22 22:03:25.352 DEBUG 215277 --- [   scheduling-1] c.p.i.mapper.IntelNewsMapper.selectList  : ==> Parameters: none(String), high(String)
2026-08-22 22:03:25.353 DEBUG 215277 --- [   scheduling-1] c.p.i.mapper.IntelNewsMapper.selectList  : <==      Total: 0
2026-08-22 22:03:25.354 DEBUG 215277 --- [   scheduling-1] c.p.i.mapper.IntelNewsMapper.selectList  : ==>  Preparing: SELECT id,source_code,title,content,region_code,normalized_tags,importance,published_at,push_status,version,deleted,created_at,updated_at FROM intel_news WHERE deleted=false AND (push_status = ? AND importance = ?)
2026-08-22 22:03:25.354 DEBUG 215277 --- [   scheduling-1] c.p.i.mapper.IntelNewsMapper.selectList  : ==> Parameters: none(String), high(String)
2026-08-22 22:03:25.354 DEBUG 215277 --- [   scheduling-1] c.p.i.mapper.IntelNewsMapper.selectList  : <==      Total: 0
2026-08-22 22:03:25.355 DEBUG 215277 --- [   scheduling-1] c.p.i.mapper.IntelNewsMapper.selectList  : ==>  Preparing: SELECT id,source_code,title,content,region_code,normalized_tags,importance,published_at,push_status,version,deleted,created_at,updated_at FROM intel_news WHERE deleted=false AND (push_status = ? AND importance = ?)
2026-08-22 22:03:25.355 DEBUG 215277 --- [   scheduling-1] c.p.i.mapper.IntelNewsMapper.selectList  : ==> Parameters: none(String), high(String)
2026-08-22 22:03:25.356 DEBUG 215277 --- [   scheduling-1] c.p.i.mapper.IntelNewsMapper.selectList  : <==      Total: 0
2026-08-22 22:03:25.357 DEBUG 215277 --- [   scheduling-1] c.p.i.mapper.IntelNewsMapper.selectList  : ==>  Preparing: SELECT id,source_code,title,content,region_code,normalized_tags,importance,published_at,push_status,version,deleted,created_at,updated_at FROM intel_news WHERE deleted=false AND (push_status = ? AND importance = ?)
2026-08-22 22:03:25.357 DEBUG 215277 --- [   scheduling-1] c.p.i.mapper.IntelNewsMapper.selectList  : ==> Parameters: none(String), high(String)
2026-08-22 22:03:25.357 DEBUG 215277 --- [   scheduling-1] c.p.i.mapper.IntelNewsMapper.selectList  : <==      Total: 0
2026-08-22 22:03:25.358 DEBUG 215277 --- [   scheduling-1] c.p.i.mapper.IntelNewsMapper.selectList  : ==>  Preparing: SELECT id,source_code,title,content,region_code,normalized_tags,importance,published_at,push_status,version,deleted,created_at,updated_at FROM intel_news WHERE deleted=false AND (push_status = ? AND importance = ?)
2026-08-22 22:03:25.358 DEBUG 215277 --- [   scheduling-1] c.p.i.mapper.IntelNewsMapper.selectList  : ==> Parameters: none(String), high(String)
2026-08-22 22:03:25.359 DEBUG 215277 --- [   scheduling-1] c.p.i.mapper.IntelNewsMapper.selectList  : <==      Total: 0
2026-08-22 22:03:25.359 DEBUG 215277 --- [   scheduling-1] c.p.i.mapper.IntelNewsMapper.selectList  : ==>  Preparing: SELECT id,source_code,title,content,region_code,normalized_tags,importance,published_at,push_status,version,deleted,created_at,updated_at FROM intel_news WHERE deleted=false AND (push_status = ? AND importance = ?)
2026-08-22 22:03:25.360 DEBUG 215277 --- [   scheduling-1] c.p.i.mapper.IntelNewsMapper.selectList  : ==> Parameters: none(String), high(String)
2026-08-22 22:03:25.360 DEBUG 215277 --- [   scheduling-1] c.p.i.mapper.IntelNewsMapper.selectList  : <==      Total: 0
2026-08-22 22:03:25.361 DEBUG 215277 --- [   scheduling-1] c.p.i.mapper.IntelNewsMapper.selectList  : ==>  Preparing: SELECT id,source_code,title,content,region_code,normalized_tags,importance,published_at,push_status,version,deleted,created_at,updated_at FROM intel_news WHERE deleted=false AND (push_status = ? AND importance = ?)
2026-08-22 22:03:25.361 DEBUG 215277 --- [   scheduling-1] c.p.i.mapper.IntelNewsMapper.selectList  : ==> Parameters: none(String), high(String)
2026-08-22 22:03:25.362 DEBUG 215277 --- [   scheduling-1] c.p.i.mapper.IntelNewsMapper.selectList  : <==      Total: 0
2026-08-22 22:03:25.362 DEBUG 215277 --- [   scheduling-1] c.p.i.mapper.IntelNewsMapper.selectList  : ==>  Preparing: SELECT id,source_code,title,content,region_code,normalized_tags,importance,published_at,push_status,version,deleted,created_at,updated_at FROM intel_news WHERE deleted=false AND (push_status = ? AND importance = ?)
2026-08-22 22:03:25.362 DEBUG 215277 --- [   scheduling-1] c.p.i.mapper.IntelNewsMapper.selectList  : ==> Parameters: none(String), high(String)
2026-08-22 22:03:25.363 DEBUG 215277 --- [   scheduling-1] c.p.i.mapper.IntelNewsMapper.selectList  : <==      Total: 0
2026-08-22 22:03:25.363  INFO 215277 --- [   scheduling-1] com.ptidss.intel.service.IntelService    : 情报推送执行完成：匹配情报 0 条，派发消息 0 条，触发决策会话情报重评 0 个
2026-08-22 22:03:55.364 DEBUG 215277 --- [   scheduling-1] c.p.i.m.IntelPushRuleMapper.selectList   : ==>  Preparing: SELECT id,rule_name,tags_filter,importance_filter,target_roles,channel,silent_period,status,version,deleted,created_at,updated_at FROM intel_push_rule WHERE deleted=false AND (status = ?)
2026-08-22 22:03:55.364 DEBUG 215277 --- [   scheduling-1] c.p.i.m.IntelPushRuleMapper.selectList   : ==> Parameters: active(String)
2026-08-22 22:03:55.364 DEBUG 215277 --- [   scheduling-1] c.p.i.m.IntelPushRuleMapper.selectList   : <==      Total: 15
2026-08-22 22:03:55.364 DEBUG 215277 --- [   scheduling-1] c.p.i.mapper.IntelNewsMapper.selectList  : ==>  Preparing: SELECT id,source_code,title,content,region_code,normalized_tags,importance,published_at,push_status,version,deleted,created_at,updated_at FROM intel_news WHERE deleted=false AND (push_status = ? AND importance = ?)
2026-08-22 22:03:55.365 DEBUG 215277 --- [   scheduling-1] c.p.i.mapper.IntelNewsMapper.selectList  : ==> Parameters: none(String), high(String)
2026-08-22 22:03:55.365 DEBUG 215277 --- [   scheduling-1] c.p.i.mapper.IntelNewsMapper.selectList  : <==      Total: 0
2026-08-22 22:03:55.365 DEBUG 215277 --- [   scheduling-1] c.p.i.mapper.IntelNewsMapper.selectList  : ==>  Preparing: SELECT id,source_code,title,content,region_code,normalized_tags,importance,published_at,push_status,version,deleted,created_at,updated_at FROM intel_news WHERE deleted=false AND (push_status = ? AND importance = ?)
2026-08-22 22:03:55.365 DEBUG 215277 --- [   scheduling-1] c.p.i.mapper.IntelNewsMapper.selectList  : ==> Parameters: none(String), medium(String)
2026-08-22 22:03:55.367 DEBUG 215277 --- [   scheduling-1] c.p.i.mapper.IntelNewsMapper.selectList  : <==      Total: 314
2026-08-22 22:03:55.368 DEBUG 215277 --- [   scheduling-1] c.p.i.mapper.IntelNewsMapper.selectList  : ==>  Preparing: SELECT id,source_code,title,content,region_code,normalized_tags,importance,published_at,push_status,version,deleted,created_at,updated_at FROM intel_news WHERE deleted=false AND (push_status = ? AND importance = ?)
2026-08-22 22:03:55.368 DEBUG 215277 --- [   scheduling-1] c.p.i.mapper.IntelNewsMapper.selectList  : ==> Parameters: none(String), high(String)
2026-08-22 22:03:55.368 DEBUG 215277 --- [   scheduling-1] c.p.i.mapper.IntelNewsMapper.selectList  : <==      Total: 0
2026-08-22 22:03:55.368 DEBUG 215277 --- [   scheduling-1] c.p.i.mapper.IntelNewsMapper.selectList  : ==>  Preparing: SELECT id,source_code,title,content,region_code,normalized_tags,importance,published_at,push_status,version,deleted,created_at,updated_at FROM intel_news WHERE deleted=false AND (push_status = ? AND importance = ?)
2026-08-22 22:03:55.368 DEBUG 215277 --- [   scheduling-1] c.p.i.mapper.IntelNewsMapper.selectList  : ==> Parameters: none(String), high(String)
2026-08-22 22:03:55.369 DEBUG 215277 --- [   scheduling-1] c.p.i.mapper.IntelNewsMapper.selectList  : <==      Total: 0
2026-08-22 22:03:55.369 DEBUG 215277 --- [   scheduling-1] c.p.i.mapper.IntelNewsMapper.selectList  : ==>  Preparing: SELECT id,source_code,title,content,region_code,normalized_tags,importance,published_at,push_status,version,deleted,created_at,updated_at FROM intel_news WHERE deleted=false AND (push_status = ? AND importance = ?)
2026-08-22 22:03:55.369 DEBUG 215277 --- [   scheduling-1] c.p.i.mapper.IntelNewsMapper.selectList  : ==> Parameters: none(String), high(String)
2026-08-22 22:03:55.369 DEBUG 215277 --- [   scheduling-1] c.p.i.mapper.IntelNewsMapper.selectList  : <==      Total: 0
2026-08-22 22:03:55.369 DEBUG 215277 --- [   scheduling-1] c.p.i.mapper.IntelNewsMapper.selectList  : ==>  Preparing: SELECT id,source_code,title,content,region_code,normalized_tags,importance,published_at,push_status,version,deleted,created_at,updated_at FROM intel_news WHERE deleted=false AND (push_status = ? AND importance = ?)
2026-08-22 22:03:55.369 DEBUG 215277 --- [   scheduling-1] c.p.i.mapper.IntelNewsMapper.selectList  : ==> Parameters: none(String), high(String)
2026-08-22 22:03:55.370 DEBUG 215277 --- [   scheduling-1] c.p.i.mapper.IntelNewsMapper.selectList  : <==      Total: 0
2026-08-22 22:03:55.370 DEBUG 215277 --- [   scheduling-1] c.p.i.mapper.IntelNewsMapper.selectList  : ==>  Preparing: SELECT id,source_code,title,content,region_code,normalized_tags,importance,published_at,push_status,version,deleted,created_at,updated_at FROM intel_news WHERE deleted=false AND (push_status = ? AND importance = ?)
2026-08-22 22:03:55.370 DEBUG 215277 --- [   scheduling-1] c.p.i.mapper.IntelNewsMapper.selectList  : ==> Parameters: none(String), high(String)
2026-08-22 22:03:55.370 DEBUG 215277 --- [   scheduling-1] c.p.i.mapper.IntelNewsMapper.selectList  : <==      Total: 0
2026-08-22 22:03:55.370 DEBUG 215277 --- [   scheduling-1] c.p.i.mapper.IntelNewsMapper.selectList  : ==>  Preparing: SELECT id,source_code,title,content,region_code,normalized_tags,importance,published_at,push_status,version,deleted,created_at,updated_at FROM intel_news WHERE deleted=false AND (push_status = ? AND importance = ?)
2026-08-22 22:03:55.370 DEBUG 215277 --- [   scheduling-1] c.p.i.mapper.IntelNewsMapper.selectList  : ==> Parameters: none(String), high(String)
2026-08-22 22:03:55.370 DEBUG 215277 --- [   scheduling-1] c.p.i.mapper.IntelNewsMapper.selectList  : <==      Total: 0
2026-08-22 22:03:55.370 DEBUG 215277 --- [   scheduling-1] c.p.i.mapper.IntelNewsMapper.selectList  : ==>  Preparing: SELECT id,source_code,title,content,region_code,normalized_tags,importance,published_at,push_status,version,deleted,created_at,updated_at FROM intel_news WHERE deleted=false AND (push_status = ? AND importance = ?)
2026-08-22 22:03:55.371 DEBUG 215277 --- [   scheduling-1] c.p.i.mapper.IntelNewsMapper.selectList  : ==> Parameters: none(String), high(String)
2026-08-22 22:03:55.371 DEBUG 215277 --- [   scheduling-1] c.p.i.mapper.IntelNewsMapper.selectList  : <==      Total: 0
2026-08-22 22:03:55.371 DEBUG 215277 --- [   scheduling-1] c.p.i.mapper.IntelNewsMapper.selectList  : ==>  Preparing: SELECT id,source_code,title,content,region_code,normalized_tags,importance,published_at,push_status,version,deleted,created_at,updated_at FROM intel_news WHERE deleted=false AND (push_status = ? AND importance = ?)
2026-08-22 22:03:55.371 DEBUG 215277 --- [   scheduling-1] c.p.i.mapper.IntelNewsMapper.selectList  : ==> Parameters: none(String), high(String)
2026-08-22 22:03:55.371 DEBUG 215277 --- [   scheduling-1] c.p.i.mapper.IntelNewsMapper.selectList  : <==      Total: 0
2026-08-22 22:03:55.372 DEBUG 215277 --- [   scheduling-1] c.p.i.mapper.IntelNewsMapper.selectList  : ==>  Preparing: SELECT id,source_code,title,content,region_code,normalized_tags,importance,published_at,push_status,version,deleted,created_at,updated_at FROM intel_news WHERE deleted=false AND (push_status = ? AND importance = ?)
2026-08-22 22:03:55.372 DEBUG 215277 --- [   scheduling-1] c.p.i.mapper.IntelNewsMapper.selectList  : ==> Parameters: none(String), high(String)
2026-08-22 22:03:55.372 DEBUG 215277 --- [   scheduling-1] c.p.i.mapper.IntelNewsMapper.selectList  : <==      Total: 0
2026-08-22 22:03:55.372 DEBUG 215277 --- [   scheduling-1] c.p.i.mapper.IntelNewsMapper.selectList  : ==>  Preparing: SELECT id,source_code,title,content,region_code,normalized_tags,importance,published_at,push_status,version,deleted,created_at,updated_at FROM intel_news WHERE deleted=false AND (push_status = ? AND importance = ?)
2026-08-22 22:03:55.372 DEBUG 215277 --- [   scheduling-1] c.p.i.mapper.IntelNewsMapper.selectList  : ==> Parameters: none(String), high(String)
2026-08-22 22:03:55.372 DEBUG 215277 --- [   scheduling-1] c.p.i.mapper.IntelNewsMapper.selectList  : <==      Total: 0
2026-08-22 22:03:55.373 DEBUG 215277 --- [   scheduling-1] c.p.i.mapper.IntelNewsMapper.selectList  : ==>  Preparing: SELECT id,source_code,title,content,region_code,normalized_tags,importance,published_at,push_status,version,deleted,created_at,updated_at FROM intel_news WHERE deleted=false AND (push_status = ? AND importance = ?)
2026-08-22 22:03:55.373 DEBUG 215277 --- [   scheduling-1] c.p.i.mapper.IntelNewsMapper.selectList  : ==> Parameters: none(String), high(String)
2026-08-22 22:03:55.373 DEBUG 215277 --- [   scheduling-1] c.p.i.mapper.IntelNewsMapper.selectList  : <==      Total: 0
2026-08-22 22:03:55.373 DEBUG 215277 --- [   scheduling-1] c.p.i.mapper.IntelNewsMapper.selectList  : ==>  Preparing: SELECT id,source_code,title,content,region_code,normalized_tags,importance,published_at,push_status,version,deleted,created_at,updated_at FROM intel_news WHERE deleted=false AND (push_status = ? AND importance = ?)
2026-08-22 22:03:55.373 DEBUG 215277 --- [   scheduling-1] c.p.i.mapper.IntelNewsMapper.selectList  : ==> Parameters: none(String), high(String)
2026-08-22 22:03:55.373 DEBUG 215277 --- [   scheduling-1] c.p.i.mapper.IntelNewsMapper.selectList  : <==      Total: 0
2026-08-22 22:03:55.374 DEBUG 215277 --- [   scheduling-1] c.p.i.mapper.IntelNewsMapper.selectList  : ==>  Preparing: SELECT id,source_code,title,content,region_code,normalized_tags,importance,published_at,push_status,version,deleted,created_at,updated_at FROM intel_news WHERE deleted=false AND (push_status = ? AND importance = ?)
2026-08-22 22:03:55.374 DEBUG 215277 --- [   scheduling-1] c.p.i.mapper.IntelNewsMapper.selectList  : ==> Parameters: none(String), high(String)
2026-08-22 22:03:55.374 DEBUG 215277 --- [   scheduling-1] c.p.i.mapper.IntelNewsMapper.selectList  : <==      Total: 0
2026-08-22 22:03:55.374  INFO 215277 --- [   scheduling-1] com.ptidss.intel.service.IntelService    : 情报推送执行完成：匹配情报 0 条，派发消息 0 条，触发决策会话情报重评 0 个
2026-08-22 22:04:03.762 DEBUG 215277 --- [   scheduling-1] c.p.d.m.CollectTaskMapper.selectList     : ==>  Preparing: SELECT id,source_id,task_type,cron_expr,last_run_time,last_status,records_count,error_log,version,deleted,created_at,updated_at FROM collect_task WHERE deleted=false AND (cron_expr IS NOT NULL)
2026-08-22 22:04:03.762 DEBUG 215277 --- [   scheduling-1] c.p.d.m.CollectTaskMapper.selectList     : ==> Parameters: 
2026-08-22 22:04:03.763 DEBUG 215277 --- [   scheduling-1] c.p.d.m.CollectTaskMapper.selectList     : <==      Total: 3
2026-08-22 22:04:14.100 DEBUG 215277 --- [   scheduling-1] c.p.i.m.IntelSourceMapper.selectList     : ==>  Preparing: SELECT id,source_code,source_name,intel_type,fetch_mode,conn_type,conn_config,frequency,status,last_success_at,last_error,consecutive_failures,version,deleted,created_at,updated_at FROM intel_source WHERE deleted=false AND (status = ?)
2026-08-22 22:04:14.100 DEBUG 215277 --- [   scheduling-1] c.p.i.m.IntelSourceMapper.selectList     : ==> Parameters: enabled(String)
2026-08-22 22:04:14.102 DEBUG 215277 --- [   scheduling-1] c.p.i.m.IntelSourceMapper.selectList     : <==      Total: 21
2026-08-22 22:04:14.102  INFO 215277 --- [   scheduling-1] c.p.intel.service.IntelFetchService      : 行情采集执行完成：到期 0 个（成功 0 / 失败 0 / 跳过未到期 21）
2026-08-22 22:04:25.375 DEBUG 215277 --- [   scheduling-1] c.p.i.m.IntelPushRuleMapper.selectList   : ==>  Preparing: SELECT id,rule_name,tags_filter,importance_filter,target_roles,channel,silent_period,status,version,deleted,created_at,updated_at FROM intel_push_rule WHERE deleted=false AND (status = ?)
2026-08-22 22:04:25.376 DEBUG 215277 --- [   scheduling-1] c.p.i.m.IntelPushRuleMapper.selectList   : ==> Parameters: active(String)
2026-08-22 22:04:25.377 DEBUG 215277 --- [   scheduling-1] c.p.i.m.IntelPushRuleMapper.selectList   : <==      Total: 15
2026-08-22 22:04:25.377 DEBUG 215277 --- [   scheduling-1] c.p.i.mapper.IntelNewsMapper.selectList  : ==>  Preparing: SELECT id,source_code,title,content,region_code,normalized_tags,importance,published_at,push_status,version,deleted,created_at,updated_at FROM intel_news WHERE deleted=false AND (push_status = ? AND importance = ?)
2026-08-22 22:04:25.377 DEBUG 215277 --- [   scheduling-1] c.p.i.mapper.IntelNewsMapper.selectList  : ==> Parameters: none(String), high(String)
2026-08-22 22:04:25.378 DEBUG 215277 --- [   scheduling-1] c.p.i.mapper.IntelNewsMapper.selectList  : <==      Total: 0
2026-08-22 22:04:25.379 DEBUG 215277 --- [   scheduling-1] c.p.i.mapper.IntelNewsMapper.selectList  : ==>  Preparing: SELECT id,source_code,title,content,region_code,normalized_tags,importance,published_at,push_status,version,deleted,created_at,updated_at FROM intel_news WHERE deleted=false AND (push_status = ? AND importance = ?)
2026-08-22 22:04:25.379 DEBUG 215277 --- [   scheduling-1] c.p.i.mapper.IntelNewsMapper.selectList  : ==> Parameters: none(String), medium(String)
2026-08-22 22:04:25.385 DEBUG 215277 --- [   scheduling-1] c.p.i.mapper.IntelNewsMapper.selectList  : <==      Total: 314
2026-08-22 22:04:25.387 DEBUG 215277 --- [   scheduling-1] c.p.i.mapper.IntelNewsMapper.selectList  : ==>  Preparing: SELECT id,source_code,title,content,region_code,normalized_tags,importance,published_at,push_status,version,deleted,created_at,updated_at FROM intel_news WHERE deleted=false AND (push_status = ? AND importance = ?)
2026-08-22 22:04:25.387 DEBUG 215277 --- [   scheduling-1] c.p.i.mapper.IntelNewsMapper.selectList  : ==> Parameters: none(String), high(String)
2026-08-22 22:04:25.388 DEBUG 215277 --- [   scheduling-1] c.p.i.mapper.IntelNewsMapper.selectList  : <==      Total: 0
2026-08-22 22:04:25.388 DEBUG 215277 --- [   scheduling-1] c.p.i.mapper.IntelNewsMapper.selectList  : ==>  Preparing: SELECT id,source_code,title,content,region_code,normalized_tags,importance,published_at,push_status,version,deleted,created_at,updated_at FROM intel_news WHERE deleted=false AND (push_status = ? AND importance = ?)
2026-08-22 22:04:25.389 DEBUG 215277 --- [   scheduling-1] c.p.i.mapper.IntelNewsMapper.selectList  : ==> Parameters: none(String), high(String)
2026-08-22 22:04:25.389 DEBUG 215277 --- [   scheduling-1] c.p.i.mapper.IntelNewsMapper.selectList  : <==      Total: 0
2026-08-22 22:04:25.390 DEBUG 215277 --- [   scheduling-1] c.p.i.mapper.IntelNewsMapper.selectList  : ==>  Preparing: SELECT id,source_code,title,content,region_code,normalized_tags,importance,published_at,push_status,version,deleted,created_at,updated_at FROM intel_news WHERE deleted=false AND (push_status = ? AND importance = ?)
2026-08-22 22:04:25.390 DEBUG 215277 --- [   scheduling-1] c.p.i.mapper.IntelNewsMapper.selectList  : ==> Parameters: none(String), high(String)
2026-08-22 22:04:25.390 DEBUG 215277 --- [   scheduling-1] c.p.i.mapper.IntelNewsMapper.selectList  : <==      Total: 0
2026-08-22 22:04:25.391 DEBUG 215277 --- [   scheduling-1] c.p.i.mapper.IntelNewsMapper.selectList  : ==>  Preparing: SELECT id,source_code,title,content,region_code,normalized_tags,importance,published_at,push_status,version,deleted,created_at,updated_at FROM intel_news WHERE deleted=false AND (push_status = ? AND importance = ?)
2026-08-22 22:04:25.391 DEBUG 215277 --- [   scheduling-1] c.p.i.mapper.IntelNewsMapper.selectList  : ==> Parameters: none(String), high(String)
2026-08-22 22:04:25.392 DEBUG 215277 --- [   scheduling-1] c.p.i.mapper.IntelNewsMapper.selectList  : <==      Total: 0
2026-08-22 22:04:25.393 DEBUG 215277 --- [   scheduling-1] c.p.i.mapper.IntelNewsMapper.selectList  : ==>  Preparing: SELECT id,source_code,title,content,region_code,normalized_tags,importance,published_at,push_status,version,deleted,created_at,updated_at FROM intel_news WHERE deleted=false AND (push_status = ? AND importance = ?)
2026-08-22 22:04:25.393 DEBUG 215277 --- [   scheduling-1] c.p.i.mapper.IntelNewsMapper.selectList  : ==> Parameters: none(String), high(String)
2026-08-22 22:04:25.394 DEBUG 215277 --- [   scheduling-1] c.p.i.mapper.IntelNewsMapper.selectList  : <==      Total: 0
2026-08-22 22:04:25.394 DEBUG 215277 --- [   scheduling-1] c.p.i.mapper.IntelNewsMapper.selectList  : ==>  Preparing: SELECT id,source_code,title,content,region_code,normalized_tags,importance,published_at,push_status,version,deleted,created_at,updated_at FROM intel_news WHERE deleted=false AND (push_status = ? AND importance = ?)
2026-08-22 22:04:25.395 DEBUG 215277 --- [   scheduling-1] c.p.i.mapper.IntelNewsMapper.selectList  : ==> Parameters: none(String), high(String)
2026-08-22 22:04:25.395 DEBUG 215277 --- [   scheduling-1] c.p.i.mapper.IntelNewsMapper.selectList  : <==      Total: 0
2026-08-22 22:04:25.396 DEBUG 215277 --- [   scheduling-1] c.p.i.mapper.IntelNewsMapper.selectList  : ==>  Preparing: SELECT id,source_code,title,content,region_code,normalized_tags,importance,published_at,push_status,version,deleted,created_at,updated_at FROM intel_news WHERE deleted=false AND (push_status = ? AND importance = ?)
2026-08-22 22:04:25.396 DEBUG 215277 --- [   scheduling-1] c.p.i.mapper.IntelNewsMapper.selectList  : ==> Parameters: none(String), high(String)
2026-08-22 22:04:25.397 DEBUG 215277 --- [   scheduling-1] c.p.i.mapper.IntelNewsMapper.selectList  : <==      Total: 0
2026-08-22 22:04:25.397 DEBUG 215277 --- [   scheduling-1] c.p.i.mapper.IntelNewsMapper.selectList  : ==>  Preparing: SELECT id,source_code,title,content,region_code,normalized_tags,importance,published_at,push_status,version,deleted,created_at,updated_at FROM intel_news WHERE deleted=false AND (push_status = ? AND importance = ?)
2026-08-22 22:04:25.398 DEBUG 215277 --- [   scheduling-1] c.p.i.mapper.IntelNewsMapper.selectList  : ==> Parameters: none(String), high(String)
2026-08-22 22:04:25.398 DEBUG 215277 --- [   scheduling-1] c.p.i.mapper.IntelNewsMapper.selectList  : <==      Total: 0
2026-08-22 22:04:25.399 DEBUG 215277 --- [   scheduling-1] c.p.i.mapper.IntelNewsMapper.selectList  : ==>  Preparing: SELECT id,source_code,title,content,region_code,normalized_tags,importance,published_at,push_status,version,deleted,created_at,updated_at FROM intel_news WHERE deleted=false AND (push_status = ? AND importance = ?)
2026-08-22 22:04:25.399 DEBUG 215277 --- [   scheduling-1] c.p.i.mapper.IntelNewsMapper.selectList  : ==> Parameters: none(String), high(String)
2026-08-22 22:04:25.400 DEBUG 215277 --- [   scheduling-1] c.p.i.mapper.IntelNewsMapper.selectList  : <==      Total: 0
2026-08-22 22:04:25.401 DEBUG 215277 --- [   scheduling-1] c.p.i.mapper.IntelNewsMapper.selectList  : ==>  Preparing: SELECT id,source_code,title,content,region_code,normalized_tags,importance,published_at,push_status,version,deleted,created_at,updated_at FROM intel_news WHERE deleted=false AND (push_status = ? AND importance = ?)
2026-08-22 22:04:25.401 DEBUG 215277 --- [   scheduling-1] c.p.i.mapper.IntelNewsMapper.selectList  : ==> Parameters: none(String), high(String)
2026-08-22 22:04:25.402 DEBUG 215277 --- [   scheduling-1] c.p.i.mapper.IntelNewsMapper.selectList  : <==      Total: 0
2026-08-22 22:04:25.403 DEBUG 215277 --- [   scheduling-1] c.p.i.mapper.IntelNewsMapper.selectList  : ==>  Preparing: SELECT id,source_code,title,content,region_code,normalized_tags,importance,published_at,push_status,version,deleted,created_at,updated_at FROM intel_news WHERE deleted=false AND (push_status = ? AND importance = ?)
2026-08-22 22:04:25.403 DEBUG 215277 --- [   scheduling-1] c.p.i.mapper.IntelNewsMapper.selectList  : ==> Parameters: none(String), high(String)
2026-08-22 22:04:25.403 DEBUG 215277 --- [   scheduling-1] c.p.i.mapper.IntelNewsMapper.selectList  : <==      Total: 0
2026-08-22 22:04:25.404 DEBUG 215277 --- [   scheduling-1] c.p.i.mapper.IntelNewsMapper.selectList  : ==>  Preparing: SELECT id,source_code,title,content,region_code,normalized_tags,importance,published_at,push_status,version,deleted,created_at,updated_at FROM intel_news WHERE deleted=false AND (push_status = ? AND importance = ?)
2026-08-22 22:04:25.404 DEBUG 215277 --- [   scheduling-1] c.p.i.mapper.IntelNewsMapper.selectList  : ==> Parameters: none(String), high(String)
2026-08-22 22:04:25.405 DEBUG 215277 --- [   scheduling-1] c.p.i.mapper.IntelNewsMapper.selectList  : <==      Total: 0
2026-08-22 22:04:25.405 DEBUG 215277 --- [   scheduling-1] c.p.i.mapper.IntelNewsMapper.selectList  : ==>  Preparing: SELECT id,source_code,title,content,region_code,normalized_tags,importance,published_at,push_status,version,deleted,created_at,updated_at FROM intel_news WHERE deleted=false AND (push_status = ? AND importance = ?)
2026-08-22 22:04:25.405 DEBUG 215277 --- [   scheduling-1] c.p.i.mapper.IntelNewsMapper.selectList  : ==> Parameters: none(String), high(String)
2026-08-22 22:04:25.406 DEBUG 215277 --- [   scheduling-1] c.p.i.mapper.IntelNewsMapper.selectList  : <==      Total: 0
2026-08-22 22:04:25.406  INFO 215277 --- [   scheduling-1] com.ptidss.intel.service.IntelService    : 情报推送执行完成：匹配情报 0 条，派发消息 0 条，触发决策会话情报重评 0 个
2026-08-22 22:04:55.407 DEBUG 215277 --- [   scheduling-1] c.p.i.m.IntelPushRuleMapper.selectList   : ==>  Preparing: SELECT id,rule_name,tags_filter,importance_filter,target_roles,channel,silent_period,status,version,deleted,created_at,updated_at FROM intel_push_rule WHERE deleted=false AND (status = ?)
2026-08-22 22:04:55.407 DEBUG 215277 --- [   scheduling-1] c.p.i.m.IntelPushRuleMapper.selectList   : ==> Parameters: active(String)
2026-08-22 22:04:55.407 DEBUG 215277 --- [   scheduling-1] c.p.i.m.IntelPushRuleMapper.selectList   : <==      Total: 15
2026-08-22 22:04:55.408 DEBUG 215277 --- [   scheduling-1] c.p.i.mapper.IntelNewsMapper.selectList  : ==>  Preparing: SELECT id,source_code,title,content,region_code,normalized_tags,importance,published_at,push_status,version,deleted,created_at,updated_at FROM intel_news WHERE deleted=false AND (push_status = ? AND importance = ?)
2026-08-22 22:04:55.408 DEBUG 215277 --- [   scheduling-1] c.p.i.mapper.IntelNewsMapper.selectList  : ==> Parameters: none(String), high(String)
2026-08-22 22:04:55.408 DEBUG 215277 --- [   scheduling-1] c.p.i.mapper.IntelNewsMapper.selectList  : <==      Total: 0
2026-08-22 22:04:55.408 DEBUG 215277 --- [   scheduling-1] c.p.i.mapper.IntelNewsMapper.selectList  : ==>  Preparing: SELECT id,source_code,title,content,region_code,normalized_tags,importance,published_at,push_status,version,deleted,created_at,updated_at FROM intel_news WHERE deleted=false AND (push_status = ? AND importance = ?)
2026-08-22 22:04:55.408 DEBUG 215277 --- [   scheduling-1] c.p.i.mapper.IntelNewsMapper.selectList  : ==> Parameters: none(String), medium(String)
2026-08-22 22:04:55.410 DEBUG 215277 --- [   scheduling-1] c.p.i.mapper.IntelNewsMapper.selectList  : <==      Total: 314
2026-08-22 22:04:55.411 DEBUG 215277 --- [   scheduling-1] c.p.i.mapper.IntelNewsMapper.selectList  : ==>  Preparing: SELECT id,source_code,title,content,region_code,normalized_tags,importance,published_at,push_status,version,deleted,created_at,updated_at FROM intel_news WHERE deleted=false AND (push_status = ? AND importance = ?)
2026-08-22 22:04:55.411 DEBUG 215277 --- [   scheduling-1] c.p.i.mapper.IntelNewsMapper.selectList  : ==> Parameters: none(String), high(String)
2026-08-22 22:04:55.411 DEBUG 215277 --- [   scheduling-1] c.p.i.mapper.IntelNewsMapper.selectList  : <==      Total: 0
2026-08-22 22:04:55.411 DEBUG 215277 --- [   scheduling-1] c.p.i.mapper.IntelNewsMapper.selectList  : ==>  Preparing: SELECT id,source_code,title,content,region_code,normalized_tags,importance,published_at,push_status,version,deleted,created_at,updated_at FROM intel_news WHERE deleted=false AND (push_status = ? AND importance = ?)
2026-08-22 22:04:55.411 DEBUG 215277 --- [   scheduling-1] c.p.i.mapper.IntelNewsMapper.selectList  : ==> Parameters: none(String), high(String)
2026-08-22 22:04:55.412 DEBUG 215277 --- [   scheduling-1] c.p.i.mapper.IntelNewsMapper.selectList  : <==      Total: 0
2026-08-22 22:04:55.412 DEBUG 215277 --- [   scheduling-1] c.p.i.mapper.IntelNewsMapper.selectList  : ==>  Preparing: SELECT id,source_code,title,content,region_code,normalized_tags,importance,published_at,push_status,version,deleted,created_at,updated_at FROM intel_news WHERE deleted=false AND (push_status = ? AND importance = ?)
2026-08-22 22:04:55.412 DEBUG 215277 --- [   scheduling-1] c.p.i.mapper.IntelNewsMapper.selectList  : ==> Parameters: none(String), high(String)
2026-08-22 22:04:55.412 DEBUG 215277 --- [   scheduling-1] c.p.i.mapper.IntelNewsMapper.selectList  : <==      Total: 0
2026-08-22 22:04:55.412 DEBUG 215277 --- [   scheduling-1] c.p.i.mapper.IntelNewsMapper.selectList  : ==>  Preparing: SELECT id,source_code,title,content,region_code,normalized_tags,importance,published_at,push_status,version,deleted,created_at,updated_at FROM intel_news WHERE deleted=false AND (push_status = ? AND importance = ?)
2026-08-22 22:04:55.412 DEBUG 215277 --- [   scheduling-1] c.p.i.mapper.IntelNewsMapper.selectList  : ==> Parameters: none(String), high(String)
2026-08-22 22:04:55.413 DEBUG 215277 --- [   scheduling-1] c.p.i.mapper.IntelNewsMapper.selectList  : <==      Total: 0
2026-08-22 22:04:55.413 DEBUG 215277 --- [   scheduling-1] c.p.i.mapper.IntelNewsMapper.selectList  : ==>  Preparing: SELECT id,source_code,title,content,region_code,normalized_tags,importance,published_at,push_status,version,deleted,created_at,updated_at FROM intel_news WHERE deleted=false AND (push_status = ? AND importance = ?)
2026-08-22 22:04:55.413 DEBUG 215277 --- [   scheduling-1] c.p.i.mapper.IntelNewsMapper.selectList  : ==> Parameters: none(String), high(String)
2026-08-22 22:04:55.413 DEBUG 215277 --- [   scheduling-1] c.p.i.mapper.IntelNewsMapper.selectList  : <==      Total: 0
2026-08-22 22:04:55.413 DEBUG 215277 --- [   scheduling-1] c.p.i.mapper.IntelNewsMapper.selectList  : ==>  Preparing: SELECT id,source_code,title,content,region_code,normalized_tags,importance,published_at,push_status,version,deleted,created_at,updated_at FROM intel_news WHERE deleted=false AND (push_status = ? AND importance = ?)
2026-08-22 22:04:55.413 DEBUG 215277 --- [   scheduling-1] c.p.i.mapper.IntelNewsMapper.selectList  : ==> Parameters: none(String), high(String)
2026-08-22 22:04:55.414 DEBUG 215277 --- [   scheduling-1] c.p.i.mapper.IntelNewsMapper.selectList  : <==      Total: 0
2026-08-22 22:04:55.414 DEBUG 215277 --- [   scheduling-1] c.p.i.mapper.IntelNewsMapper.selectList  : ==>  Preparing: SELECT id,source_code,title,content,region_code,normalized_tags,importance,published_at,push_status,version,deleted,created_at,updated_at FROM intel_news WHERE deleted=false AND (push_status = ? AND importance = ?)
2026-08-22 22:04:55.414 DEBUG 215277 --- [   scheduling-1] c.p.i.mapper.IntelNewsMapper.selectList  : ==> Parameters: none(String), high(String)
2026-08-22 22:04:55.414 DEBUG 215277 --- [   scheduling-1] c.p.i.mapper.IntelNewsMapper.selectList  : <==      Total: 0
2026-08-22 22:04:55.414 DEBUG 215277 --- [   scheduling-1] c.p.i.mapper.IntelNewsMapper.selectList  : ==>  Preparing: SELECT id,source_code,title,content,region_code,normalized_tags,importance,published_at,push_status,version,deleted,created_at,updated_at FROM intel_news WHERE deleted=false AND (push_status = ? AND importance = ?)
2026-08-22 22:04:55.415 DEBUG 215277 --- [   scheduling-1] c.p.i.mapper.IntelNewsMapper.selectList  : ==> Parameters: none(String), high(String)
2026-08-22 22:04:55.415 DEBUG 215277 --- [   scheduling-1] c.p.i.mapper.IntelNewsMapper.selectList  : <==      Total: 0
2026-08-22 22:04:55.415 DEBUG 215277 --- [   scheduling-1] c.p.i.mapper.IntelNewsMapper.selectList  : ==>  Preparing: SELECT id,source_code,title,content,region_code,normalized_tags,importance,published_at,push_status,version,deleted,created_at,updated_at FROM intel_news WHERE deleted=false AND (push_status = ? AND importance = ?)
2026-08-22 22:04:55.415 DEBUG 215277 --- [   scheduling-1] c.p.i.mapper.IntelNewsMapper.selectList  : ==> Parameters: none(String), high(String)
2026-08-22 22:04:55.415 DEBUG 215277 --- [   scheduling-1] c.p.i.mapper.IntelNewsMapper.selectList  : <==      Total: 0
2026-08-22 22:04:55.416 DEBUG 215277 --- [   scheduling-1] c.p.i.mapper.IntelNewsMapper.selectList  : ==>  Preparing: SELECT id,source_code,title,content,region_code,normalized_tags,importance,published_at,push_status,version,deleted,created_at,updated_at FROM intel_news WHERE deleted=false AND (push_status = ? AND importance = ?)
2026-08-22 22:04:55.416 DEBUG 215277 --- [   scheduling-1] c.p.i.mapper.IntelNewsMapper.selectList  : ==> Parameters: none(String), high(String)
2026-08-22 22:04:55.416 DEBUG 215277 --- [   scheduling-1] c.p.i.mapper.IntelNewsMapper.selectList  : <==      Total: 0
2026-08-22 22:04:55.416 DEBUG 215277 --- [   scheduling-1] c.p.i.mapper.IntelNewsMapper.selectList  : ==>  Preparing: SELECT id,source_code,title,content,region_code,normalized_tags,importance,published_at,push_status,version,deleted,created_at,updated_at FROM intel_news WHERE deleted=false AND (push_status = ? AND importance = ?)
2026-08-22 22:04:55.416 DEBUG 215277 --- [   scheduling-1] c.p.i.mapper.IntelNewsMapper.selectList  : ==> Parameters: none(String), high(String)
2026-08-22 22:04:55.416 DEBUG 215277 --- [   scheduling-1] c.p.i.mapper.IntelNewsMapper.selectList  : <==      Total: 0
2026-08-22 22:04:55.417 DEBUG 215277 --- [   scheduling-1] c.p.i.mapper.IntelNewsMapper.selectList  : ==>  Preparing: SELECT id,source_code,title,content,region_code,normalized_tags,importance,published_at,push_status,version,deleted,created_at,updated_at FROM intel_news WHERE deleted=false AND (push_status = ? AND importance = ?)
2026-08-22 22:04:55.417 DEBUG 215277 --- [   scheduling-1] c.p.i.mapper.IntelNewsMapper.selectList  : ==> Parameters: none(String), high(String)
2026-08-22 22:04:55.417 DEBUG 215277 --- [   scheduling-1] c.p.i.mapper.IntelNewsMapper.selectList  : <==      Total: 0
2026-08-22 22:04:55.417 DEBUG 215277 --- [   scheduling-1] c.p.i.mapper.IntelNewsMapper.selectList  : ==>  Preparing: SELECT id,source_code,title,content,region_code,normalized_tags,importance,published_at,push_status,version,deleted,created_at,updated_at FROM intel_news WHERE deleted=false AND (push_status = ? AND importance = ?)
2026-08-22 22:04:55.417 DEBUG 215277 --- [   scheduling-1] c.p.i.mapper.IntelNewsMapper.selectList  : ==> Parameters: none(String), high(String)
2026-08-22 22:04:55.417 DEBUG 215277 --- [   scheduling-1] c.p.i.mapper.IntelNewsMapper.selectList  : <==      Total: 0
2026-08-22 22:04:55.417  INFO 215277 --- [   scheduling-1] com.ptidss.intel.service.IntelService    : 情报推送执行完成：匹配情报 0 条，派发消息 0 条，触发决策会话情报重评 0 个
2026-08-22 22:05:03.764 DEBUG 215277 --- [   scheduling-1] c.p.d.m.CollectTaskMapper.selectList     : ==>  Preparing: SELECT id,source_id,task_type,cron_expr,last_run_time,last_status,records_count,error_log,version,deleted,created_at,updated_at FROM collect_task WHERE deleted=false AND (cron_expr IS NOT NULL)
2026-08-22 22:05:03.764 DEBUG 215277 --- [   scheduling-1] c.p.d.m.CollectTaskMapper.selectList     : ==> Parameters: 
2026-08-22 22:05:03.765 DEBUG 215277 --- [   scheduling-1] c.p.d.m.CollectTaskMapper.selectList     : <==      Total: 3
