nohup: 忽略输入

  .   ____          _            __ _ _
 /\\ / ___'_ __ _ _(_)_ __  __ _ \ \ \ \
( ( )\___ | '_ | '_| | '_ \/ _` | \ \ \ \
 \\/  ___)| |_)| | | | | || (_| |  ) ) ) )
  '  |____| .__|_| |_|_| |_\__, | / / / /
 =========|_|==============|___/=/_/_/_/
 :: Spring Boot ::               (v2.7.13)

2026-08-20 22:35:48.195  INFO 54479 --- [           main] com.ptidss.PtidssApplication             : Starting PtidssApplication using Java 1.8.0_502 on odoo-pc with PID 54479 (/home/odoo/workspace/PTIDSS/ptidss-server/target/classes started by odoo in /home/odoo/workspace/PTIDSS/ptidss-server)
2026-08-20 22:35:48.197 DEBUG 54479 --- [           main] com.ptidss.PtidssApplication             : Running with Spring Boot v2.7.13, Spring v5.3.28
2026-08-20 22:35:48.197  INFO 54479 --- [           main] com.ptidss.PtidssApplication             : The following 1 profile is active: "dev"
2026-08-20 22:35:49.361  INFO 54479 --- [           main] o.s.b.w.embedded.tomcat.TomcatWebServer  : Tomcat initialized with port(s): 9080 (http)
2026-08-20 22:35:49.370  INFO 54479 --- [           main] o.apache.catalina.core.StandardService   : Starting service [Tomcat]
2026-08-20 22:35:49.370  INFO 54479 --- [           main] org.apache.catalina.core.StandardEngine  : Starting Servlet engine: [Apache Tomcat/9.0.76]
2026-08-20 22:35:49.435  INFO 54479 --- [           main] o.a.c.c.C.[.[localhost].[/ptidss]        : Initializing Spring embedded WebApplicationContext
2026-08-20 22:35:49.435  INFO 54479 --- [           main] w.s.c.ServletWebServerApplicationContext : Root WebApplicationContext: initialization completed in 1192 ms
2026-08-20 22:35:49.953  WARN 54479 --- [           main] c.b.m.core.metadata.TableInfoHelper      : Can not find table primary key in Class: "com.ptidss.system.domain.SysUserRegion".
2026-08-20 22:35:49.953  WARN 54479 --- [           main] c.b.m.core.injector.DefaultSqlInjector   : class com.ptidss.system.domain.SysUserRegion ,Not found @TableId annotation, Cannot use Mybatis-Plus 'xxById' Method.
2026-08-20 22:35:49.989  INFO 54479 --- [           main] com.ptidss.common.security.TokenService  : TokenService 初始化完成：expire=120min, refreshThreshold=10min
2026-08-20 22:35:50.048  INFO 54479 --- [           main] com.zaxxer.hikari.HikariDataSource       : HikariPool-1 - Starting...
2026-08-20 22:35:50.112  INFO 54479 --- [           main] com.zaxxer.hikari.HikariDataSource       : HikariPool-1 - Start completed.
2026-08-20 22:35:50.118 DEBUG 54479 --- [           main] c.p.s.mapper.SysUserMapper.selectList    : ==>  Preparing: SELECT id,username,display_name,password_hash,role_ids,org_code,phone,email,status,last_login_at,version,deleted,created_at,updated_at FROM sys_user WHERE deleted=false AND (password_hash LIKE ?)
2026-08-20 22:35:50.127 DEBUG 54479 --- [           main] c.p.s.mapper.SysUserMapper.selectList    : ==> Parameters: %PLACEHOLDER%(String)
2026-08-20 22:35:50.142 DEBUG 54479 --- [           main] c.p.s.mapper.SysUserMapper.selectList    : <==      Total: 0
2026-08-20 22:35:51.678  INFO 54479 --- [           main] o.s.b.w.embedded.tomcat.TomcatWebServer  : Tomcat started on port(s): 9080 (http) with context path '/ptidss'
2026-08-20 22:35:51.689  INFO 54479 --- [           main] com.ptidss.PtidssApplication             : Started PtidssApplication in 3.847 seconds (JVM running for 4.161)
===============================================
  PTIDSS Server 启动成功: http://localhost:9080/ptidss
===============================================
2026-08-20 22:36:01.690 DEBUG 54479 --- [   scheduling-1] c.p.i.m.IntelPushRuleMapper.selectList   : ==>  Preparing: SELECT id,rule_name,tags_filter,importance_filter,target_roles,channel,silent_period,status,version,deleted,created_at,updated_at FROM intel_push_rule WHERE deleted=false AND (status = ?)
2026-08-20 22:36:01.690 DEBUG 54479 --- [   scheduling-1] c.p.i.m.IntelPushRuleMapper.selectList   : ==> Parameters: active(String)
2026-08-20 22:36:01.694 DEBUG 54479 --- [   scheduling-1] c.p.i.m.IntelPushRuleMapper.selectList   : <==      Total: 3
2026-08-20 22:36:01.718 DEBUG 54479 --- [   scheduling-1] c.p.i.mapper.IntelNewsMapper.selectList  : ==>  Preparing: SELECT id,source_code,title,content,region_code,normalized_tags,importance,published_at,push_status,version,deleted,created_at,updated_at FROM intel_news WHERE deleted=false AND (push_status = ? AND importance = ?)
2026-08-20 22:36:01.718 DEBUG 54479 --- [   scheduling-1] c.p.i.mapper.IntelNewsMapper.selectList  : ==> Parameters: none(String), high(String)
2026-08-20 22:36:01.719 DEBUG 54479 --- [   scheduling-1] c.p.i.mapper.IntelNewsMapper.selectList  : <==      Total: 0
2026-08-20 22:36:01.720 DEBUG 54479 --- [   scheduling-1] c.p.i.mapper.IntelNewsMapper.selectList  : ==>  Preparing: SELECT id,source_code,title,content,region_code,normalized_tags,importance,published_at,push_status,version,deleted,created_at,updated_at FROM intel_news WHERE deleted=false AND (push_status = ? AND importance = ?)
2026-08-20 22:36:01.720 DEBUG 54479 --- [   scheduling-1] c.p.i.mapper.IntelNewsMapper.selectList  : ==> Parameters: none(String), medium(String)
2026-08-20 22:36:01.723 DEBUG 54479 --- [   scheduling-1] c.p.i.mapper.IntelNewsMapper.selectList  : <==      Total: 6
2026-08-20 22:36:01.725 DEBUG 54479 --- [   scheduling-1] c.p.i.mapper.IntelNewsMapper.selectList  : ==>  Preparing: SELECT id,source_code,title,content,region_code,normalized_tags,importance,published_at,push_status,version,deleted,created_at,updated_at FROM intel_news WHERE deleted=false AND (push_status = ? AND importance = ?)
2026-08-20 22:36:01.725 DEBUG 54479 --- [   scheduling-1] c.p.i.mapper.IntelNewsMapper.selectList  : ==> Parameters: none(String), high(String)
2026-08-20 22:36:01.725 DEBUG 54479 --- [   scheduling-1] c.p.i.mapper.IntelNewsMapper.selectList  : <==      Total: 0
2026-08-20 22:36:01.726  INFO 54479 --- [   scheduling-1] com.ptidss.intel.service.IntelService    : 情报推送执行完成：匹配情报 0 条，派发消息 0 条
2026-08-20 22:36:09.598  INFO 54479 --- [nio-9080-exec-1] o.a.c.c.C.[.[localhost].[/ptidss]        : Initializing Spring DispatcherServlet 'dispatcherServlet'
2026-08-20 22:36:09.598  INFO 54479 --- [nio-9080-exec-1] o.s.web.servlet.DispatcherServlet        : Initializing Servlet 'dispatcherServlet'
2026-08-20 22:36:09.599  INFO 54479 --- [nio-9080-exec-1] o.s.web.servlet.DispatcherServlet        : Completed initialization in 1 ms
2026-08-20 22:36:11.689 DEBUG 54479 --- [   scheduling-1] c.p.d.m.CollectTaskMapper.selectList     : ==>  Preparing: SELECT id,source_id,task_type,cron_expr,last_run_time,last_status,records_count,error_log,version,deleted,created_at,updated_at FROM collect_task WHERE deleted=false AND (cron_expr IS NOT NULL)
2026-08-20 22:36:11.689 DEBUG 54479 --- [   scheduling-1] c.p.d.m.CollectTaskMapper.selectList     : ==> Parameters: 
2026-08-20 22:36:11.692 DEBUG 54479 --- [   scheduling-1] c.p.d.m.CollectTaskMapper.selectList     : <==      Total: 3
2026-08-20 22:36:17.810 DEBUG 54479 --- [nio-9080-exec-2] c.p.s.mapper.SysUserMapper.selectList    : ==>  Preparing: SELECT id,username,display_name,password_hash,role_ids,org_code,phone,email,status,last_login_at,version,deleted,created_at,updated_at FROM sys_user WHERE deleted=false AND (username = ?)
2026-08-20 22:36:17.810 DEBUG 54479 --- [nio-9080-exec-2] c.p.s.mapper.SysUserMapper.selectList    : ==> Parameters: admin(String)
2026-08-20 22:36:17.855 DEBUG 54479 --- [nio-9080-exec-2] c.p.s.mapper.SysUserMapper.selectList    : <==      Total: 1
2026-08-20 22:36:17.956 DEBUG 54479 --- [nio-9080-exec-2] c.p.s.m.SysRoleMapper.selectBatchIds     : ==>  Preparing: SELECT id,role_code,role_name,description,status,version,deleted,created_at,updated_at FROM sys_role WHERE id IN ( ? ) AND deleted=false
2026-08-20 22:36:17.956 DEBUG 54479 --- [nio-9080-exec-2] c.p.s.m.SysRoleMapper.selectBatchIds     : ==> Parameters: 4(Long)
2026-08-20 22:36:17.957 DEBUG 54479 --- [nio-9080-exec-2] c.p.s.m.SysRoleMapper.selectBatchIds     : <==      Total: 1
2026-08-20 22:36:17.959 DEBUG 54479 --- [nio-9080-exec-2] c.p.s.m.SysPermissionMapper.selectList   : ==>  Preparing: SELECT id,perm_code,perm_name,resource_type,resource_pattern,status,version,deleted,created_at,updated_at FROM sys_permission WHERE deleted=false AND (status = ? AND EXISTS (SELECT 1 FROM sys_role_permission rp WHERE rp.permission_id = sys_permission.id AND rp.role_id = ?))
2026-08-20 22:36:17.960 DEBUG 54479 --- [nio-9080-exec-2] c.p.s.m.SysPermissionMapper.selectList   : ==> Parameters: active(String), 4(Long)
2026-08-20 22:36:17.966 DEBUG 54479 --- [nio-9080-exec-2] c.p.s.m.SysPermissionMapper.selectList   : <==      Total: 18
2026-08-20 22:36:17.968 DEBUG 54479 --- [nio-9080-exec-2] c.p.s.m.SysUserRegionMapper.selectList   : ==>  Preparing: SELECT user_id,region_code FROM sys_user_region WHERE (user_id = ?)
2026-08-20 22:36:17.968 DEBUG 54479 --- [nio-9080-exec-2] c.p.s.m.SysUserRegionMapper.selectList   : ==> Parameters: 1(Long)
2026-08-20 22:36:17.969 DEBUG 54479 --- [nio-9080-exec-2] c.p.s.m.SysUserRegionMapper.selectList   : <==      Total: 4
2026-08-20 22:36:17.971 DEBUG 54479 --- [nio-9080-exec-2] c.p.s.mapper.SysRegionMapper.selectList  : ==>  Preparing: SELECT id,region_code,region_name,market_support,exchange_channel,settlement_period,status,launch_order,version,deleted,created_at,updated_at FROM sys_region WHERE deleted=false AND (region_code = ? AND status = ?)
2026-08-20 22:36:17.971 DEBUG 54479 --- [nio-9080-exec-2] c.p.s.mapper.SysRegionMapper.selectList  : ==> Parameters: CN-31(String), enabled(String)
2026-08-20 22:36:17.973 DEBUG 54479 --- [nio-9080-exec-2] c.p.s.mapper.SysRegionMapper.selectList  : <==      Total: 1
2026-08-20 22:36:18.003 DEBUG 54479 --- [nio-9080-exec-2] c.p.s.mapper.SysUserMapper.updateById    : ==>  Preparing: UPDATE sys_user SET last_login_at=?, updated_at=? WHERE id=? AND deleted=false
2026-08-20 22:36:18.005 DEBUG 54479 --- [nio-9080-exec-2] c.p.s.mapper.SysUserMapper.updateById    : ==> Parameters: 2026-08-20 22:36:17.999(Timestamp), 2026-08-20 22:36:18.002(Timestamp), 1(Long)
2026-08-20 22:36:18.006 DEBUG 54479 --- [nio-9080-exec-2] c.p.s.mapper.SysUserMapper.updateById    : <==    Updates: 1
2026-08-20 22:36:18.010 DEBUG 54479 --- [nio-9080-exec-2] c.p.system.mapper.AuditLogMapper.insert  : ==>  Preparing: INSERT INTO audit_log ( id, trace_id, user_id, username, action, target_type, target_id, ip, user_agent, result, created_at ) VALUES ( ?, ?, ?, ?, ?, ?, ?, ?, ?, ?, ? )
2026-08-20 22:36:18.011 DEBUG 54479 --- [nio-9080-exec-2] c.p.system.mapper.AuditLogMapper.insert  : ==> Parameters: 216203696042807296(Long), b6bd5240dd544509(String), 0(Long), admin(String), login(String), auth(String), LoginBody(username=admin, password=Ptidss@2026, captchaKey=null,(String), 0:0:0:0:0:0:0:1(String), curl/8.5.0(String), success(String), 2026-08-20 22:36:18.008(Timestamp)
2026-08-20 22:36:18.013 DEBUG 54479 --- [nio-9080-exec-2] c.p.system.mapper.AuditLogMapper.insert  : <==    Updates: 1
2026-08-20 22:36:18.046 DEBUG 54479 --- [nio-9080-exec-3] c.p.d.m.DataSourceMapper.selectCount     : ==>  Preparing: SELECT COUNT( * ) FROM data_source WHERE deleted=false AND (source_code = ?)
2026-08-20 22:36:18.047 DEBUG 54479 --- [nio-9080-exec-3] c.p.d.m.DataSourceMapper.selectCount     : ==> Parameters: SRC-TEST-CUSTOM(String)
2026-08-20 22:36:18.048 DEBUG 54479 --- [nio-9080-exec-3] c.p.d.m.DataSourceMapper.selectCount     : <==      Total: 1
2026-08-20 22:36:18.050 DEBUG 54479 --- [nio-9080-exec-3] c.p.data.mapper.DataSourceMapper.insert  : ==>  Preparing: INSERT INTO data_source ( id, source_code, source_type, connect_config, sync_mode, frequency, status, version, deleted, created_at, updated_at ) VALUES ( ?, ?, ?, ?, ?, ?, ?, ?, ?, ?, ? )
2026-08-20 22:36:18.050 DEBUG 54479 --- [nio-9080-exec-3] c.p.data.mapper.DataSourceMapper.insert  : ==> Parameters: 216203696218968064(Long), SRC-TEST-CUSTOM(String), exchange(String), {}(String), timed(String), 0 */15 * * * *(String), enabled(String), 1(Integer), false(Boolean), 2026-08-20 22:36:18.049(Timestamp), 2026-08-20 22:36:18.049(Timestamp)
2026-08-20 22:36:18.052 DEBUG 54479 --- [nio-9080-exec-3] c.p.data.mapper.DataSourceMapper.insert  : <==    Updates: 1
2026-08-20 22:36:18.073 DEBUG 54479 --- [nio-9080-exec-4] c.p.i.m.IntelSourceMapper.selectCount    : ==>  Preparing: SELECT COUNT( * ) FROM intel_source WHERE deleted=false AND (source_code = ?)
2026-08-20 22:36:18.073 DEBUG 54479 --- [nio-9080-exec-4] c.p.i.m.IntelSourceMapper.selectCount    : ==> Parameters: INTL-CUSTOM-NEWS(String)
2026-08-20 22:36:18.074 DEBUG 54479 --- [nio-9080-exec-4] c.p.i.m.IntelSourceMapper.selectCount    : <==      Total: 1
2026-08-20 22:36:18.076 DEBUG 54479 --- [nio-9080-exec-4] c.p.i.mapper.IntelSourceMapper.insert    : ==>  Preparing: INSERT INTO intel_source ( id, source_code, source_name, intel_type, fetch_mode, frequency, status, version, deleted, created_at, updated_at ) VALUES ( ?, ?, ?, ?, ?, ?, ?, ?, ?, ?, ? )
2026-08-20 22:36:18.077 DEBUG 54479 --- [nio-9080-exec-4] c.p.i.mapper.IntelSourceMapper.insert    : ==> Parameters: 216203696332214272(Long), INTL-CUSTOM-NEWS(String), 自定义行情资讯源(String), price(String), api(String), 30 分钟(String), enabled(String), 1(Integer), false(Boolean), 2026-08-20 22:36:18.076(Timestamp), 2026-08-20 22:36:18.076(Timestamp)
2026-08-20 22:36:18.078 DEBUG 54479 --- [nio-9080-exec-4] c.p.i.mapper.IntelSourceMapper.insert    : <==    Updates: 1
2026-08-20 22:36:18.107 DEBUG 54479 --- [nio-9080-exec-6] c.p.p.m.PolicyDocumentMapper.insert      : ==>  Preparing: INSERT INTO policy_document ( id, title, issuing_body, category, tags, version_no, file_url, publish_date, effective_date, status, version, deleted, created_at, updated_at ) VALUES ( ?, ?, ?, ?, ?, ?, ?, ?, ?, ?, ?, ?, ?, ? )
2026-08-20 22:36:18.108 DEBUG 54479 --- [nio-9080-exec-6] c.p.p.m.PolicyDocumentMapper.insert      : ==> Parameters: 216203696462237696(Long), 关于进一步完善电力现货市场的通知（测试）(String), 省发改委(String), provincial(String), ["现货","价格"](String), 1(Integer), minio://policy/upload/provincial/1787236578104.pdf(String), 2026-08-20 00:00:00.0(Timestamp), 2026-09-01 00:00:00.0(Timestamp), published(String), 1(Integer), false(Boolean), 2026-08-20 22:36:18.107(Timestamp), 2026-08-20 22:36:18.107(Timestamp)
2026-08-20 22:36:18.109 DEBUG 54479 --- [nio-9080-exec-6] c.p.p.m.PolicyDocumentMapper.insert      : <==    Updates: 1
2026-08-20 22:36:18.127 DEBUG 54479 --- [nio-9080-exec-8] c.p.d.m.DataSourceMapper.selectCount     : ==>  Preparing: SELECT COUNT( * ) FROM data_source WHERE deleted=false AND (source_code = ?)
2026-08-20 22:36:18.127 DEBUG 54479 --- [nio-9080-exec-8] c.p.d.m.DataSourceMapper.selectCount     : ==> Parameters: SRC-TEST-CUSTOM(String)
2026-08-20 22:36:18.128 DEBUG 54479 --- [nio-9080-exec-8] c.p.d.m.DataSourceMapper.selectCount     : <==      Total: 1
2026-08-20 22:36:18.145 DEBUG 54479 --- [io-9080-exec-10] c.p.d.m.DataSourceMapper.selectList      : ==>  Preparing: SELECT id,source_code,source_type,connect_config,sync_mode,frequency,status,version,deleted,created_at,updated_at FROM data_source WHERE deleted=false ORDER BY source_code ASC
2026-08-20 22:36:18.145 DEBUG 54479 --- [io-9080-exec-10] c.p.d.m.DataSourceMapper.selectList      : ==> Parameters: 
2026-08-20 22:36:18.147 DEBUG 54479 --- [io-9080-exec-10] c.p.d.m.DataSourceMapper.selectList      : <==      Total: 4
2026-08-20 22:36:18.149 DEBUG 54479 --- [io-9080-exec-10] c.p.d.m.CollectTaskMapper.selectList     : ==>  Preparing: SELECT id,source_id,task_type,cron_expr,last_run_time,last_status,records_count,error_log,version,deleted,created_at,updated_at FROM collect_task WHERE deleted=false AND (source_id = ?) ORDER BY last_run_time DESC LIMIT 1
2026-08-20 22:36:18.149 DEBUG 54479 --- [io-9080-exec-10] c.p.d.m.CollectTaskMapper.selectList     : ==> Parameters: 2(Long)
2026-08-20 22:36:18.151 DEBUG 54479 --- [io-9080-exec-10] c.p.d.m.CollectTaskMapper.selectList     : <==      Total: 1
2026-08-20 22:36:18.153 DEBUG 54479 --- [io-9080-exec-10] c.p.d.m.CollectTaskMapper.selectList     : ==>  Preparing: SELECT id,source_id,task_type,cron_expr,last_run_time,last_status,records_count,error_log,version,deleted,created_at,updated_at FROM collect_task WHERE deleted=false AND (source_id = ?) ORDER BY last_run_time DESC LIMIT 1
2026-08-20 22:36:18.153 DEBUG 54479 --- [io-9080-exec-10] c.p.d.m.CollectTaskMapper.selectList     : ==> Parameters: 1(Long)
2026-08-20 22:36:18.154 DEBUG 54479 --- [io-9080-exec-10] c.p.d.m.CollectTaskMapper.selectList     : <==      Total: 0
2026-08-20 22:36:18.155 DEBUG 54479 --- [io-9080-exec-10] c.p.d.m.CollectTaskMapper.selectList     : ==>  Preparing: SELECT id,source_id,task_type,cron_expr,last_run_time,last_status,records_count,error_log,version,deleted,created_at,updated_at FROM collect_task WHERE deleted=false AND (source_id = ?) ORDER BY last_run_time DESC LIMIT 1
2026-08-20 22:36:18.155 DEBUG 54479 --- [io-9080-exec-10] c.p.d.m.CollectTaskMapper.selectList     : ==> Parameters: 216203696218968064(Long)
2026-08-20 22:36:18.156 DEBUG 54479 --- [io-9080-exec-10] c.p.d.m.CollectTaskMapper.selectList     : <==      Total: 0
2026-08-20 22:36:18.157 DEBUG 54479 --- [io-9080-exec-10] c.p.d.m.CollectTaskMapper.selectList     : ==>  Preparing: SELECT id,source_id,task_type,cron_expr,last_run_time,last_status,records_count,error_log,version,deleted,created_at,updated_at FROM collect_task WHERE deleted=false AND (source_id = ?) ORDER BY last_run_time DESC LIMIT 1
2026-08-20 22:36:18.157 DEBUG 54479 --- [io-9080-exec-10] c.p.d.m.CollectTaskMapper.selectList     : ==> Parameters: 3(Long)
2026-08-20 22:36:18.158 DEBUG 54479 --- [io-9080-exec-10] c.p.d.m.CollectTaskMapper.selectList     : <==      Total: 1
2026-08-20 22:36:18.179 DEBUG 54479 --- [nio-9080-exec-2] c.p.i.m.IntelSourceMapper.selectCount    : ==>  Preparing: SELECT COUNT( * ) FROM intel_source WHERE deleted=false
2026-08-20 22:36:18.179 DEBUG 54479 --- [nio-9080-exec-2] c.p.i.m.IntelSourceMapper.selectCount    : ==> Parameters: 
2026-08-20 22:36:18.180 DEBUG 54479 --- [nio-9080-exec-2] c.p.i.m.IntelSourceMapper.selectCount    : <==      Total: 1
2026-08-20 22:36:18.181 DEBUG 54479 --- [nio-9080-exec-2] c.p.i.m.IntelSourceMapper.selectList     : ==>  Preparing: SELECT id,source_code,source_name,intel_type,fetch_mode,frequency,status,version,deleted,created_at,updated_at FROM intel_source WHERE deleted=false ORDER BY intel_type ASC,source_code ASC
2026-08-20 22:36:18.182 DEBUG 54479 --- [nio-9080-exec-2] c.p.i.m.IntelSourceMapper.selectList     : ==> Parameters: 
2026-08-20 22:36:18.184 DEBUG 54479 --- [nio-9080-exec-2] c.p.i.m.IntelSourceMapper.selectList     : <==      Total: 11
2026-08-20 22:36:31.727 DEBUG 54479 --- [   scheduling-1] c.p.i.m.IntelPushRuleMapper.selectList   : ==>  Preparing: SELECT id,rule_name,tags_filter,importance_filter,target_roles,channel,silent_period,status,version,deleted,created_at,updated_at FROM intel_push_rule WHERE deleted=false AND (status = ?)
2026-08-20 22:36:31.728 DEBUG 54479 --- [   scheduling-1] c.p.i.m.IntelPushRuleMapper.selectList   : ==> Parameters: active(String)
2026-08-20 22:36:31.729 DEBUG 54479 --- [   scheduling-1] c.p.i.m.IntelPushRuleMapper.selectList   : <==      Total: 3
2026-08-20 22:36:31.730 DEBUG 54479 --- [   scheduling-1] c.p.i.mapper.IntelNewsMapper.selectList  : ==>  Preparing: SELECT id,source_code,title,content,region_code,normalized_tags,importance,published_at,push_status,version,deleted,created_at,updated_at FROM intel_news WHERE deleted=false AND (push_status = ? AND importance = ?)
2026-08-20 22:36:31.730 DEBUG 54479 --- [   scheduling-1] c.p.i.mapper.IntelNewsMapper.selectList  : ==> Parameters: none(String), high(String)
2026-08-20 22:36:31.731 DEBUG 54479 --- [   scheduling-1] c.p.i.mapper.IntelNewsMapper.selectList  : <==      Total: 0
2026-08-20 22:36:31.732 DEBUG 54479 --- [   scheduling-1] c.p.i.mapper.IntelNewsMapper.selectList  : ==>  Preparing: SELECT id,source_code,title,content,region_code,normalized_tags,importance,published_at,push_status,version,deleted,created_at,updated_at FROM intel_news WHERE deleted=false AND (push_status = ? AND importance = ?)
2026-08-20 22:36:31.732 DEBUG 54479 --- [   scheduling-1] c.p.i.mapper.IntelNewsMapper.selectList  : ==> Parameters: none(String), medium(String)
2026-08-20 22:36:31.734 DEBUG 54479 --- [   scheduling-1] c.p.i.mapper.IntelNewsMapper.selectList  : <==      Total: 6
2026-08-20 22:36:31.735 DEBUG 54479 --- [   scheduling-1] c.p.i.mapper.IntelNewsMapper.selectList  : ==>  Preparing: SELECT id,source_code,title,content,region_code,normalized_tags,importance,published_at,push_status,version,deleted,created_at,updated_at FROM intel_news WHERE deleted=false AND (push_status = ? AND importance = ?)
2026-08-20 22:36:31.735 DEBUG 54479 --- [   scheduling-1] c.p.i.mapper.IntelNewsMapper.selectList  : ==> Parameters: none(String), high(String)
2026-08-20 22:36:31.736 DEBUG 54479 --- [   scheduling-1] c.p.i.mapper.IntelNewsMapper.selectList  : <==      Total: 0
2026-08-20 22:36:31.736  INFO 54479 --- [   scheduling-1] com.ptidss.intel.service.IntelService    : 情报推送执行完成：匹配情报 0 条，派发消息 0 条
2026-08-20 22:36:36.205 ERROR 54479 --- [nio-9080-exec-4] c.p.c.exception.GlobalExceptionHandler   : 系统异常：DELETE /ptidss/data/sources

org.springframework.web.HttpRequestMethodNotSupportedException: Request method 'DELETE' not supported
	at org.springframework.web.servlet.mvc.method.RequestMappingInfoHandlerMapping.handleNoMatch(RequestMappingInfoHandlerMapping.java:260) ~[spring-webmvc-5.3.28.jar:5.3.28]
	at org.springframework.web.servlet.handler.AbstractHandlerMethodMapping.lookupHandlerMethod(AbstractHandlerMethodMapping.java:442) ~[spring-webmvc-5.3.28.jar:5.3.28]
	at org.springframework.web.servlet.handler.AbstractHandlerMethodMapping.getHandlerInternal(AbstractHandlerMethodMapping.java:383) ~[spring-webmvc-5.3.28.jar:5.3.28]
	at org.springframework.web.servlet.mvc.method.RequestMappingInfoHandlerMapping.getHandlerInternal(RequestMappingInfoHandlerMapping.java:125) ~[spring-webmvc-5.3.28.jar:5.3.28]
	at org.springframework.web.servlet.mvc.method.RequestMappingInfoHandlerMapping.getHandlerInternal(RequestMappingInfoHandlerMapping.java:67) ~[spring-webmvc-5.3.28.jar:5.3.28]
	at org.springframework.web.servlet.handler.AbstractHandlerMapping.getHandler(AbstractHandlerMapping.java:498) ~[spring-webmvc-5.3.28.jar:5.3.28]
	at org.springframework.web.servlet.DispatcherServlet.getHandler(DispatcherServlet.java:1266) ~[spring-webmvc-5.3.28.jar:5.3.28]
	at org.springframework.web.servlet.DispatcherServlet.doDispatch(DispatcherServlet.java:1048) ~[spring-webmvc-5.3.28.jar:5.3.28]
	at org.springframework.web.servlet.DispatcherServlet.doService(DispatcherServlet.java:965) ~[spring-webmvc-5.3.28.jar:5.3.28]
	at org.springframework.web.servlet.FrameworkServlet.processRequest(FrameworkServlet.java:1006) [spring-webmvc-5.3.28.jar:5.3.28]
	at org.springframework.web.servlet.FrameworkServlet.doDelete(FrameworkServlet.java:931) [spring-webmvc-5.3.28.jar:5.3.28]
	at javax.servlet.http.HttpServlet.service(HttpServlet.java:561) [tomcat-embed-core-9.0.76.jar:4.0.FR]
	at org.springframework.web.servlet.FrameworkServlet.service(FrameworkServlet.java:883) [spring-webmvc-5.3.28.jar:5.3.28]
	at javax.servlet.http.HttpServlet.service(HttpServlet.java:623) [tomcat-embed-core-9.0.76.jar:4.0.FR]
	at org.apache.catalina.core.ApplicationFilterChain.internalDoFilter(ApplicationFilterChain.java:209) [tomcat-embed-core-9.0.76.jar:9.0.76]
	at org.apache.catalina.core.ApplicationFilterChain.doFilter(ApplicationFilterChain.java:153) [tomcat-embed-core-9.0.76.jar:9.0.76]
	at org.apache.tomcat.websocket.server.WsFilter.doFilter(WsFilter.java:51) [tomcat-embed-websocket-9.0.76.jar:9.0.76]
	at org.apache.catalina.core.ApplicationFilterChain.internalDoFilter(ApplicationFilterChain.java:178) [tomcat-embed-core-9.0.76.jar:9.0.76]
	at org.apache.catalina.core.ApplicationFilterChain.doFilter(ApplicationFilterChain.java:153) [tomcat-embed-core-9.0.76.jar:9.0.76]
	at org.springframework.web.filter.RequestContextFilter.doFilterInternal(RequestContextFilter.java:100) [spring-web-5.3.28.jar:5.3.28]
	at org.springframework.web.filter.OncePerRequestFilter.doFilter(OncePerRequestFilter.java:117) [spring-web-5.3.28.jar:5.3.28]
	at org.apache.catalina.core.ApplicationFilterChain.internalDoFilter(ApplicationFilterChain.java:178) [tomcat-embed-core-9.0.76.jar:9.0.76]
	at org.apache.catalina.core.ApplicationFilterChain.doFilter(ApplicationFilterChain.java:153) [tomcat-embed-core-9.0.76.jar:9.0.76]
	at org.springframework.web.filter.FormContentFilter.doFilterInternal(FormContentFilter.java:93) [spring-web-5.3.28.jar:5.3.28]
	at org.springframework.web.filter.OncePerRequestFilter.doFilter(OncePerRequestFilter.java:117) [spring-web-5.3.28.jar:5.3.28]
	at org.apache.catalina.core.ApplicationFilterChain.internalDoFilter(ApplicationFilterChain.java:178) [tomcat-embed-core-9.0.76.jar:9.0.76]
	at org.apache.catalina.core.ApplicationFilterChain.doFilter(ApplicationFilterChain.java:153) [tomcat-embed-core-9.0.76.jar:9.0.76]
	at org.springframework.web.filter.CharacterEncodingFilter.doFilterInternal(CharacterEncodingFilter.java:201) [spring-web-5.3.28.jar:5.3.28]
	at org.springframework.web.filter.OncePerRequestFilter.doFilter(OncePerRequestFilter.java:117) [spring-web-5.3.28.jar:5.3.28]
	at org.apache.catalina.core.ApplicationFilterChain.internalDoFilter(ApplicationFilterChain.java:178) [tomcat-embed-core-9.0.76.jar:9.0.76]
	at org.apache.catalina.core.ApplicationFilterChain.doFilter(ApplicationFilterChain.java:153) [tomcat-embed-core-9.0.76.jar:9.0.76]
	at org.apache.catalina.core.StandardWrapperValve.invoke(StandardWrapperValve.java:167) [tomcat-embed-core-9.0.76.jar:9.0.76]
	at org.apache.catalina.core.StandardContextValve.invoke(StandardContextValve.java:90) [tomcat-embed-core-9.0.76.jar:9.0.76]
	at org.apache.catalina.authenticator.AuthenticatorBase.invoke(AuthenticatorBase.java:481) [tomcat-embed-core-9.0.76.jar:9.0.76]
	at org.apache.catalina.core.StandardHostValve.invoke(StandardHostValve.java:130) [tomcat-embed-core-9.0.76.jar:9.0.76]
	at org.apache.catalina.valves.ErrorReportValve.invoke(ErrorReportValve.java:93) [tomcat-embed-core-9.0.76.jar:9.0.76]
	at org.apache.catalina.core.StandardEngineValve.invoke(StandardEngineValve.java:74) [tomcat-embed-core-9.0.76.jar:9.0.76]
	at org.apache.catalina.connector.CoyoteAdapter.service(CoyoteAdapter.java:343) [tomcat-embed-core-9.0.76.jar:9.0.76]
	at org.apache.coyote.http11.Http11Processor.service(Http11Processor.java:390) [tomcat-embed-core-9.0.76.jar:9.0.76]
	at org.apache.coyote.AbstractProcessorLight.process(AbstractProcessorLight.java:63) [tomcat-embed-core-9.0.76.jar:9.0.76]
	at org.apache.coyote.AbstractProtocol$ConnectionHandler.process(AbstractProtocol.java:926) [tomcat-embed-core-9.0.76.jar:9.0.76]
	at org.apache.tomcat.util.net.NioEndpoint$SocketProcessor.doRun(NioEndpoint.java:1791) [tomcat-embed-core-9.0.76.jar:9.0.76]
	at org.apache.tomcat.util.net.SocketProcessorBase.run(SocketProcessorBase.java:52) [tomcat-embed-core-9.0.76.jar:9.0.76]
	at org.apache.tomcat.util.threads.ThreadPoolExecutor.runWorker(ThreadPoolExecutor.java:1191) [tomcat-embed-core-9.0.76.jar:9.0.76]
	at org.apache.tomcat.util.threads.ThreadPoolExecutor$Worker.run(ThreadPoolExecutor.java:659) [tomcat-embed-core-9.0.76.jar:9.0.76]
	at org.apache.tomcat.util.threads.TaskThread$WrappingRunnable.run(TaskThread.java:61) [tomcat-embed-core-9.0.76.jar:9.0.76]
	at java.lang.Thread.run(Thread.java:750) [na:1.8.0_502]

2026-08-20 22:37:01.737 DEBUG 54479 --- [   scheduling-1] c.p.i.m.IntelPushRuleMapper.selectList   : ==>  Preparing: SELECT id,rule_name,tags_filter,importance_filter,target_roles,channel,silent_period,status,version,deleted,created_at,updated_at FROM intel_push_rule WHERE deleted=false AND (status = ?)
2026-08-20 22:37:01.738 DEBUG 54479 --- [   scheduling-1] c.p.i.m.IntelPushRuleMapper.selectList   : ==> Parameters: active(String)
2026-08-20 22:37:01.739 DEBUG 54479 --- [   scheduling-1] c.p.i.m.IntelPushRuleMapper.selectList   : <==      Total: 3
2026-08-20 22:37:01.740 DEBUG 54479 --- [   scheduling-1] c.p.i.mapper.IntelNewsMapper.selectList  : ==>  Preparing: SELECT id,source_code,title,content,region_code,normalized_tags,importance,published_at,push_status,version,deleted,created_at,updated_at FROM intel_news WHERE deleted=false AND (push_status = ? AND importance = ?)
2026-08-20 22:37:01.740 DEBUG 54479 --- [   scheduling-1] c.p.i.mapper.IntelNewsMapper.selectList  : ==> Parameters: none(String), high(String)
2026-08-20 22:37:01.740 DEBUG 54479 --- [   scheduling-1] c.p.i.mapper.IntelNewsMapper.selectList  : <==      Total: 0
2026-08-20 22:37:01.741 DEBUG 54479 --- [   scheduling-1] c.p.i.mapper.IntelNewsMapper.selectList  : ==>  Preparing: SELECT id,source_code,title,content,region_code,normalized_tags,importance,published_at,push_status,version,deleted,created_at,updated_at FROM intel_news WHERE deleted=false AND (push_status = ? AND importance = ?)
2026-08-20 22:37:01.742 DEBUG 54479 --- [   scheduling-1] c.p.i.mapper.IntelNewsMapper.selectList  : ==> Parameters: none(String), medium(String)
2026-08-20 22:37:01.746 DEBUG 54479 --- [   scheduling-1] c.p.i.mapper.IntelNewsMapper.selectList  : <==      Total: 6
2026-08-20 22:37:01.747 DEBUG 54479 --- [   scheduling-1] c.p.i.mapper.IntelNewsMapper.selectList  : ==>  Preparing: SELECT id,source_code,title,content,region_code,normalized_tags,importance,published_at,push_status,version,deleted,created_at,updated_at FROM intel_news WHERE deleted=false AND (push_status = ? AND importance = ?)
2026-08-20 22:37:01.747 DEBUG 54479 --- [   scheduling-1] c.p.i.mapper.IntelNewsMapper.selectList  : ==> Parameters: none(String), high(String)
2026-08-20 22:37:01.748 DEBUG 54479 --- [   scheduling-1] c.p.i.mapper.IntelNewsMapper.selectList  : <==      Total: 0
2026-08-20 22:37:01.748  INFO 54479 --- [   scheduling-1] com.ptidss.intel.service.IntelService    : 情报推送执行完成：匹配情报 0 条，派发消息 0 条
2026-08-20 22:37:11.695 DEBUG 54479 --- [   scheduling-1] c.p.d.m.CollectTaskMapper.selectList     : ==>  Preparing: SELECT id,source_id,task_type,cron_expr,last_run_time,last_status,records_count,error_log,version,deleted,created_at,updated_at FROM collect_task WHERE deleted=false AND (cron_expr IS NOT NULL)
2026-08-20 22:37:11.695 DEBUG 54479 --- [   scheduling-1] c.p.d.m.CollectTaskMapper.selectList     : ==> Parameters: 
2026-08-20 22:37:11.696 DEBUG 54479 --- [   scheduling-1] c.p.d.m.CollectTaskMapper.selectList     : <==      Total: 3
2026-08-20 22:37:31.749 DEBUG 54479 --- [   scheduling-1] c.p.i.m.IntelPushRuleMapper.selectList   : ==>  Preparing: SELECT id,rule_name,tags_filter,importance_filter,target_roles,channel,silent_period,status,version,deleted,created_at,updated_at FROM intel_push_rule WHERE deleted=false AND (status = ?)
2026-08-20 22:37:31.749 DEBUG 54479 --- [   scheduling-1] c.p.i.m.IntelPushRuleMapper.selectList   : ==> Parameters: active(String)
2026-08-20 22:37:31.750 DEBUG 54479 --- [   scheduling-1] c.p.i.m.IntelPushRuleMapper.selectList   : <==      Total: 3
2026-08-20 22:37:31.751 DEBUG 54479 --- [   scheduling-1] c.p.i.mapper.IntelNewsMapper.selectList  : ==>  Preparing: SELECT id,source_code,title,content,region_code,normalized_tags,importance,published_at,push_status,version,deleted,created_at,updated_at FROM intel_news WHERE deleted=false AND (push_status = ? AND importance = ?)
2026-08-20 22:37:31.752 DEBUG 54479 --- [   scheduling-1] c.p.i.mapper.IntelNewsMapper.selectList  : ==> Parameters: none(String), high(String)
2026-08-20 22:37:31.752 DEBUG 54479 --- [   scheduling-1] c.p.i.mapper.IntelNewsMapper.selectList  : <==      Total: 0
2026-08-20 22:37:31.753 DEBUG 54479 --- [   scheduling-1] c.p.i.mapper.IntelNewsMapper.selectList  : ==>  Preparing: SELECT id,source_code,title,content,region_code,normalized_tags,importance,published_at,push_status,version,deleted,created_at,updated_at FROM intel_news WHERE deleted=false AND (push_status = ? AND importance = ?)
2026-08-20 22:37:31.753 DEBUG 54479 --- [   scheduling-1] c.p.i.mapper.IntelNewsMapper.selectList  : ==> Parameters: none(String), medium(String)
2026-08-20 22:37:31.754 DEBUG 54479 --- [   scheduling-1] c.p.i.mapper.IntelNewsMapper.selectList  : <==      Total: 6
2026-08-20 22:37:31.756 DEBUG 54479 --- [   scheduling-1] c.p.i.mapper.IntelNewsMapper.selectList  : ==>  Preparing: SELECT id,source_code,title,content,region_code,normalized_tags,importance,published_at,push_status,version,deleted,created_at,updated_at FROM intel_news WHERE deleted=false AND (push_status = ? AND importance = ?)
2026-08-20 22:37:31.756 DEBUG 54479 --- [   scheduling-1] c.p.i.mapper.IntelNewsMapper.selectList  : ==> Parameters: none(String), high(String)
2026-08-20 22:37:31.756 DEBUG 54479 --- [   scheduling-1] c.p.i.mapper.IntelNewsMapper.selectList  : <==      Total: 0
2026-08-20 22:37:31.756  INFO 54479 --- [   scheduling-1] com.ptidss.intel.service.IntelService    : 情报推送执行完成：匹配情报 0 条，派发消息 0 条
2026-08-20 22:38:01.758 DEBUG 54479 --- [   scheduling-1] c.p.i.m.IntelPushRuleMapper.selectList   : ==>  Preparing: SELECT id,rule_name,tags_filter,importance_filter,target_roles,channel,silent_period,status,version,deleted,created_at,updated_at FROM intel_push_rule WHERE deleted=false AND (status = ?)
2026-08-20 22:38:01.758 DEBUG 54479 --- [   scheduling-1] c.p.i.m.IntelPushRuleMapper.selectList   : ==> Parameters: active(String)
2026-08-20 22:38:01.759 DEBUG 54479 --- [   scheduling-1] c.p.i.m.IntelPushRuleMapper.selectList   : <==      Total: 3
2026-08-20 22:38:01.760 DEBUG 54479 --- [   scheduling-1] c.p.i.mapper.IntelNewsMapper.selectList  : ==>  Preparing: SELECT id,source_code,title,content,region_code,normalized_tags,importance,published_at,push_status,version,deleted,created_at,updated_at FROM intel_news WHERE deleted=false AND (push_status = ? AND importance = ?)
2026-08-20 22:38:01.760 DEBUG 54479 --- [   scheduling-1] c.p.i.mapper.IntelNewsMapper.selectList  : ==> Parameters: none(String), high(String)
2026-08-20 22:38:01.760 DEBUG 54479 --- [   scheduling-1] c.p.i.mapper.IntelNewsMapper.selectList  : <==      Total: 0
2026-08-20 22:38:01.761 DEBUG 54479 --- [   scheduling-1] c.p.i.mapper.IntelNewsMapper.selectList  : ==>  Preparing: SELECT id,source_code,title,content,region_code,normalized_tags,importance,published_at,push_status,version,deleted,created_at,updated_at FROM intel_news WHERE deleted=false AND (push_status = ? AND importance = ?)
2026-08-20 22:38:01.761 DEBUG 54479 --- [   scheduling-1] c.p.i.mapper.IntelNewsMapper.selectList  : ==> Parameters: none(String), medium(String)
2026-08-20 22:38:01.763 DEBUG 54479 --- [   scheduling-1] c.p.i.mapper.IntelNewsMapper.selectList  : <==      Total: 6
2026-08-20 22:38:01.764 DEBUG 54479 --- [   scheduling-1] c.p.i.mapper.IntelNewsMapper.selectList  : ==>  Preparing: SELECT id,source_code,title,content,region_code,normalized_tags,importance,published_at,push_status,version,deleted,created_at,updated_at FROM intel_news WHERE deleted=false AND (push_status = ? AND importance = ?)
2026-08-20 22:38:01.764 DEBUG 54479 --- [   scheduling-1] c.p.i.mapper.IntelNewsMapper.selectList  : ==> Parameters: none(String), high(String)
2026-08-20 22:38:01.765 DEBUG 54479 --- [   scheduling-1] c.p.i.mapper.IntelNewsMapper.selectList  : <==      Total: 0
2026-08-20 22:38:01.765  INFO 54479 --- [   scheduling-1] com.ptidss.intel.service.IntelService    : 情报推送执行完成：匹配情报 0 条，派发消息 0 条
2026-08-20 22:38:11.698 DEBUG 54479 --- [   scheduling-1] c.p.d.m.CollectTaskMapper.selectList     : ==>  Preparing: SELECT id,source_id,task_type,cron_expr,last_run_time,last_status,records_count,error_log,version,deleted,created_at,updated_at FROM collect_task WHERE deleted=false AND (cron_expr IS NOT NULL)
2026-08-20 22:38:11.699 DEBUG 54479 --- [   scheduling-1] c.p.d.m.CollectTaskMapper.selectList     : ==> Parameters: 
2026-08-20 22:38:11.700 DEBUG 54479 --- [   scheduling-1] c.p.d.m.CollectTaskMapper.selectList     : <==      Total: 3
2026-08-20 22:38:31.767 DEBUG 54479 --- [   scheduling-1] c.p.i.m.IntelPushRuleMapper.selectList   : ==>  Preparing: SELECT id,rule_name,tags_filter,importance_filter,target_roles,channel,silent_period,status,version,deleted,created_at,updated_at FROM intel_push_rule WHERE deleted=false AND (status = ?)
2026-08-20 22:38:31.768 DEBUG 54479 --- [   scheduling-1] c.p.i.m.IntelPushRuleMapper.selectList   : ==> Parameters: active(String)
2026-08-20 22:38:31.772 DEBUG 54479 --- [   scheduling-1] c.p.i.m.IntelPushRuleMapper.selectList   : <==      Total: 3
2026-08-20 22:38:31.773 DEBUG 54479 --- [   scheduling-1] c.p.i.mapper.IntelNewsMapper.selectList  : ==>  Preparing: SELECT id,source_code,title,content,region_code,normalized_tags,importance,published_at,push_status,version,deleted,created_at,updated_at FROM intel_news WHERE deleted=false AND (push_status = ? AND importance = ?)
2026-08-20 22:38:31.774 DEBUG 54479 --- [   scheduling-1] c.p.i.mapper.IntelNewsMapper.selectList  : ==> Parameters: none(String), high(String)
2026-08-20 22:38:31.774 DEBUG 54479 --- [   scheduling-1] c.p.i.mapper.IntelNewsMapper.selectList  : <==      Total: 0
2026-08-20 22:38:31.776 DEBUG 54479 --- [   scheduling-1] c.p.i.mapper.IntelNewsMapper.selectList  : ==>  Preparing: SELECT id,source_code,title,content,region_code,normalized_tags,importance,published_at,push_status,version,deleted,created_at,updated_at FROM intel_news WHERE deleted=false AND (push_status = ? AND importance = ?)
2026-08-20 22:38:31.776 DEBUG 54479 --- [   scheduling-1] c.p.i.mapper.IntelNewsMapper.selectList  : ==> Parameters: none(String), medium(String)
2026-08-20 22:38:31.778 DEBUG 54479 --- [   scheduling-1] c.p.i.mapper.IntelNewsMapper.selectList  : <==      Total: 6
2026-08-20 22:38:31.781 DEBUG 54479 --- [   scheduling-1] c.p.i.mapper.IntelNewsMapper.selectList  : ==>  Preparing: SELECT id,source_code,title,content,region_code,normalized_tags,importance,published_at,push_status,version,deleted,created_at,updated_at FROM intel_news WHERE deleted=false AND (push_status = ? AND importance = ?)
2026-08-20 22:38:31.781 DEBUG 54479 --- [   scheduling-1] c.p.i.mapper.IntelNewsMapper.selectList  : ==> Parameters: none(String), high(String)
2026-08-20 22:38:31.782 DEBUG 54479 --- [   scheduling-1] c.p.i.mapper.IntelNewsMapper.selectList  : <==      Total: 0
2026-08-20 22:38:31.782  INFO 54479 --- [   scheduling-1] com.ptidss.intel.service.IntelService    : 情报推送执行完成：匹配情报 0 条，派发消息 0 条
2026-08-20 22:39:01.784 DEBUG 54479 --- [   scheduling-1] c.p.i.m.IntelPushRuleMapper.selectList   : ==>  Preparing: SELECT id,rule_name,tags_filter,importance_filter,target_roles,channel,silent_period,status,version,deleted,created_at,updated_at FROM intel_push_rule WHERE deleted=false AND (status = ?)
2026-08-20 22:39:01.784 DEBUG 54479 --- [   scheduling-1] c.p.i.m.IntelPushRuleMapper.selectList   : ==> Parameters: active(String)
2026-08-20 22:39:01.785 DEBUG 54479 --- [   scheduling-1] c.p.i.m.IntelPushRuleMapper.selectList   : <==      Total: 3
2026-08-20 22:39:01.786 DEBUG 54479 --- [   scheduling-1] c.p.i.mapper.IntelNewsMapper.selectList  : ==>  Preparing: SELECT id,source_code,title,content,region_code,normalized_tags,importance,published_at,push_status,version,deleted,created_at,updated_at FROM intel_news WHERE deleted=false AND (push_status = ? AND importance = ?)
2026-08-20 22:39:01.786 DEBUG 54479 --- [   scheduling-1] c.p.i.mapper.IntelNewsMapper.selectList  : ==> Parameters: none(String), high(String)
2026-08-20 22:39:01.786 DEBUG 54479 --- [   scheduling-1] c.p.i.mapper.IntelNewsMapper.selectList  : <==      Total: 0
2026-08-20 22:39:01.787 DEBUG 54479 --- [   scheduling-1] c.p.i.mapper.IntelNewsMapper.selectList  : ==>  Preparing: SELECT id,source_code,title,content,region_code,normalized_tags,importance,published_at,push_status,version,deleted,created_at,updated_at FROM intel_news WHERE deleted=false AND (push_status = ? AND importance = ?)
2026-08-20 22:39:01.787 DEBUG 54479 --- [   scheduling-1] c.p.i.mapper.IntelNewsMapper.selectList  : ==> Parameters: none(String), medium(String)
2026-08-20 22:39:01.788 DEBUG 54479 --- [   scheduling-1] c.p.i.mapper.IntelNewsMapper.selectList  : <==      Total: 6
2026-08-20 22:39:01.789 DEBUG 54479 --- [   scheduling-1] c.p.i.mapper.IntelNewsMapper.selectList  : ==>  Preparing: SELECT id,source_code,title,content,region_code,normalized_tags,importance,published_at,push_status,version,deleted,created_at,updated_at FROM intel_news WHERE deleted=false AND (push_status = ? AND importance = ?)
2026-08-20 22:39:01.789 DEBUG 54479 --- [   scheduling-1] c.p.i.mapper.IntelNewsMapper.selectList  : ==> Parameters: none(String), high(String)
2026-08-20 22:39:01.789 DEBUG 54479 --- [   scheduling-1] c.p.i.mapper.IntelNewsMapper.selectList  : <==      Total: 0
2026-08-20 22:39:01.790  INFO 54479 --- [   scheduling-1] com.ptidss.intel.service.IntelService    : 情报推送执行完成：匹配情报 0 条，派发消息 0 条
2026-08-20 22:39:11.701 DEBUG 54479 --- [   scheduling-1] c.p.d.m.CollectTaskMapper.selectList     : ==>  Preparing: SELECT id,source_id,task_type,cron_expr,last_run_time,last_status,records_count,error_log,version,deleted,created_at,updated_at FROM collect_task WHERE deleted=false AND (cron_expr IS NOT NULL)
2026-08-20 22:39:11.702 DEBUG 54479 --- [   scheduling-1] c.p.d.m.CollectTaskMapper.selectList     : ==> Parameters: 
2026-08-20 22:39:11.703 DEBUG 54479 --- [   scheduling-1] c.p.d.m.CollectTaskMapper.selectList     : <==      Total: 3
2026-08-20 22:39:31.791 DEBUG 54479 --- [   scheduling-1] c.p.i.m.IntelPushRuleMapper.selectList   : ==>  Preparing: SELECT id,rule_name,tags_filter,importance_filter,target_roles,channel,silent_period,status,version,deleted,created_at,updated_at FROM intel_push_rule WHERE deleted=false AND (status = ?)
2026-08-20 22:39:31.791 DEBUG 54479 --- [   scheduling-1] c.p.i.m.IntelPushRuleMapper.selectList   : ==> Parameters: active(String)
2026-08-20 22:39:31.792 DEBUG 54479 --- [   scheduling-1] c.p.i.m.IntelPushRuleMapper.selectList   : <==      Total: 3
2026-08-20 22:39:31.793 DEBUG 54479 --- [   scheduling-1] c.p.i.mapper.IntelNewsMapper.selectList  : ==>  Preparing: SELECT id,source_code,title,content,region_code,normalized_tags,importance,published_at,push_status,version,deleted,created_at,updated_at FROM intel_news WHERE deleted=false AND (push_status = ? AND importance = ?)
2026-08-20 22:39:31.793 DEBUG 54479 --- [   scheduling-1] c.p.i.mapper.IntelNewsMapper.selectList  : ==> Parameters: none(String), high(String)
2026-08-20 22:39:31.793 DEBUG 54479 --- [   scheduling-1] c.p.i.mapper.IntelNewsMapper.selectList  : <==      Total: 0
2026-08-20 22:39:31.794 DEBUG 54479 --- [   scheduling-1] c.p.i.mapper.IntelNewsMapper.selectList  : ==>  Preparing: SELECT id,source_code,title,content,region_code,normalized_tags,importance,published_at,push_status,version,deleted,created_at,updated_at FROM intel_news WHERE deleted=false AND (push_status = ? AND importance = ?)
2026-08-20 22:39:31.794 DEBUG 54479 --- [   scheduling-1] c.p.i.mapper.IntelNewsMapper.selectList  : ==> Parameters: none(String), medium(String)
2026-08-20 22:39:31.795 DEBUG 54479 --- [   scheduling-1] c.p.i.mapper.IntelNewsMapper.selectList  : <==      Total: 6
2026-08-20 22:39:31.797 DEBUG 54479 --- [   scheduling-1] c.p.i.mapper.IntelNewsMapper.selectList  : ==>  Preparing: SELECT id,source_code,title,content,region_code,normalized_tags,importance,published_at,push_status,version,deleted,created_at,updated_at FROM intel_news WHERE deleted=false AND (push_status = ? AND importance = ?)
2026-08-20 22:39:31.797 DEBUG 54479 --- [   scheduling-1] c.p.i.mapper.IntelNewsMapper.selectList  : ==> Parameters: none(String), high(String)
2026-08-20 22:39:31.797 DEBUG 54479 --- [   scheduling-1] c.p.i.mapper.IntelNewsMapper.selectList  : <==      Total: 0
2026-08-20 22:39:31.797  INFO 54479 --- [   scheduling-1] com.ptidss.intel.service.IntelService    : 情报推送执行完成：匹配情报 0 条，派发消息 0 条
2026-08-20 22:40:01.799 DEBUG 54479 --- [   scheduling-1] c.p.i.m.IntelPushRuleMapper.selectList   : ==>  Preparing: SELECT id,rule_name,tags_filter,importance_filter,target_roles,channel,silent_period,status,version,deleted,created_at,updated_at FROM intel_push_rule WHERE deleted=false AND (status = ?)
2026-08-20 22:40:01.799 DEBUG 54479 --- [   scheduling-1] c.p.i.m.IntelPushRuleMapper.selectList   : ==> Parameters: active(String)
2026-08-20 22:40:01.800 DEBUG 54479 --- [   scheduling-1] c.p.i.m.IntelPushRuleMapper.selectList   : <==      Total: 3
2026-08-20 22:40:01.800 DEBUG 54479 --- [   scheduling-1] c.p.i.mapper.IntelNewsMapper.selectList  : ==>  Preparing: SELECT id,source_code,title,content,region_code,normalized_tags,importance,published_at,push_status,version,deleted,created_at,updated_at FROM intel_news WHERE deleted=false AND (push_status = ? AND importance = ?)
2026-08-20 22:40:01.800 DEBUG 54479 --- [   scheduling-1] c.p.i.mapper.IntelNewsMapper.selectList  : ==> Parameters: none(String), high(String)
2026-08-20 22:40:01.801 DEBUG 54479 --- [   scheduling-1] c.p.i.mapper.IntelNewsMapper.selectList  : <==      Total: 0
2026-08-20 22:40:01.802 DEBUG 54479 --- [   scheduling-1] c.p.i.mapper.IntelNewsMapper.selectList  : ==>  Preparing: SELECT id,source_code,title,content,region_code,normalized_tags,importance,published_at,push_status,version,deleted,created_at,updated_at FROM intel_news WHERE deleted=false AND (push_status = ? AND importance = ?)
2026-08-20 22:40:01.802 DEBUG 54479 --- [   scheduling-1] c.p.i.mapper.IntelNewsMapper.selectList  : ==> Parameters: none(String), medium(String)
2026-08-20 22:40:01.803 DEBUG 54479 --- [   scheduling-1] c.p.i.mapper.IntelNewsMapper.selectList  : <==      Total: 6
2026-08-20 22:40:01.805 DEBUG 54479 --- [   scheduling-1] c.p.i.mapper.IntelNewsMapper.selectList  : ==>  Preparing: SELECT id,source_code,title,content,region_code,normalized_tags,importance,published_at,push_status,version,deleted,created_at,updated_at FROM intel_news WHERE deleted=false AND (push_status = ? AND importance = ?)
2026-08-20 22:40:01.805 DEBUG 54479 --- [   scheduling-1] c.p.i.mapper.IntelNewsMapper.selectList  : ==> Parameters: none(String), high(String)
2026-08-20 22:40:01.805 DEBUG 54479 --- [   scheduling-1] c.p.i.mapper.IntelNewsMapper.selectList  : <==      Total: 0
2026-08-20 22:40:01.805  INFO 54479 --- [   scheduling-1] com.ptidss.intel.service.IntelService    : 情报推送执行完成：匹配情报 0 条，派发消息 0 条
2026-08-20 22:40:11.704 DEBUG 54479 --- [   scheduling-1] c.p.d.m.CollectTaskMapper.selectList     : ==>  Preparing: SELECT id,source_id,task_type,cron_expr,last_run_time,last_status,records_count,error_log,version,deleted,created_at,updated_at FROM collect_task WHERE deleted=false AND (cron_expr IS NOT NULL)
2026-08-20 22:40:11.704 DEBUG 54479 --- [   scheduling-1] c.p.d.m.CollectTaskMapper.selectList     : ==> Parameters: 
2026-08-20 22:40:11.707 DEBUG 54479 --- [   scheduling-1] c.p.d.m.CollectTaskMapper.selectList     : <==      Total: 3
2026-08-20 22:40:31.808 DEBUG 54479 --- [   scheduling-1] c.p.i.m.IntelPushRuleMapper.selectList   : ==>  Preparing: SELECT id,rule_name,tags_filter,importance_filter,target_roles,channel,silent_period,status,version,deleted,created_at,updated_at FROM intel_push_rule WHERE deleted=false AND (status = ?)
2026-08-20 22:40:31.809 DEBUG 54479 --- [   scheduling-1] c.p.i.m.IntelPushRuleMapper.selectList   : ==> Parameters: active(String)
2026-08-20 22:40:31.811 DEBUG 54479 --- [   scheduling-1] c.p.i.m.IntelPushRuleMapper.selectList   : <==      Total: 3
2026-08-20 22:40:31.816 DEBUG 54479 --- [   scheduling-1] c.p.i.mapper.IntelNewsMapper.selectList  : ==>  Preparing: SELECT id,source_code,title,content,region_code,normalized_tags,importance,published_at,push_status,version,deleted,created_at,updated_at FROM intel_news WHERE deleted=false AND (push_status = ? AND importance = ?)
2026-08-20 22:40:31.816 DEBUG 54479 --- [   scheduling-1] c.p.i.mapper.IntelNewsMapper.selectList  : ==> Parameters: none(String), high(String)
2026-08-20 22:40:31.817 DEBUG 54479 --- [   scheduling-1] c.p.i.mapper.IntelNewsMapper.selectList  : <==      Total: 0
2026-08-20 22:40:31.820 DEBUG 54479 --- [   scheduling-1] c.p.i.mapper.IntelNewsMapper.selectList  : ==>  Preparing: SELECT id,source_code,title,content,region_code,normalized_tags,importance,published_at,push_status,version,deleted,created_at,updated_at FROM intel_news WHERE deleted=false AND (push_status = ? AND importance = ?)
2026-08-20 22:40:31.820 DEBUG 54479 --- [   scheduling-1] c.p.i.mapper.IntelNewsMapper.selectList  : ==> Parameters: none(String), medium(String)
2026-08-20 22:40:31.823 DEBUG 54479 --- [   scheduling-1] c.p.i.mapper.IntelNewsMapper.selectList  : <==      Total: 6
2026-08-20 22:40:31.826 DEBUG 54479 --- [   scheduling-1] c.p.i.mapper.IntelNewsMapper.selectList  : ==>  Preparing: SELECT id,source_code,title,content,region_code,normalized_tags,importance,published_at,push_status,version,deleted,created_at,updated_at FROM intel_news WHERE deleted=false AND (push_status = ? AND importance = ?)
2026-08-20 22:40:31.826 DEBUG 54479 --- [   scheduling-1] c.p.i.mapper.IntelNewsMapper.selectList  : ==> Parameters: none(String), high(String)
2026-08-20 22:40:31.827 DEBUG 54479 --- [   scheduling-1] c.p.i.mapper.IntelNewsMapper.selectList  : <==      Total: 0
2026-08-20 22:40:31.828  INFO 54479 --- [   scheduling-1] com.ptidss.intel.service.IntelService    : 情报推送执行完成：匹配情报 0 条，派发消息 0 条
2026-08-20 22:41:01.829 DEBUG 54479 --- [   scheduling-1] c.p.i.m.IntelPushRuleMapper.selectList   : ==>  Preparing: SELECT id,rule_name,tags_filter,importance_filter,target_roles,channel,silent_period,status,version,deleted,created_at,updated_at FROM intel_push_rule WHERE deleted=false AND (status = ?)
2026-08-20 22:41:01.829 DEBUG 54479 --- [   scheduling-1] c.p.i.m.IntelPushRuleMapper.selectList   : ==> Parameters: active(String)
2026-08-20 22:41:01.830 DEBUG 54479 --- [   scheduling-1] c.p.i.m.IntelPushRuleMapper.selectList   : <==      Total: 3
2026-08-20 22:41:01.831 DEBUG 54479 --- [   scheduling-1] c.p.i.mapper.IntelNewsMapper.selectList  : ==>  Preparing: SELECT id,source_code,title,content,region_code,normalized_tags,importance,published_at,push_status,version,deleted,created_at,updated_at FROM intel_news WHERE deleted=false AND (push_status = ? AND importance = ?)
2026-08-20 22:41:01.832 DEBUG 54479 --- [   scheduling-1] c.p.i.mapper.IntelNewsMapper.selectList  : ==> Parameters: none(String), high(String)
2026-08-20 22:41:01.832 DEBUG 54479 --- [   scheduling-1] c.p.i.mapper.IntelNewsMapper.selectList  : <==      Total: 0
2026-08-20 22:41:01.833 DEBUG 54479 --- [   scheduling-1] c.p.i.mapper.IntelNewsMapper.selectList  : ==>  Preparing: SELECT id,source_code,title,content,region_code,normalized_tags,importance,published_at,push_status,version,deleted,created_at,updated_at FROM intel_news WHERE deleted=false AND (push_status = ? AND importance = ?)
2026-08-20 22:41:01.833 DEBUG 54479 --- [   scheduling-1] c.p.i.mapper.IntelNewsMapper.selectList  : ==> Parameters: none(String), medium(String)
2026-08-20 22:41:01.834 DEBUG 54479 --- [   scheduling-1] c.p.i.mapper.IntelNewsMapper.selectList  : <==      Total: 6
2026-08-20 22:41:01.835 DEBUG 54479 --- [   scheduling-1] c.p.i.mapper.IntelNewsMapper.selectList  : ==>  Preparing: SELECT id,source_code,title,content,region_code,normalized_tags,importance,published_at,push_status,version,deleted,created_at,updated_at FROM intel_news WHERE deleted=false AND (push_status = ? AND importance = ?)
2026-08-20 22:41:01.835 DEBUG 54479 --- [   scheduling-1] c.p.i.mapper.IntelNewsMapper.selectList  : ==> Parameters: none(String), high(String)
2026-08-20 22:41:01.836 DEBUG 54479 --- [   scheduling-1] c.p.i.mapper.IntelNewsMapper.selectList  : <==      Total: 0
2026-08-20 22:41:01.836  INFO 54479 --- [   scheduling-1] com.ptidss.intel.service.IntelService    : 情报推送执行完成：匹配情报 0 条，派发消息 0 条
2026-08-20 22:41:11.709 DEBUG 54479 --- [   scheduling-1] c.p.d.m.CollectTaskMapper.selectList     : ==>  Preparing: SELECT id,source_id,task_type,cron_expr,last_run_time,last_status,records_count,error_log,version,deleted,created_at,updated_at FROM collect_task WHERE deleted=false AND (cron_expr IS NOT NULL)
2026-08-20 22:41:11.710 DEBUG 54479 --- [   scheduling-1] c.p.d.m.CollectTaskMapper.selectList     : ==> Parameters: 
2026-08-20 22:41:11.710 DEBUG 54479 --- [   scheduling-1] c.p.d.m.CollectTaskMapper.selectList     : <==      Total: 3
2026-08-20 22:41:31.839 DEBUG 54479 --- [   scheduling-1] c.p.i.m.IntelPushRuleMapper.selectList   : ==>  Preparing: SELECT id,rule_name,tags_filter,importance_filter,target_roles,channel,silent_period,status,version,deleted,created_at,updated_at FROM intel_push_rule WHERE deleted=false AND (status = ?)
2026-08-20 22:41:31.839 DEBUG 54479 --- [   scheduling-1] c.p.i.m.IntelPushRuleMapper.selectList   : ==> Parameters: active(String)
2026-08-20 22:41:31.843 DEBUG 54479 --- [   scheduling-1] c.p.i.m.IntelPushRuleMapper.selectList   : <==      Total: 3
2026-08-20 22:41:31.844 DEBUG 54479 --- [   scheduling-1] c.p.i.mapper.IntelNewsMapper.selectList  : ==>  Preparing: SELECT id,source_code,title,content,region_code,normalized_tags,importance,published_at,push_status,version,deleted,created_at,updated_at FROM intel_news WHERE deleted=false AND (push_status = ? AND importance = ?)
2026-08-20 22:41:31.845 DEBUG 54479 --- [   scheduling-1] c.p.i.mapper.IntelNewsMapper.selectList  : ==> Parameters: none(String), high(String)
2026-08-20 22:41:31.845 DEBUG 54479 --- [   scheduling-1] c.p.i.mapper.IntelNewsMapper.selectList  : <==      Total: 0
2026-08-20 22:41:31.846 DEBUG 54479 --- [   scheduling-1] c.p.i.mapper.IntelNewsMapper.selectList  : ==>  Preparing: SELECT id,source_code,title,content,region_code,normalized_tags,importance,published_at,push_status,version,deleted,created_at,updated_at FROM intel_news WHERE deleted=false AND (push_status = ? AND importance = ?)
2026-08-20 22:41:31.846 DEBUG 54479 --- [   scheduling-1] c.p.i.mapper.IntelNewsMapper.selectList  : ==> Parameters: none(String), medium(String)
2026-08-20 22:41:31.850 DEBUG 54479 --- [   scheduling-1] c.p.i.mapper.IntelNewsMapper.selectList  : <==      Total: 6
2026-08-20 22:41:31.852 DEBUG 54479 --- [   scheduling-1] c.p.i.mapper.IntelNewsMapper.selectList  : ==>  Preparing: SELECT id,source_code,title,content,region_code,normalized_tags,importance,published_at,push_status,version,deleted,created_at,updated_at FROM intel_news WHERE deleted=false AND (push_status = ? AND importance = ?)
2026-08-20 22:41:31.852 DEBUG 54479 --- [   scheduling-1] c.p.i.mapper.IntelNewsMapper.selectList  : ==> Parameters: none(String), high(String)
2026-08-20 22:41:31.853 DEBUG 54479 --- [   scheduling-1] c.p.i.mapper.IntelNewsMapper.selectList  : <==      Total: 0
2026-08-20 22:41:31.853  INFO 54479 --- [   scheduling-1] com.ptidss.intel.service.IntelService    : 情报推送执行完成：匹配情报 0 条，派发消息 0 条
2026-08-20 22:41:35.702 DEBUG 54479 --- [nio-9080-exec-6] c.p.s.mapper.SysUserMapper.selectList    : ==>  Preparing: SELECT id,username,display_name,password_hash,role_ids,org_code,phone,email,status,last_login_at,version,deleted,created_at,updated_at FROM sys_user WHERE deleted=false AND (username = ?)
2026-08-20 22:41:35.702 DEBUG 54479 --- [nio-9080-exec-6] c.p.s.mapper.SysUserMapper.selectList    : ==> Parameters: admin(String)
2026-08-20 22:41:35.704 DEBUG 54479 --- [nio-9080-exec-6] c.p.s.mapper.SysUserMapper.selectList    : <==      Total: 1
2026-08-20 22:41:35.805 DEBUG 54479 --- [nio-9080-exec-6] c.p.s.m.SysRoleMapper.selectBatchIds     : ==>  Preparing: SELECT id,role_code,role_name,description,status,version,deleted,created_at,updated_at FROM sys_role WHERE id IN ( ? ) AND deleted=false
2026-08-20 22:41:35.805 DEBUG 54479 --- [nio-9080-exec-6] c.p.s.m.SysRoleMapper.selectBatchIds     : ==> Parameters: 4(Long)
2026-08-20 22:41:35.805 DEBUG 54479 --- [nio-9080-exec-6] c.p.s.m.SysRoleMapper.selectBatchIds     : <==      Total: 1
2026-08-20 22:41:35.806 DEBUG 54479 --- [nio-9080-exec-6] c.p.s.m.SysPermissionMapper.selectList   : ==>  Preparing: SELECT id,perm_code,perm_name,resource_type,resource_pattern,status,version,deleted,created_at,updated_at FROM sys_permission WHERE deleted=false AND (status = ? AND EXISTS (SELECT 1 FROM sys_role_permission rp WHERE rp.permission_id = sys_permission.id AND rp.role_id = ?))
2026-08-20 22:41:35.806 DEBUG 54479 --- [nio-9080-exec-6] c.p.s.m.SysPermissionMapper.selectList   : ==> Parameters: active(String), 4(Long)
2026-08-20 22:41:35.808 DEBUG 54479 --- [nio-9080-exec-6] c.p.s.m.SysPermissionMapper.selectList   : <==      Total: 18
2026-08-20 22:41:35.809 DEBUG 54479 --- [nio-9080-exec-6] c.p.s.m.SysUserRegionMapper.selectList   : ==>  Preparing: SELECT user_id,region_code FROM sys_user_region WHERE (user_id = ?)
2026-08-20 22:41:35.810 DEBUG 54479 --- [nio-9080-exec-6] c.p.s.m.SysUserRegionMapper.selectList   : ==> Parameters: 1(Long)
2026-08-20 22:41:35.811 DEBUG 54479 --- [nio-9080-exec-6] c.p.s.m.SysUserRegionMapper.selectList   : <==      Total: 4
2026-08-20 22:41:35.811 DEBUG 54479 --- [nio-9080-exec-6] c.p.s.mapper.SysRegionMapper.selectList  : ==>  Preparing: SELECT id,region_code,region_name,market_support,exchange_channel,settlement_period,status,launch_order,version,deleted,created_at,updated_at FROM sys_region WHERE deleted=false AND (region_code = ? AND status = ?)
2026-08-20 22:41:35.812 DEBUG 54479 --- [nio-9080-exec-6] c.p.s.mapper.SysRegionMapper.selectList  : ==> Parameters: CN-31(String), enabled(String)
2026-08-20 22:41:35.812 DEBUG 54479 --- [nio-9080-exec-6] c.p.s.mapper.SysRegionMapper.selectList  : <==      Total: 1
2026-08-20 22:41:35.815 DEBUG 54479 --- [nio-9080-exec-6] c.p.s.mapper.SysUserMapper.updateById    : ==>  Preparing: UPDATE sys_user SET last_login_at=?, updated_at=? WHERE id=? AND deleted=false
2026-08-20 22:41:35.815 DEBUG 54479 --- [nio-9080-exec-6] c.p.s.mapper.SysUserMapper.updateById    : ==> Parameters: 2026-08-20 22:41:35.813(Timestamp), 2026-08-20 22:41:35.815(Timestamp), 1(Long)
2026-08-20 22:41:35.818 DEBUG 54479 --- [nio-9080-exec-6] c.p.s.mapper.SysUserMapper.updateById    : <==    Updates: 1
2026-08-20 22:41:35.819 DEBUG 54479 --- [nio-9080-exec-6] c.p.system.mapper.AuditLogMapper.insert  : ==>  Preparing: INSERT INTO audit_log ( id, trace_id, user_id, username, action, target_type, target_id, ip, user_agent, result, created_at ) VALUES ( ?, ?, ?, ?, ?, ?, ?, ?, ?, ?, ? )
2026-08-20 22:41:35.819 DEBUG 54479 --- [nio-9080-exec-6] c.p.system.mapper.AuditLogMapper.insert  : ==> Parameters: 216205029038755840(Long), 6926fde1754c4ea6(String), 0(Long), admin(String), login(String), auth(String), LoginBody(username=admin, password=Ptidss@2026, captchaKey=null,(String), 0:0:0:0:0:0:0:1(String), curl/8.5.0(String), success(String), 2026-08-20 22:41:35.818(Timestamp)
2026-08-20 22:41:35.820 DEBUG 54479 --- [nio-9080-exec-6] c.p.system.mapper.AuditLogMapper.insert  : <==    Updates: 1
2026-08-20 22:41:35.983 ERROR 54479 --- [nio-9080-exec-4] c.p.c.exception.GlobalExceptionHandler   : 系统异常：GET /ptidss/market/price/spot

org.springframework.web.method.annotation.MethodArgumentTypeMismatchException: Failed to convert value of type 'java.lang.String' to required type 'java.util.Date'; nested exception is org.springframework.core.convert.ConversionFailedException: Failed to convert from type [java.lang.String] to type [@org.springframework.web.bind.annotation.RequestParam @org.springframework.format.annotation.DateTimeFormat java.util.Date] for value [2026-08-20 00:00]; nested exception is java.lang.IllegalArgumentException: Parse attempt failed for value [2026-08-20 00:00]
	at org.springframework.web.method.annotation.AbstractNamedValueMethodArgumentResolver.resolveArgument(AbstractNamedValueMethodArgumentResolver.java:133) ~[spring-web-5.3.28.jar:5.3.28]
	at org.springframework.web.method.support.HandlerMethodArgumentResolverComposite.resolveArgument(HandlerMethodArgumentResolverComposite.java:122) ~[spring-web-5.3.28.jar:5.3.28]
	at org.springframework.web.method.support.InvocableHandlerMethod.getMethodArgumentValues(InvocableHandlerMethod.java:179) ~[spring-web-5.3.28.jar:5.3.28]
	at org.springframework.web.method.support.InvocableHandlerMethod.invokeForRequest(InvocableHandlerMethod.java:146) ~[spring-web-5.3.28.jar:5.3.28]
	at org.springframework.web.servlet.mvc.method.annotation.ServletInvocableHandlerMethod.invokeAndHandle(ServletInvocableHandlerMethod.java:117) ~[spring-webmvc-5.3.28.jar:5.3.28]
	at org.springframework.web.servlet.mvc.method.annotation.RequestMappingHandlerAdapter.invokeHandlerMethod(RequestMappingHandlerAdapter.java:895) ~[spring-webmvc-5.3.28.jar:5.3.28]
	at org.springframework.web.servlet.mvc.method.annotation.RequestMappingHandlerAdapter.handleInternal(RequestMappingHandlerAdapter.java:808) ~[spring-webmvc-5.3.28.jar:5.3.28]
	at org.springframework.web.servlet.mvc.method.AbstractHandlerMethodAdapter.handle(AbstractHandlerMethodAdapter.java:87) ~[spring-webmvc-5.3.28.jar:5.3.28]
	at org.springframework.web.servlet.DispatcherServlet.doDispatch(DispatcherServlet.java:1072) ~[spring-webmvc-5.3.28.jar:5.3.28]
	at org.springframework.web.servlet.DispatcherServlet.doService(DispatcherServlet.java:965) ~[spring-webmvc-5.3.28.jar:5.3.28]
	at org.springframework.web.servlet.FrameworkServlet.processRequest(FrameworkServlet.java:1006) [spring-webmvc-5.3.28.jar:5.3.28]
	at org.springframework.web.servlet.FrameworkServlet.doGet(FrameworkServlet.java:898) [spring-webmvc-5.3.28.jar:5.3.28]
	at javax.servlet.http.HttpServlet.service(HttpServlet.java:529) [tomcat-embed-core-9.0.76.jar:4.0.FR]
	at org.springframework.web.servlet.FrameworkServlet.service(FrameworkServlet.java:883) [spring-webmvc-5.3.28.jar:5.3.28]
	at javax.servlet.http.HttpServlet.service(HttpServlet.java:623) [tomcat-embed-core-9.0.76.jar:4.0.FR]
	at org.apache.catalina.core.ApplicationFilterChain.internalDoFilter(ApplicationFilterChain.java:209) [tomcat-embed-core-9.0.76.jar:9.0.76]
	at org.apache.catalina.core.ApplicationFilterChain.doFilter(ApplicationFilterChain.java:153) [tomcat-embed-core-9.0.76.jar:9.0.76]
	at org.apache.tomcat.websocket.server.WsFilter.doFilter(WsFilter.java:51) [tomcat-embed-websocket-9.0.76.jar:9.0.76]
	at org.apache.catalina.core.ApplicationFilterChain.internalDoFilter(ApplicationFilterChain.java:178) [tomcat-embed-core-9.0.76.jar:9.0.76]
	at org.apache.catalina.core.ApplicationFilterChain.doFilter(ApplicationFilterChain.java:153) [tomcat-embed-core-9.0.76.jar:9.0.76]
	at org.springframework.web.filter.RequestContextFilter.doFilterInternal(RequestContextFilter.java:100) [spring-web-5.3.28.jar:5.3.28]
	at org.springframework.web.filter.OncePerRequestFilter.doFilter(OncePerRequestFilter.java:117) [spring-web-5.3.28.jar:5.3.28]
	at org.apache.catalina.core.ApplicationFilterChain.internalDoFilter(ApplicationFilterChain.java:178) [tomcat-embed-core-9.0.76.jar:9.0.76]
	at org.apache.catalina.core.ApplicationFilterChain.doFilter(ApplicationFilterChain.java:153) [tomcat-embed-core-9.0.76.jar:9.0.76]
	at org.springframework.web.filter.FormContentFilter.doFilterInternal(FormContentFilter.java:93) [spring-web-5.3.28.jar:5.3.28]
	at org.springframework.web.filter.OncePerRequestFilter.doFilter(OncePerRequestFilter.java:117) [spring-web-5.3.28.jar:5.3.28]
	at org.apache.catalina.core.ApplicationFilterChain.internalDoFilter(ApplicationFilterChain.java:178) [tomcat-embed-core-9.0.76.jar:9.0.76]
	at org.apache.catalina.core.ApplicationFilterChain.doFilter(ApplicationFilterChain.java:153) [tomcat-embed-core-9.0.76.jar:9.0.76]
	at org.springframework.web.filter.CharacterEncodingFilter.doFilterInternal(CharacterEncodingFilter.java:201) [spring-web-5.3.28.jar:5.3.28]
	at org.springframework.web.filter.OncePerRequestFilter.doFilter(OncePerRequestFilter.java:117) [spring-web-5.3.28.jar:5.3.28]
	at org.apache.catalina.core.ApplicationFilterChain.internalDoFilter(ApplicationFilterChain.java:178) [tomcat-embed-core-9.0.76.jar:9.0.76]
	at org.apache.catalina.core.ApplicationFilterChain.doFilter(ApplicationFilterChain.java:153) [tomcat-embed-core-9.0.76.jar:9.0.76]
	at org.apache.catalina.core.StandardWrapperValve.invoke(StandardWrapperValve.java:167) [tomcat-embed-core-9.0.76.jar:9.0.76]
	at org.apache.catalina.core.StandardContextValve.invoke(StandardContextValve.java:90) [tomcat-embed-core-9.0.76.jar:9.0.76]
	at org.apache.catalina.authenticator.AuthenticatorBase.invoke(AuthenticatorBase.java:481) [tomcat-embed-core-9.0.76.jar:9.0.76]
	at org.apache.catalina.core.StandardHostValve.invoke(StandardHostValve.java:130) [tomcat-embed-core-9.0.76.jar:9.0.76]
	at org.apache.catalina.valves.ErrorReportValve.invoke(ErrorReportValve.java:93) [tomcat-embed-core-9.0.76.jar:9.0.76]
	at org.apache.catalina.core.StandardEngineValve.invoke(StandardEngineValve.java:74) [tomcat-embed-core-9.0.76.jar:9.0.76]
	at org.apache.catalina.connector.CoyoteAdapter.service(CoyoteAdapter.java:343) [tomcat-embed-core-9.0.76.jar:9.0.76]
	at org.apache.coyote.http11.Http11Processor.service(Http11Processor.java:390) [tomcat-embed-core-9.0.76.jar:9.0.76]
	at org.apache.coyote.AbstractProcessorLight.process(AbstractProcessorLight.java:63) [tomcat-embed-core-9.0.76.jar:9.0.76]
	at org.apache.coyote.AbstractProtocol$ConnectionHandler.process(AbstractProtocol.java:926) [tomcat-embed-core-9.0.76.jar:9.0.76]
	at org.apache.tomcat.util.net.NioEndpoint$SocketProcessor.doRun(NioEndpoint.java:1791) [tomcat-embed-core-9.0.76.jar:9.0.76]
	at org.apache.tomcat.util.net.SocketProcessorBase.run(SocketProcessorBase.java:52) [tomcat-embed-core-9.0.76.jar:9.0.76]
	at org.apache.tomcat.util.threads.ThreadPoolExecutor.runWorker(ThreadPoolExecutor.java:1191) [tomcat-embed-core-9.0.76.jar:9.0.76]
	at org.apache.tomcat.util.threads.ThreadPoolExecutor$Worker.run(ThreadPoolExecutor.java:659) [tomcat-embed-core-9.0.76.jar:9.0.76]
	at org.apache.tomcat.util.threads.TaskThread$WrappingRunnable.run(TaskThread.java:61) [tomcat-embed-core-9.0.76.jar:9.0.76]
	at java.lang.Thread.run(Thread.java:750) [na:1.8.0_502]
Caused by: org.springframework.core.convert.ConversionFailedException: Failed to convert from type [java.lang.String] to type [@org.springframework.web.bind.annotation.RequestParam @org.springframework.format.annotation.DateTimeFormat java.util.Date] for value [2026-08-20 00:00]; nested exception is java.lang.IllegalArgumentException: Parse attempt failed for value [2026-08-20 00:00]
	at org.springframework.core.convert.support.ConversionUtils.invokeConverter(ConversionUtils.java:47) ~[spring-core-5.3.28.jar:5.3.28]
	at org.springframework.core.convert.support.GenericConversionService.convert(GenericConversionService.java:192) ~[spring-core-5.3.28.jar:5.3.28]
	at org.springframework.beans.TypeConverterDelegate.convertIfNecessary(TypeConverterDelegate.java:129) ~[spring-beans-5.3.28.jar:5.3.28]
	at org.springframework.beans.TypeConverterSupport.convertIfNecessary(TypeConverterSupport.java:73) ~[spring-beans-5.3.28.jar:5.3.28]
	at org.springframework.beans.TypeConverterSupport.convertIfNecessary(TypeConverterSupport.java:53) ~[spring-beans-5.3.28.jar:5.3.28]
	at org.springframework.validation.DataBinder.convertIfNecessary(DataBinder.java:729) ~[spring-context-5.3.28.jar:5.3.28]
	at org.springframework.web.method.annotation.AbstractNamedValueMethodArgumentResolver.resolveArgument(AbstractNamedValueMethodArgumentResolver.java:125) ~[spring-web-5.3.28.jar:5.3.28]
	... 47 common frames omitted
Caused by: java.lang.IllegalArgumentException: Parse attempt failed for value [2026-08-20 00:00]
	at org.springframework.format.support.FormattingConversionService$ParserConverter.convert(FormattingConversionService.java:223) ~[spring-context-5.3.28.jar:5.3.28]
	at org.springframework.format.support.FormattingConversionService$AnnotationParserConverter.convert(FormattingConversionService.java:338) ~[spring-context-5.3.28.jar:5.3.28]
	at org.springframework.core.convert.support.ConversionUtils.invokeConverter(ConversionUtils.java:41) ~[spring-core-5.3.28.jar:5.3.28]
	... 53 common frames omitted
Caused by: java.text.ParseException: Unable to parse date time value "2026-08-20 00:00" using configuration from @org.springframework.format.annotation.DateTimeFormat(pattern=yyyy-MM-dd HH:mm:ss, style=SS, iso=NONE, fallbackPatterns=[])
	at org.springframework.format.datetime.DateFormatter.parse(DateFormatter.java:224) ~[spring-context-5.3.28.jar:5.3.28]
	at org.springframework.format.datetime.DateFormatter.parse(DateFormatter.java:48) ~[spring-context-5.3.28.jar:5.3.28]
	at org.springframework.format.support.FormattingConversionService$ParserConverter.convert(FormattingConversionService.java:217) ~[spring-context-5.3.28.jar:5.3.28]
	... 55 common frames omitted
Caused by: java.text.ParseException: Unparseable date: "2026-08-20 00:00"
	at java.text.DateFormat.parse(DateFormat.java:366) ~[na:1.8.0_502]
	at org.springframework.format.datetime.DateFormatter.parse(DateFormatter.java:201) ~[spring-context-5.3.28.jar:5.3.28]
	... 57 common frames omitted

2026-08-20 22:41:46.205 DEBUG 54479 --- [nio-9080-exec-6] c.p.s.mapper.SysUserMapper.selectList    : ==>  Preparing: SELECT id,username,display_name,password_hash,role_ids,org_code,phone,email,status,last_login_at,version,deleted,created_at,updated_at FROM sys_user WHERE deleted=false AND (username = ?)
2026-08-20 22:41:46.205 DEBUG 54479 --- [nio-9080-exec-6] c.p.s.mapper.SysUserMapper.selectList    : ==> Parameters: admin(String)
2026-08-20 22:41:46.206 DEBUG 54479 --- [nio-9080-exec-6] c.p.s.mapper.SysUserMapper.selectList    : <==      Total: 1
2026-08-20 22:41:46.311 DEBUG 54479 --- [nio-9080-exec-6] c.p.s.m.SysRoleMapper.selectBatchIds     : ==>  Preparing: SELECT id,role_code,role_name,description,status,version,deleted,created_at,updated_at FROM sys_role WHERE id IN ( ? ) AND deleted=false
2026-08-20 22:41:46.311 DEBUG 54479 --- [nio-9080-exec-6] c.p.s.m.SysRoleMapper.selectBatchIds     : ==> Parameters: 4(Long)
2026-08-20 22:41:46.312 DEBUG 54479 --- [nio-9080-exec-6] c.p.s.m.SysRoleMapper.selectBatchIds     : <==      Total: 1
2026-08-20 22:41:46.313 DEBUG 54479 --- [nio-9080-exec-6] c.p.s.m.SysPermissionMapper.selectList   : ==>  Preparing: SELECT id,perm_code,perm_name,resource_type,resource_pattern,status,version,deleted,created_at,updated_at FROM sys_permission WHERE deleted=false AND (status = ? AND EXISTS (SELECT 1 FROM sys_role_permission rp WHERE rp.permission_id = sys_permission.id AND rp.role_id = ?))
2026-08-20 22:41:46.313 DEBUG 54479 --- [nio-9080-exec-6] c.p.s.m.SysPermissionMapper.selectList   : ==> Parameters: active(String), 4(Long)
2026-08-20 22:41:46.316 DEBUG 54479 --- [nio-9080-exec-6] c.p.s.m.SysPermissionMapper.selectList   : <==      Total: 18
2026-08-20 22:41:46.316 DEBUG 54479 --- [nio-9080-exec-6] c.p.s.m.SysUserRegionMapper.selectList   : ==>  Preparing: SELECT user_id,region_code FROM sys_user_region WHERE (user_id = ?)
2026-08-20 22:41:46.317 DEBUG 54479 --- [nio-9080-exec-6] c.p.s.m.SysUserRegionMapper.selectList   : ==> Parameters: 1(Long)
2026-08-20 22:41:46.317 DEBUG 54479 --- [nio-9080-exec-6] c.p.s.m.SysUserRegionMapper.selectList   : <==      Total: 4
2026-08-20 22:41:46.318 DEBUG 54479 --- [nio-9080-exec-6] c.p.s.mapper.SysRegionMapper.selectList  : ==>  Preparing: SELECT id,region_code,region_name,market_support,exchange_channel,settlement_period,status,launch_order,version,deleted,created_at,updated_at FROM sys_region WHERE deleted=false AND (region_code = ? AND status = ?)
2026-08-20 22:41:46.319 DEBUG 54479 --- [nio-9080-exec-6] c.p.s.mapper.SysRegionMapper.selectList  : ==> Parameters: CN-31(String), enabled(String)
2026-08-20 22:41:46.319 DEBUG 54479 --- [nio-9080-exec-6] c.p.s.mapper.SysRegionMapper.selectList  : <==      Total: 1
2026-08-20 22:41:46.320 DEBUG 54479 --- [nio-9080-exec-6] c.p.s.mapper.SysUserMapper.updateById    : ==>  Preparing: UPDATE sys_user SET last_login_at=?, updated_at=? WHERE id=? AND deleted=false
2026-08-20 22:41:46.321 DEBUG 54479 --- [nio-9080-exec-6] c.p.s.mapper.SysUserMapper.updateById    : ==> Parameters: 2026-08-20 22:41:46.32(Timestamp), 2026-08-20 22:41:46.32(Timestamp), 1(Long)
2026-08-20 22:41:46.322 DEBUG 54479 --- [nio-9080-exec-6] c.p.s.mapper.SysUserMapper.updateById    : <==    Updates: 1
2026-08-20 22:41:46.323 DEBUG 54479 --- [nio-9080-exec-6] c.p.system.mapper.AuditLogMapper.insert  : ==>  Preparing: INSERT INTO audit_log ( id, trace_id, user_id, username, action, target_type, target_id, ip, user_agent, result, created_at ) VALUES ( ?, ?, ?, ?, ?, ?, ?, ?, ?, ?, ? )
2026-08-20 22:41:46.323 DEBUG 54479 --- [nio-9080-exec-6] c.p.system.mapper.AuditLogMapper.insert  : ==> Parameters: 216205073099919360(Long), 774e559676454033(String), 0(Long), admin(String), login(String), auth(String), LoginBody(username=admin, password=Ptidss@2026, captchaKey=null,(String), 0:0:0:0:0:0:0:1(String), curl/8.5.0(String), success(String), 2026-08-20 22:41:46.323(Timestamp)
2026-08-20 22:41:46.325 DEBUG 54479 --- [nio-9080-exec-6] c.p.system.mapper.AuditLogMapper.insert  : <==    Updates: 1
2026-08-20 22:41:54.583 DEBUG 54479 --- [nio-9080-exec-8] c.p.s.mapper.SysUserMapper.selectList    : ==>  Preparing: SELECT id,username,display_name,password_hash,role_ids,org_code,phone,email,status,last_login_at,version,deleted,created_at,updated_at FROM sys_user WHERE deleted=false AND (username = ?)
2026-08-20 22:41:54.584 DEBUG 54479 --- [nio-9080-exec-8] c.p.s.mapper.SysUserMapper.selectList    : ==> Parameters: admin(String)
2026-08-20 22:41:54.585 DEBUG 54479 --- [nio-9080-exec-8] c.p.s.mapper.SysUserMapper.selectList    : <==      Total: 1
2026-08-20 22:41:54.689 DEBUG 54479 --- [nio-9080-exec-8] c.p.s.m.SysRoleMapper.selectBatchIds     : ==>  Preparing: SELECT id,role_code,role_name,description,status,version,deleted,created_at,updated_at FROM sys_role WHERE id IN ( ? ) AND deleted=false
2026-08-20 22:41:54.690 DEBUG 54479 --- [nio-9080-exec-8] c.p.s.m.SysRoleMapper.selectBatchIds     : ==> Parameters: 4(Long)
2026-08-20 22:41:54.690 DEBUG 54479 --- [nio-9080-exec-8] c.p.s.m.SysRoleMapper.selectBatchIds     : <==      Total: 1
2026-08-20 22:41:54.691 DEBUG 54479 --- [nio-9080-exec-8] c.p.s.m.SysPermissionMapper.selectList   : ==>  Preparing: SELECT id,perm_code,perm_name,resource_type,resource_pattern,status,version,deleted,created_at,updated_at FROM sys_permission WHERE deleted=false AND (status = ? AND EXISTS (SELECT 1 FROM sys_role_permission rp WHERE rp.permission_id = sys_permission.id AND rp.role_id = ?))
2026-08-20 22:41:54.691 DEBUG 54479 --- [nio-9080-exec-8] c.p.s.m.SysPermissionMapper.selectList   : ==> Parameters: active(String), 4(Long)
2026-08-20 22:41:54.693 DEBUG 54479 --- [nio-9080-exec-8] c.p.s.m.SysPermissionMapper.selectList   : <==      Total: 18
2026-08-20 22:41:54.694 DEBUG 54479 --- [nio-9080-exec-8] c.p.s.m.SysUserRegionMapper.selectList   : ==>  Preparing: SELECT user_id,region_code FROM sys_user_region WHERE (user_id = ?)
2026-08-20 22:41:54.694 DEBUG 54479 --- [nio-9080-exec-8] c.p.s.m.SysUserRegionMapper.selectList   : ==> Parameters: 1(Long)
2026-08-20 22:41:54.695 DEBUG 54479 --- [nio-9080-exec-8] c.p.s.m.SysUserRegionMapper.selectList   : <==      Total: 4
2026-08-20 22:41:54.696 DEBUG 54479 --- [nio-9080-exec-8] c.p.s.mapper.SysRegionMapper.selectList  : ==>  Preparing: SELECT id,region_code,region_name,market_support,exchange_channel,settlement_period,status,launch_order,version,deleted,created_at,updated_at FROM sys_region WHERE deleted=false AND (region_code = ? AND status = ?)
2026-08-20 22:41:54.696 DEBUG 54479 --- [nio-9080-exec-8] c.p.s.mapper.SysRegionMapper.selectList  : ==> Parameters: CN-31(String), enabled(String)
2026-08-20 22:41:54.696 DEBUG 54479 --- [nio-9080-exec-8] c.p.s.mapper.SysRegionMapper.selectList  : <==      Total: 1
2026-08-20 22:41:54.699 DEBUG 54479 --- [nio-9080-exec-8] c.p.s.mapper.SysUserMapper.updateById    : ==>  Preparing: UPDATE sys_user SET last_login_at=?, updated_at=? WHERE id=? AND deleted=false
2026-08-20 22:41:54.699 DEBUG 54479 --- [nio-9080-exec-8] c.p.s.mapper.SysUserMapper.updateById    : ==> Parameters: 2026-08-20 22:41:54.698(Timestamp), 2026-08-20 22:41:54.698(Timestamp), 1(Long)
2026-08-20 22:41:54.702 DEBUG 54479 --- [nio-9080-exec-8] c.p.s.mapper.SysUserMapper.updateById    : <==    Updates: 1
2026-08-20 22:41:54.703 DEBUG 54479 --- [nio-9080-exec-8] c.p.system.mapper.AuditLogMapper.insert  : ==>  Preparing: INSERT INTO audit_log ( id, trace_id, user_id, username, action, target_type, target_id, ip, user_agent, result, created_at ) VALUES ( ?, ?, ?, ?, ?, ?, ?, ?, ?, ?, ? )
2026-08-20 22:41:54.703 DEBUG 54479 --- [nio-9080-exec-8] c.p.system.mapper.AuditLogMapper.insert  : ==> Parameters: 216205108243992576(Long), 3c6bf383a05d4b4d(String), 0(Long), admin(String), login(String), auth(String), LoginBody(username=admin, password=Ptidss@2026, captchaKey=null,(String), 0:0:0:0:0:0:0:1(String), curl/8.5.0(String), success(String), 2026-08-20 22:41:54.703(Timestamp)
2026-08-20 22:41:54.705 DEBUG 54479 --- [nio-9080-exec-8] c.p.system.mapper.AuditLogMapper.insert  : <==    Updates: 1
2026-08-20 22:41:54.728 DEBUG 54479 --- [io-9080-exec-10] c.p.t.mapper.ContractMapper.selectList   : ==>  Preparing: SELECT id,contract_no,variety,direction,counterparty,total_volume,curve_json,price,start_date,end_date,status,source,region_code,version,deleted,created_at,updated_at FROM contract WHERE deleted=false AND (region_code = ? AND status IN (?,?))
2026-08-20 22:41:54.728 DEBUG 54479 --- [io-9080-exec-10] c.p.t.mapper.ContractMapper.selectList   : ==> Parameters: CN-32(String), active(String), executing(String)
2026-08-20 22:41:54.729 DEBUG 54479 --- [io-9080-exec-10] c.p.t.mapper.ContractMapper.selectList   : <==      Total: 0
2026-08-20 22:41:54.751 DEBUG 54479 --- [nio-9080-exec-2] c.p.f.m.ForecastResultMapper.selectList  : ==>  Preparing: SELECT id,task_id,model_version,predict_type,market_type,region_code,trade_date,value,lower_bound,upper_bound,confidence,version,deleted,created_at,updated_at FROM forecast_result WHERE deleted=false AND (predict_type = ? AND trade_date = ?) ORDER BY trade_date ASC
2026-08-20 22:41:54.752 DEBUG 54479 --- [nio-9080-exec-2] c.p.f.m.ForecastResultMapper.selectList  : ==> Parameters: price(String), 2026-08-20 00:00:00.0(Timestamp)
2026-08-20 22:41:54.753 DEBUG 54479 --- [nio-9080-exec-2] c.p.f.m.ForecastResultMapper.selectList  : <==      Total: 0
2026-08-20 22:41:54.767 DEBUG 54479 --- [nio-9080-exec-4] c.p.m.m.ModelRegistryMapper.selectList   : ==>  Preparing: SELECT id,model_code,model_name,model_version,framework,metrics,status,file_url,trained_at,version,deleted,created_at,updated_at FROM model_registry WHERE deleted=false ORDER BY model_code ASC,version DESC
2026-08-20 22:41:54.767 DEBUG 54479 --- [nio-9080-exec-4] c.p.m.m.ModelRegistryMapper.selectList   : ==> Parameters: 
2026-08-20 22:41:54.769 DEBUG 54479 --- [nio-9080-exec-4] c.p.m.m.ModelRegistryMapper.selectList   : <==      Total: 3
2026-08-20 22:41:54.785 ERROR 54479 --- [nio-9080-exec-6] c.p.c.exception.GlobalExceptionHandler   : 系统异常：GET /ptidss/market/price/spot

org.springframework.web.method.annotation.MethodArgumentTypeMismatchException: Failed to convert value of type 'java.lang.String' to required type 'java.util.Date'; nested exception is org.springframework.core.convert.ConversionFailedException: Failed to convert from type [java.lang.String] to type [@org.springframework.web.bind.annotation.RequestParam @org.springframework.format.annotation.DateTimeFormat java.util.Date] for value [2026-08-20 00:00]; nested exception is java.lang.IllegalArgumentException: Parse attempt failed for value [2026-08-20 00:00]
	at org.springframework.web.method.annotation.AbstractNamedValueMethodArgumentResolver.resolveArgument(AbstractNamedValueMethodArgumentResolver.java:133) ~[spring-web-5.3.28.jar:5.3.28]
	at org.springframework.web.method.support.HandlerMethodArgumentResolverComposite.resolveArgument(HandlerMethodArgumentResolverComposite.java:122) ~[spring-web-5.3.28.jar:5.3.28]
	at org.springframework.web.method.support.InvocableHandlerMethod.getMethodArgumentValues(InvocableHandlerMethod.java:179) ~[spring-web-5.3.28.jar:5.3.28]
	at org.springframework.web.method.support.InvocableHandlerMethod.invokeForRequest(InvocableHandlerMethod.java:146) ~[spring-web-5.3.28.jar:5.3.28]
	at org.springframework.web.servlet.mvc.method.annotation.ServletInvocableHandlerMethod.invokeAndHandle(ServletInvocableHandlerMethod.java:117) ~[spring-webmvc-5.3.28.jar:5.3.28]
	at org.springframework.web.servlet.mvc.method.annotation.RequestMappingHandlerAdapter.invokeHandlerMethod(RequestMappingHandlerAdapter.java:895) ~[spring-webmvc-5.3.28.jar:5.3.28]
	at org.springframework.web.servlet.mvc.method.annotation.RequestMappingHandlerAdapter.handleInternal(RequestMappingHandlerAdapter.java:808) ~[spring-webmvc-5.3.28.jar:5.3.28]
	at org.springframework.web.servlet.mvc.method.AbstractHandlerMethodAdapter.handle(AbstractHandlerMethodAdapter.java:87) ~[spring-webmvc-5.3.28.jar:5.3.28]
	at org.springframework.web.servlet.DispatcherServlet.doDispatch(DispatcherServlet.java:1072) ~[spring-webmvc-5.3.28.jar:5.3.28]
	at org.springframework.web.servlet.DispatcherServlet.doService(DispatcherServlet.java:965) ~[spring-webmvc-5.3.28.jar:5.3.28]
	at org.springframework.web.servlet.FrameworkServlet.processRequest(FrameworkServlet.java:1006) [spring-webmvc-5.3.28.jar:5.3.28]
	at org.springframework.web.servlet.FrameworkServlet.doGet(FrameworkServlet.java:898) [spring-webmvc-5.3.28.jar:5.3.28]
	at javax.servlet.http.HttpServlet.service(HttpServlet.java:529) [tomcat-embed-core-9.0.76.jar:4.0.FR]
	at org.springframework.web.servlet.FrameworkServlet.service(FrameworkServlet.java:883) [spring-webmvc-5.3.28.jar:5.3.28]
	at javax.servlet.http.HttpServlet.service(HttpServlet.java:623) [tomcat-embed-core-9.0.76.jar:4.0.FR]
	at org.apache.catalina.core.ApplicationFilterChain.internalDoFilter(ApplicationFilterChain.java:209) [tomcat-embed-core-9.0.76.jar:9.0.76]
	at org.apache.catalina.core.ApplicationFilterChain.doFilter(ApplicationFilterChain.java:153) [tomcat-embed-core-9.0.76.jar:9.0.76]
	at org.apache.tomcat.websocket.server.WsFilter.doFilter(WsFilter.java:51) [tomcat-embed-websocket-9.0.76.jar:9.0.76]
	at org.apache.catalina.core.ApplicationFilterChain.internalDoFilter(ApplicationFilterChain.java:178) [tomcat-embed-core-9.0.76.jar:9.0.76]
	at org.apache.catalina.core.ApplicationFilterChain.doFilter(ApplicationFilterChain.java:153) [tomcat-embed-core-9.0.76.jar:9.0.76]
	at org.springframework.web.filter.RequestContextFilter.doFilterInternal(RequestContextFilter.java:100) [spring-web-5.3.28.jar:5.3.28]
	at org.springframework.web.filter.OncePerRequestFilter.doFilter(OncePerRequestFilter.java:117) [spring-web-5.3.28.jar:5.3.28]
	at org.apache.catalina.core.ApplicationFilterChain.internalDoFilter(ApplicationFilterChain.java:178) [tomcat-embed-core-9.0.76.jar:9.0.76]
	at org.apache.catalina.core.ApplicationFilterChain.doFilter(ApplicationFilterChain.java:153) [tomcat-embed-core-9.0.76.jar:9.0.76]
	at org.springframework.web.filter.FormContentFilter.doFilterInternal(FormContentFilter.java:93) [spring-web-5.3.28.jar:5.3.28]
	at org.springframework.web.filter.OncePerRequestFilter.doFilter(OncePerRequestFilter.java:117) [spring-web-5.3.28.jar:5.3.28]
	at org.apache.catalina.core.ApplicationFilterChain.internalDoFilter(ApplicationFilterChain.java:178) [tomcat-embed-core-9.0.76.jar:9.0.76]
	at org.apache.catalina.core.ApplicationFilterChain.doFilter(ApplicationFilterChain.java:153) [tomcat-embed-core-9.0.76.jar:9.0.76]
	at org.springframework.web.filter.CharacterEncodingFilter.doFilterInternal(CharacterEncodingFilter.java:201) [spring-web-5.3.28.jar:5.3.28]
	at org.springframework.web.filter.OncePerRequestFilter.doFilter(OncePerRequestFilter.java:117) [spring-web-5.3.28.jar:5.3.28]
	at org.apache.catalina.core.ApplicationFilterChain.internalDoFilter(ApplicationFilterChain.java:178) [tomcat-embed-core-9.0.76.jar:9.0.76]
	at org.apache.catalina.core.ApplicationFilterChain.doFilter(ApplicationFilterChain.java:153) [tomcat-embed-core-9.0.76.jar:9.0.76]
	at org.apache.catalina.core.StandardWrapperValve.invoke(StandardWrapperValve.java:167) [tomcat-embed-core-9.0.76.jar:9.0.76]
	at org.apache.catalina.core.StandardContextValve.invoke(StandardContextValve.java:90) [tomcat-embed-core-9.0.76.jar:9.0.76]
	at org.apache.catalina.authenticator.AuthenticatorBase.invoke(AuthenticatorBase.java:481) [tomcat-embed-core-9.0.76.jar:9.0.76]
	at org.apache.catalina.core.StandardHostValve.invoke(StandardHostValve.java:130) [tomcat-embed-core-9.0.76.jar:9.0.76]
	at org.apache.catalina.valves.ErrorReportValve.invoke(ErrorReportValve.java:93) [tomcat-embed-core-9.0.76.jar:9.0.76]
	at org.apache.catalina.core.StandardEngineValve.invoke(StandardEngineValve.java:74) [tomcat-embed-core-9.0.76.jar:9.0.76]
	at org.apache.catalina.connector.CoyoteAdapter.service(CoyoteAdapter.java:343) [tomcat-embed-core-9.0.76.jar:9.0.76]
	at org.apache.coyote.http11.Http11Processor.service(Http11Processor.java:390) [tomcat-embed-core-9.0.76.jar:9.0.76]
	at org.apache.coyote.AbstractProcessorLight.process(AbstractProcessorLight.java:63) [tomcat-embed-core-9.0.76.jar:9.0.76]
	at org.apache.coyote.AbstractProtocol$ConnectionHandler.process(AbstractProtocol.java:926) [tomcat-embed-core-9.0.76.jar:9.0.76]
	at org.apache.tomcat.util.net.NioEndpoint$SocketProcessor.doRun(NioEndpoint.java:1791) [tomcat-embed-core-9.0.76.jar:9.0.76]
	at org.apache.tomcat.util.net.SocketProcessorBase.run(SocketProcessorBase.java:52) [tomcat-embed-core-9.0.76.jar:9.0.76]
	at org.apache.tomcat.util.threads.ThreadPoolExecutor.runWorker(ThreadPoolExecutor.java:1191) [tomcat-embed-core-9.0.76.jar:9.0.76]
	at org.apache.tomcat.util.threads.ThreadPoolExecutor$Worker.run(ThreadPoolExecutor.java:659) [tomcat-embed-core-9.0.76.jar:9.0.76]
	at org.apache.tomcat.util.threads.TaskThread$WrappingRunnable.run(TaskThread.java:61) [tomcat-embed-core-9.0.76.jar:9.0.76]
	at java.lang.Thread.run(Thread.java:750) [na:1.8.0_502]
Caused by: org.springframework.core.convert.ConversionFailedException: Failed to convert from type [java.lang.String] to type [@org.springframework.web.bind.annotation.RequestParam @org.springframework.format.annotation.DateTimeFormat java.util.Date] for value [2026-08-20 00:00]; nested exception is java.lang.IllegalArgumentException: Parse attempt failed for value [2026-08-20 00:00]
	at org.springframework.core.convert.support.ConversionUtils.invokeConverter(ConversionUtils.java:47) ~[spring-core-5.3.28.jar:5.3.28]
	at org.springframework.core.convert.support.GenericConversionService.convert(GenericConversionService.java:192) ~[spring-core-5.3.28.jar:5.3.28]
	at org.springframework.beans.TypeConverterDelegate.convertIfNecessary(TypeConverterDelegate.java:129) ~[spring-beans-5.3.28.jar:5.3.28]
	at org.springframework.beans.TypeConverterSupport.convertIfNecessary(TypeConverterSupport.java:73) ~[spring-beans-5.3.28.jar:5.3.28]
	at org.springframework.beans.TypeConverterSupport.convertIfNecessary(TypeConverterSupport.java:53) ~[spring-beans-5.3.28.jar:5.3.28]
	at org.springframework.validation.DataBinder.convertIfNecessary(DataBinder.java:729) ~[spring-context-5.3.28.jar:5.3.28]
	at org.springframework.web.method.annotation.AbstractNamedValueMethodArgumentResolver.resolveArgument(AbstractNamedValueMethodArgumentResolver.java:125) ~[spring-web-5.3.28.jar:5.3.28]
	... 47 common frames omitted
Caused by: java.lang.IllegalArgumentException: Parse attempt failed for value [2026-08-20 00:00]
	at org.springframework.format.support.FormattingConversionService$ParserConverter.convert(FormattingConversionService.java:223) ~[spring-context-5.3.28.jar:5.3.28]
	at org.springframework.format.support.FormattingConversionService$AnnotationParserConverter.convert(FormattingConversionService.java:338) ~[spring-context-5.3.28.jar:5.3.28]
	at org.springframework.core.convert.support.ConversionUtils.invokeConverter(ConversionUtils.java:41) ~[spring-core-5.3.28.jar:5.3.28]
	... 53 common frames omitted
Caused by: java.text.ParseException: Unable to parse date time value "2026-08-20 00:00" using configuration from @org.springframework.format.annotation.DateTimeFormat(pattern=yyyy-MM-dd HH:mm:ss, style=SS, iso=NONE, fallbackPatterns=[])
	at org.springframework.format.datetime.DateFormatter.parse(DateFormatter.java:224) ~[spring-context-5.3.28.jar:5.3.28]
	at org.springframework.format.datetime.DateFormatter.parse(DateFormatter.java:48) ~[spring-context-5.3.28.jar:5.3.28]
	at org.springframework.format.support.FormattingConversionService$ParserConverter.convert(FormattingConversionService.java:217) ~[spring-context-5.3.28.jar:5.3.28]
	... 55 common frames omitted
Caused by: java.text.ParseException: Unparseable date: "2026-08-20 00:00"
	at java.text.DateFormat.parse(DateFormat.java:366) ~[na:1.8.0_502]
	at org.springframework.format.datetime.DateFormatter.parse(DateFormatter.java:201) ~[spring-context-5.3.28.jar:5.3.28]
	... 57 common frames omitted

2026-08-20 22:42:01.854 DEBUG 54479 --- [   scheduling-1] c.p.i.m.IntelPushRuleMapper.selectList   : ==>  Preparing: SELECT id,rule_name,tags_filter,importance_filter,target_roles,channel,silent_period,status,version,deleted,created_at,updated_at FROM intel_push_rule WHERE deleted=false AND (status = ?)
2026-08-20 22:42:01.855 DEBUG 54479 --- [   scheduling-1] c.p.i.m.IntelPushRuleMapper.selectList   : ==> Parameters: active(String)
2026-08-20 22:42:01.855 DEBUG 54479 --- [   scheduling-1] c.p.i.m.IntelPushRuleMapper.selectList   : <==      Total: 3
2026-08-20 22:42:01.856 DEBUG 54479 --- [   scheduling-1] c.p.i.mapper.IntelNewsMapper.selectList  : ==>  Preparing: SELECT id,source_code,title,content,region_code,normalized_tags,importance,published_at,push_status,version,deleted,created_at,updated_at FROM intel_news WHERE deleted=false AND (push_status = ? AND importance = ?)
2026-08-20 22:42:01.856 DEBUG 54479 --- [   scheduling-1] c.p.i.mapper.IntelNewsMapper.selectList  : ==> Parameters: none(String), high(String)
2026-08-20 22:42:01.857 DEBUG 54479 --- [   scheduling-1] c.p.i.mapper.IntelNewsMapper.selectList  : <==      Total: 0
2026-08-20 22:42:01.857 DEBUG 54479 --- [   scheduling-1] c.p.i.mapper.IntelNewsMapper.selectList  : ==>  Preparing: SELECT id,source_code,title,content,region_code,normalized_tags,importance,published_at,push_status,version,deleted,created_at,updated_at FROM intel_news WHERE deleted=false AND (push_status = ? AND importance = ?)
2026-08-20 22:42:01.857 DEBUG 54479 --- [   scheduling-1] c.p.i.mapper.IntelNewsMapper.selectList  : ==> Parameters: none(String), medium(String)
2026-08-20 22:42:01.859 DEBUG 54479 --- [   scheduling-1] c.p.i.mapper.IntelNewsMapper.selectList  : <==      Total: 6
2026-08-20 22:42:01.860 DEBUG 54479 --- [   scheduling-1] c.p.i.mapper.IntelNewsMapper.selectList  : ==>  Preparing: SELECT id,source_code,title,content,region_code,normalized_tags,importance,published_at,push_status,version,deleted,created_at,updated_at FROM intel_news WHERE deleted=false AND (push_status = ? AND importance = ?)
2026-08-20 22:42:01.860 DEBUG 54479 --- [   scheduling-1] c.p.i.mapper.IntelNewsMapper.selectList  : ==> Parameters: none(String), high(String)
2026-08-20 22:42:01.861 DEBUG 54479 --- [   scheduling-1] c.p.i.mapper.IntelNewsMapper.selectList  : <==      Total: 0
2026-08-20 22:42:01.861  INFO 54479 --- [   scheduling-1] com.ptidss.intel.service.IntelService    : 情报推送执行完成：匹配情报 0 条，派发消息 0 条
2026-08-20 22:42:11.712 DEBUG 54479 --- [   scheduling-1] c.p.d.m.CollectTaskMapper.selectList     : ==>  Preparing: SELECT id,source_id,task_type,cron_expr,last_run_time,last_status,records_count,error_log,version,deleted,created_at,updated_at FROM collect_task WHERE deleted=false AND (cron_expr IS NOT NULL)
2026-08-20 22:42:11.712 DEBUG 54479 --- [   scheduling-1] c.p.d.m.CollectTaskMapper.selectList     : ==> Parameters: 
2026-08-20 22:42:11.713 DEBUG 54479 --- [   scheduling-1] c.p.d.m.CollectTaskMapper.selectList     : <==      Total: 3
2026-08-20 22:42:12.369 DEBUG 54479 --- [nio-9080-exec-7] c.p.s.mapper.SysUserMapper.selectList    : ==>  Preparing: SELECT id,username,display_name,password_hash,role_ids,org_code,phone,email,status,last_login_at,version,deleted,created_at,updated_at FROM sys_user WHERE deleted=false AND (username = ?)
2026-08-20 22:42:12.369 DEBUG 54479 --- [nio-9080-exec-7] c.p.s.mapper.SysUserMapper.selectList    : ==> Parameters: admin(String)
2026-08-20 22:42:12.370 DEBUG 54479 --- [nio-9080-exec-7] c.p.s.mapper.SysUserMapper.selectList    : <==      Total: 1
2026-08-20 22:42:12.471 DEBUG 54479 --- [nio-9080-exec-7] c.p.s.m.SysRoleMapper.selectBatchIds     : ==>  Preparing: SELECT id,role_code,role_name,description,status,version,deleted,created_at,updated_at FROM sys_role WHERE id IN ( ? ) AND deleted=false
2026-08-20 22:42:12.471 DEBUG 54479 --- [nio-9080-exec-7] c.p.s.m.SysRoleMapper.selectBatchIds     : ==> Parameters: 4(Long)
2026-08-20 22:42:12.472 DEBUG 54479 --- [nio-9080-exec-7] c.p.s.m.SysRoleMapper.selectBatchIds     : <==      Total: 1
2026-08-20 22:42:12.472 DEBUG 54479 --- [nio-9080-exec-7] c.p.s.m.SysPermissionMapper.selectList   : ==>  Preparing: SELECT id,perm_code,perm_name,resource_type,resource_pattern,status,version,deleted,created_at,updated_at FROM sys_permission WHERE deleted=false AND (status = ? AND EXISTS (SELECT 1 FROM sys_role_permission rp WHERE rp.permission_id = sys_permission.id AND rp.role_id = ?))
2026-08-20 22:42:12.472 DEBUG 54479 --- [nio-9080-exec-7] c.p.s.m.SysPermissionMapper.selectList   : ==> Parameters: active(String), 4(Long)
2026-08-20 22:42:12.474 DEBUG 54479 --- [nio-9080-exec-7] c.p.s.m.SysPermissionMapper.selectList   : <==      Total: 18
2026-08-20 22:42:12.475 DEBUG 54479 --- [nio-9080-exec-7] c.p.s.m.SysUserRegionMapper.selectList   : ==>  Preparing: SELECT user_id,region_code FROM sys_user_region WHERE (user_id = ?)
2026-08-20 22:42:12.475 DEBUG 54479 --- [nio-9080-exec-7] c.p.s.m.SysUserRegionMapper.selectList   : ==> Parameters: 1(Long)
2026-08-20 22:42:12.475 DEBUG 54479 --- [nio-9080-exec-7] c.p.s.m.SysUserRegionMapper.selectList   : <==      Total: 4
2026-08-20 22:42:12.476 DEBUG 54479 --- [nio-9080-exec-7] c.p.s.mapper.SysRegionMapper.selectList  : ==>  Preparing: SELECT id,region_code,region_name,market_support,exchange_channel,settlement_period,status,launch_order,version,deleted,created_at,updated_at FROM sys_region WHERE deleted=false AND (region_code = ? AND status = ?)
2026-08-20 22:42:12.476 DEBUG 54479 --- [nio-9080-exec-7] c.p.s.mapper.SysRegionMapper.selectList  : ==> Parameters: CN-31(String), enabled(String)
2026-08-20 22:42:12.477 DEBUG 54479 --- [nio-9080-exec-7] c.p.s.mapper.SysRegionMapper.selectList  : <==      Total: 1
2026-08-20 22:42:12.478 DEBUG 54479 --- [nio-9080-exec-7] c.p.s.mapper.SysUserMapper.updateById    : ==>  Preparing: UPDATE sys_user SET last_login_at=?, updated_at=? WHERE id=? AND deleted=false
2026-08-20 22:42:12.478 DEBUG 54479 --- [nio-9080-exec-7] c.p.s.mapper.SysUserMapper.updateById    : ==> Parameters: 2026-08-20 22:42:12.478(Timestamp), 2026-08-20 22:42:12.478(Timestamp), 1(Long)
2026-08-20 22:42:12.482 DEBUG 54479 --- [nio-9080-exec-7] c.p.s.mapper.SysUserMapper.updateById    : <==    Updates: 1
2026-08-20 22:42:12.482 DEBUG 54479 --- [nio-9080-exec-7] c.p.system.mapper.AuditLogMapper.insert  : ==>  Preparing: INSERT INTO audit_log ( id, trace_id, user_id, username, action, target_type, target_id, ip, user_agent, result, created_at ) VALUES ( ?, ?, ?, ?, ?, ?, ?, ?, ?, ?, ? )
2026-08-20 22:42:12.483 DEBUG 54479 --- [nio-9080-exec-7] c.p.system.mapper.AuditLogMapper.insert  : ==> Parameters: 216205182818717696(Long), 283c42ed4c97439d(String), 0(Long), admin(String), login(String), auth(String), LoginBody(username=admin, password=Ptidss@2026, captchaKey=null,(String), 0:0:0:0:0:0:0:1(String), curl/8.5.0(String), success(String), 2026-08-20 22:42:12.482(Timestamp)
2026-08-20 22:42:12.484 DEBUG 54479 --- [nio-9080-exec-7] c.p.system.mapper.AuditLogMapper.insert  : <==    Updates: 1
2026-08-20 22:42:12.530 DEBUG 54479 --- [nio-9080-exec-1] c.p.t.m.RollingPlanMapper.selectList     : ==>  Preparing: SELECT id,trade_date,scenario,plan_type,adjustments,expected_revenue,risk_metrics,evidence_chain_ref,status,created_by,region_code,version,deleted,created_at,updated_at FROM rolling_plan WHERE deleted=false AND (trade_date = ? AND region_code = ?) ORDER BY trade_date DESC
2026-08-20 22:42:12.531 DEBUG 54479 --- [nio-9080-exec-1] c.p.t.m.RollingPlanMapper.selectList     : ==> Parameters: 2026-08-20 00:00:00.0(Timestamp), CN-31(String)
2026-08-20 22:42:12.532 DEBUG 54479 --- [nio-9080-exec-1] c.p.t.m.RollingPlanMapper.selectList     : <==      Total: 0
2026-08-20 22:42:21.422 DEBUG 54479 --- [nio-9080-exec-3] c.p.s.mapper.SysUserMapper.selectList    : ==>  Preparing: SELECT id,username,display_name,password_hash,role_ids,org_code,phone,email,status,last_login_at,version,deleted,created_at,updated_at FROM sys_user WHERE deleted=false AND (username = ?)
2026-08-20 22:42:21.422 DEBUG 54479 --- [nio-9080-exec-3] c.p.s.mapper.SysUserMapper.selectList    : ==> Parameters: admin(String)
2026-08-20 22:42:21.423 DEBUG 54479 --- [nio-9080-exec-3] c.p.s.mapper.SysUserMapper.selectList    : <==      Total: 1
2026-08-20 22:42:21.525 DEBUG 54479 --- [nio-9080-exec-3] c.p.s.m.SysRoleMapper.selectBatchIds     : ==>  Preparing: SELECT id,role_code,role_name,description,status,version,deleted,created_at,updated_at FROM sys_role WHERE id IN ( ? ) AND deleted=false
2026-08-20 22:42:21.525 DEBUG 54479 --- [nio-9080-exec-3] c.p.s.m.SysRoleMapper.selectBatchIds     : ==> Parameters: 4(Long)
2026-08-20 22:42:21.526 DEBUG 54479 --- [nio-9080-exec-3] c.p.s.m.SysRoleMapper.selectBatchIds     : <==      Total: 1
2026-08-20 22:42:21.527 DEBUG 54479 --- [nio-9080-exec-3] c.p.s.m.SysPermissionMapper.selectList   : ==>  Preparing: SELECT id,perm_code,perm_name,resource_type,resource_pattern,status,version,deleted,created_at,updated_at FROM sys_permission WHERE deleted=false AND (status = ? AND EXISTS (SELECT 1 FROM sys_role_permission rp WHERE rp.permission_id = sys_permission.id AND rp.role_id = ?))
2026-08-20 22:42:21.527 DEBUG 54479 --- [nio-9080-exec-3] c.p.s.m.SysPermissionMapper.selectList   : ==> Parameters: active(String), 4(Long)
2026-08-20 22:42:21.529 DEBUG 54479 --- [nio-9080-exec-3] c.p.s.m.SysPermissionMapper.selectList   : <==      Total: 18
2026-08-20 22:42:21.530 DEBUG 54479 --- [nio-9080-exec-3] c.p.s.m.SysUserRegionMapper.selectList   : ==>  Preparing: SELECT user_id,region_code FROM sys_user_region WHERE (user_id = ?)
2026-08-20 22:42:21.530 DEBUG 54479 --- [nio-9080-exec-3] c.p.s.m.SysUserRegionMapper.selectList   : ==> Parameters: 1(Long)
2026-08-20 22:42:21.531 DEBUG 54479 --- [nio-9080-exec-3] c.p.s.m.SysUserRegionMapper.selectList   : <==      Total: 4
2026-08-20 22:42:21.532 DEBUG 54479 --- [nio-9080-exec-3] c.p.s.mapper.SysRegionMapper.selectList  : ==>  Preparing: SELECT id,region_code,region_name,market_support,exchange_channel,settlement_period,status,launch_order,version,deleted,created_at,updated_at FROM sys_region WHERE deleted=false AND (region_code = ? AND status = ?)
2026-08-20 22:42:21.532 DEBUG 54479 --- [nio-9080-exec-3] c.p.s.mapper.SysRegionMapper.selectList  : ==> Parameters: CN-31(String), enabled(String)
2026-08-20 22:42:21.533 DEBUG 54479 --- [nio-9080-exec-3] c.p.s.mapper.SysRegionMapper.selectList  : <==      Total: 1
2026-08-20 22:42:21.534 DEBUG 54479 --- [nio-9080-exec-3] c.p.s.mapper.SysUserMapper.updateById    : ==>  Preparing: UPDATE sys_user SET last_login_at=?, updated_at=? WHERE id=? AND deleted=false
2026-08-20 22:42:21.534 DEBUG 54479 --- [nio-9080-exec-3] c.p.s.mapper.SysUserMapper.updateById    : ==> Parameters: 2026-08-20 22:42:21.533(Timestamp), 2026-08-20 22:42:21.534(Timestamp), 1(Long)
2026-08-20 22:42:21.537 DEBUG 54479 --- [nio-9080-exec-3] c.p.s.mapper.SysUserMapper.updateById    : <==    Updates: 1
2026-08-20 22:42:21.538 DEBUG 54479 --- [nio-9080-exec-3] c.p.system.mapper.AuditLogMapper.insert  : ==>  Preparing: INSERT INTO audit_log ( id, trace_id, user_id, username, action, target_type, target_id, ip, user_agent, result, created_at ) VALUES ( ?, ?, ?, ?, ?, ?, ?, ?, ?, ?, ? )
2026-08-20 22:42:21.538 DEBUG 54479 --- [nio-9080-exec-3] c.p.system.mapper.AuditLogMapper.insert  : ==> Parameters: 216205220798140416(Long), 69e05d600d114eca(String), 0(Long), admin(String), login(String), auth(String), LoginBody(username=admin, password=Ptidss@2026, captchaKey=null,(String), 0:0:0:0:0:0:0:1(String), curl/8.5.0(String), success(String), 2026-08-20 22:42:21.537(Timestamp)
2026-08-20 22:42:21.540 DEBUG 54479 --- [nio-9080-exec-3] c.p.system.mapper.AuditLogMapper.insert  : <==    Updates: 1
2026-08-20 22:42:21.559 DEBUG 54479 --- [nio-9080-exec-5] c.p.t.m.RollingPlanMapper.selectList     : ==>  Preparing: SELECT id,trade_date,scenario,plan_type,adjustments,expected_revenue,risk_metrics,evidence_chain_ref,status,created_by,region_code,version,deleted,created_at,updated_at FROM rolling_plan WHERE deleted=false AND (region_code = ?) ORDER BY trade_date DESC
2026-08-20 22:42:21.559 DEBUG 54479 --- [nio-9080-exec-5] c.p.t.m.RollingPlanMapper.selectList     : ==> Parameters: CN-31(String)
2026-08-20 22:42:21.560 DEBUG 54479 --- [nio-9080-exec-5] c.p.t.m.RollingPlanMapper.selectList     : <==      Total: 0
2026-08-20 22:42:31.862 DEBUG 54479 --- [   scheduling-1] c.p.i.m.IntelPushRuleMapper.selectList   : ==>  Preparing: SELECT id,rule_name,tags_filter,importance_filter,target_roles,channel,silent_period,status,version,deleted,created_at,updated_at FROM intel_push_rule WHERE deleted=false AND (status = ?)
2026-08-20 22:42:31.862 DEBUG 54479 --- [   scheduling-1] c.p.i.m.IntelPushRuleMapper.selectList   : ==> Parameters: active(String)
2026-08-20 22:42:31.862 DEBUG 54479 --- [   scheduling-1] c.p.i.m.IntelPushRuleMapper.selectList   : <==      Total: 3
2026-08-20 22:42:31.863 DEBUG 54479 --- [   scheduling-1] c.p.i.mapper.IntelNewsMapper.selectList  : ==>  Preparing: SELECT id,source_code,title,content,region_code,normalized_tags,importance,published_at,push_status,version,deleted,created_at,updated_at FROM intel_news WHERE deleted=false AND (push_status = ? AND importance = ?)
2026-08-20 22:42:31.863 DEBUG 54479 --- [   scheduling-1] c.p.i.mapper.IntelNewsMapper.selectList  : ==> Parameters: none(String), high(String)
2026-08-20 22:42:31.863 DEBUG 54479 --- [   scheduling-1] c.p.i.mapper.IntelNewsMapper.selectList  : <==      Total: 0
2026-08-20 22:42:31.864 DEBUG 54479 --- [   scheduling-1] c.p.i.mapper.IntelNewsMapper.selectList  : ==>  Preparing: SELECT id,source_code,title,content,region_code,normalized_tags,importance,published_at,push_status,version,deleted,created_at,updated_at FROM intel_news WHERE deleted=false AND (push_status = ? AND importance = ?)
2026-08-20 22:42:31.864 DEBUG 54479 --- [   scheduling-1] c.p.i.mapper.IntelNewsMapper.selectList  : ==> Parameters: none(String), medium(String)
2026-08-20 22:42:31.865 DEBUG 54479 --- [   scheduling-1] c.p.i.mapper.IntelNewsMapper.selectList  : <==      Total: 6
2026-08-20 22:42:31.866 DEBUG 54479 --- [   scheduling-1] c.p.i.mapper.IntelNewsMapper.selectList  : ==>  Preparing: SELECT id,source_code,title,content,region_code,normalized_tags,importance,published_at,push_status,version,deleted,created_at,updated_at FROM intel_news WHERE deleted=false AND (push_status = ? AND importance = ?)
2026-08-20 22:42:31.866 DEBUG 54479 --- [   scheduling-1] c.p.i.mapper.IntelNewsMapper.selectList  : ==> Parameters: none(String), high(String)
2026-08-20 22:42:31.866 DEBUG 54479 --- [   scheduling-1] c.p.i.mapper.IntelNewsMapper.selectList  : <==      Total: 0
2026-08-20 22:42:31.867  INFO 54479 --- [   scheduling-1] com.ptidss.intel.service.IntelService    : 情报推送执行完成：匹配情报 0 条，派发消息 0 条
2026-08-20 22:43:01.869 DEBUG 54479 --- [   scheduling-1] c.p.i.m.IntelPushRuleMapper.selectList   : ==>  Preparing: SELECT id,rule_name,tags_filter,importance_filter,target_roles,channel,silent_period,status,version,deleted,created_at,updated_at FROM intel_push_rule WHERE deleted=false AND (status = ?)
2026-08-20 22:43:01.870 DEBUG 54479 --- [   scheduling-1] c.p.i.m.IntelPushRuleMapper.selectList   : ==> Parameters: active(String)
2026-08-20 22:43:01.871 DEBUG 54479 --- [   scheduling-1] c.p.i.m.IntelPushRuleMapper.selectList   : <==      Total: 3
2026-08-20 22:43:01.874 DEBUG 54479 --- [   scheduling-1] c.p.i.mapper.IntelNewsMapper.selectList  : ==>  Preparing: SELECT id,source_code,title,content,region_code,normalized_tags,importance,published_at,push_status,version,deleted,created_at,updated_at FROM intel_news WHERE deleted=false AND (push_status = ? AND importance = ?)
2026-08-20 22:43:01.875 DEBUG 54479 --- [   scheduling-1] c.p.i.mapper.IntelNewsMapper.selectList  : ==> Parameters: none(String), high(String)
2026-08-20 22:43:01.876 DEBUG 54479 --- [   scheduling-1] c.p.i.mapper.IntelNewsMapper.selectList  : <==      Total: 0
2026-08-20 22:43:01.879 DEBUG 54479 --- [   scheduling-1] c.p.i.mapper.IntelNewsMapper.selectList  : ==>  Preparing: SELECT id,source_code,title,content,region_code,normalized_tags,importance,published_at,push_status,version,deleted,created_at,updated_at FROM intel_news WHERE deleted=false AND (push_status = ? AND importance = ?)
2026-08-20 22:43:01.879 DEBUG 54479 --- [   scheduling-1] c.p.i.mapper.IntelNewsMapper.selectList  : ==> Parameters: none(String), medium(String)
2026-08-20 22:43:01.881 DEBUG 54479 --- [   scheduling-1] c.p.i.mapper.IntelNewsMapper.selectList  : <==      Total: 6
2026-08-20 22:43:01.885 DEBUG 54479 --- [   scheduling-1] c.p.i.mapper.IntelNewsMapper.selectList  : ==>  Preparing: SELECT id,source_code,title,content,region_code,normalized_tags,importance,published_at,push_status,version,deleted,created_at,updated_at FROM intel_news WHERE deleted=false AND (push_status = ? AND importance = ?)
2026-08-20 22:43:01.885 DEBUG 54479 --- [   scheduling-1] c.p.i.mapper.IntelNewsMapper.selectList  : ==> Parameters: none(String), high(String)
2026-08-20 22:43:01.886 DEBUG 54479 --- [   scheduling-1] c.p.i.mapper.IntelNewsMapper.selectList  : <==      Total: 0
2026-08-20 22:43:01.887  INFO 54479 --- [   scheduling-1] com.ptidss.intel.service.IntelService    : 情报推送执行完成：匹配情报 0 条，派发消息 0 条
2026-08-20 22:43:11.715 DEBUG 54479 --- [   scheduling-1] c.p.d.m.CollectTaskMapper.selectList     : ==>  Preparing: SELECT id,source_id,task_type,cron_expr,last_run_time,last_status,records_count,error_log,version,deleted,created_at,updated_at FROM collect_task WHERE deleted=false AND (cron_expr IS NOT NULL)
2026-08-20 22:43:11.716 DEBUG 54479 --- [   scheduling-1] c.p.d.m.CollectTaskMapper.selectList     : ==> Parameters: 
2026-08-20 22:43:11.717 DEBUG 54479 --- [   scheduling-1] c.p.d.m.CollectTaskMapper.selectList     : <==      Total: 3
2026-08-20 22:43:31.890 DEBUG 54479 --- [   scheduling-1] c.p.i.m.IntelPushRuleMapper.selectList   : ==>  Preparing: SELECT id,rule_name,tags_filter,importance_filter,target_roles,channel,silent_period,status,version,deleted,created_at,updated_at FROM intel_push_rule WHERE deleted=false AND (status = ?)
2026-08-20 22:43:31.891 DEBUG 54479 --- [   scheduling-1] c.p.i.m.IntelPushRuleMapper.selectList   : ==> Parameters: active(String)
2026-08-20 22:43:31.892 DEBUG 54479 --- [   scheduling-1] c.p.i.m.IntelPushRuleMapper.selectList   : <==      Total: 3
2026-08-20 22:43:31.895 DEBUG 54479 --- [   scheduling-1] c.p.i.mapper.IntelNewsMapper.selectList  : ==>  Preparing: SELECT id,source_code,title,content,region_code,normalized_tags,importance,published_at,push_status,version,deleted,created_at,updated_at FROM intel_news WHERE deleted=false AND (push_status = ? AND importance = ?)
2026-08-20 22:43:31.895 DEBUG 54479 --- [   scheduling-1] c.p.i.mapper.IntelNewsMapper.selectList  : ==> Parameters: none(String), high(String)
2026-08-20 22:43:31.896 DEBUG 54479 --- [   scheduling-1] c.p.i.mapper.IntelNewsMapper.selectList  : <==      Total: 0
2026-08-20 22:43:31.898 DEBUG 54479 --- [   scheduling-1] c.p.i.mapper.IntelNewsMapper.selectList  : ==>  Preparing: SELECT id,source_code,title,content,region_code,normalized_tags,importance,published_at,push_status,version,deleted,created_at,updated_at FROM intel_news WHERE deleted=false AND (push_status = ? AND importance = ?)
2026-08-20 22:43:31.899 DEBUG 54479 --- [   scheduling-1] c.p.i.mapper.IntelNewsMapper.selectList  : ==> Parameters: none(String), medium(String)
2026-08-20 22:43:31.901 DEBUG 54479 --- [   scheduling-1] c.p.i.mapper.IntelNewsMapper.selectList  : <==      Total: 6
2026-08-20 22:43:31.904 DEBUG 54479 --- [   scheduling-1] c.p.i.mapper.IntelNewsMapper.selectList  : ==>  Preparing: SELECT id,source_code,title,content,region_code,normalized_tags,importance,published_at,push_status,version,deleted,created_at,updated_at FROM intel_news WHERE deleted=false AND (push_status = ? AND importance = ?)
2026-08-20 22:43:31.904 DEBUG 54479 --- [   scheduling-1] c.p.i.mapper.IntelNewsMapper.selectList  : ==> Parameters: none(String), high(String)
2026-08-20 22:43:31.905 DEBUG 54479 --- [   scheduling-1] c.p.i.mapper.IntelNewsMapper.selectList  : <==      Total: 0
2026-08-20 22:43:31.905  INFO 54479 --- [   scheduling-1] com.ptidss.intel.service.IntelService    : 情报推送执行完成：匹配情报 0 条，派发消息 0 条
2026-08-20 22:44:01.906 DEBUG 54479 --- [   scheduling-1] c.p.i.m.IntelPushRuleMapper.selectList   : ==>  Preparing: SELECT id,rule_name,tags_filter,importance_filter,target_roles,channel,silent_period,status,version,deleted,created_at,updated_at FROM intel_push_rule WHERE deleted=false AND (status = ?)
2026-08-20 22:44:01.907 DEBUG 54479 --- [   scheduling-1] c.p.i.m.IntelPushRuleMapper.selectList   : ==> Parameters: active(String)
2026-08-20 22:44:01.907 DEBUG 54479 --- [   scheduling-1] c.p.i.m.IntelPushRuleMapper.selectList   : <==      Total: 3
2026-08-20 22:44:01.908 DEBUG 54479 --- [   scheduling-1] c.p.i.mapper.IntelNewsMapper.selectList  : ==>  Preparing: SELECT id,source_code,title,content,region_code,normalized_tags,importance,published_at,push_status,version,deleted,created_at,updated_at FROM intel_news WHERE deleted=false AND (push_status = ? AND importance = ?)
2026-08-20 22:44:01.908 DEBUG 54479 --- [   scheduling-1] c.p.i.mapper.IntelNewsMapper.selectList  : ==> Parameters: none(String), high(String)
2026-08-20 22:44:01.909 DEBUG 54479 --- [   scheduling-1] c.p.i.mapper.IntelNewsMapper.selectList  : <==      Total: 0
2026-08-20 22:44:01.910 DEBUG 54479 --- [   scheduling-1] c.p.i.mapper.IntelNewsMapper.selectList  : ==>  Preparing: SELECT id,source_code,title,content,region_code,normalized_tags,importance,published_at,push_status,version,deleted,created_at,updated_at FROM intel_news WHERE deleted=false AND (push_status = ? AND importance = ?)
2026-08-20 22:44:01.910 DEBUG 54479 --- [   scheduling-1] c.p.i.mapper.IntelNewsMapper.selectList  : ==> Parameters: none(String), medium(String)
2026-08-20 22:44:01.911 DEBUG 54479 --- [   scheduling-1] c.p.i.mapper.IntelNewsMapper.selectList  : <==      Total: 6
2026-08-20 22:44:01.912 DEBUG 54479 --- [   scheduling-1] c.p.i.mapper.IntelNewsMapper.selectList  : ==>  Preparing: SELECT id,source_code,title,content,region_code,normalized_tags,importance,published_at,push_status,version,deleted,created_at,updated_at FROM intel_news WHERE deleted=false AND (push_status = ? AND importance = ?)
2026-08-20 22:44:01.912 DEBUG 54479 --- [   scheduling-1] c.p.i.mapper.IntelNewsMapper.selectList  : ==> Parameters: none(String), high(String)
2026-08-20 22:44:01.912 DEBUG 54479 --- [   scheduling-1] c.p.i.mapper.IntelNewsMapper.selectList  : <==      Total: 0
2026-08-20 22:44:01.912  INFO 54479 --- [   scheduling-1] com.ptidss.intel.service.IntelService    : 情报推送执行完成：匹配情报 0 条，派发消息 0 条
2026-08-20 22:44:11.719 DEBUG 54479 --- [   scheduling-1] c.p.d.m.CollectTaskMapper.selectList     : ==>  Preparing: SELECT id,source_id,task_type,cron_expr,last_run_time,last_status,records_count,error_log,version,deleted,created_at,updated_at FROM collect_task WHERE deleted=false AND (cron_expr IS NOT NULL)
2026-08-20 22:44:11.719 DEBUG 54479 --- [   scheduling-1] c.p.d.m.CollectTaskMapper.selectList     : ==> Parameters: 
2026-08-20 22:44:11.720 DEBUG 54479 --- [   scheduling-1] c.p.d.m.CollectTaskMapper.selectList     : <==      Total: 3
2026-08-20 22:44:31.913 DEBUG 54479 --- [   scheduling-1] c.p.i.m.IntelPushRuleMapper.selectList   : ==>  Preparing: SELECT id,rule_name,tags_filter,importance_filter,target_roles,channel,silent_period,status,version,deleted,created_at,updated_at FROM intel_push_rule WHERE deleted=false AND (status = ?)
2026-08-20 22:44:31.914 DEBUG 54479 --- [   scheduling-1] c.p.i.m.IntelPushRuleMapper.selectList   : ==> Parameters: active(String)
2026-08-20 22:44:31.914 DEBUG 54479 --- [   scheduling-1] c.p.i.m.IntelPushRuleMapper.selectList   : <==      Total: 3
2026-08-20 22:44:31.915 DEBUG 54479 --- [   scheduling-1] c.p.i.mapper.IntelNewsMapper.selectList  : ==>  Preparing: SELECT id,source_code,title,content,region_code,normalized_tags,importance,published_at,push_status,version,deleted,created_at,updated_at FROM intel_news WHERE deleted=false AND (push_status = ? AND importance = ?)
2026-08-20 22:44:31.915 DEBUG 54479 --- [   scheduling-1] c.p.i.mapper.IntelNewsMapper.selectList  : ==> Parameters: none(String), high(String)
2026-08-20 22:44:31.916 DEBUG 54479 --- [   scheduling-1] c.p.i.mapper.IntelNewsMapper.selectList  : <==      Total: 0
2026-08-20 22:44:31.916 DEBUG 54479 --- [   scheduling-1] c.p.i.mapper.IntelNewsMapper.selectList  : ==>  Preparing: SELECT id,source_code,title,content,region_code,normalized_tags,importance,published_at,push_status,version,deleted,created_at,updated_at FROM intel_news WHERE deleted=false AND (push_status = ? AND importance = ?)
2026-08-20 22:44:31.917 DEBUG 54479 --- [   scheduling-1] c.p.i.mapper.IntelNewsMapper.selectList  : ==> Parameters: none(String), medium(String)
2026-08-20 22:44:31.917 DEBUG 54479 --- [   scheduling-1] c.p.i.mapper.IntelNewsMapper.selectList  : <==      Total: 6
2026-08-20 22:44:31.918 DEBUG 54479 --- [   scheduling-1] c.p.i.mapper.IntelNewsMapper.selectList  : ==>  Preparing: SELECT id,source_code,title,content,region_code,normalized_tags,importance,published_at,push_status,version,deleted,created_at,updated_at FROM intel_news WHERE deleted=false AND (push_status = ? AND importance = ?)
2026-08-20 22:44:31.918 DEBUG 54479 --- [   scheduling-1] c.p.i.mapper.IntelNewsMapper.selectList  : ==> Parameters: none(String), high(String)
2026-08-20 22:44:31.919 DEBUG 54479 --- [   scheduling-1] c.p.i.mapper.IntelNewsMapper.selectList  : <==      Total: 0
2026-08-20 22:44:31.919  INFO 54479 --- [   scheduling-1] com.ptidss.intel.service.IntelService    : 情报推送执行完成：匹配情报 0 条，派发消息 0 条
2026-08-20 22:45:01.920 DEBUG 54479 --- [   scheduling-1] c.p.i.m.IntelPushRuleMapper.selectList   : ==>  Preparing: SELECT id,rule_name,tags_filter,importance_filter,target_roles,channel,silent_period,status,version,deleted,created_at,updated_at FROM intel_push_rule WHERE deleted=false AND (status = ?)
2026-08-20 22:45:01.920 DEBUG 54479 --- [   scheduling-1] c.p.i.m.IntelPushRuleMapper.selectList   : ==> Parameters: active(String)
2026-08-20 22:45:01.921 DEBUG 54479 --- [   scheduling-1] c.p.i.m.IntelPushRuleMapper.selectList   : <==      Total: 3
2026-08-20 22:45:01.922 DEBUG 54479 --- [   scheduling-1] c.p.i.mapper.IntelNewsMapper.selectList  : ==>  Preparing: SELECT id,source_code,title,content,region_code,normalized_tags,importance,published_at,push_status,version,deleted,created_at,updated_at FROM intel_news WHERE deleted=false AND (push_status = ? AND importance = ?)
2026-08-20 22:45:01.922 DEBUG 54479 --- [   scheduling-1] c.p.i.mapper.IntelNewsMapper.selectList  : ==> Parameters: none(String), high(String)
2026-08-20 22:45:01.922 DEBUG 54479 --- [   scheduling-1] c.p.i.mapper.IntelNewsMapper.selectList  : <==      Total: 0
2026-08-20 22:45:01.923 DEBUG 54479 --- [   scheduling-1] c.p.i.mapper.IntelNewsMapper.selectList  : ==>  Preparing: SELECT id,source_code,title,content,region_code,normalized_tags,importance,published_at,push_status,version,deleted,created_at,updated_at FROM intel_news WHERE deleted=false AND (push_status = ? AND importance = ?)
2026-08-20 22:45:01.923 DEBUG 54479 --- [   scheduling-1] c.p.i.mapper.IntelNewsMapper.selectList  : ==> Parameters: none(String), medium(String)
2026-08-20 22:45:01.923 DEBUG 54479 --- [   scheduling-1] c.p.i.mapper.IntelNewsMapper.selectList  : <==      Total: 6
2026-08-20 22:45:01.924 DEBUG 54479 --- [   scheduling-1] c.p.i.mapper.IntelNewsMapper.selectList  : ==>  Preparing: SELECT id,source_code,title,content,region_code,normalized_tags,importance,published_at,push_status,version,deleted,created_at,updated_at FROM intel_news WHERE deleted=false AND (push_status = ? AND importance = ?)
2026-08-20 22:45:01.924 DEBUG 54479 --- [   scheduling-1] c.p.i.mapper.IntelNewsMapper.selectList  : ==> Parameters: none(String), high(String)
2026-08-20 22:45:01.924 DEBUG 54479 --- [   scheduling-1] c.p.i.mapper.IntelNewsMapper.selectList  : <==      Total: 0
2026-08-20 22:45:01.924  INFO 54479 --- [   scheduling-1] com.ptidss.intel.service.IntelService    : 情报推送执行完成：匹配情报 0 条，派发消息 0 条
2026-08-20 22:45:11.722 DEBUG 54479 --- [   scheduling-1] c.p.d.m.CollectTaskMapper.selectList     : ==>  Preparing: SELECT id,source_id,task_type,cron_expr,last_run_time,last_status,records_count,error_log,version,deleted,created_at,updated_at FROM collect_task WHERE deleted=false AND (cron_expr IS NOT NULL)
2026-08-20 22:45:11.722 DEBUG 54479 --- [   scheduling-1] c.p.d.m.CollectTaskMapper.selectList     : ==> Parameters: 
2026-08-20 22:45:11.723 DEBUG 54479 --- [   scheduling-1] c.p.d.m.CollectTaskMapper.selectList     : <==      Total: 3
2026-08-20 22:45:31.925 DEBUG 54479 --- [   scheduling-1] c.p.i.m.IntelPushRuleMapper.selectList   : ==>  Preparing: SELECT id,rule_name,tags_filter,importance_filter,target_roles,channel,silent_period,status,version,deleted,created_at,updated_at FROM intel_push_rule WHERE deleted=false AND (status = ?)
2026-08-20 22:45:31.925 DEBUG 54479 --- [   scheduling-1] c.p.i.m.IntelPushRuleMapper.selectList   : ==> Parameters: active(String)
2026-08-20 22:45:31.926 DEBUG 54479 --- [   scheduling-1] c.p.i.m.IntelPushRuleMapper.selectList   : <==      Total: 3
2026-08-20 22:45:31.927 DEBUG 54479 --- [   scheduling-1] c.p.i.mapper.IntelNewsMapper.selectList  : ==>  Preparing: SELECT id,source_code,title,content,region_code,normalized_tags,importance,published_at,push_status,version,deleted,created_at,updated_at FROM intel_news WHERE deleted=false AND (push_status = ? AND importance = ?)
2026-08-20 22:45:31.927 DEBUG 54479 --- [   scheduling-1] c.p.i.mapper.IntelNewsMapper.selectList  : ==> Parameters: none(String), high(String)
2026-08-20 22:45:31.927 DEBUG 54479 --- [   scheduling-1] c.p.i.mapper.IntelNewsMapper.selectList  : <==      Total: 0
2026-08-20 22:45:31.928 DEBUG 54479 --- [   scheduling-1] c.p.i.mapper.IntelNewsMapper.selectList  : ==>  Preparing: SELECT id,source_code,title,content,region_code,normalized_tags,importance,published_at,push_status,version,deleted,created_at,updated_at FROM intel_news WHERE deleted=false AND (push_status = ? AND importance = ?)
2026-08-20 22:45:31.928 DEBUG 54479 --- [   scheduling-1] c.p.i.mapper.IntelNewsMapper.selectList  : ==> Parameters: none(String), medium(String)
2026-08-20 22:45:31.929 DEBUG 54479 --- [   scheduling-1] c.p.i.mapper.IntelNewsMapper.selectList  : <==      Total: 6
2026-08-20 22:45:31.930 DEBUG 54479 --- [   scheduling-1] c.p.i.mapper.IntelNewsMapper.selectList  : ==>  Preparing: SELECT id,source_code,title,content,region_code,normalized_tags,importance,published_at,push_status,version,deleted,created_at,updated_at FROM intel_news WHERE deleted=false AND (push_status = ? AND importance = ?)
2026-08-20 22:45:31.930 DEBUG 54479 --- [   scheduling-1] c.p.i.mapper.IntelNewsMapper.selectList  : ==> Parameters: none(String), high(String)
2026-08-20 22:45:31.930 DEBUG 54479 --- [   scheduling-1] c.p.i.mapper.IntelNewsMapper.selectList  : <==      Total: 0
2026-08-20 22:45:31.931  INFO 54479 --- [   scheduling-1] com.ptidss.intel.service.IntelService    : 情报推送执行完成：匹配情报 0 条，派发消息 0 条
2026-08-20 22:46:01.932 DEBUG 54479 --- [   scheduling-1] c.p.i.m.IntelPushRuleMapper.selectList   : ==>  Preparing: SELECT id,rule_name,tags_filter,importance_filter,target_roles,channel,silent_period,status,version,deleted,created_at,updated_at FROM intel_push_rule WHERE deleted=false AND (status = ?)
2026-08-20 22:46:01.932 DEBUG 54479 --- [   scheduling-1] c.p.i.m.IntelPushRuleMapper.selectList   : ==> Parameters: active(String)
2026-08-20 22:46:01.933 DEBUG 54479 --- [   scheduling-1] c.p.i.m.IntelPushRuleMapper.selectList   : <==      Total: 3
2026-08-20 22:46:01.934 DEBUG 54479 --- [   scheduling-1] c.p.i.mapper.IntelNewsMapper.selectList  : ==>  Preparing: SELECT id,source_code,title,content,region_code,normalized_tags,importance,published_at,push_status,version,deleted,created_at,updated_at FROM intel_news WHERE deleted=false AND (push_status = ? AND importance = ?)
2026-08-20 22:46:01.934 DEBUG 54479 --- [   scheduling-1] c.p.i.mapper.IntelNewsMapper.selectList  : ==> Parameters: none(String), high(String)
2026-08-20 22:46:01.934 DEBUG 54479 --- [   scheduling-1] c.p.i.mapper.IntelNewsMapper.selectList  : <==      Total: 0
2026-08-20 22:46:01.935 DEBUG 54479 --- [   scheduling-1] c.p.i.mapper.IntelNewsMapper.selectList  : ==>  Preparing: SELECT id,source_code,title,content,region_code,normalized_tags,importance,published_at,push_status,version,deleted,created_at,updated_at FROM intel_news WHERE deleted=false AND (push_status = ? AND importance = ?)
2026-08-20 22:46:01.935 DEBUG 54479 --- [   scheduling-1] c.p.i.mapper.IntelNewsMapper.selectList  : ==> Parameters: none(String), medium(String)
2026-08-20 22:46:01.936 DEBUG 54479 --- [   scheduling-1] c.p.i.mapper.IntelNewsMapper.selectList  : <==      Total: 6
2026-08-20 22:46:01.937 DEBUG 54479 --- [   scheduling-1] c.p.i.mapper.IntelNewsMapper.selectList  : ==>  Preparing: SELECT id,source_code,title,content,region_code,normalized_tags,importance,published_at,push_status,version,deleted,created_at,updated_at FROM intel_news WHERE deleted=false AND (push_status = ? AND importance = ?)
2026-08-20 22:46:01.938 DEBUG 54479 --- [   scheduling-1] c.p.i.mapper.IntelNewsMapper.selectList  : ==> Parameters: none(String), high(String)
2026-08-20 22:46:01.938 DEBUG 54479 --- [   scheduling-1] c.p.i.mapper.IntelNewsMapper.selectList  : <==      Total: 0
2026-08-20 22:46:01.938  INFO 54479 --- [   scheduling-1] com.ptidss.intel.service.IntelService    : 情报推送执行完成：匹配情报 0 条，派发消息 0 条
2026-08-20 22:46:11.724 DEBUG 54479 --- [   scheduling-1] c.p.d.m.CollectTaskMapper.selectList     : ==>  Preparing: SELECT id,source_id,task_type,cron_expr,last_run_time,last_status,records_count,error_log,version,deleted,created_at,updated_at FROM collect_task WHERE deleted=false AND (cron_expr IS NOT NULL)
2026-08-20 22:46:11.724 DEBUG 54479 --- [   scheduling-1] c.p.d.m.CollectTaskMapper.selectList     : ==> Parameters: 
2026-08-20 22:46:11.725 DEBUG 54479 --- [   scheduling-1] c.p.d.m.CollectTaskMapper.selectList     : <==      Total: 3
2026-08-20 22:46:31.939 DEBUG 54479 --- [   scheduling-1] c.p.i.m.IntelPushRuleMapper.selectList   : ==>  Preparing: SELECT id,rule_name,tags_filter,importance_filter,target_roles,channel,silent_period,status,version,deleted,created_at,updated_at FROM intel_push_rule WHERE deleted=false AND (status = ?)
2026-08-20 22:46:31.939 DEBUG 54479 --- [   scheduling-1] c.p.i.m.IntelPushRuleMapper.selectList   : ==> Parameters: active(String)
2026-08-20 22:46:31.940 DEBUG 54479 --- [   scheduling-1] c.p.i.m.IntelPushRuleMapper.selectList   : <==      Total: 3
2026-08-20 22:46:31.941 DEBUG 54479 --- [   scheduling-1] c.p.i.mapper.IntelNewsMapper.selectList  : ==>  Preparing: SELECT id,source_code,title,content,region_code,normalized_tags,importance,published_at,push_status,version,deleted,created_at,updated_at FROM intel_news WHERE deleted=false AND (push_status = ? AND importance = ?)
2026-08-20 22:46:31.941 DEBUG 54479 --- [   scheduling-1] c.p.i.mapper.IntelNewsMapper.selectList  : ==> Parameters: none(String), high(String)
2026-08-20 22:46:31.941 DEBUG 54479 --- [   scheduling-1] c.p.i.mapper.IntelNewsMapper.selectList  : <==      Total: 0
2026-08-20 22:46:31.942 DEBUG 54479 --- [   scheduling-1] c.p.i.mapper.IntelNewsMapper.selectList  : ==>  Preparing: SELECT id,source_code,title,content,region_code,normalized_tags,importance,published_at,push_status,version,deleted,created_at,updated_at FROM intel_news WHERE deleted=false AND (push_status = ? AND importance = ?)
2026-08-20 22:46:31.942 DEBUG 54479 --- [   scheduling-1] c.p.i.mapper.IntelNewsMapper.selectList  : ==> Parameters: none(String), medium(String)
2026-08-20 22:46:31.943 DEBUG 54479 --- [   scheduling-1] c.p.i.mapper.IntelNewsMapper.selectList  : <==      Total: 6
2026-08-20 22:46:31.944 DEBUG 54479 --- [   scheduling-1] c.p.i.mapper.IntelNewsMapper.selectList  : ==>  Preparing: SELECT id,source_code,title,content,region_code,normalized_tags,importance,published_at,push_status,version,deleted,created_at,updated_at FROM intel_news WHERE deleted=false AND (push_status = ? AND importance = ?)
2026-08-20 22:46:31.944 DEBUG 54479 --- [   scheduling-1] c.p.i.mapper.IntelNewsMapper.selectList  : ==> Parameters: none(String), high(String)
2026-08-20 22:46:31.944 DEBUG 54479 --- [   scheduling-1] c.p.i.mapper.IntelNewsMapper.selectList  : <==      Total: 0
2026-08-20 22:46:31.944  INFO 54479 --- [   scheduling-1] com.ptidss.intel.service.IntelService    : 情报推送执行完成：匹配情报 0 条，派发消息 0 条
2026-08-20 22:47:01.945 DEBUG 54479 --- [   scheduling-1] c.p.i.m.IntelPushRuleMapper.selectList   : ==>  Preparing: SELECT id,rule_name,tags_filter,importance_filter,target_roles,channel,silent_period,status,version,deleted,created_at,updated_at FROM intel_push_rule WHERE deleted=false AND (status = ?)
2026-08-20 22:47:01.945 DEBUG 54479 --- [   scheduling-1] c.p.i.m.IntelPushRuleMapper.selectList   : ==> Parameters: active(String)
2026-08-20 22:47:01.946 DEBUG 54479 --- [   scheduling-1] c.p.i.m.IntelPushRuleMapper.selectList   : <==      Total: 3
2026-08-20 22:47:01.947 DEBUG 54479 --- [   scheduling-1] c.p.i.mapper.IntelNewsMapper.selectList  : ==>  Preparing: SELECT id,source_code,title,content,region_code,normalized_tags,importance,published_at,push_status,version,deleted,created_at,updated_at FROM intel_news WHERE deleted=false AND (push_status = ? AND importance = ?)
2026-08-20 22:47:01.947 DEBUG 54479 --- [   scheduling-1] c.p.i.mapper.IntelNewsMapper.selectList  : ==> Parameters: none(String), high(String)
2026-08-20 22:47:01.947 DEBUG 54479 --- [   scheduling-1] c.p.i.mapper.IntelNewsMapper.selectList  : <==      Total: 0
2026-08-20 22:47:01.948 DEBUG 54479 --- [   scheduling-1] c.p.i.mapper.IntelNewsMapper.selectList  : ==>  Preparing: SELECT id,source_code,title,content,region_code,normalized_tags,importance,published_at,push_status,version,deleted,created_at,updated_at FROM intel_news WHERE deleted=false AND (push_status = ? AND importance = ?)
2026-08-20 22:47:01.948 DEBUG 54479 --- [   scheduling-1] c.p.i.mapper.IntelNewsMapper.selectList  : ==> Parameters: none(String), medium(String)
2026-08-20 22:47:01.949 DEBUG 54479 --- [   scheduling-1] c.p.i.mapper.IntelNewsMapper.selectList  : <==      Total: 6
2026-08-20 22:47:01.950 DEBUG 54479 --- [   scheduling-1] c.p.i.mapper.IntelNewsMapper.selectList  : ==>  Preparing: SELECT id,source_code,title,content,region_code,normalized_tags,importance,published_at,push_status,version,deleted,created_at,updated_at FROM intel_news WHERE deleted=false AND (push_status = ? AND importance = ?)
2026-08-20 22:47:01.950 DEBUG 54479 --- [   scheduling-1] c.p.i.mapper.IntelNewsMapper.selectList  : ==> Parameters: none(String), high(String)
2026-08-20 22:47:01.950 DEBUG 54479 --- [   scheduling-1] c.p.i.mapper.IntelNewsMapper.selectList  : <==      Total: 0
2026-08-20 22:47:01.950  INFO 54479 --- [   scheduling-1] com.ptidss.intel.service.IntelService    : 情报推送执行完成：匹配情报 0 条，派发消息 0 条
2026-08-20 22:47:11.727 DEBUG 54479 --- [   scheduling-1] c.p.d.m.CollectTaskMapper.selectList     : ==>  Preparing: SELECT id,source_id,task_type,cron_expr,last_run_time,last_status,records_count,error_log,version,deleted,created_at,updated_at FROM collect_task WHERE deleted=false AND (cron_expr IS NOT NULL)
2026-08-20 22:47:11.727 DEBUG 54479 --- [   scheduling-1] c.p.d.m.CollectTaskMapper.selectList     : ==> Parameters: 
2026-08-20 22:47:11.727 DEBUG 54479 --- [   scheduling-1] c.p.d.m.CollectTaskMapper.selectList     : <==      Total: 3
2026-08-20 22:47:31.951 DEBUG 54479 --- [   scheduling-1] c.p.i.m.IntelPushRuleMapper.selectList   : ==>  Preparing: SELECT id,rule_name,tags_filter,importance_filter,target_roles,channel,silent_period,status,version,deleted,created_at,updated_at FROM intel_push_rule WHERE deleted=false AND (status = ?)
2026-08-20 22:47:31.951 DEBUG 54479 --- [   scheduling-1] c.p.i.m.IntelPushRuleMapper.selectList   : ==> Parameters: active(String)
2026-08-20 22:47:31.952 DEBUG 54479 --- [   scheduling-1] c.p.i.m.IntelPushRuleMapper.selectList   : <==      Total: 3
2026-08-20 22:47:31.953 DEBUG 54479 --- [   scheduling-1] c.p.i.mapper.IntelNewsMapper.selectList  : ==>  Preparing: SELECT id,source_code,title,content,region_code,normalized_tags,importance,published_at,push_status,version,deleted,created_at,updated_at FROM intel_news WHERE deleted=false AND (push_status = ? AND importance = ?)
2026-08-20 22:47:31.953 DEBUG 54479 --- [   scheduling-1] c.p.i.mapper.IntelNewsMapper.selectList  : ==> Parameters: none(String), high(String)
2026-08-20 22:47:31.953 DEBUG 54479 --- [   scheduling-1] c.p.i.mapper.IntelNewsMapper.selectList  : <==      Total: 0
2026-08-20 22:47:31.954 DEBUG 54479 --- [   scheduling-1] c.p.i.mapper.IntelNewsMapper.selectList  : ==>  Preparing: SELECT id,source_code,title,content,region_code,normalized_tags,importance,published_at,push_status,version,deleted,created_at,updated_at FROM intel_news WHERE deleted=false AND (push_status = ? AND importance = ?)
2026-08-20 22:47:31.954 DEBUG 54479 --- [   scheduling-1] c.p.i.mapper.IntelNewsMapper.selectList  : ==> Parameters: none(String), medium(String)
2026-08-20 22:47:31.955 DEBUG 54479 --- [   scheduling-1] c.p.i.mapper.IntelNewsMapper.selectList  : <==      Total: 6
2026-08-20 22:47:31.955 DEBUG 54479 --- [   scheduling-1] c.p.i.mapper.IntelNewsMapper.selectList  : ==>  Preparing: SELECT id,source_code,title,content,region_code,normalized_tags,importance,published_at,push_status,version,deleted,created_at,updated_at FROM intel_news WHERE deleted=false AND (push_status = ? AND importance = ?)
2026-08-20 22:47:31.955 DEBUG 54479 --- [   scheduling-1] c.p.i.mapper.IntelNewsMapper.selectList  : ==> Parameters: none(String), high(String)
2026-08-20 22:47:31.956 DEBUG 54479 --- [   scheduling-1] c.p.i.mapper.IntelNewsMapper.selectList  : <==      Total: 0
2026-08-20 22:47:31.956  INFO 54479 --- [   scheduling-1] com.ptidss.intel.service.IntelService    : 情报推送执行完成：匹配情报 0 条，派发消息 0 条
2026-08-20 22:48:01.957 DEBUG 54479 --- [   scheduling-1] c.p.i.m.IntelPushRuleMapper.selectList   : ==>  Preparing: SELECT id,rule_name,tags_filter,importance_filter,target_roles,channel,silent_period,status,version,deleted,created_at,updated_at FROM intel_push_rule WHERE deleted=false AND (status = ?)
2026-08-20 22:48:01.957 DEBUG 54479 --- [   scheduling-1] c.p.i.m.IntelPushRuleMapper.selectList   : ==> Parameters: active(String)
2026-08-20 22:48:01.957 DEBUG 54479 --- [   scheduling-1] c.p.i.m.IntelPushRuleMapper.selectList   : <==      Total: 3
2026-08-20 22:48:01.958 DEBUG 54479 --- [   scheduling-1] c.p.i.mapper.IntelNewsMapper.selectList  : ==>  Preparing: SELECT id,source_code,title,content,region_code,normalized_tags,importance,published_at,push_status,version,deleted,created_at,updated_at FROM intel_news WHERE deleted=false AND (push_status = ? AND importance = ?)
2026-08-20 22:48:01.958 DEBUG 54479 --- [   scheduling-1] c.p.i.mapper.IntelNewsMapper.selectList  : ==> Parameters: none(String), high(String)
2026-08-20 22:48:01.958 DEBUG 54479 --- [   scheduling-1] c.p.i.mapper.IntelNewsMapper.selectList  : <==      Total: 0
2026-08-20 22:48:01.959 DEBUG 54479 --- [   scheduling-1] c.p.i.mapper.IntelNewsMapper.selectList  : ==>  Preparing: SELECT id,source_code,title,content,region_code,normalized_tags,importance,published_at,push_status,version,deleted,created_at,updated_at FROM intel_news WHERE deleted=false AND (push_status = ? AND importance = ?)
2026-08-20 22:48:01.959 DEBUG 54479 --- [   scheduling-1] c.p.i.mapper.IntelNewsMapper.selectList  : ==> Parameters: none(String), medium(String)
2026-08-20 22:48:01.959 DEBUG 54479 --- [   scheduling-1] c.p.i.mapper.IntelNewsMapper.selectList  : <==      Total: 6
2026-08-20 22:48:01.960 DEBUG 54479 --- [   scheduling-1] c.p.i.mapper.IntelNewsMapper.selectList  : ==>  Preparing: SELECT id,source_code,title,content,region_code,normalized_tags,importance,published_at,push_status,version,deleted,created_at,updated_at FROM intel_news WHERE deleted=false AND (push_status = ? AND importance = ?)
2026-08-20 22:48:01.960 DEBUG 54479 --- [   scheduling-1] c.p.i.mapper.IntelNewsMapper.selectList  : ==> Parameters: none(String), high(String)
2026-08-20 22:48:01.960 DEBUG 54479 --- [   scheduling-1] c.p.i.mapper.IntelNewsMapper.selectList  : <==      Total: 0
2026-08-20 22:48:01.961  INFO 54479 --- [   scheduling-1] com.ptidss.intel.service.IntelService    : 情报推送执行完成：匹配情报 0 条，派发消息 0 条
2026-08-20 22:48:11.729 DEBUG 54479 --- [   scheduling-1] c.p.d.m.CollectTaskMapper.selectList     : ==>  Preparing: SELECT id,source_id,task_type,cron_expr,last_run_time,last_status,records_count,error_log,version,deleted,created_at,updated_at FROM collect_task WHERE deleted=false AND (cron_expr IS NOT NULL)
2026-08-20 22:48:11.729 DEBUG 54479 --- [   scheduling-1] c.p.d.m.CollectTaskMapper.selectList     : ==> Parameters: 
2026-08-20 22:48:11.730 DEBUG 54479 --- [   scheduling-1] c.p.d.m.CollectTaskMapper.selectList     : <==      Total: 3
2026-08-20 22:48:31.962 DEBUG 54479 --- [   scheduling-1] c.p.i.m.IntelPushRuleMapper.selectList   : ==>  Preparing: SELECT id,rule_name,tags_filter,importance_filter,target_roles,channel,silent_period,status,version,deleted,created_at,updated_at FROM intel_push_rule WHERE deleted=false AND (status = ?)
2026-08-20 22:48:31.962 DEBUG 54479 --- [   scheduling-1] c.p.i.m.IntelPushRuleMapper.selectList   : ==> Parameters: active(String)
2026-08-20 22:48:31.962 DEBUG 54479 --- [   scheduling-1] c.p.i.m.IntelPushRuleMapper.selectList   : <==      Total: 3
2026-08-20 22:48:31.963 DEBUG 54479 --- [   scheduling-1] c.p.i.mapper.IntelNewsMapper.selectList  : ==>  Preparing: SELECT id,source_code,title,content,region_code,normalized_tags,importance,published_at,push_status,version,deleted,created_at,updated_at FROM intel_news WHERE deleted=false AND (push_status = ? AND importance = ?)
2026-08-20 22:48:31.963 DEBUG 54479 --- [   scheduling-1] c.p.i.mapper.IntelNewsMapper.selectList  : ==> Parameters: none(String), high(String)
2026-08-20 22:48:31.964 DEBUG 54479 --- [   scheduling-1] c.p.i.mapper.IntelNewsMapper.selectList  : <==      Total: 0
2026-08-20 22:48:31.964 DEBUG 54479 --- [   scheduling-1] c.p.i.mapper.IntelNewsMapper.selectList  : ==>  Preparing: SELECT id,source_code,title,content,region_code,normalized_tags,importance,published_at,push_status,version,deleted,created_at,updated_at FROM intel_news WHERE deleted=false AND (push_status = ? AND importance = ?)
2026-08-20 22:48:31.964 DEBUG 54479 --- [   scheduling-1] c.p.i.mapper.IntelNewsMapper.selectList  : ==> Parameters: none(String), medium(String)
2026-08-20 22:48:31.965 DEBUG 54479 --- [   scheduling-1] c.p.i.mapper.IntelNewsMapper.selectList  : <==      Total: 6
2026-08-20 22:48:31.966 DEBUG 54479 --- [   scheduling-1] c.p.i.mapper.IntelNewsMapper.selectList  : ==>  Preparing: SELECT id,source_code,title,content,region_code,normalized_tags,importance,published_at,push_status,version,deleted,created_at,updated_at FROM intel_news WHERE deleted=false AND (push_status = ? AND importance = ?)
2026-08-20 22:48:31.966 DEBUG 54479 --- [   scheduling-1] c.p.i.mapper.IntelNewsMapper.selectList  : ==> Parameters: none(String), high(String)
2026-08-20 22:48:31.967 DEBUG 54479 --- [   scheduling-1] c.p.i.mapper.IntelNewsMapper.selectList  : <==      Total: 0
2026-08-20 22:48:31.967  INFO 54479 --- [   scheduling-1] com.ptidss.intel.service.IntelService    : 情报推送执行完成：匹配情报 0 条，派发消息 0 条
2026-08-20 22:49:01.968 DEBUG 54479 --- [   scheduling-1] c.p.i.m.IntelPushRuleMapper.selectList   : ==>  Preparing: SELECT id,rule_name,tags_filter,importance_filter,target_roles,channel,silent_period,status,version,deleted,created_at,updated_at FROM intel_push_rule WHERE deleted=false AND (status = ?)
2026-08-20 22:49:01.968 DEBUG 54479 --- [   scheduling-1] c.p.i.m.IntelPushRuleMapper.selectList   : ==> Parameters: active(String)
2026-08-20 22:49:01.968 DEBUG 54479 --- [   scheduling-1] c.p.i.m.IntelPushRuleMapper.selectList   : <==      Total: 3
2026-08-20 22:49:01.969 DEBUG 54479 --- [   scheduling-1] c.p.i.mapper.IntelNewsMapper.selectList  : ==>  Preparing: SELECT id,source_code,title,content,region_code,normalized_tags,importance,published_at,push_status,version,deleted,created_at,updated_at FROM intel_news WHERE deleted=false AND (push_status = ? AND importance = ?)
2026-08-20 22:49:01.969 DEBUG 54479 --- [   scheduling-1] c.p.i.mapper.IntelNewsMapper.selectList  : ==> Parameters: none(String), high(String)
2026-08-20 22:49:01.970 DEBUG 54479 --- [   scheduling-1] c.p.i.mapper.IntelNewsMapper.selectList  : <==      Total: 0
2026-08-20 22:49:01.970 DEBUG 54479 --- [   scheduling-1] c.p.i.mapper.IntelNewsMapper.selectList  : ==>  Preparing: SELECT id,source_code,title,content,region_code,normalized_tags,importance,published_at,push_status,version,deleted,created_at,updated_at FROM intel_news WHERE deleted=false AND (push_status = ? AND importance = ?)
2026-08-20 22:49:01.971 DEBUG 54479 --- [   scheduling-1] c.p.i.mapper.IntelNewsMapper.selectList  : ==> Parameters: none(String), medium(String)
2026-08-20 22:49:01.971 DEBUG 54479 --- [   scheduling-1] c.p.i.mapper.IntelNewsMapper.selectList  : <==      Total: 6
2026-08-20 22:49:01.972 DEBUG 54479 --- [   scheduling-1] c.p.i.mapper.IntelNewsMapper.selectList  : ==>  Preparing: SELECT id,source_code,title,content,region_code,normalized_tags,importance,published_at,push_status,version,deleted,created_at,updated_at FROM intel_news WHERE deleted=false AND (push_status = ? AND importance = ?)
2026-08-20 22:49:01.972 DEBUG 54479 --- [   scheduling-1] c.p.i.mapper.IntelNewsMapper.selectList  : ==> Parameters: none(String), high(String)
2026-08-20 22:49:01.972 DEBUG 54479 --- [   scheduling-1] c.p.i.mapper.IntelNewsMapper.selectList  : <==      Total: 0
2026-08-20 22:49:01.973  INFO 54479 --- [   scheduling-1] com.ptidss.intel.service.IntelService    : 情报推送执行完成：匹配情报 0 条，派发消息 0 条
2026-08-20 22:49:11.731 DEBUG 54479 --- [   scheduling-1] c.p.d.m.CollectTaskMapper.selectList     : ==>  Preparing: SELECT id,source_id,task_type,cron_expr,last_run_time,last_status,records_count,error_log,version,deleted,created_at,updated_at FROM collect_task WHERE deleted=false AND (cron_expr IS NOT NULL)
2026-08-20 22:49:11.731 DEBUG 54479 --- [   scheduling-1] c.p.d.m.CollectTaskMapper.selectList     : ==> Parameters: 
2026-08-20 22:49:11.732 DEBUG 54479 --- [   scheduling-1] c.p.d.m.CollectTaskMapper.selectList     : <==      Total: 3
2026-08-20 22:49:31.974 DEBUG 54479 --- [   scheduling-1] c.p.i.m.IntelPushRuleMapper.selectList   : ==>  Preparing: SELECT id,rule_name,tags_filter,importance_filter,target_roles,channel,silent_period,status,version,deleted,created_at,updated_at FROM intel_push_rule WHERE deleted=false AND (status = ?)
2026-08-20 22:49:31.974 DEBUG 54479 --- [   scheduling-1] c.p.i.m.IntelPushRuleMapper.selectList   : ==> Parameters: active(String)
2026-08-20 22:49:31.975 DEBUG 54479 --- [   scheduling-1] c.p.i.m.IntelPushRuleMapper.selectList   : <==      Total: 3
2026-08-20 22:49:31.976 DEBUG 54479 --- [   scheduling-1] c.p.i.mapper.IntelNewsMapper.selectList  : ==>  Preparing: SELECT id,source_code,title,content,region_code,normalized_tags,importance,published_at,push_status,version,deleted,created_at,updated_at FROM intel_news WHERE deleted=false AND (push_status = ? AND importance = ?)
2026-08-20 22:49:31.976 DEBUG 54479 --- [   scheduling-1] c.p.i.mapper.IntelNewsMapper.selectList  : ==> Parameters: none(String), high(String)
2026-08-20 22:49:31.976 DEBUG 54479 --- [   scheduling-1] c.p.i.mapper.IntelNewsMapper.selectList  : <==      Total: 0
2026-08-20 22:49:31.977 DEBUG 54479 --- [   scheduling-1] c.p.i.mapper.IntelNewsMapper.selectList  : ==>  Preparing: SELECT id,source_code,title,content,region_code,normalized_tags,importance,published_at,push_status,version,deleted,created_at,updated_at FROM intel_news WHERE deleted=false AND (push_status = ? AND importance = ?)
2026-08-20 22:49:31.977 DEBUG 54479 --- [   scheduling-1] c.p.i.mapper.IntelNewsMapper.selectList  : ==> Parameters: none(String), medium(String)
2026-08-20 22:49:31.978 DEBUG 54479 --- [   scheduling-1] c.p.i.mapper.IntelNewsMapper.selectList  : <==      Total: 6
2026-08-20 22:49:31.979 DEBUG 54479 --- [   scheduling-1] c.p.i.mapper.IntelNewsMapper.selectList  : ==>  Preparing: SELECT id,source_code,title,content,region_code,normalized_tags,importance,published_at,push_status,version,deleted,created_at,updated_at FROM intel_news WHERE deleted=false AND (push_status = ? AND importance = ?)
2026-08-20 22:49:31.979 DEBUG 54479 --- [   scheduling-1] c.p.i.mapper.IntelNewsMapper.selectList  : ==> Parameters: none(String), high(String)
2026-08-20 22:49:31.979 DEBUG 54479 --- [   scheduling-1] c.p.i.mapper.IntelNewsMapper.selectList  : <==      Total: 0
2026-08-20 22:49:31.979  INFO 54479 --- [   scheduling-1] com.ptidss.intel.service.IntelService    : 情报推送执行完成：匹配情报 0 条，派发消息 0 条
2026-08-20 22:50:01.980 DEBUG 54479 --- [   scheduling-1] c.p.i.m.IntelPushRuleMapper.selectList   : ==>  Preparing: SELECT id,rule_name,tags_filter,importance_filter,target_roles,channel,silent_period,status,version,deleted,created_at,updated_at FROM intel_push_rule WHERE deleted=false AND (status = ?)
2026-08-20 22:50:01.980 DEBUG 54479 --- [   scheduling-1] c.p.i.m.IntelPushRuleMapper.selectList   : ==> Parameters: active(String)
2026-08-20 22:50:01.981 DEBUG 54479 --- [   scheduling-1] c.p.i.m.IntelPushRuleMapper.selectList   : <==      Total: 3
2026-08-20 22:50:01.981 DEBUG 54479 --- [   scheduling-1] c.p.i.mapper.IntelNewsMapper.selectList  : ==>  Preparing: SELECT id,source_code,title,content,region_code,normalized_tags,importance,published_at,push_status,version,deleted,created_at,updated_at FROM intel_news WHERE deleted=false AND (push_status = ? AND importance = ?)
2026-08-20 22:50:01.982 DEBUG 54479 --- [   scheduling-1] c.p.i.mapper.IntelNewsMapper.selectList  : ==> Parameters: none(String), high(String)
2026-08-20 22:50:01.982 DEBUG 54479 --- [   scheduling-1] c.p.i.mapper.IntelNewsMapper.selectList  : <==      Total: 0
2026-08-20 22:50:01.983 DEBUG 54479 --- [   scheduling-1] c.p.i.mapper.IntelNewsMapper.selectList  : ==>  Preparing: SELECT id,source_code,title,content,region_code,normalized_tags,importance,published_at,push_status,version,deleted,created_at,updated_at FROM intel_news WHERE deleted=false AND (push_status = ? AND importance = ?)
2026-08-20 22:50:01.983 DEBUG 54479 --- [   scheduling-1] c.p.i.mapper.IntelNewsMapper.selectList  : ==> Parameters: none(String), medium(String)
2026-08-20 22:50:01.983 DEBUG 54479 --- [   scheduling-1] c.p.i.mapper.IntelNewsMapper.selectList  : <==      Total: 6
2026-08-20 22:50:01.984 DEBUG 54479 --- [   scheduling-1] c.p.i.mapper.IntelNewsMapper.selectList  : ==>  Preparing: SELECT id,source_code,title,content,region_code,normalized_tags,importance,published_at,push_status,version,deleted,created_at,updated_at FROM intel_news WHERE deleted=false AND (push_status = ? AND importance = ?)
2026-08-20 22:50:01.984 DEBUG 54479 --- [   scheduling-1] c.p.i.mapper.IntelNewsMapper.selectList  : ==> Parameters: none(String), high(String)
2026-08-20 22:50:01.985 DEBUG 54479 --- [   scheduling-1] c.p.i.mapper.IntelNewsMapper.selectList  : <==      Total: 0
2026-08-20 22:50:01.985  INFO 54479 --- [   scheduling-1] com.ptidss.intel.service.IntelService    : 情报推送执行完成：匹配情报 0 条，派发消息 0 条
2026-08-20 22:50:11.733 DEBUG 54479 --- [   scheduling-1] c.p.d.m.CollectTaskMapper.selectList     : ==>  Preparing: SELECT id,source_id,task_type,cron_expr,last_run_time,last_status,records_count,error_log,version,deleted,created_at,updated_at FROM collect_task WHERE deleted=false AND (cron_expr IS NOT NULL)
2026-08-20 22:50:11.733 DEBUG 54479 --- [   scheduling-1] c.p.d.m.CollectTaskMapper.selectList     : ==> Parameters: 
2026-08-20 22:50:11.734 DEBUG 54479 --- [   scheduling-1] c.p.d.m.CollectTaskMapper.selectList     : <==      Total: 3
2026-08-20 22:50:31.986 DEBUG 54479 --- [   scheduling-1] c.p.i.m.IntelPushRuleMapper.selectList   : ==>  Preparing: SELECT id,rule_name,tags_filter,importance_filter,target_roles,channel,silent_period,status,version,deleted,created_at,updated_at FROM intel_push_rule WHERE deleted=false AND (status = ?)
2026-08-20 22:50:31.986 DEBUG 54479 --- [   scheduling-1] c.p.i.m.IntelPushRuleMapper.selectList   : ==> Parameters: active(String)
2026-08-20 22:50:31.986 DEBUG 54479 --- [   scheduling-1] c.p.i.m.IntelPushRuleMapper.selectList   : <==      Total: 3
2026-08-20 22:50:31.987 DEBUG 54479 --- [   scheduling-1] c.p.i.mapper.IntelNewsMapper.selectList  : ==>  Preparing: SELECT id,source_code,title,content,region_code,normalized_tags,importance,published_at,push_status,version,deleted,created_at,updated_at FROM intel_news WHERE deleted=false AND (push_status = ? AND importance = ?)
2026-08-20 22:50:31.987 DEBUG 54479 --- [   scheduling-1] c.p.i.mapper.IntelNewsMapper.selectList  : ==> Parameters: none(String), high(String)
2026-08-20 22:50:31.987 DEBUG 54479 --- [   scheduling-1] c.p.i.mapper.IntelNewsMapper.selectList  : <==      Total: 0
2026-08-20 22:50:31.988 DEBUG 54479 --- [   scheduling-1] c.p.i.mapper.IntelNewsMapper.selectList  : ==>  Preparing: SELECT id,source_code,title,content,region_code,normalized_tags,importance,published_at,push_status,version,deleted,created_at,updated_at FROM intel_news WHERE deleted=false AND (push_status = ? AND importance = ?)
2026-08-20 22:50:31.988 DEBUG 54479 --- [   scheduling-1] c.p.i.mapper.IntelNewsMapper.selectList  : ==> Parameters: none(String), medium(String)
2026-08-20 22:50:31.988 DEBUG 54479 --- [   scheduling-1] c.p.i.mapper.IntelNewsMapper.selectList  : <==      Total: 6
2026-08-20 22:50:31.989 DEBUG 54479 --- [   scheduling-1] c.p.i.mapper.IntelNewsMapper.selectList  : ==>  Preparing: SELECT id,source_code,title,content,region_code,normalized_tags,importance,published_at,push_status,version,deleted,created_at,updated_at FROM intel_news WHERE deleted=false AND (push_status = ? AND importance = ?)
2026-08-20 22:50:31.989 DEBUG 54479 --- [   scheduling-1] c.p.i.mapper.IntelNewsMapper.selectList  : ==> Parameters: none(String), high(String)
2026-08-20 22:50:31.990 DEBUG 54479 --- [   scheduling-1] c.p.i.mapper.IntelNewsMapper.selectList  : <==      Total: 0
2026-08-20 22:50:31.990  INFO 54479 --- [   scheduling-1] com.ptidss.intel.service.IntelService    : 情报推送执行完成：匹配情报 0 条，派发消息 0 条
2026-08-20 22:51:01.991 DEBUG 54479 --- [   scheduling-1] c.p.i.m.IntelPushRuleMapper.selectList   : ==>  Preparing: SELECT id,rule_name,tags_filter,importance_filter,target_roles,channel,silent_period,status,version,deleted,created_at,updated_at FROM intel_push_rule WHERE deleted=false AND (status = ?)
2026-08-20 22:51:01.991 DEBUG 54479 --- [   scheduling-1] c.p.i.m.IntelPushRuleMapper.selectList   : ==> Parameters: active(String)
2026-08-20 22:51:01.991 DEBUG 54479 --- [   scheduling-1] c.p.i.m.IntelPushRuleMapper.selectList   : <==      Total: 3
2026-08-20 22:51:01.992 DEBUG 54479 --- [   scheduling-1] c.p.i.mapper.IntelNewsMapper.selectList  : ==>  Preparing: SELECT id,source_code,title,content,region_code,normalized_tags,importance,published_at,push_status,version,deleted,created_at,updated_at FROM intel_news WHERE deleted=false AND (push_status = ? AND importance = ?)
2026-08-20 22:51:01.992 DEBUG 54479 --- [   scheduling-1] c.p.i.mapper.IntelNewsMapper.selectList  : ==> Parameters: none(String), high(String)
2026-08-20 22:51:01.993 DEBUG 54479 --- [   scheduling-1] c.p.i.mapper.IntelNewsMapper.selectList  : <==      Total: 0
2026-08-20 22:51:01.993 DEBUG 54479 --- [   scheduling-1] c.p.i.mapper.IntelNewsMapper.selectList  : ==>  Preparing: SELECT id,source_code,title,content,region_code,normalized_tags,importance,published_at,push_status,version,deleted,created_at,updated_at FROM intel_news WHERE deleted=false AND (push_status = ? AND importance = ?)
2026-08-20 22:51:01.994 DEBUG 54479 --- [   scheduling-1] c.p.i.mapper.IntelNewsMapper.selectList  : ==> Parameters: none(String), medium(String)
2026-08-20 22:51:01.994 DEBUG 54479 --- [   scheduling-1] c.p.i.mapper.IntelNewsMapper.selectList  : <==      Total: 6
2026-08-20 22:51:01.995 DEBUG 54479 --- [   scheduling-1] c.p.i.mapper.IntelNewsMapper.selectList  : ==>  Preparing: SELECT id,source_code,title,content,region_code,normalized_tags,importance,published_at,push_status,version,deleted,created_at,updated_at FROM intel_news WHERE deleted=false AND (push_status = ? AND importance = ?)
2026-08-20 22:51:01.995 DEBUG 54479 --- [   scheduling-1] c.p.i.mapper.IntelNewsMapper.selectList  : ==> Parameters: none(String), high(String)
2026-08-20 22:51:01.995 DEBUG 54479 --- [   scheduling-1] c.p.i.mapper.IntelNewsMapper.selectList  : <==      Total: 0
2026-08-20 22:51:01.995  INFO 54479 --- [   scheduling-1] com.ptidss.intel.service.IntelService    : 情报推送执行完成：匹配情报 0 条，派发消息 0 条
2026-08-20 22:51:11.735 DEBUG 54479 --- [   scheduling-1] c.p.d.m.CollectTaskMapper.selectList     : ==>  Preparing: SELECT id,source_id,task_type,cron_expr,last_run_time,last_status,records_count,error_log,version,deleted,created_at,updated_at FROM collect_task WHERE deleted=false AND (cron_expr IS NOT NULL)
2026-08-20 22:51:11.735 DEBUG 54479 --- [   scheduling-1] c.p.d.m.CollectTaskMapper.selectList     : ==> Parameters: 
2026-08-20 22:51:11.736 DEBUG 54479 --- [   scheduling-1] c.p.d.m.CollectTaskMapper.selectList     : <==      Total: 3
2026-08-20 22:51:31.996 DEBUG 54479 --- [   scheduling-1] c.p.i.m.IntelPushRuleMapper.selectList   : ==>  Preparing: SELECT id,rule_name,tags_filter,importance_filter,target_roles,channel,silent_period,status,version,deleted,created_at,updated_at FROM intel_push_rule WHERE deleted=false AND (status = ?)
2026-08-20 22:51:31.996 DEBUG 54479 --- [   scheduling-1] c.p.i.m.IntelPushRuleMapper.selectList   : ==> Parameters: active(String)
2026-08-20 22:51:31.997 DEBUG 54479 --- [   scheduling-1] c.p.i.m.IntelPushRuleMapper.selectList   : <==      Total: 3
2026-08-20 22:51:31.998 DEBUG 54479 --- [   scheduling-1] c.p.i.mapper.IntelNewsMapper.selectList  : ==>  Preparing: SELECT id,source_code,title,content,region_code,normalized_tags,importance,published_at,push_status,version,deleted,created_at,updated_at FROM intel_news WHERE deleted=false AND (push_status = ? AND importance = ?)
2026-08-20 22:51:31.998 DEBUG 54479 --- [   scheduling-1] c.p.i.mapper.IntelNewsMapper.selectList  : ==> Parameters: none(String), high(String)
2026-08-20 22:51:31.998 DEBUG 54479 --- [   scheduling-1] c.p.i.mapper.IntelNewsMapper.selectList  : <==      Total: 0
2026-08-20 22:51:31.999 DEBUG 54479 --- [   scheduling-1] c.p.i.mapper.IntelNewsMapper.selectList  : ==>  Preparing: SELECT id,source_code,title,content,region_code,normalized_tags,importance,published_at,push_status,version,deleted,created_at,updated_at FROM intel_news WHERE deleted=false AND (push_status = ? AND importance = ?)
2026-08-20 22:51:31.999 DEBUG 54479 --- [   scheduling-1] c.p.i.mapper.IntelNewsMapper.selectList  : ==> Parameters: none(String), medium(String)
2026-08-20 22:51:31.999 DEBUG 54479 --- [   scheduling-1] c.p.i.mapper.IntelNewsMapper.selectList  : <==      Total: 6
2026-08-20 22:51:32.000 DEBUG 54479 --- [   scheduling-1] c.p.i.mapper.IntelNewsMapper.selectList  : ==>  Preparing: SELECT id,source_code,title,content,region_code,normalized_tags,importance,published_at,push_status,version,deleted,created_at,updated_at FROM intel_news WHERE deleted=false AND (push_status = ? AND importance = ?)
2026-08-20 22:51:32.000 DEBUG 54479 --- [   scheduling-1] c.p.i.mapper.IntelNewsMapper.selectList  : ==> Parameters: none(String), high(String)
2026-08-20 22:51:32.001 DEBUG 54479 --- [   scheduling-1] c.p.i.mapper.IntelNewsMapper.selectList  : <==      Total: 0
2026-08-20 22:51:32.001  INFO 54479 --- [   scheduling-1] com.ptidss.intel.service.IntelService    : 情报推送执行完成：匹配情报 0 条，派发消息 0 条
2026-08-20 22:52:02.002 DEBUG 54479 --- [   scheduling-1] c.p.i.m.IntelPushRuleMapper.selectList   : ==>  Preparing: SELECT id,rule_name,tags_filter,importance_filter,target_roles,channel,silent_period,status,version,deleted,created_at,updated_at FROM intel_push_rule WHERE deleted=false AND (status = ?)
2026-08-20 22:52:02.002 DEBUG 54479 --- [   scheduling-1] c.p.i.m.IntelPushRuleMapper.selectList   : ==> Parameters: active(String)
2026-08-20 22:52:02.003 DEBUG 54479 --- [   scheduling-1] c.p.i.m.IntelPushRuleMapper.selectList   : <==      Total: 3
2026-08-20 22:52:02.003 DEBUG 54479 --- [   scheduling-1] c.p.i.mapper.IntelNewsMapper.selectList  : ==>  Preparing: SELECT id,source_code,title,content,region_code,normalized_tags,importance,published_at,push_status,version,deleted,created_at,updated_at FROM intel_news WHERE deleted=false AND (push_status = ? AND importance = ?)
2026-08-20 22:52:02.004 DEBUG 54479 --- [   scheduling-1] c.p.i.mapper.IntelNewsMapper.selectList  : ==> Parameters: none(String), high(String)
2026-08-20 22:52:02.004 DEBUG 54479 --- [   scheduling-1] c.p.i.mapper.IntelNewsMapper.selectList  : <==      Total: 0
2026-08-20 22:52:02.004 DEBUG 54479 --- [   scheduling-1] c.p.i.mapper.IntelNewsMapper.selectList  : ==>  Preparing: SELECT id,source_code,title,content,region_code,normalized_tags,importance,published_at,push_status,version,deleted,created_at,updated_at FROM intel_news WHERE deleted=false AND (push_status = ? AND importance = ?)
2026-08-20 22:52:02.004 DEBUG 54479 --- [   scheduling-1] c.p.i.mapper.IntelNewsMapper.selectList  : ==> Parameters: none(String), medium(String)
2026-08-20 22:52:02.005 DEBUG 54479 --- [   scheduling-1] c.p.i.mapper.IntelNewsMapper.selectList  : <==      Total: 6
2026-08-20 22:52:02.006 DEBUG 54479 --- [   scheduling-1] c.p.i.mapper.IntelNewsMapper.selectList  : ==>  Preparing: SELECT id,source_code,title,content,region_code,normalized_tags,importance,published_at,push_status,version,deleted,created_at,updated_at FROM intel_news WHERE deleted=false AND (push_status = ? AND importance = ?)
2026-08-20 22:52:02.006 DEBUG 54479 --- [   scheduling-1] c.p.i.mapper.IntelNewsMapper.selectList  : ==> Parameters: none(String), high(String)
2026-08-20 22:52:02.006 DEBUG 54479 --- [   scheduling-1] c.p.i.mapper.IntelNewsMapper.selectList  : <==      Total: 0
2026-08-20 22:52:02.007  INFO 54479 --- [   scheduling-1] com.ptidss.intel.service.IntelService    : 情报推送执行完成：匹配情报 0 条，派发消息 0 条
2026-08-20 22:52:11.739 DEBUG 54479 --- [   scheduling-1] c.p.d.m.CollectTaskMapper.selectList     : ==>  Preparing: SELECT id,source_id,task_type,cron_expr,last_run_time,last_status,records_count,error_log,version,deleted,created_at,updated_at FROM collect_task WHERE deleted=false AND (cron_expr IS NOT NULL)
2026-08-20 22:52:11.739 DEBUG 54479 --- [   scheduling-1] c.p.d.m.CollectTaskMapper.selectList     : ==> Parameters: 
2026-08-20 22:52:11.740 DEBUG 54479 --- [   scheduling-1] c.p.d.m.CollectTaskMapper.selectList     : <==      Total: 3
2026-08-20 22:52:32.008 DEBUG 54479 --- [   scheduling-1] c.p.i.m.IntelPushRuleMapper.selectList   : ==>  Preparing: SELECT id,rule_name,tags_filter,importance_filter,target_roles,channel,silent_period,status,version,deleted,created_at,updated_at FROM intel_push_rule WHERE deleted=false AND (status = ?)
2026-08-20 22:52:32.008 DEBUG 54479 --- [   scheduling-1] c.p.i.m.IntelPushRuleMapper.selectList   : ==> Parameters: active(String)
2026-08-20 22:52:32.008 DEBUG 54479 --- [   scheduling-1] c.p.i.m.IntelPushRuleMapper.selectList   : <==      Total: 3
2026-08-20 22:52:32.009 DEBUG 54479 --- [   scheduling-1] c.p.i.mapper.IntelNewsMapper.selectList  : ==>  Preparing: SELECT id,source_code,title,content,region_code,normalized_tags,importance,published_at,push_status,version,deleted,created_at,updated_at FROM intel_news WHERE deleted=false AND (push_status = ? AND importance = ?)
2026-08-20 22:52:32.009 DEBUG 54479 --- [   scheduling-1] c.p.i.mapper.IntelNewsMapper.selectList  : ==> Parameters: none(String), high(String)
2026-08-20 22:52:32.009 DEBUG 54479 --- [   scheduling-1] c.p.i.mapper.IntelNewsMapper.selectList  : <==      Total: 0
2026-08-20 22:52:32.010 DEBUG 54479 --- [   scheduling-1] c.p.i.mapper.IntelNewsMapper.selectList  : ==>  Preparing: SELECT id,source_code,title,content,region_code,normalized_tags,importance,published_at,push_status,version,deleted,created_at,updated_at FROM intel_news WHERE deleted=false AND (push_status = ? AND importance = ?)
2026-08-20 22:52:32.010 DEBUG 54479 --- [   scheduling-1] c.p.i.mapper.IntelNewsMapper.selectList  : ==> Parameters: none(String), medium(String)
2026-08-20 22:52:32.011 DEBUG 54479 --- [   scheduling-1] c.p.i.mapper.IntelNewsMapper.selectList  : <==      Total: 6
2026-08-20 22:52:32.011 DEBUG 54479 --- [   scheduling-1] c.p.i.mapper.IntelNewsMapper.selectList  : ==>  Preparing: SELECT id,source_code,title,content,region_code,normalized_tags,importance,published_at,push_status,version,deleted,created_at,updated_at FROM intel_news WHERE deleted=false AND (push_status = ? AND importance = ?)
2026-08-20 22:52:32.012 DEBUG 54479 --- [   scheduling-1] c.p.i.mapper.IntelNewsMapper.selectList  : ==> Parameters: none(String), high(String)
2026-08-20 22:52:32.012 DEBUG 54479 --- [   scheduling-1] c.p.i.mapper.IntelNewsMapper.selectList  : <==      Total: 0
2026-08-20 22:52:32.012  INFO 54479 --- [   scheduling-1] com.ptidss.intel.service.IntelService    : 情报推送执行完成：匹配情报 0 条，派发消息 0 条
2026-08-20 22:53:02.013 DEBUG 54479 --- [   scheduling-1] c.p.i.m.IntelPushRuleMapper.selectList   : ==>  Preparing: SELECT id,rule_name,tags_filter,importance_filter,target_roles,channel,silent_period,status,version,deleted,created_at,updated_at FROM intel_push_rule WHERE deleted=false AND (status = ?)
2026-08-20 22:53:02.013 DEBUG 54479 --- [   scheduling-1] c.p.i.m.IntelPushRuleMapper.selectList   : ==> Parameters: active(String)
2026-08-20 22:53:02.014 DEBUG 54479 --- [   scheduling-1] c.p.i.m.IntelPushRuleMapper.selectList   : <==      Total: 3
2026-08-20 22:53:02.015 DEBUG 54479 --- [   scheduling-1] c.p.i.mapper.IntelNewsMapper.selectList  : ==>  Preparing: SELECT id,source_code,title,content,region_code,normalized_tags,importance,published_at,push_status,version,deleted,created_at,updated_at FROM intel_news WHERE deleted=false AND (push_status = ? AND importance = ?)
2026-08-20 22:53:02.015 DEBUG 54479 --- [   scheduling-1] c.p.i.mapper.IntelNewsMapper.selectList  : ==> Parameters: none(String), high(String)
2026-08-20 22:53:02.015 DEBUG 54479 --- [   scheduling-1] c.p.i.mapper.IntelNewsMapper.selectList  : <==      Total: 0
2026-08-20 22:53:02.015 DEBUG 54479 --- [   scheduling-1] c.p.i.mapper.IntelNewsMapper.selectList  : ==>  Preparing: SELECT id,source_code,title,content,region_code,normalized_tags,importance,published_at,push_status,version,deleted,created_at,updated_at FROM intel_news WHERE deleted=false AND (push_status = ? AND importance = ?)
2026-08-20 22:53:02.015 DEBUG 54479 --- [   scheduling-1] c.p.i.mapper.IntelNewsMapper.selectList  : ==> Parameters: none(String), medium(String)
2026-08-20 22:53:02.016 DEBUG 54479 --- [   scheduling-1] c.p.i.mapper.IntelNewsMapper.selectList  : <==      Total: 6
2026-08-20 22:53:02.017 DEBUG 54479 --- [   scheduling-1] c.p.i.mapper.IntelNewsMapper.selectList  : ==>  Preparing: SELECT id,source_code,title,content,region_code,normalized_tags,importance,published_at,push_status,version,deleted,created_at,updated_at FROM intel_news WHERE deleted=false AND (push_status = ? AND importance = ?)
2026-08-20 22:53:02.017 DEBUG 54479 --- [   scheduling-1] c.p.i.mapper.IntelNewsMapper.selectList  : ==> Parameters: none(String), high(String)
2026-08-20 22:53:02.017 DEBUG 54479 --- [   scheduling-1] c.p.i.mapper.IntelNewsMapper.selectList  : <==      Total: 0
2026-08-20 22:53:02.017  INFO 54479 --- [   scheduling-1] com.ptidss.intel.service.IntelService    : 情报推送执行完成：匹配情报 0 条，派发消息 0 条
2026-08-20 22:53:11.742 DEBUG 54479 --- [   scheduling-1] c.p.d.m.CollectTaskMapper.selectList     : ==>  Preparing: SELECT id,source_id,task_type,cron_expr,last_run_time,last_status,records_count,error_log,version,deleted,created_at,updated_at FROM collect_task WHERE deleted=false AND (cron_expr IS NOT NULL)
2026-08-20 22:53:11.742 DEBUG 54479 --- [   scheduling-1] c.p.d.m.CollectTaskMapper.selectList     : ==> Parameters: 
2026-08-20 22:53:11.742 DEBUG 54479 --- [   scheduling-1] c.p.d.m.CollectTaskMapper.selectList     : <==      Total: 3
2026-08-20 22:53:32.018 DEBUG 54479 --- [   scheduling-1] c.p.i.m.IntelPushRuleMapper.selectList   : ==>  Preparing: SELECT id,rule_name,tags_filter,importance_filter,target_roles,channel,silent_period,status,version,deleted,created_at,updated_at FROM intel_push_rule WHERE deleted=false AND (status = ?)
2026-08-20 22:53:32.018 DEBUG 54479 --- [   scheduling-1] c.p.i.m.IntelPushRuleMapper.selectList   : ==> Parameters: active(String)
2026-08-20 22:53:32.018 DEBUG 54479 --- [   scheduling-1] c.p.i.m.IntelPushRuleMapper.selectList   : <==      Total: 3
2026-08-20 22:53:32.019 DEBUG 54479 --- [   scheduling-1] c.p.i.mapper.IntelNewsMapper.selectList  : ==>  Preparing: SELECT id,source_code,title,content,region_code,normalized_tags,importance,published_at,push_status,version,deleted,created_at,updated_at FROM intel_news WHERE deleted=false AND (push_status = ? AND importance = ?)
2026-08-20 22:53:32.019 DEBUG 54479 --- [   scheduling-1] c.p.i.mapper.IntelNewsMapper.selectList  : ==> Parameters: none(String), high(String)
2026-08-20 22:53:32.019 DEBUG 54479 --- [   scheduling-1] c.p.i.mapper.IntelNewsMapper.selectList  : <==      Total: 0
2026-08-20 22:53:32.020 DEBUG 54479 --- [   scheduling-1] c.p.i.mapper.IntelNewsMapper.selectList  : ==>  Preparing: SELECT id,source_code,title,content,region_code,normalized_tags,importance,published_at,push_status,version,deleted,created_at,updated_at FROM intel_news WHERE deleted=false AND (push_status = ? AND importance = ?)
2026-08-20 22:53:32.020 DEBUG 54479 --- [   scheduling-1] c.p.i.mapper.IntelNewsMapper.selectList  : ==> Parameters: none(String), medium(String)
2026-08-20 22:53:32.021 DEBUG 54479 --- [   scheduling-1] c.p.i.mapper.IntelNewsMapper.selectList  : <==      Total: 6
2026-08-20 22:53:32.021 DEBUG 54479 --- [   scheduling-1] c.p.i.mapper.IntelNewsMapper.selectList  : ==>  Preparing: SELECT id,source_code,title,content,region_code,normalized_tags,importance,published_at,push_status,version,deleted,created_at,updated_at FROM intel_news WHERE deleted=false AND (push_status = ? AND importance = ?)
2026-08-20 22:53:32.021 DEBUG 54479 --- [   scheduling-1] c.p.i.mapper.IntelNewsMapper.selectList  : ==> Parameters: none(String), high(String)
2026-08-20 22:53:32.022 DEBUG 54479 --- [   scheduling-1] c.p.i.mapper.IntelNewsMapper.selectList  : <==      Total: 0
2026-08-20 22:53:32.022  INFO 54479 --- [   scheduling-1] com.ptidss.intel.service.IntelService    : 情报推送执行完成：匹配情报 0 条，派发消息 0 条
2026-08-20 22:54:02.023 DEBUG 54479 --- [   scheduling-1] c.p.i.m.IntelPushRuleMapper.selectList   : ==>  Preparing: SELECT id,rule_name,tags_filter,importance_filter,target_roles,channel,silent_period,status,version,deleted,created_at,updated_at FROM intel_push_rule WHERE deleted=false AND (status = ?)
2026-08-20 22:54:02.023 DEBUG 54479 --- [   scheduling-1] c.p.i.m.IntelPushRuleMapper.selectList   : ==> Parameters: active(String)
2026-08-20 22:54:02.023 DEBUG 54479 --- [   scheduling-1] c.p.i.m.IntelPushRuleMapper.selectList   : <==      Total: 3
2026-08-20 22:54:02.024 DEBUG 54479 --- [   scheduling-1] c.p.i.mapper.IntelNewsMapper.selectList  : ==>  Preparing: SELECT id,source_code,title,content,region_code,normalized_tags,importance,published_at,push_status,version,deleted,created_at,updated_at FROM intel_news WHERE deleted=false AND (push_status = ? AND importance = ?)
2026-08-20 22:54:02.024 DEBUG 54479 --- [   scheduling-1] c.p.i.mapper.IntelNewsMapper.selectList  : ==> Parameters: none(String), high(String)
2026-08-20 22:54:02.024 DEBUG 54479 --- [   scheduling-1] c.p.i.mapper.IntelNewsMapper.selectList  : <==      Total: 0
2026-08-20 22:54:02.025 DEBUG 54479 --- [   scheduling-1] c.p.i.mapper.IntelNewsMapper.selectList  : ==>  Preparing: SELECT id,source_code,title,content,region_code,normalized_tags,importance,published_at,push_status,version,deleted,created_at,updated_at FROM intel_news WHERE deleted=false AND (push_status = ? AND importance = ?)
2026-08-20 22:54:02.025 DEBUG 54479 --- [   scheduling-1] c.p.i.mapper.IntelNewsMapper.selectList  : ==> Parameters: none(String), medium(String)
2026-08-20 22:54:02.025 DEBUG 54479 --- [   scheduling-1] c.p.i.mapper.IntelNewsMapper.selectList  : <==      Total: 6
2026-08-20 22:54:02.026 DEBUG 54479 --- [   scheduling-1] c.p.i.mapper.IntelNewsMapper.selectList  : ==>  Preparing: SELECT id,source_code,title,content,region_code,normalized_tags,importance,published_at,push_status,version,deleted,created_at,updated_at FROM intel_news WHERE deleted=false AND (push_status = ? AND importance = ?)
2026-08-20 22:54:02.026 DEBUG 54479 --- [   scheduling-1] c.p.i.mapper.IntelNewsMapper.selectList  : ==> Parameters: none(String), high(String)
2026-08-20 22:54:02.027 DEBUG 54479 --- [   scheduling-1] c.p.i.mapper.IntelNewsMapper.selectList  : <==      Total: 0
2026-08-20 22:54:02.027  INFO 54479 --- [   scheduling-1] com.ptidss.intel.service.IntelService    : 情报推送执行完成：匹配情报 0 条，派发消息 0 条
2026-08-20 22:54:11.744 DEBUG 54479 --- [   scheduling-1] c.p.d.m.CollectTaskMapper.selectList     : ==>  Preparing: SELECT id,source_id,task_type,cron_expr,last_run_time,last_status,records_count,error_log,version,deleted,created_at,updated_at FROM collect_task WHERE deleted=false AND (cron_expr IS NOT NULL)
2026-08-20 22:54:11.744 DEBUG 54479 --- [   scheduling-1] c.p.d.m.CollectTaskMapper.selectList     : ==> Parameters: 
2026-08-20 22:54:11.745 DEBUG 54479 --- [   scheduling-1] c.p.d.m.CollectTaskMapper.selectList     : <==      Total: 3
2026-08-20 22:54:32.028 DEBUG 54479 --- [   scheduling-1] c.p.i.m.IntelPushRuleMapper.selectList   : ==>  Preparing: SELECT id,rule_name,tags_filter,importance_filter,target_roles,channel,silent_period,status,version,deleted,created_at,updated_at FROM intel_push_rule WHERE deleted=false AND (status = ?)
2026-08-20 22:54:32.028 DEBUG 54479 --- [   scheduling-1] c.p.i.m.IntelPushRuleMapper.selectList   : ==> Parameters: active(String)
2026-08-20 22:54:32.029 DEBUG 54479 --- [   scheduling-1] c.p.i.m.IntelPushRuleMapper.selectList   : <==      Total: 3
2026-08-20 22:54:32.030 DEBUG 54479 --- [   scheduling-1] c.p.i.mapper.IntelNewsMapper.selectList  : ==>  Preparing: SELECT id,source_code,title,content,region_code,normalized_tags,importance,published_at,push_status,version,deleted,created_at,updated_at FROM intel_news WHERE deleted=false AND (push_status = ? AND importance = ?)
2026-08-20 22:54:32.030 DEBUG 54479 --- [   scheduling-1] c.p.i.mapper.IntelNewsMapper.selectList  : ==> Parameters: none(String), high(String)
2026-08-20 22:54:32.031 DEBUG 54479 --- [   scheduling-1] c.p.i.mapper.IntelNewsMapper.selectList  : <==      Total: 0
2026-08-20 22:54:32.031 DEBUG 54479 --- [   scheduling-1] c.p.i.mapper.IntelNewsMapper.selectList  : ==>  Preparing: SELECT id,source_code,title,content,region_code,normalized_tags,importance,published_at,push_status,version,deleted,created_at,updated_at FROM intel_news WHERE deleted=false AND (push_status = ? AND importance = ?)
2026-08-20 22:54:32.032 DEBUG 54479 --- [   scheduling-1] c.p.i.mapper.IntelNewsMapper.selectList  : ==> Parameters: none(String), medium(String)
2026-08-20 22:54:32.032 DEBUG 54479 --- [   scheduling-1] c.p.i.mapper.IntelNewsMapper.selectList  : <==      Total: 6
2026-08-20 22:54:32.034 DEBUG 54479 --- [   scheduling-1] c.p.i.mapper.IntelNewsMapper.selectList  : ==>  Preparing: SELECT id,source_code,title,content,region_code,normalized_tags,importance,published_at,push_status,version,deleted,created_at,updated_at FROM intel_news WHERE deleted=false AND (push_status = ? AND importance = ?)
2026-08-20 22:54:32.034 DEBUG 54479 --- [   scheduling-1] c.p.i.mapper.IntelNewsMapper.selectList  : ==> Parameters: none(String), high(String)
2026-08-20 22:54:32.034 DEBUG 54479 --- [   scheduling-1] c.p.i.mapper.IntelNewsMapper.selectList  : <==      Total: 0
2026-08-20 22:54:32.035  INFO 54479 --- [   scheduling-1] com.ptidss.intel.service.IntelService    : 情报推送执行完成：匹配情报 0 条，派发消息 0 条
2026-08-20 22:55:02.037 DEBUG 54479 --- [   scheduling-1] c.p.i.m.IntelPushRuleMapper.selectList   : ==>  Preparing: SELECT id,rule_name,tags_filter,importance_filter,target_roles,channel,silent_period,status,version,deleted,created_at,updated_at FROM intel_push_rule WHERE deleted=false AND (status = ?)
2026-08-20 22:55:02.037 DEBUG 54479 --- [   scheduling-1] c.p.i.m.IntelPushRuleMapper.selectList   : ==> Parameters: active(String)
2026-08-20 22:55:02.038 DEBUG 54479 --- [   scheduling-1] c.p.i.m.IntelPushRuleMapper.selectList   : <==      Total: 3
2026-08-20 22:55:02.040 DEBUG 54479 --- [   scheduling-1] c.p.i.mapper.IntelNewsMapper.selectList  : ==>  Preparing: SELECT id,source_code,title,content,region_code,normalized_tags,importance,published_at,push_status,version,deleted,created_at,updated_at FROM intel_news WHERE deleted=false AND (push_status = ? AND importance = ?)
2026-08-20 22:55:02.040 DEBUG 54479 --- [   scheduling-1] c.p.i.mapper.IntelNewsMapper.selectList  : ==> Parameters: none(String), high(String)
2026-08-20 22:55:02.041 DEBUG 54479 --- [   scheduling-1] c.p.i.mapper.IntelNewsMapper.selectList  : <==      Total: 0
2026-08-20 22:55:02.043 DEBUG 54479 --- [   scheduling-1] c.p.i.mapper.IntelNewsMapper.selectList  : ==>  Preparing: SELECT id,source_code,title,content,region_code,normalized_tags,importance,published_at,push_status,version,deleted,created_at,updated_at FROM intel_news WHERE deleted=false AND (push_status = ? AND importance = ?)
2026-08-20 22:55:02.043 DEBUG 54479 --- [   scheduling-1] c.p.i.mapper.IntelNewsMapper.selectList  : ==> Parameters: none(String), medium(String)
2026-08-20 22:55:02.044 DEBUG 54479 --- [   scheduling-1] c.p.i.mapper.IntelNewsMapper.selectList  : <==      Total: 6
2026-08-20 22:55:02.046 DEBUG 54479 --- [   scheduling-1] c.p.i.mapper.IntelNewsMapper.selectList  : ==>  Preparing: SELECT id,source_code,title,content,region_code,normalized_tags,importance,published_at,push_status,version,deleted,created_at,updated_at FROM intel_news WHERE deleted=false AND (push_status = ? AND importance = ?)
2026-08-20 22:55:02.046 DEBUG 54479 --- [   scheduling-1] c.p.i.mapper.IntelNewsMapper.selectList  : ==> Parameters: none(String), high(String)
2026-08-20 22:55:02.047 DEBUG 54479 --- [   scheduling-1] c.p.i.mapper.IntelNewsMapper.selectList  : <==      Total: 0
2026-08-20 22:55:02.047  INFO 54479 --- [   scheduling-1] com.ptidss.intel.service.IntelService    : 情报推送执行完成：匹配情报 0 条，派发消息 0 条
2026-08-20 22:55:11.746 DEBUG 54479 --- [   scheduling-1] c.p.d.m.CollectTaskMapper.selectList     : ==>  Preparing: SELECT id,source_id,task_type,cron_expr,last_run_time,last_status,records_count,error_log,version,deleted,created_at,updated_at FROM collect_task WHERE deleted=false AND (cron_expr IS NOT NULL)
2026-08-20 22:55:11.746 DEBUG 54479 --- [   scheduling-1] c.p.d.m.CollectTaskMapper.selectList     : ==> Parameters: 
2026-08-20 22:55:11.747 DEBUG 54479 --- [   scheduling-1] c.p.d.m.CollectTaskMapper.selectList     : <==      Total: 3
2026-08-20 22:55:32.048 DEBUG 54479 --- [   scheduling-1] c.p.i.m.IntelPushRuleMapper.selectList   : ==>  Preparing: SELECT id,rule_name,tags_filter,importance_filter,target_roles,channel,silent_period,status,version,deleted,created_at,updated_at FROM intel_push_rule WHERE deleted=false AND (status = ?)
2026-08-20 22:55:32.048 DEBUG 54479 --- [   scheduling-1] c.p.i.m.IntelPushRuleMapper.selectList   : ==> Parameters: active(String)
2026-08-20 22:55:32.049 DEBUG 54479 --- [   scheduling-1] c.p.i.m.IntelPushRuleMapper.selectList   : <==      Total: 3
2026-08-20 22:55:32.050 DEBUG 54479 --- [   scheduling-1] c.p.i.mapper.IntelNewsMapper.selectList  : ==>  Preparing: SELECT id,source_code,title,content,region_code,normalized_tags,importance,published_at,push_status,version,deleted,created_at,updated_at FROM intel_news WHERE deleted=false AND (push_status = ? AND importance = ?)
2026-08-20 22:55:32.050 DEBUG 54479 --- [   scheduling-1] c.p.i.mapper.IntelNewsMapper.selectList  : ==> Parameters: none(String), high(String)
2026-08-20 22:55:32.050 DEBUG 54479 --- [   scheduling-1] c.p.i.mapper.IntelNewsMapper.selectList  : <==      Total: 0
2026-08-20 22:55:32.051 DEBUG 54479 --- [   scheduling-1] c.p.i.mapper.IntelNewsMapper.selectList  : ==>  Preparing: SELECT id,source_code,title,content,region_code,normalized_tags,importance,published_at,push_status,version,deleted,created_at,updated_at FROM intel_news WHERE deleted=false AND (push_status = ? AND importance = ?)
2026-08-20 22:55:32.051 DEBUG 54479 --- [   scheduling-1] c.p.i.mapper.IntelNewsMapper.selectList  : ==> Parameters: none(String), medium(String)
2026-08-20 22:55:32.051 DEBUG 54479 --- [   scheduling-1] c.p.i.mapper.IntelNewsMapper.selectList  : <==      Total: 6
2026-08-20 22:55:32.052 DEBUG 54479 --- [   scheduling-1] c.p.i.mapper.IntelNewsMapper.selectList  : ==>  Preparing: SELECT id,source_code,title,content,region_code,normalized_tags,importance,published_at,push_status,version,deleted,created_at,updated_at FROM intel_news WHERE deleted=false AND (push_status = ? AND importance = ?)
2026-08-20 22:55:32.052 DEBUG 54479 --- [   scheduling-1] c.p.i.mapper.IntelNewsMapper.selectList  : ==> Parameters: none(String), high(String)
2026-08-20 22:55:32.052 DEBUG 54479 --- [   scheduling-1] c.p.i.mapper.IntelNewsMapper.selectList  : <==      Total: 0
2026-08-20 22:55:32.052  INFO 54479 --- [   scheduling-1] com.ptidss.intel.service.IntelService    : 情报推送执行完成：匹配情报 0 条，派发消息 0 条
2026-08-20 22:56:02.053 DEBUG 54479 --- [   scheduling-1] c.p.i.m.IntelPushRuleMapper.selectList   : ==>  Preparing: SELECT id,rule_name,tags_filter,importance_filter,target_roles,channel,silent_period,status,version,deleted,created_at,updated_at FROM intel_push_rule WHERE deleted=false AND (status = ?)
2026-08-20 22:56:02.054 DEBUG 54479 --- [   scheduling-1] c.p.i.m.IntelPushRuleMapper.selectList   : ==> Parameters: active(String)
2026-08-20 22:56:02.054 DEBUG 54479 --- [   scheduling-1] c.p.i.m.IntelPushRuleMapper.selectList   : <==      Total: 3
2026-08-20 22:56:02.055 DEBUG 54479 --- [   scheduling-1] c.p.i.mapper.IntelNewsMapper.selectList  : ==>  Preparing: SELECT id,source_code,title,content,region_code,normalized_tags,importance,published_at,push_status,version,deleted,created_at,updated_at FROM intel_news WHERE deleted=false AND (push_status = ? AND importance = ?)
2026-08-20 22:56:02.055 DEBUG 54479 --- [   scheduling-1] c.p.i.mapper.IntelNewsMapper.selectList  : ==> Parameters: none(String), high(String)
2026-08-20 22:56:02.055 DEBUG 54479 --- [   scheduling-1] c.p.i.mapper.IntelNewsMapper.selectList  : <==      Total: 0
2026-08-20 22:56:02.055 DEBUG 54479 --- [   scheduling-1] c.p.i.mapper.IntelNewsMapper.selectList  : ==>  Preparing: SELECT id,source_code,title,content,region_code,normalized_tags,importance,published_at,push_status,version,deleted,created_at,updated_at FROM intel_news WHERE deleted=false AND (push_status = ? AND importance = ?)
2026-08-20 22:56:02.056 DEBUG 54479 --- [   scheduling-1] c.p.i.mapper.IntelNewsMapper.selectList  : ==> Parameters: none(String), medium(String)
2026-08-20 22:56:02.056 DEBUG 54479 --- [   scheduling-1] c.p.i.mapper.IntelNewsMapper.selectList  : <==      Total: 6
2026-08-20 22:56:02.057 DEBUG 54479 --- [   scheduling-1] c.p.i.mapper.IntelNewsMapper.selectList  : ==>  Preparing: SELECT id,source_code,title,content,region_code,normalized_tags,importance,published_at,push_status,version,deleted,created_at,updated_at FROM intel_news WHERE deleted=false AND (push_status = ? AND importance = ?)
2026-08-20 22:56:02.057 DEBUG 54479 --- [   scheduling-1] c.p.i.mapper.IntelNewsMapper.selectList  : ==> Parameters: none(String), high(String)
2026-08-20 22:56:02.057 DEBUG 54479 --- [   scheduling-1] c.p.i.mapper.IntelNewsMapper.selectList  : <==      Total: 0
2026-08-20 22:56:02.057  INFO 54479 --- [   scheduling-1] com.ptidss.intel.service.IntelService    : 情报推送执行完成：匹配情报 0 条，派发消息 0 条
2026-08-20 22:56:11.748 DEBUG 54479 --- [   scheduling-1] c.p.d.m.CollectTaskMapper.selectList     : ==>  Preparing: SELECT id,source_id,task_type,cron_expr,last_run_time,last_status,records_count,error_log,version,deleted,created_at,updated_at FROM collect_task WHERE deleted=false AND (cron_expr IS NOT NULL)
2026-08-20 22:56:11.748 DEBUG 54479 --- [   scheduling-1] c.p.d.m.CollectTaskMapper.selectList     : ==> Parameters: 
2026-08-20 22:56:11.749 DEBUG 54479 --- [   scheduling-1] c.p.d.m.CollectTaskMapper.selectList     : <==      Total: 3
2026-08-20 22:56:32.058 DEBUG 54479 --- [   scheduling-1] c.p.i.m.IntelPushRuleMapper.selectList   : ==>  Preparing: SELECT id,rule_name,tags_filter,importance_filter,target_roles,channel,silent_period,status,version,deleted,created_at,updated_at FROM intel_push_rule WHERE deleted=false AND (status = ?)
2026-08-20 22:56:32.058 DEBUG 54479 --- [   scheduling-1] c.p.i.m.IntelPushRuleMapper.selectList   : ==> Parameters: active(String)
2026-08-20 22:56:32.059 DEBUG 54479 --- [   scheduling-1] c.p.i.m.IntelPushRuleMapper.selectList   : <==      Total: 3
2026-08-20 22:56:32.059 DEBUG 54479 --- [   scheduling-1] c.p.i.mapper.IntelNewsMapper.selectList  : ==>  Preparing: SELECT id,source_code,title,content,region_code,normalized_tags,importance,published_at,push_status,version,deleted,created_at,updated_at FROM intel_news WHERE deleted=false AND (push_status = ? AND importance = ?)
2026-08-20 22:56:32.060 DEBUG 54479 --- [   scheduling-1] c.p.i.mapper.IntelNewsMapper.selectList  : ==> Parameters: none(String), high(String)
2026-08-20 22:56:32.060 DEBUG 54479 --- [   scheduling-1] c.p.i.mapper.IntelNewsMapper.selectList  : <==      Total: 0
2026-08-20 22:56:32.060 DEBUG 54479 --- [   scheduling-1] c.p.i.mapper.IntelNewsMapper.selectList  : ==>  Preparing: SELECT id,source_code,title,content,region_code,normalized_tags,importance,published_at,push_status,version,deleted,created_at,updated_at FROM intel_news WHERE deleted=false AND (push_status = ? AND importance = ?)
2026-08-20 22:56:32.060 DEBUG 54479 --- [   scheduling-1] c.p.i.mapper.IntelNewsMapper.selectList  : ==> Parameters: none(String), medium(String)
2026-08-20 22:56:32.061 DEBUG 54479 --- [   scheduling-1] c.p.i.mapper.IntelNewsMapper.selectList  : <==      Total: 6
2026-08-20 22:56:32.061 DEBUG 54479 --- [   scheduling-1] c.p.i.mapper.IntelNewsMapper.selectList  : ==>  Preparing: SELECT id,source_code,title,content,region_code,normalized_tags,importance,published_at,push_status,version,deleted,created_at,updated_at FROM intel_news WHERE deleted=false AND (push_status = ? AND importance = ?)
2026-08-20 22:56:32.061 DEBUG 54479 --- [   scheduling-1] c.p.i.mapper.IntelNewsMapper.selectList  : ==> Parameters: none(String), high(String)
2026-08-20 22:56:32.062 DEBUG 54479 --- [   scheduling-1] c.p.i.mapper.IntelNewsMapper.selectList  : <==      Total: 0
2026-08-20 22:56:32.062  INFO 54479 --- [   scheduling-1] com.ptidss.intel.service.IntelService    : 情报推送执行完成：匹配情报 0 条，派发消息 0 条
2026-08-20 22:57:02.063 DEBUG 54479 --- [   scheduling-1] c.p.i.m.IntelPushRuleMapper.selectList   : ==>  Preparing: SELECT id,rule_name,tags_filter,importance_filter,target_roles,channel,silent_period,status,version,deleted,created_at,updated_at FROM intel_push_rule WHERE deleted=false AND (status = ?)
2026-08-20 22:57:02.063 DEBUG 54479 --- [   scheduling-1] c.p.i.m.IntelPushRuleMapper.selectList   : ==> Parameters: active(String)
2026-08-20 22:57:02.064 DEBUG 54479 --- [   scheduling-1] c.p.i.m.IntelPushRuleMapper.selectList   : <==      Total: 3
2026-08-20 22:57:02.064 DEBUG 54479 --- [   scheduling-1] c.p.i.mapper.IntelNewsMapper.selectList  : ==>  Preparing: SELECT id,source_code,title,content,region_code,normalized_tags,importance,published_at,push_status,version,deleted,created_at,updated_at FROM intel_news WHERE deleted=false AND (push_status = ? AND importance = ?)
2026-08-20 22:57:02.064 DEBUG 54479 --- [   scheduling-1] c.p.i.mapper.IntelNewsMapper.selectList  : ==> Parameters: none(String), high(String)
2026-08-20 22:57:02.065 DEBUG 54479 --- [   scheduling-1] c.p.i.mapper.IntelNewsMapper.selectList  : <==      Total: 0
2026-08-20 22:57:02.065 DEBUG 54479 --- [   scheduling-1] c.p.i.mapper.IntelNewsMapper.selectList  : ==>  Preparing: SELECT id,source_code,title,content,region_code,normalized_tags,importance,published_at,push_status,version,deleted,created_at,updated_at FROM intel_news WHERE deleted=false AND (push_status = ? AND importance = ?)
2026-08-20 22:57:02.065 DEBUG 54479 --- [   scheduling-1] c.p.i.mapper.IntelNewsMapper.selectList  : ==> Parameters: none(String), medium(String)
2026-08-20 22:57:02.066 DEBUG 54479 --- [   scheduling-1] c.p.i.mapper.IntelNewsMapper.selectList  : <==      Total: 6
2026-08-20 22:57:02.068 DEBUG 54479 --- [   scheduling-1] c.p.i.mapper.IntelNewsMapper.selectList  : ==>  Preparing: SELECT id,source_code,title,content,region_code,normalized_tags,importance,published_at,push_status,version,deleted,created_at,updated_at FROM intel_news WHERE deleted=false AND (push_status = ? AND importance = ?)
2026-08-20 22:57:02.068 DEBUG 54479 --- [   scheduling-1] c.p.i.mapper.IntelNewsMapper.selectList  : ==> Parameters: none(String), high(String)
2026-08-20 22:57:02.068 DEBUG 54479 --- [   scheduling-1] c.p.i.mapper.IntelNewsMapper.selectList  : <==      Total: 0
2026-08-20 22:57:02.068  INFO 54479 --- [   scheduling-1] com.ptidss.intel.service.IntelService    : 情报推送执行完成：匹配情报 0 条，派发消息 0 条
2026-08-20 22:57:11.750 DEBUG 54479 --- [   scheduling-1] c.p.d.m.CollectTaskMapper.selectList     : ==>  Preparing: SELECT id,source_id,task_type,cron_expr,last_run_time,last_status,records_count,error_log,version,deleted,created_at,updated_at FROM collect_task WHERE deleted=false AND (cron_expr IS NOT NULL)
2026-08-20 22:57:11.751 DEBUG 54479 --- [   scheduling-1] c.p.d.m.CollectTaskMapper.selectList     : ==> Parameters: 
2026-08-20 22:57:11.752 DEBUG 54479 --- [   scheduling-1] c.p.d.m.CollectTaskMapper.selectList     : <==      Total: 3
2026-08-20 22:57:32.070 DEBUG 54479 --- [   scheduling-1] c.p.i.m.IntelPushRuleMapper.selectList   : ==>  Preparing: SELECT id,rule_name,tags_filter,importance_filter,target_roles,channel,silent_period,status,version,deleted,created_at,updated_at FROM intel_push_rule WHERE deleted=false AND (status = ?)
2026-08-20 22:57:32.070 DEBUG 54479 --- [   scheduling-1] c.p.i.m.IntelPushRuleMapper.selectList   : ==> Parameters: active(String)
2026-08-20 22:57:32.070 DEBUG 54479 --- [   scheduling-1] c.p.i.m.IntelPushRuleMapper.selectList   : <==      Total: 3
2026-08-20 22:57:32.071 DEBUG 54479 --- [   scheduling-1] c.p.i.mapper.IntelNewsMapper.selectList  : ==>  Preparing: SELECT id,source_code,title,content,region_code,normalized_tags,importance,published_at,push_status,version,deleted,created_at,updated_at FROM intel_news WHERE deleted=false AND (push_status = ? AND importance = ?)
2026-08-20 22:57:32.071 DEBUG 54479 --- [   scheduling-1] c.p.i.mapper.IntelNewsMapper.selectList  : ==> Parameters: none(String), high(String)
2026-08-20 22:57:32.072 DEBUG 54479 --- [   scheduling-1] c.p.i.mapper.IntelNewsMapper.selectList  : <==      Total: 0
2026-08-20 22:57:32.072 DEBUG 54479 --- [   scheduling-1] c.p.i.mapper.IntelNewsMapper.selectList  : ==>  Preparing: SELECT id,source_code,title,content,region_code,normalized_tags,importance,published_at,push_status,version,deleted,created_at,updated_at FROM intel_news WHERE deleted=false AND (push_status = ? AND importance = ?)
2026-08-20 22:57:32.072 DEBUG 54479 --- [   scheduling-1] c.p.i.mapper.IntelNewsMapper.selectList  : ==> Parameters: none(String), medium(String)
2026-08-20 22:57:32.073 DEBUG 54479 --- [   scheduling-1] c.p.i.mapper.IntelNewsMapper.selectList  : <==      Total: 6
2026-08-20 22:57:32.074 DEBUG 54479 --- [   scheduling-1] c.p.i.mapper.IntelNewsMapper.selectList  : ==>  Preparing: SELECT id,source_code,title,content,region_code,normalized_tags,importance,published_at,push_status,version,deleted,created_at,updated_at FROM intel_news WHERE deleted=false AND (push_status = ? AND importance = ?)
2026-08-20 22:57:32.074 DEBUG 54479 --- [   scheduling-1] c.p.i.mapper.IntelNewsMapper.selectList  : ==> Parameters: none(String), high(String)
2026-08-20 22:57:32.074 DEBUG 54479 --- [   scheduling-1] c.p.i.mapper.IntelNewsMapper.selectList  : <==      Total: 0
2026-08-20 22:57:32.074  INFO 54479 --- [   scheduling-1] com.ptidss.intel.service.IntelService    : 情报推送执行完成：匹配情报 0 条，派发消息 0 条
2026-08-20 22:58:02.075 DEBUG 54479 --- [   scheduling-1] c.p.i.m.IntelPushRuleMapper.selectList   : ==>  Preparing: SELECT id,rule_name,tags_filter,importance_filter,target_roles,channel,silent_period,status,version,deleted,created_at,updated_at FROM intel_push_rule WHERE deleted=false AND (status = ?)
2026-08-20 22:58:02.076 DEBUG 54479 --- [   scheduling-1] c.p.i.m.IntelPushRuleMapper.selectList   : ==> Parameters: active(String)
2026-08-20 22:58:02.076 DEBUG 54479 --- [   scheduling-1] c.p.i.m.IntelPushRuleMapper.selectList   : <==      Total: 3
2026-08-20 22:58:02.077 DEBUG 54479 --- [   scheduling-1] c.p.i.mapper.IntelNewsMapper.selectList  : ==>  Preparing: SELECT id,source_code,title,content,region_code,normalized_tags,importance,published_at,push_status,version,deleted,created_at,updated_at FROM intel_news WHERE deleted=false AND (push_status = ? AND importance = ?)
2026-08-20 22:58:02.077 DEBUG 54479 --- [   scheduling-1] c.p.i.mapper.IntelNewsMapper.selectList  : ==> Parameters: none(String), high(String)
2026-08-20 22:58:02.077 DEBUG 54479 --- [   scheduling-1] c.p.i.mapper.IntelNewsMapper.selectList  : <==      Total: 0
2026-08-20 22:58:02.078 DEBUG 54479 --- [   scheduling-1] c.p.i.mapper.IntelNewsMapper.selectList  : ==>  Preparing: SELECT id,source_code,title,content,region_code,normalized_tags,importance,published_at,push_status,version,deleted,created_at,updated_at FROM intel_news WHERE deleted=false AND (push_status = ? AND importance = ?)
2026-08-20 22:58:02.078 DEBUG 54479 --- [   scheduling-1] c.p.i.mapper.IntelNewsMapper.selectList  : ==> Parameters: none(String), medium(String)
2026-08-20 22:58:02.078 DEBUG 54479 --- [   scheduling-1] c.p.i.mapper.IntelNewsMapper.selectList  : <==      Total: 6
2026-08-20 22:58:02.079 DEBUG 54479 --- [   scheduling-1] c.p.i.mapper.IntelNewsMapper.selectList  : ==>  Preparing: SELECT id,source_code,title,content,region_code,normalized_tags,importance,published_at,push_status,version,deleted,created_at,updated_at FROM intel_news WHERE deleted=false AND (push_status = ? AND importance = ?)
2026-08-20 22:58:02.079 DEBUG 54479 --- [   scheduling-1] c.p.i.mapper.IntelNewsMapper.selectList  : ==> Parameters: none(String), high(String)
2026-08-20 22:58:02.079 DEBUG 54479 --- [   scheduling-1] c.p.i.mapper.IntelNewsMapper.selectList  : <==      Total: 0
2026-08-20 22:58:02.079  INFO 54479 --- [   scheduling-1] com.ptidss.intel.service.IntelService    : 情报推送执行完成：匹配情报 0 条，派发消息 0 条
2026-08-20 22:58:11.753 DEBUG 54479 --- [   scheduling-1] c.p.d.m.CollectTaskMapper.selectList     : ==>  Preparing: SELECT id,source_id,task_type,cron_expr,last_run_time,last_status,records_count,error_log,version,deleted,created_at,updated_at FROM collect_task WHERE deleted=false AND (cron_expr IS NOT NULL)
2026-08-20 22:58:11.753 DEBUG 54479 --- [   scheduling-1] c.p.d.m.CollectTaskMapper.selectList     : ==> Parameters: 
2026-08-20 22:58:11.754 DEBUG 54479 --- [   scheduling-1] c.p.d.m.CollectTaskMapper.selectList     : <==      Total: 3
2026-08-20 22:58:32.080 DEBUG 54479 --- [   scheduling-1] c.p.i.m.IntelPushRuleMapper.selectList   : ==>  Preparing: SELECT id,rule_name,tags_filter,importance_filter,target_roles,channel,silent_period,status,version,deleted,created_at,updated_at FROM intel_push_rule WHERE deleted=false AND (status = ?)
2026-08-20 22:58:32.081 DEBUG 54479 --- [   scheduling-1] c.p.i.m.IntelPushRuleMapper.selectList   : ==> Parameters: active(String)
2026-08-20 22:58:32.081 DEBUG 54479 --- [   scheduling-1] c.p.i.m.IntelPushRuleMapper.selectList   : <==      Total: 3
2026-08-20 22:58:32.082 DEBUG 54479 --- [   scheduling-1] c.p.i.mapper.IntelNewsMapper.selectList  : ==>  Preparing: SELECT id,source_code,title,content,region_code,normalized_tags,importance,published_at,push_status,version,deleted,created_at,updated_at FROM intel_news WHERE deleted=false AND (push_status = ? AND importance = ?)
2026-08-20 22:58:32.082 DEBUG 54479 --- [   scheduling-1] c.p.i.mapper.IntelNewsMapper.selectList  : ==> Parameters: none(String), high(String)
2026-08-20 22:58:32.082 DEBUG 54479 --- [   scheduling-1] c.p.i.mapper.IntelNewsMapper.selectList  : <==      Total: 0
2026-08-20 22:58:32.082 DEBUG 54479 --- [   scheduling-1] c.p.i.mapper.IntelNewsMapper.selectList  : ==>  Preparing: SELECT id,source_code,title,content,region_code,normalized_tags,importance,published_at,push_status,version,deleted,created_at,updated_at FROM intel_news WHERE deleted=false AND (push_status = ? AND importance = ?)
2026-08-20 22:58:32.083 DEBUG 54479 --- [   scheduling-1] c.p.i.mapper.IntelNewsMapper.selectList  : ==> Parameters: none(String), medium(String)
2026-08-20 22:58:32.083 DEBUG 54479 --- [   scheduling-1] c.p.i.mapper.IntelNewsMapper.selectList  : <==      Total: 6
2026-08-20 22:58:32.083 DEBUG 54479 --- [   scheduling-1] c.p.i.mapper.IntelNewsMapper.selectList  : ==>  Preparing: SELECT id,source_code,title,content,region_code,normalized_tags,importance,published_at,push_status,version,deleted,created_at,updated_at FROM intel_news WHERE deleted=false AND (push_status = ? AND importance = ?)
2026-08-20 22:58:32.084 DEBUG 54479 --- [   scheduling-1] c.p.i.mapper.IntelNewsMapper.selectList  : ==> Parameters: none(String), high(String)
2026-08-20 22:58:32.084 DEBUG 54479 --- [   scheduling-1] c.p.i.mapper.IntelNewsMapper.selectList  : <==      Total: 0
2026-08-20 22:58:32.084  INFO 54479 --- [   scheduling-1] com.ptidss.intel.service.IntelService    : 情报推送执行完成：匹配情报 0 条，派发消息 0 条
2026-08-20 22:59:02.085 DEBUG 54479 --- [   scheduling-1] c.p.i.m.IntelPushRuleMapper.selectList   : ==>  Preparing: SELECT id,rule_name,tags_filter,importance_filter,target_roles,channel,silent_period,status,version,deleted,created_at,updated_at FROM intel_push_rule WHERE deleted=false AND (status = ?)
2026-08-20 22:59:02.085 DEBUG 54479 --- [   scheduling-1] c.p.i.m.IntelPushRuleMapper.selectList   : ==> Parameters: active(String)
2026-08-20 22:59:02.086 DEBUG 54479 --- [   scheduling-1] c.p.i.m.IntelPushRuleMapper.selectList   : <==      Total: 3
2026-08-20 22:59:02.086 DEBUG 54479 --- [   scheduling-1] c.p.i.mapper.IntelNewsMapper.selectList  : ==>  Preparing: SELECT id,source_code,title,content,region_code,normalized_tags,importance,published_at,push_status,version,deleted,created_at,updated_at FROM intel_news WHERE deleted=false AND (push_status = ? AND importance = ?)
2026-08-20 22:59:02.086 DEBUG 54479 --- [   scheduling-1] c.p.i.mapper.IntelNewsMapper.selectList  : ==> Parameters: none(String), high(String)
2026-08-20 22:59:02.086 DEBUG 54479 --- [   scheduling-1] c.p.i.mapper.IntelNewsMapper.selectList  : <==      Total: 0
2026-08-20 22:59:02.087 DEBUG 54479 --- [   scheduling-1] c.p.i.mapper.IntelNewsMapper.selectList  : ==>  Preparing: SELECT id,source_code,title,content,region_code,normalized_tags,importance,published_at,push_status,version,deleted,created_at,updated_at FROM intel_news WHERE deleted=false AND (push_status = ? AND importance = ?)
2026-08-20 22:59:02.087 DEBUG 54479 --- [   scheduling-1] c.p.i.mapper.IntelNewsMapper.selectList  : ==> Parameters: none(String), medium(String)
2026-08-20 22:59:02.088 DEBUG 54479 --- [   scheduling-1] c.p.i.mapper.IntelNewsMapper.selectList  : <==      Total: 6
2026-08-20 22:59:02.088 DEBUG 54479 --- [   scheduling-1] c.p.i.mapper.IntelNewsMapper.selectList  : ==>  Preparing: SELECT id,source_code,title,content,region_code,normalized_tags,importance,published_at,push_status,version,deleted,created_at,updated_at FROM intel_news WHERE deleted=false AND (push_status = ? AND importance = ?)
2026-08-20 22:59:02.088 DEBUG 54479 --- [   scheduling-1] c.p.i.mapper.IntelNewsMapper.selectList  : ==> Parameters: none(String), high(String)
2026-08-20 22:59:02.089 DEBUG 54479 --- [   scheduling-1] c.p.i.mapper.IntelNewsMapper.selectList  : <==      Total: 0
2026-08-20 22:59:02.089  INFO 54479 --- [   scheduling-1] com.ptidss.intel.service.IntelService    : 情报推送执行完成：匹配情报 0 条，派发消息 0 条
2026-08-20 22:59:11.755 DEBUG 54479 --- [   scheduling-1] c.p.d.m.CollectTaskMapper.selectList     : ==>  Preparing: SELECT id,source_id,task_type,cron_expr,last_run_time,last_status,records_count,error_log,version,deleted,created_at,updated_at FROM collect_task WHERE deleted=false AND (cron_expr IS NOT NULL)
2026-08-20 22:59:11.755 DEBUG 54479 --- [   scheduling-1] c.p.d.m.CollectTaskMapper.selectList     : ==> Parameters: 
2026-08-20 22:59:11.755 DEBUG 54479 --- [   scheduling-1] c.p.d.m.CollectTaskMapper.selectList     : <==      Total: 3
2026-08-20 22:59:18.130 DEBUG 54479 --- [nio-9080-exec-9] c.p.s.mapper.SysUserMapper.selectList    : ==>  Preparing: SELECT id,username,display_name,password_hash,role_ids,org_code,phone,email,status,last_login_at,version,deleted,created_at,updated_at FROM sys_user WHERE deleted=false AND (username = ?)
2026-08-20 22:59:18.131 DEBUG 54479 --- [nio-9080-exec-9] c.p.s.mapper.SysUserMapper.selectList    : ==> Parameters: trader01(String)
2026-08-20 22:59:18.132 DEBUG 54479 --- [nio-9080-exec-9] c.p.s.mapper.SysUserMapper.selectList    : <==      Total: 1
2026-08-20 22:59:18.239 DEBUG 54479 --- [nio-9080-exec-9] c.p.s.m.SysRoleMapper.selectBatchIds     : ==>  Preparing: SELECT id,role_code,role_name,description,status,version,deleted,created_at,updated_at FROM sys_role WHERE id IN ( ? , ? ) AND deleted=false
2026-08-20 22:59:18.239 DEBUG 54479 --- [nio-9080-exec-9] c.p.s.m.SysRoleMapper.selectBatchIds     : ==> Parameters: 1(Long), 7(Long)
2026-08-20 22:59:18.240 DEBUG 54479 --- [nio-9080-exec-9] c.p.s.m.SysRoleMapper.selectBatchIds     : <==      Total: 2
2026-08-20 22:59:18.241 DEBUG 54479 --- [nio-9080-exec-9] c.p.s.m.SysPermissionMapper.selectList   : ==>  Preparing: SELECT id,perm_code,perm_name,resource_type,resource_pattern,status,version,deleted,created_at,updated_at FROM sys_permission WHERE deleted=false AND (status = ? AND EXISTS (SELECT 1 FROM sys_role_permission rp WHERE rp.permission_id = sys_permission.id AND rp.role_id = ?))
2026-08-20 22:59:18.241 DEBUG 54479 --- [nio-9080-exec-9] c.p.s.m.SysPermissionMapper.selectList   : ==> Parameters: active(String), 1(Long)
2026-08-20 22:59:18.242 DEBUG 54479 --- [nio-9080-exec-9] c.p.s.m.SysPermissionMapper.selectList   : <==      Total: 9
2026-08-20 22:59:18.242 DEBUG 54479 --- [nio-9080-exec-9] c.p.s.m.SysPermissionMapper.selectList   : ==>  Preparing: SELECT id,perm_code,perm_name,resource_type,resource_pattern,status,version,deleted,created_at,updated_at FROM sys_permission WHERE deleted=false AND (status = ? AND EXISTS (SELECT 1 FROM sys_role_permission rp WHERE rp.permission_id = sys_permission.id AND rp.role_id = ?))
2026-08-20 22:59:18.242 DEBUG 54479 --- [nio-9080-exec-9] c.p.s.m.SysPermissionMapper.selectList   : ==> Parameters: active(String), 7(Long)
2026-08-20 22:59:18.243 DEBUG 54479 --- [nio-9080-exec-9] c.p.s.m.SysPermissionMapper.selectList   : <==      Total: 5
2026-08-20 22:59:18.244 DEBUG 54479 --- [nio-9080-exec-9] c.p.s.m.SysUserRegionMapper.selectList   : ==>  Preparing: SELECT user_id,region_code FROM sys_user_region WHERE (user_id = ?)
2026-08-20 22:59:18.244 DEBUG 54479 --- [nio-9080-exec-9] c.p.s.m.SysUserRegionMapper.selectList   : ==> Parameters: 2(Long)
2026-08-20 22:59:18.244 DEBUG 54479 --- [nio-9080-exec-9] c.p.s.m.SysUserRegionMapper.selectList   : <==      Total: 1
2026-08-20 22:59:18.245 DEBUG 54479 --- [nio-9080-exec-9] c.p.s.mapper.SysRegionMapper.selectList  : ==>  Preparing: SELECT id,region_code,region_name,market_support,exchange_channel,settlement_period,status,launch_order,version,deleted,created_at,updated_at FROM sys_region WHERE deleted=false AND (region_code = ? AND status = ?)
2026-08-20 22:59:18.245 DEBUG 54479 --- [nio-9080-exec-9] c.p.s.mapper.SysRegionMapper.selectList  : ==> Parameters: CN-32(String), enabled(String)
2026-08-20 22:59:18.245 DEBUG 54479 --- [nio-9080-exec-9] c.p.s.mapper.SysRegionMapper.selectList  : <==      Total: 1
2026-08-20 22:59:18.246 DEBUG 54479 --- [nio-9080-exec-9] c.p.s.mapper.SysUserMapper.updateById    : ==>  Preparing: UPDATE sys_user SET last_login_at=?, updated_at=? WHERE id=? AND deleted=false
2026-08-20 22:59:18.247 DEBUG 54479 --- [nio-9080-exec-9] c.p.s.mapper.SysUserMapper.updateById    : ==> Parameters: 2026-08-20 22:59:18.246(Timestamp), 2026-08-20 22:59:18.246(Timestamp), 2(Long)
2026-08-20 22:59:18.250 DEBUG 54479 --- [nio-9080-exec-9] c.p.s.mapper.SysUserMapper.updateById    : <==    Updates: 1
2026-08-20 22:59:18.250 DEBUG 54479 --- [nio-9080-exec-9] c.p.system.mapper.AuditLogMapper.insert  : ==>  Preparing: INSERT INTO audit_log ( id, trace_id, user_id, username, action, target_type, target_id, ip, user_agent, result, created_at ) VALUES ( ?, ?, ?, ?, ?, ?, ?, ?, ?, ?, ? )
2026-08-20 22:59:18.250 DEBUG 54479 --- [nio-9080-exec-9] c.p.system.mapper.AuditLogMapper.insert  : ==> Parameters: 216209485201543168(Long), b2038d47db554625(String), 0(Long), trader01(String), login(String), auth(String), LoginBody(username=trader01, password=Ptidss@2026, captchaKey=c5(String), 0:0:0:0:0:0:0:1(String), Mozilla/5.0 (X11; Ubuntu; Linux x86_64) AppleWebKit/537.36 (KHTML, like Gecko) Chrome/151.0.0.0 Safari/537.36(String), success(String), 2026-08-20 22:59:18.25(Timestamp)
2026-08-20 22:59:18.252 DEBUG 54479 --- [nio-9080-exec-9] c.p.system.mapper.AuditLogMapper.insert  : <==    Updates: 1
2026-08-20 22:59:18.282 DEBUG 54479 --- [nio-9080-exec-6] c.p.m.m.ModelRegistryMapper.selectList   : ==>  Preparing: SELECT id,model_code,model_name,model_version,framework,metrics,status,file_url,trained_at,version,deleted,created_at,updated_at FROM model_registry WHERE deleted=false ORDER BY model_code ASC,version DESC
2026-08-20 22:59:18.282 DEBUG 54479 --- [nio-9080-exec-6] c.p.m.m.ModelRegistryMapper.selectList   : ==> Parameters: 
2026-08-20 22:59:18.283 DEBUG 54479 --- [nio-9080-exec-7] c.p.t.m.RollingPlanMapper.selectList     : ==>  Preparing: SELECT id,trade_date,scenario,plan_type,adjustments,expected_revenue,risk_metrics,evidence_chain_ref,status,created_by,region_code,version,deleted,created_at,updated_at FROM rolling_plan WHERE deleted=false AND (region_code = ?) ORDER BY trade_date DESC
2026-08-20 22:59:18.283 DEBUG 54479 --- [nio-9080-exec-6] c.p.m.m.ModelRegistryMapper.selectList   : <==      Total: 3
2026-08-20 22:59:18.285 DEBUG 54479 --- [nio-9080-exec-7] c.p.t.m.RollingPlanMapper.selectList     : ==> Parameters: CN-32(String)
2026-08-20 22:59:18.291 DEBUG 54479 --- [nio-9080-exec-7] c.p.t.m.RollingPlanMapper.selectList     : <==      Total: 0
2026-08-20 22:59:18.291 DEBUG 54479 --- [nio-9080-exec-1] c.p.t.mapper.ContractMapper.selectList   : ==>  Preparing: SELECT id,contract_no,variety,direction,counterparty,total_volume,curve_json,price,start_date,end_date,status,source,region_code,version,deleted,created_at,updated_at FROM contract WHERE deleted=false AND (region_code = ? AND status IN (?,?))
2026-08-20 22:59:18.292 DEBUG 54479 --- [nio-9080-exec-1] c.p.t.mapper.ContractMapper.selectList   : ==> Parameters: CN-32(String), active(String), executing(String)
2026-08-20 22:59:18.292 DEBUG 54479 --- [io-9080-exec-10] c.p.m.m.MessageRecordMapper.selectCount  : ==>  Preparing: SELECT COUNT( * ) FROM message_record WHERE deleted=false AND (receiver_id = ?)
2026-08-20 22:59:18.292 DEBUG 54479 --- [io-9080-exec-10] c.p.m.m.MessageRecordMapper.selectCount  : ==> Parameters: 2(Long)
2026-08-20 22:59:18.292 DEBUG 54479 --- [nio-9080-exec-1] c.p.t.mapper.ContractMapper.selectList   : <==      Total: 0
2026-08-20 22:59:18.293 DEBUG 54479 --- [io-9080-exec-10] c.p.m.m.MessageRecordMapper.selectCount  : <==      Total: 1
2026-08-20 22:59:18.332 DEBUG 54479 --- [io-9080-exec-10] c.p.m.m.M.selectPage_mpCount             : ==>  Preparing: SELECT COUNT(*) AS total FROM message_record WHERE deleted = false AND (receiver_id = ? AND read_status = ?)
2026-08-20 22:59:18.332 DEBUG 54479 --- [io-9080-exec-10] c.p.m.m.M.selectPage_mpCount             : ==> Parameters: 2(Long), unread(String)
2026-08-20 22:59:18.333 DEBUG 54479 --- [io-9080-exec-10] c.p.m.m.M.selectPage_mpCount             : <==      Total: 1
2026-08-20 22:59:18.335 DEBUG 54479 --- [io-9080-exec-10] c.p.m.m.MessageRecordMapper.selectPage   : ==>  Preparing: SELECT id,msg_type,receiver_id,title,content,channel,read_status,biz_ref,version,deleted,created_at,updated_at FROM message_record WHERE deleted=false AND (receiver_id = ? AND read_status = ?) ORDER BY created_at DESC LIMIT ?
2026-08-20 22:59:18.335 DEBUG 54479 --- [io-9080-exec-10] c.p.m.m.MessageRecordMapper.selectPage   : ==> Parameters: 2(Long), unread(String), 10(Long)
2026-08-20 22:59:18.337 DEBUG 54479 --- [io-9080-exec-10] c.p.m.m.MessageRecordMapper.selectPage   : <==      Total: 8
2026-08-20 22:59:29.670 DEBUG 54479 --- [nio-9080-exec-9] c.p.t.m.D.selectPage_mpCount             : ==>  Preparing: SELECT COUNT(*) AS total FROM declaration WHERE deleted = false AND (region_code = ?)
2026-08-20 22:59:29.670 DEBUG 54479 --- [nio-9080-exec-9] c.p.t.m.D.selectPage_mpCount             : ==> Parameters: CN-32(String)
2026-08-20 22:59:29.672 DEBUG 54479 --- [nio-9080-exec-9] c.p.t.m.D.selectPage_mpCount             : <==      Total: 1
2026-08-20 22:59:29.672 DEBUG 54479 --- [nio-9080-exec-9] c.p.t.m.DeclarationMapper.selectPage     : ==>  Preparing: SELECT id,declaration_no,contract_id,trade_date,market_type,stage,region_code,items,compliance_check,file_url,status,receipt_no,created_by,version,deleted,created_at,updated_at FROM declaration WHERE deleted=false AND (region_code = ?) ORDER BY created_at DESC LIMIT ?
2026-08-20 22:59:29.673 DEBUG 54479 --- [nio-9080-exec-9] c.p.t.m.DeclarationMapper.selectPage     : ==> Parameters: CN-32(String), 20(Long)
2026-08-20 22:59:29.674 DEBUG 54479 --- [nio-9080-exec-9] c.p.t.m.DeclarationMapper.selectPage     : <==      Total: 13
2026-08-20 22:59:31.631 DEBUG 54479 --- [nio-9080-exec-6] c.p.m.m.ModelRegistryMapper.selectList   : ==>  Preparing: SELECT id,model_code,model_name,model_version,framework,metrics,status,file_url,trained_at,version,deleted,created_at,updated_at FROM model_registry WHERE deleted=false ORDER BY model_code ASC,version DESC
2026-08-20 22:59:31.631 DEBUG 54479 --- [nio-9080-exec-6] c.p.m.m.ModelRegistryMapper.selectList   : ==> Parameters: 
2026-08-20 22:59:31.632 DEBUG 54479 --- [nio-9080-exec-6] c.p.m.m.ModelRegistryMapper.selectList   : <==      Total: 3
2026-08-20 22:59:31.634 DEBUG 54479 --- [nio-9080-exec-7] c.p.m.m.MessageRecordMapper.selectCount  : ==>  Preparing: SELECT COUNT( * ) FROM message_record WHERE deleted=false AND (receiver_id = ?)
2026-08-20 22:59:31.634 DEBUG 54479 --- [nio-9080-exec-7] c.p.m.m.MessageRecordMapper.selectCount  : ==> Parameters: 2(Long)
2026-08-20 22:59:31.634 DEBUG 54479 --- [nio-9080-exec-7] c.p.m.m.MessageRecordMapper.selectCount  : <==      Total: 1
2026-08-20 22:59:31.635 DEBUG 54479 --- [nio-9080-exec-5] c.p.t.m.RollingPlanMapper.selectList     : ==>  Preparing: SELECT id,trade_date,scenario,plan_type,adjustments,expected_revenue,risk_metrics,evidence_chain_ref,status,created_by,region_code,version,deleted,created_at,updated_at FROM rolling_plan WHERE deleted=false AND (region_code = ?) ORDER BY trade_date DESC
2026-08-20 22:59:31.635 DEBUG 54479 --- [nio-9080-exec-5] c.p.t.m.RollingPlanMapper.selectList     : ==> Parameters: CN-32(String)
2026-08-20 22:59:31.636 DEBUG 54479 --- [nio-9080-exec-5] c.p.t.m.RollingPlanMapper.selectList     : <==      Total: 0
2026-08-20 22:59:31.640 DEBUG 54479 --- [nio-9080-exec-1] c.p.t.mapper.ContractMapper.selectList   : ==>  Preparing: SELECT id,contract_no,variety,direction,counterparty,total_volume,curve_json,price,start_date,end_date,status,source,region_code,version,deleted,created_at,updated_at FROM contract WHERE deleted=false AND (region_code = ? AND status IN (?,?))
2026-08-20 22:59:31.640 DEBUG 54479 --- [nio-9080-exec-7] c.p.m.m.M.selectPage_mpCount             : ==>  Preparing: SELECT COUNT(*) AS total FROM message_record WHERE deleted = false AND (receiver_id = ? AND read_status = ?)
2026-08-20 22:59:31.640 DEBUG 54479 --- [nio-9080-exec-1] c.p.t.mapper.ContractMapper.selectList   : ==> Parameters: CN-32(String), active(String), executing(String)
2026-08-20 22:59:31.640 DEBUG 54479 --- [nio-9080-exec-7] c.p.m.m.M.selectPage_mpCount             : ==> Parameters: 2(Long), unread(String)
2026-08-20 22:59:31.641 DEBUG 54479 --- [nio-9080-exec-1] c.p.t.mapper.ContractMapper.selectList   : <==      Total: 0
2026-08-20 22:59:31.641 DEBUG 54479 --- [nio-9080-exec-7] c.p.m.m.M.selectPage_mpCount             : <==      Total: 1
2026-08-20 22:59:31.642 DEBUG 54479 --- [nio-9080-exec-7] c.p.m.m.MessageRecordMapper.selectPage   : ==>  Preparing: SELECT id,msg_type,receiver_id,title,content,channel,read_status,biz_ref,version,deleted,created_at,updated_at FROM message_record WHERE deleted=false AND (receiver_id = ? AND read_status = ?) ORDER BY created_at DESC LIMIT ?
2026-08-20 22:59:31.642 DEBUG 54479 --- [nio-9080-exec-7] c.p.m.m.MessageRecordMapper.selectPage   : ==> Parameters: 2(Long), unread(String), 10(Long)
2026-08-20 22:59:31.645 DEBUG 54479 --- [nio-9080-exec-7] c.p.m.m.MessageRecordMapper.selectPage   : <==      Total: 8
2026-08-20 22:59:32.091 DEBUG 54479 --- [   scheduling-1] c.p.i.m.IntelPushRuleMapper.selectList   : ==>  Preparing: SELECT id,rule_name,tags_filter,importance_filter,target_roles,channel,silent_period,status,version,deleted,created_at,updated_at FROM intel_push_rule WHERE deleted=false AND (status = ?)
2026-08-20 22:59:32.091 DEBUG 54479 --- [   scheduling-1] c.p.i.m.IntelPushRuleMapper.selectList   : ==> Parameters: active(String)
2026-08-20 22:59:32.092 DEBUG 54479 --- [   scheduling-1] c.p.i.m.IntelPushRuleMapper.selectList   : <==      Total: 3
2026-08-20 22:59:32.094 DEBUG 54479 --- [   scheduling-1] c.p.i.mapper.IntelNewsMapper.selectList  : ==>  Preparing: SELECT id,source_code,title,content,region_code,normalized_tags,importance,published_at,push_status,version,deleted,created_at,updated_at FROM intel_news WHERE deleted=false AND (push_status = ? AND importance = ?)
2026-08-20 22:59:32.094 DEBUG 54479 --- [   scheduling-1] c.p.i.mapper.IntelNewsMapper.selectList  : ==> Parameters: none(String), high(String)
2026-08-20 22:59:32.094 DEBUG 54479 --- [   scheduling-1] c.p.i.mapper.IntelNewsMapper.selectList  : <==      Total: 0
2026-08-20 22:59:32.096 DEBUG 54479 --- [   scheduling-1] c.p.i.mapper.IntelNewsMapper.selectList  : ==>  Preparing: SELECT id,source_code,title,content,region_code,normalized_tags,importance,published_at,push_status,version,deleted,created_at,updated_at FROM intel_news WHERE deleted=false AND (push_status = ? AND importance = ?)
2026-08-20 22:59:32.096 DEBUG 54479 --- [   scheduling-1] c.p.i.mapper.IntelNewsMapper.selectList  : ==> Parameters: none(String), medium(String)
2026-08-20 22:59:32.097 DEBUG 54479 --- [   scheduling-1] c.p.i.mapper.IntelNewsMapper.selectList  : <==      Total: 6
2026-08-20 22:59:32.099 DEBUG 54479 --- [   scheduling-1] c.p.i.mapper.IntelNewsMapper.selectList  : ==>  Preparing: SELECT id,source_code,title,content,region_code,normalized_tags,importance,published_at,push_status,version,deleted,created_at,updated_at FROM intel_news WHERE deleted=false AND (push_status = ? AND importance = ?)
2026-08-20 22:59:32.099 DEBUG 54479 --- [   scheduling-1] c.p.i.mapper.IntelNewsMapper.selectList  : ==> Parameters: none(String), high(String)
2026-08-20 22:59:32.099 DEBUG 54479 --- [   scheduling-1] c.p.i.mapper.IntelNewsMapper.selectList  : <==      Total: 0
2026-08-20 22:59:32.100  INFO 54479 --- [   scheduling-1] com.ptidss.intel.service.IntelService    : 情报推送执行完成：匹配情报 0 条，派发消息 0 条
2026-08-20 22:59:36.853 DEBUG 54479 --- [nio-9080-exec-4] c.p.system.mapper.AuditLogMapper.insert  : ==>  Preparing: INSERT INTO audit_log ( id, trace_id, user_id, action, target_type, target_id, after_snapshot, ip, user_agent, result, created_at ) VALUES ( ?, ?, ?, ?, ?, ?, ?, ?, ?, ?, ? )
2026-08-20 22:59:36.853 DEBUG 54479 --- [nio-9080-exec-4] c.p.system.mapper.AuditLogMapper.insert  : ==> Parameters: 216209563182043136(Long), a4edf227620e4107(String), 0(Long), logout(String), auth(String), -(String), [](String), 0:0:0:0:0:0:0:1(String), Mozilla/5.0 (X11; Ubuntu; Linux x86_64) AppleWebKit/537.36 (KHTML, like Gecko) Chrome/151.0.0.0 Safari/537.36(String), success(String), 2026-08-20 22:59:36.842(Timestamp)
2026-08-20 22:59:36.857 DEBUG 54479 --- [nio-9080-exec-4] c.p.system.mapper.AuditLogMapper.insert  : <==    Updates: 1
2026-08-20 22:59:50.649 DEBUG 54479 --- [nio-9080-exec-3] c.p.s.mapper.SysUserMapper.selectList    : ==>  Preparing: SELECT id,username,display_name,password_hash,role_ids,org_code,phone,email,status,last_login_at,version,deleted,created_at,updated_at FROM sys_user WHERE deleted=false AND (username = ?)
2026-08-20 22:59:50.649 DEBUG 54479 --- [nio-9080-exec-3] c.p.s.mapper.SysUserMapper.selectList    : ==> Parameters: admin(String)
2026-08-20 22:59:50.650 DEBUG 54479 --- [nio-9080-exec-3] c.p.s.mapper.SysUserMapper.selectList    : <==      Total: 1
2026-08-20 22:59:50.769 DEBUG 54479 --- [nio-9080-exec-3] c.p.s.m.SysRoleMapper.selectBatchIds     : ==>  Preparing: SELECT id,role_code,role_name,description,status,version,deleted,created_at,updated_at FROM sys_role WHERE id IN ( ? ) AND deleted=false
2026-08-20 22:59:50.769 DEBUG 54479 --- [nio-9080-exec-3] c.p.s.m.SysRoleMapper.selectBatchIds     : ==> Parameters: 4(Long)
2026-08-20 22:59:50.769 DEBUG 54479 --- [nio-9080-exec-3] c.p.s.m.SysRoleMapper.selectBatchIds     : <==      Total: 1
2026-08-20 22:59:50.770 DEBUG 54479 --- [nio-9080-exec-3] c.p.s.m.SysPermissionMapper.selectList   : ==>  Preparing: SELECT id,perm_code,perm_name,resource_type,resource_pattern,status,version,deleted,created_at,updated_at FROM sys_permission WHERE deleted=false AND (status = ? AND EXISTS (SELECT 1 FROM sys_role_permission rp WHERE rp.permission_id = sys_permission.id AND rp.role_id = ?))
2026-08-20 22:59:50.770 DEBUG 54479 --- [nio-9080-exec-3] c.p.s.m.SysPermissionMapper.selectList   : ==> Parameters: active(String), 4(Long)
2026-08-20 22:59:50.771 DEBUG 54479 --- [nio-9080-exec-3] c.p.s.m.SysPermissionMapper.selectList   : <==      Total: 18
2026-08-20 22:59:50.771 DEBUG 54479 --- [nio-9080-exec-3] c.p.s.m.SysUserRegionMapper.selectList   : ==>  Preparing: SELECT user_id,region_code FROM sys_user_region WHERE (user_id = ?)
2026-08-20 22:59:50.771 DEBUG 54479 --- [nio-9080-exec-3] c.p.s.m.SysUserRegionMapper.selectList   : ==> Parameters: 1(Long)
2026-08-20 22:59:50.772 DEBUG 54479 --- [nio-9080-exec-3] c.p.s.m.SysUserRegionMapper.selectList   : <==      Total: 4
2026-08-20 22:59:50.772 DEBUG 54479 --- [nio-9080-exec-3] c.p.s.mapper.SysRegionMapper.selectList  : ==>  Preparing: SELECT id,region_code,region_name,market_support,exchange_channel,settlement_period,status,launch_order,version,deleted,created_at,updated_at FROM sys_region WHERE deleted=false AND (region_code = ? AND status = ?)
2026-08-20 22:59:50.772 DEBUG 54479 --- [nio-9080-exec-3] c.p.s.mapper.SysRegionMapper.selectList  : ==> Parameters: CN-31(String), enabled(String)
2026-08-20 22:59:50.773 DEBUG 54479 --- [nio-9080-exec-3] c.p.s.mapper.SysRegionMapper.selectList  : <==      Total: 1
2026-08-20 22:59:50.773 DEBUG 54479 --- [nio-9080-exec-3] c.p.s.mapper.SysUserMapper.updateById    : ==>  Preparing: UPDATE sys_user SET last_login_at=?, updated_at=? WHERE id=? AND deleted=false
2026-08-20 22:59:50.774 DEBUG 54479 --- [nio-9080-exec-3] c.p.s.mapper.SysUserMapper.updateById    : ==> Parameters: 2026-08-20 22:59:50.773(Timestamp), 2026-08-20 22:59:50.773(Timestamp), 1(Long)
2026-08-20 22:59:50.777 DEBUG 54479 --- [nio-9080-exec-3] c.p.s.mapper.SysUserMapper.updateById    : <==    Updates: 1
2026-08-20 22:59:50.777 DEBUG 54479 --- [nio-9080-exec-3] c.p.system.mapper.AuditLogMapper.insert  : ==>  Preparing: INSERT INTO audit_log ( id, trace_id, user_id, username, action, target_type, target_id, ip, user_agent, result, created_at ) VALUES ( ?, ?, ?, ?, ?, ?, ?, ?, ?, ?, ? )
2026-08-20 22:59:50.777 DEBUG 54479 --- [nio-9080-exec-3] c.p.system.mapper.AuditLogMapper.insert  : ==> Parameters: 216209621629669376(Long), 73c53eeeabd345ec(String), 0(Long), admin(String), login(String), auth(String), LoginBody(username=admin, password=Ptidss@2026, captchaKey=e72a0(String), 0:0:0:0:0:0:0:1(String), Mozilla/5.0 (X11; Ubuntu; Linux x86_64) AppleWebKit/537.36 (KHTML, like Gecko) Chrome/151.0.0.0 Safari/537.36(String), success(String), 2026-08-20 22:59:50.777(Timestamp)
2026-08-20 22:59:50.778 DEBUG 54479 --- [nio-9080-exec-3] c.p.system.mapper.AuditLogMapper.insert  : <==    Updates: 1
2026-08-20 22:59:50.821 DEBUG 54479 --- [nio-9080-exec-8] c.p.m.m.ModelRegistryMapper.selectList   : ==>  Preparing: SELECT id,model_code,model_name,model_version,framework,metrics,status,file_url,trained_at,version,deleted,created_at,updated_at FROM model_registry WHERE deleted=false ORDER BY model_code ASC,version DESC
2026-08-20 22:59:50.822 DEBUG 54479 --- [nio-9080-exec-8] c.p.m.m.ModelRegistryMapper.selectList   : ==> Parameters: 
2026-08-20 22:59:50.822 DEBUG 54479 --- [nio-9080-exec-8] c.p.m.m.ModelRegistryMapper.selectList   : <==      Total: 3
2026-08-20 22:59:50.825 DEBUG 54479 --- [nio-9080-exec-5] c.p.t.m.RollingPlanMapper.selectList     : ==>  Preparing: SELECT id,trade_date,scenario,plan_type,adjustments,expected_revenue,risk_metrics,evidence_chain_ref,status,created_by,region_code,version,deleted,created_at,updated_at FROM rolling_plan WHERE deleted=false AND (region_code = ?) ORDER BY trade_date DESC
2026-08-20 22:59:50.825 DEBUG 54479 --- [nio-9080-exec-5] c.p.t.m.RollingPlanMapper.selectList     : ==> Parameters: CN-11(String)
2026-08-20 22:59:50.826 DEBUG 54479 --- [nio-9080-exec-5] c.p.t.m.RollingPlanMapper.selectList     : <==      Total: 0
2026-08-20 22:59:50.827 DEBUG 54479 --- [nio-9080-exec-1] c.p.m.m.MessageRecordMapper.selectCount  : ==>  Preparing: SELECT COUNT( * ) FROM message_record WHERE deleted=false AND (receiver_id = ?)
2026-08-20 22:59:50.827 DEBUG 54479 --- [nio-9080-exec-1] c.p.m.m.MessageRecordMapper.selectCount  : ==> Parameters: 1(Long)
2026-08-20 22:59:50.827 DEBUG 54479 --- [nio-9080-exec-1] c.p.m.m.MessageRecordMapper.selectCount  : <==      Total: 1
2026-08-20 22:59:50.832 DEBUG 54479 --- [nio-9080-exec-7] c.p.t.mapper.ContractMapper.selectList   : ==>  Preparing: SELECT id,contract_no,variety,direction,counterparty,total_volume,curve_json,price,start_date,end_date,status,source,region_code,version,deleted,created_at,updated_at FROM contract WHERE deleted=false AND (region_code = ? AND status IN (?,?))
2026-08-20 22:59:50.832 DEBUG 54479 --- [nio-9080-exec-1] c.p.m.m.M.selectPage_mpCount             : ==>  Preparing: SELECT COUNT(*) AS total FROM message_record WHERE deleted = false AND (receiver_id = ? AND read_status = ?)
2026-08-20 22:59:50.832 DEBUG 54479 --- [nio-9080-exec-7] c.p.t.mapper.ContractMapper.selectList   : ==> Parameters: CN-11(String), active(String), executing(String)
2026-08-20 22:59:50.832 DEBUG 54479 --- [nio-9080-exec-1] c.p.m.m.M.selectPage_mpCount             : ==> Parameters: 1(Long), unread(String)
2026-08-20 22:59:50.833 DEBUG 54479 --- [nio-9080-exec-1] c.p.m.m.M.selectPage_mpCount             : <==      Total: 1
2026-08-20 22:59:50.834 DEBUG 54479 --- [nio-9080-exec-1] c.p.m.m.MessageRecordMapper.selectPage   : ==>  Preparing: SELECT id,msg_type,receiver_id,title,content,channel,read_status,biz_ref,version,deleted,created_at,updated_at FROM message_record WHERE deleted=false AND (receiver_id = ? AND read_status = ?) ORDER BY created_at DESC LIMIT ?
2026-08-20 22:59:50.834 DEBUG 54479 --- [nio-9080-exec-1] c.p.m.m.MessageRecordMapper.selectPage   : ==> Parameters: 1(Long), unread(String), 10(Long)
2026-08-20 22:59:50.835 DEBUG 54479 --- [nio-9080-exec-7] c.p.t.mapper.ContractMapper.selectList   : <==      Total: 0
2026-08-20 22:59:50.835 DEBUG 54479 --- [nio-9080-exec-1] c.p.m.m.MessageRecordMapper.selectPage   : <==      Total: 1
2026-08-20 23:00:02.101 DEBUG 54479 --- [   scheduling-1] c.p.i.m.IntelPushRuleMapper.selectList   : ==>  Preparing: SELECT id,rule_name,tags_filter,importance_filter,target_roles,channel,silent_period,status,version,deleted,created_at,updated_at FROM intel_push_rule WHERE deleted=false AND (status = ?)
2026-08-20 23:00:02.101 DEBUG 54479 --- [   scheduling-1] c.p.i.m.IntelPushRuleMapper.selectList   : ==> Parameters: active(String)
2026-08-20 23:00:02.102 DEBUG 54479 --- [   scheduling-1] c.p.i.m.IntelPushRuleMapper.selectList   : <==      Total: 3
2026-08-20 23:00:02.103 DEBUG 54479 --- [   scheduling-1] c.p.i.mapper.IntelNewsMapper.selectList  : ==>  Preparing: SELECT id,source_code,title,content,region_code,normalized_tags,importance,published_at,push_status,version,deleted,created_at,updated_at FROM intel_news WHERE deleted=false AND (push_status = ? AND importance = ?)
2026-08-20 23:00:02.103 DEBUG 54479 --- [   scheduling-1] c.p.i.mapper.IntelNewsMapper.selectList  : ==> Parameters: none(String), high(String)
2026-08-20 23:00:02.104 DEBUG 54479 --- [   scheduling-1] c.p.i.mapper.IntelNewsMapper.selectList  : <==      Total: 0
2026-08-20 23:00:02.105 DEBUG 54479 --- [   scheduling-1] c.p.i.mapper.IntelNewsMapper.selectList  : ==>  Preparing: SELECT id,source_code,title,content,region_code,normalized_tags,importance,published_at,push_status,version,deleted,created_at,updated_at FROM intel_news WHERE deleted=false AND (push_status = ? AND importance = ?)
2026-08-20 23:00:02.106 DEBUG 54479 --- [   scheduling-1] c.p.i.mapper.IntelNewsMapper.selectList  : ==> Parameters: none(String), medium(String)
2026-08-20 23:00:02.107 DEBUG 54479 --- [   scheduling-1] c.p.i.mapper.IntelNewsMapper.selectList  : <==      Total: 6
2026-08-20 23:00:02.108 DEBUG 54479 --- [   scheduling-1] c.p.i.mapper.IntelNewsMapper.selectList  : ==>  Preparing: SELECT id,source_code,title,content,region_code,normalized_tags,importance,published_at,push_status,version,deleted,created_at,updated_at FROM intel_news WHERE deleted=false AND (push_status = ? AND importance = ?)
2026-08-20 23:00:02.108 DEBUG 54479 --- [   scheduling-1] c.p.i.mapper.IntelNewsMapper.selectList  : ==> Parameters: none(String), high(String)
2026-08-20 23:00:02.108 DEBUG 54479 --- [   scheduling-1] c.p.i.mapper.IntelNewsMapper.selectList  : <==      Total: 0
2026-08-20 23:00:02.109  INFO 54479 --- [   scheduling-1] com.ptidss.intel.service.IntelService    : 情报推送执行完成：匹配情报 0 条，派发消息 0 条
2026-08-20 23:00:04.817 DEBUG 54479 --- [nio-9080-exec-4] c.p.t.m.D.selectPage_mpCount             : ==>  Preparing: SELECT COUNT(*) AS total FROM declaration WHERE deleted = false AND (region_code = ?)
2026-08-20 23:00:04.817 DEBUG 54479 --- [nio-9080-exec-4] c.p.t.m.D.selectPage_mpCount             : ==> Parameters: CN-11(String)
2026-08-20 23:00:04.818 DEBUG 54479 --- [nio-9080-exec-4] c.p.t.m.D.selectPage_mpCount             : <==      Total: 1
2026-08-20 23:00:09.157 DEBUG 54479 --- [nio-9080-exec-6] c.p.d.m.DataSourceMapper.selectList      : ==>  Preparing: SELECT id,source_code,source_type,connect_config,sync_mode,frequency,status,version,deleted,created_at,updated_at FROM data_source WHERE deleted=false ORDER BY source_code ASC
2026-08-20 23:00:09.157 DEBUG 54479 --- [nio-9080-exec-6] c.p.d.m.DataSourceMapper.selectList      : ==> Parameters: 
2026-08-20 23:00:09.158 DEBUG 54479 --- [nio-9080-exec-6] c.p.d.m.DataSourceMapper.selectList      : <==      Total: 3
2026-08-20 23:00:09.159 DEBUG 54479 --- [nio-9080-exec-7] c.p.d.m.DataLineageMapper.selectCount    : ==>  Preparing: SELECT COUNT( * ) FROM data_lineage WHERE deleted=false
2026-08-20 23:00:09.159 DEBUG 54479 --- [nio-9080-exec-6] c.p.d.m.CollectTaskMapper.selectList     : ==>  Preparing: SELECT id,source_id,task_type,cron_expr,last_run_time,last_status,records_count,error_log,version,deleted,created_at,updated_at FROM collect_task WHERE deleted=false AND (source_id = ?) ORDER BY last_run_time DESC LIMIT 1
2026-08-20 23:00:09.159 DEBUG 54479 --- [nio-9080-exec-7] c.p.d.m.DataLineageMapper.selectCount    : ==> Parameters: 
2026-08-20 23:00:09.159 DEBUG 54479 --- [nio-9080-exec-6] c.p.d.m.CollectTaskMapper.selectList     : ==> Parameters: 2(Long)
2026-08-20 23:00:09.160 DEBUG 54479 --- [nio-9080-exec-6] c.p.d.m.CollectTaskMapper.selectList     : <==      Total: 1
2026-08-20 23:00:09.160 DEBUG 54479 --- [nio-9080-exec-7] c.p.d.m.DataLineageMapper.selectCount    : <==      Total: 1
2026-08-20 23:00:09.160 DEBUG 54479 --- [nio-9080-exec-5] c.p.d.m.D.selectList                     : ==>  Preparing: SELECT id,rule_code,rule_type,target_table,target_field,condition,threshold,severity,status,version,deleted,created_at,updated_at FROM data_quality_rule WHERE deleted=false AND (status = ?)
2026-08-20 23:00:09.160 DEBUG 54479 --- [nio-9080-exec-5] c.p.d.m.D.selectList                     : ==> Parameters: active(String)
2026-08-20 23:00:09.160 DEBUG 54479 --- [nio-9080-exec-7] c.p.d.m.DataLineageMapper.selectList     : ==>  Preparing: SELECT id,node_id,node_type,upstream,downstream,field_mapping,version,deleted,created_at,updated_at FROM data_lineage WHERE deleted=false
2026-08-20 23:00:09.161 DEBUG 54479 --- [nio-9080-exec-7] c.p.d.m.DataLineageMapper.selectList     : ==> Parameters: 
2026-08-20 23:00:09.161 DEBUG 54479 --- [nio-9080-exec-5] c.p.d.m.D.selectList                     : <==      Total: 2
2026-08-20 23:00:09.162 DEBUG 54479 --- [nio-9080-exec-7] c.p.d.m.DataLineageMapper.selectList     : <==      Total: 7
2026-08-20 23:00:09.162 DEBUG 54479 --- [nio-9080-exec-6] c.p.d.m.CollectTaskMapper.selectList     : ==>  Preparing: SELECT id,source_id,task_type,cron_expr,last_run_time,last_status,records_count,error_log,version,deleted,created_at,updated_at FROM collect_task WHERE deleted=false AND (source_id = ?) ORDER BY last_run_time DESC LIMIT 1
2026-08-20 23:00:09.162 DEBUG 54479 --- [nio-9080-exec-6] c.p.d.m.CollectTaskMapper.selectList     : ==> Parameters: 1(Long)
2026-08-20 23:00:09.163 DEBUG 54479 --- [nio-9080-exec-6] c.p.d.m.CollectTaskMapper.selectList     : <==      Total: 0
2026-08-20 23:00:09.163 DEBUG 54479 --- [nio-9080-exec-6] c.p.d.m.CollectTaskMapper.selectList     : ==>  Preparing: SELECT id,source_id,task_type,cron_expr,last_run_time,last_status,records_count,error_log,version,deleted,created_at,updated_at FROM collect_task WHERE deleted=false AND (source_id = ?) ORDER BY last_run_time DESC LIMIT 1
2026-08-20 23:00:09.164 DEBUG 54479 --- [nio-9080-exec-6] c.p.d.m.CollectTaskMapper.selectList     : ==> Parameters: 3(Long)
2026-08-20 23:00:09.164 DEBUG 54479 --- [nio-9080-exec-6] c.p.d.m.CollectTaskMapper.selectList     : <==      Total: 1
2026-08-20 23:00:11.757 DEBUG 54479 --- [   scheduling-1] c.p.d.m.CollectTaskMapper.selectList     : ==>  Preparing: SELECT id,source_id,task_type,cron_expr,last_run_time,last_status,records_count,error_log,version,deleted,created_at,updated_at FROM collect_task WHERE deleted=false AND (cron_expr IS NOT NULL)
2026-08-20 23:00:11.757 DEBUG 54479 --- [   scheduling-1] c.p.d.m.CollectTaskMapper.selectList     : ==> Parameters: 
2026-08-20 23:00:11.758 DEBUG 54479 --- [   scheduling-1] c.p.d.m.CollectTaskMapper.selectList     : <==      Total: 3
2026-08-20 23:00:11.762 DEBUG 54479 --- [   scheduling-1] c.p.d.m.CollectTaskMapper.updateById     : ==>  Preparing: UPDATE collect_task SET source_id=?, task_type=?, cron_expr=?, last_run_time=?, last_status=?, records_count=?, version=?, created_at=?, updated_at=? WHERE id=? AND version=? AND deleted=false
2026-08-20 23:00:11.763 DEBUG 54479 --- [   scheduling-1] c.p.d.m.CollectTaskMapper.updateById     : ==> Parameters: 2(Long), market(String), 0 0/30 * * * *(String), 2026-08-20 23:00:11.758(Timestamp), success(String), 1545(Long), 13(Integer), 2026-08-20 18:39:44.561(Timestamp), 2026-08-20 18:39:44.561(Timestamp), 1(Long), 12(Integer)
2026-08-20 23:00:11.767 DEBUG 54479 --- [   scheduling-1] c.p.d.m.CollectTaskMapper.updateById     : <==    Updates: 1
2026-08-20 23:00:11.767  INFO 54479 --- [   scheduling-1] com.ptidss.data.service.DataService      : 定时采集执行：task=market(1) cron=0 0/30 * * * * 记录数=1545
2026-08-20 23:00:32.111 DEBUG 54479 --- [   scheduling-1] c.p.i.m.IntelPushRuleMapper.selectList   : ==>  Preparing: SELECT id,rule_name,tags_filter,importance_filter,target_roles,channel,silent_period,status,version,deleted,created_at,updated_at FROM intel_push_rule WHERE deleted=false AND (status = ?)
2026-08-20 23:00:32.111 DEBUG 54479 --- [   scheduling-1] c.p.i.m.IntelPushRuleMapper.selectList   : ==> Parameters: active(String)
2026-08-20 23:00:32.112 DEBUG 54479 --- [   scheduling-1] c.p.i.m.IntelPushRuleMapper.selectList   : <==      Total: 3
2026-08-20 23:00:32.113 DEBUG 54479 --- [   scheduling-1] c.p.i.mapper.IntelNewsMapper.selectList  : ==>  Preparing: SELECT id,source_code,title,content,region_code,normalized_tags,importance,published_at,push_status,version,deleted,created_at,updated_at FROM intel_news WHERE deleted=false AND (push_status = ? AND importance = ?)
2026-08-20 23:00:32.114 DEBUG 54479 --- [   scheduling-1] c.p.i.mapper.IntelNewsMapper.selectList  : ==> Parameters: none(String), high(String)
2026-08-20 23:00:32.114 DEBUG 54479 --- [   scheduling-1] c.p.i.mapper.IntelNewsMapper.selectList  : <==      Total: 0
2026-08-20 23:00:32.115 DEBUG 54479 --- [   scheduling-1] c.p.i.mapper.IntelNewsMapper.selectList  : ==>  Preparing: SELECT id,source_code,title,content,region_code,normalized_tags,importance,published_at,push_status,version,deleted,created_at,updated_at FROM intel_news WHERE deleted=false AND (push_status = ? AND importance = ?)
2026-08-20 23:00:32.116 DEBUG 54479 --- [   scheduling-1] c.p.i.mapper.IntelNewsMapper.selectList  : ==> Parameters: none(String), medium(String)
2026-08-20 23:00:32.117 DEBUG 54479 --- [   scheduling-1] c.p.i.mapper.IntelNewsMapper.selectList  : <==      Total: 6
2026-08-20 23:00:32.118 DEBUG 54479 --- [   scheduling-1] c.p.i.mapper.IntelNewsMapper.selectList  : ==>  Preparing: SELECT id,source_code,title,content,region_code,normalized_tags,importance,published_at,push_status,version,deleted,created_at,updated_at FROM intel_news WHERE deleted=false AND (push_status = ? AND importance = ?)
2026-08-20 23:00:32.118 DEBUG 54479 --- [   scheduling-1] c.p.i.mapper.IntelNewsMapper.selectList  : ==> Parameters: none(String), high(String)
2026-08-20 23:00:32.119 DEBUG 54479 --- [   scheduling-1] c.p.i.mapper.IntelNewsMapper.selectList  : <==      Total: 0
2026-08-20 23:00:32.119  INFO 54479 --- [   scheduling-1] com.ptidss.intel.service.IntelService    : 情报推送执行完成：匹配情报 0 条，派发消息 0 条
2026-08-20 23:00:43.721 DEBUG 54479 --- [io-9080-exec-10] c.p.p.m.P.selectCount                    : ==>  Preparing: SELECT COUNT( * ) FROM policy_document WHERE deleted=false
2026-08-20 23:00:43.721 DEBUG 54479 --- [io-9080-exec-10] c.p.p.m.P.selectCount                    : ==> Parameters: 
2026-08-20 23:00:43.722 DEBUG 54479 --- [io-9080-exec-10] c.p.p.m.P.selectCount                    : <==      Total: 1
2026-08-20 23:00:43.726 DEBUG 54479 --- [io-9080-exec-10] c.p.p.m.P.selectPage_mpCount             : ==>  Preparing: SELECT COUNT(*) AS total FROM policy_document WHERE deleted = false
2026-08-20 23:00:43.726 DEBUG 54479 --- [io-9080-exec-10] c.p.p.m.P.selectPage_mpCount             : ==> Parameters: 
2026-08-20 23:00:43.727 DEBUG 54479 --- [io-9080-exec-10] c.p.p.m.P.selectPage_mpCount             : <==      Total: 1
2026-08-20 23:00:43.727 DEBUG 54479 --- [io-9080-exec-10] c.p.p.m.PolicyDocumentMapper.selectPage  : ==>  Preparing: SELECT id,title,issuing_body,category,tags,version_no,file_url,publish_date,effective_date,status,version,deleted,created_at,updated_at FROM policy_document WHERE deleted=false ORDER BY publish_date DESC LIMIT ?
2026-08-20 23:00:43.727 DEBUG 54479 --- [io-9080-exec-10] c.p.p.m.PolicyDocumentMapper.selectPage  : ==> Parameters: 10(Long)
2026-08-20 23:00:43.729 DEBUG 54479 --- [io-9080-exec-10] c.p.p.m.PolicyDocumentMapper.selectPage  : <==      Total: 6
2026-08-20 23:00:45.619 DEBUG 54479 --- [nio-9080-exec-2] c.p.m.m.MessageRecordMapper.selectCount  : ==>  Preparing: SELECT COUNT( * ) FROM message_record WHERE deleted=false AND (receiver_id = ?)
2026-08-20 23:00:45.619 DEBUG 54479 --- [nio-9080-exec-2] c.p.m.m.MessageRecordMapper.selectCount  : ==> Parameters: 1(Long)
2026-08-20 23:00:45.620 DEBUG 54479 --- [nio-9080-exec-2] c.p.m.m.MessageRecordMapper.selectCount  : <==      Total: 1
2026-08-20 23:00:45.624 DEBUG 54479 --- [nio-9080-exec-2] c.p.m.m.M.selectPage_mpCount             : ==>  Preparing: SELECT COUNT(*) AS total FROM message_record WHERE deleted = false AND (receiver_id = ?)
2026-08-20 23:00:45.624 DEBUG 54479 --- [nio-9080-exec-2] c.p.m.m.M.selectPage_mpCount             : ==> Parameters: 1(Long)
2026-08-20 23:00:45.624 DEBUG 54479 --- [nio-9080-exec-2] c.p.m.m.M.selectPage_mpCount             : <==      Total: 1
2026-08-20 23:00:45.625 DEBUG 54479 --- [nio-9080-exec-2] c.p.m.m.MessageRecordMapper.selectPage   : ==>  Preparing: SELECT id,msg_type,receiver_id,title,content,channel,read_status,biz_ref,version,deleted,created_at,updated_at FROM message_record WHERE deleted=false AND (receiver_id = ?) ORDER BY created_at DESC LIMIT ?
2026-08-20 23:00:45.625 DEBUG 54479 --- [nio-9080-exec-2] c.p.m.m.MessageRecordMapper.selectPage   : ==> Parameters: 1(Long), 10(Long)
2026-08-20 23:00:45.626 DEBUG 54479 --- [nio-9080-exec-2] c.p.m.m.MessageRecordMapper.selectPage   : <==      Total: 5
2026-08-20 23:00:47.508 DEBUG 54479 --- [nio-9080-exec-3] c.p.p.m.P.selectCount                    : ==>  Preparing: SELECT COUNT( * ) FROM policy_document WHERE deleted=false
2026-08-20 23:00:47.508 DEBUG 54479 --- [nio-9080-exec-3] c.p.p.m.P.selectCount                    : ==> Parameters: 
2026-08-20 23:00:47.509 DEBUG 54479 --- [nio-9080-exec-3] c.p.p.m.P.selectCount                    : <==      Total: 1
2026-08-20 23:00:47.514 DEBUG 54479 --- [nio-9080-exec-3] c.p.p.m.P.selectPage_mpCount             : ==>  Preparing: SELECT COUNT(*) AS total FROM policy_document WHERE deleted = false
2026-08-20 23:00:47.514 DEBUG 54479 --- [nio-9080-exec-3] c.p.p.m.P.selectPage_mpCount             : ==> Parameters: 
2026-08-20 23:00:47.515 DEBUG 54479 --- [nio-9080-exec-3] c.p.p.m.P.selectPage_mpCount             : <==      Total: 1
2026-08-20 23:00:47.515 DEBUG 54479 --- [nio-9080-exec-3] c.p.p.m.PolicyDocumentMapper.selectPage  : ==>  Preparing: SELECT id,title,issuing_body,category,tags,version_no,file_url,publish_date,effective_date,status,version,deleted,created_at,updated_at FROM policy_document WHERE deleted=false ORDER BY publish_date DESC LIMIT ?
2026-08-20 23:00:47.515 DEBUG 54479 --- [nio-9080-exec-3] c.p.p.m.PolicyDocumentMapper.selectPage  : ==> Parameters: 10(Long)
2026-08-20 23:00:47.516 DEBUG 54479 --- [nio-9080-exec-3] c.p.p.m.PolicyDocumentMapper.selectPage  : <==      Total: 6
2026-08-20 23:01:02.121 DEBUG 54479 --- [   scheduling-1] c.p.i.m.IntelPushRuleMapper.selectList   : ==>  Preparing: SELECT id,rule_name,tags_filter,importance_filter,target_roles,channel,silent_period,status,version,deleted,created_at,updated_at FROM intel_push_rule WHERE deleted=false AND (status = ?)
2026-08-20 23:01:02.122 DEBUG 54479 --- [   scheduling-1] c.p.i.m.IntelPushRuleMapper.selectList   : ==> Parameters: active(String)
2026-08-20 23:01:02.123 DEBUG 54479 --- [   scheduling-1] c.p.i.m.IntelPushRuleMapper.selectList   : <==      Total: 3
2026-08-20 23:01:02.124 DEBUG 54479 --- [   scheduling-1] c.p.i.mapper.IntelNewsMapper.selectList  : ==>  Preparing: SELECT id,source_code,title,content,region_code,normalized_tags,importance,published_at,push_status,version,deleted,created_at,updated_at FROM intel_news WHERE deleted=false AND (push_status = ? AND importance = ?)
2026-08-20 23:01:02.124 DEBUG 54479 --- [   scheduling-1] c.p.i.mapper.IntelNewsMapper.selectList  : ==> Parameters: none(String), high(String)
2026-08-20 23:01:02.125 DEBUG 54479 --- [   scheduling-1] c.p.i.mapper.IntelNewsMapper.selectList  : <==      Total: 0
2026-08-20 23:01:02.126 DEBUG 54479 --- [   scheduling-1] c.p.i.mapper.IntelNewsMapper.selectList  : ==>  Preparing: SELECT id,source_code,title,content,region_code,normalized_tags,importance,published_at,push_status,version,deleted,created_at,updated_at FROM intel_news WHERE deleted=false AND (push_status = ? AND importance = ?)
2026-08-20 23:01:02.127 DEBUG 54479 --- [   scheduling-1] c.p.i.mapper.IntelNewsMapper.selectList  : ==> Parameters: none(String), medium(String)
2026-08-20 23:01:02.128 DEBUG 54479 --- [   scheduling-1] c.p.i.mapper.IntelNewsMapper.selectList  : <==      Total: 6
2026-08-20 23:01:02.129 DEBUG 54479 --- [   scheduling-1] c.p.i.mapper.IntelNewsMapper.selectList  : ==>  Preparing: SELECT id,source_code,title,content,region_code,normalized_tags,importance,published_at,push_status,version,deleted,created_at,updated_at FROM intel_news WHERE deleted=false AND (push_status = ? AND importance = ?)
2026-08-20 23:01:02.130 DEBUG 54479 --- [   scheduling-1] c.p.i.mapper.IntelNewsMapper.selectList  : ==> Parameters: none(String), high(String)
2026-08-20 23:01:02.130 DEBUG 54479 --- [   scheduling-1] c.p.i.mapper.IntelNewsMapper.selectList  : <==      Total: 0
2026-08-20 23:01:02.131  INFO 54479 --- [   scheduling-1] com.ptidss.intel.service.IntelService    : 情报推送执行完成：匹配情报 0 条，派发消息 0 条
2026-08-20 23:01:07.926 DEBUG 54479 --- [nio-9080-exec-7] c.p.p.m.P.selectCount                    : ==>  Preparing: SELECT COUNT( * ) FROM policy_document WHERE deleted=false
2026-08-20 23:01:07.926 DEBUG 54479 --- [nio-9080-exec-7] c.p.p.m.P.selectCount                    : ==> Parameters: 
2026-08-20 23:01:07.927 DEBUG 54479 --- [nio-9080-exec-7] c.p.p.m.P.selectCount                    : <==      Total: 1
2026-08-20 23:01:07.928 DEBUG 54479 --- [nio-9080-exec-7] c.p.p.m.PolicyDocumentMapper.selectById  : ==>  Preparing: SELECT id,title,issuing_body,category,tags,version_no,file_url,publish_date,effective_date,status,version,deleted,created_at,updated_at FROM policy_document WHERE id=? AND deleted=false
2026-08-20 23:01:07.928 DEBUG 54479 --- [nio-9080-exec-7] c.p.p.m.PolicyDocumentMapper.selectById  : ==> Parameters: 216145827226324992(Long)
2026-08-20 23:01:07.930 DEBUG 54479 --- [nio-9080-exec-7] c.p.p.m.PolicyDocumentMapper.selectById  : <==      Total: 1
2026-08-20 23:01:07.933 DEBUG 54479 --- [nio-9080-exec-7] c.p.p.m.PolicyArticleMapper.selectList   : ==>  Preparing: SELECT id,policy_id,clause_type,original_text,parsed_structure,confidence,related_rule_id,review_status,version,deleted,created_at,updated_at FROM policy_article WHERE deleted=false AND (policy_id = ?) ORDER BY clause_type ASC
2026-08-20 23:01:07.934 DEBUG 54479 --- [nio-9080-exec-7] c.p.p.m.PolicyArticleMapper.selectList   : ==> Parameters: 216145827226324992(Long)
2026-08-20 23:01:07.936 DEBUG 54479 --- [nio-9080-exec-7] c.p.p.m.PolicyArticleMapper.selectList   : <==      Total: 5
2026-08-20 23:01:07.940 DEBUG 54479 --- [nio-9080-exec-7] c.p.p.m.PolicyAnalysisMapper.selectList  : ==>  Preparing: SELECT id,policy_id,change_point,affected_link,impact_level,analysis_result,analyst,brief_file_url,version,deleted,created_at,updated_at FROM policy_analysis WHERE deleted=false AND (policy_id = ?) ORDER BY impact_level DESC
2026-08-20 23:01:07.940 DEBUG 54479 --- [nio-9080-exec-7] c.p.p.m.PolicyAnalysisMapper.selectList  : ==> Parameters: 216145827226324992(Long)
2026-08-20 23:01:07.943 DEBUG 54479 --- [nio-9080-exec-7] c.p.p.m.PolicyAnalysisMapper.selectList  : <==      Total: 5
2026-08-20 23:01:07.948 DEBUG 54479 --- [nio-9080-exec-7] c.p.p.m.RuleConfigMapper.selectList      : ==>  Preparing: SELECT id,rule_code,rule_name,rule_type,params,version,effective_date,expired_date,source_policy_id,status,deleted,created_at,updated_at FROM rule_config WHERE deleted=false AND (source_policy_id = ?) ORDER BY rule_code ASC,version DESC
2026-08-20 23:01:07.948 DEBUG 54479 --- [nio-9080-exec-7] c.p.p.m.RuleConfigMapper.selectList      : ==> Parameters: 216145827226324992(Long)
2026-08-20 23:01:07.959 DEBUG 54479 --- [nio-9080-exec-7] c.p.p.m.RuleConfigMapper.selectList      : <==      Total: 40
2026-08-20 23:01:11.769 DEBUG 54479 --- [   scheduling-1] c.p.d.m.CollectTaskMapper.selectList     : ==>  Preparing: SELECT id,source_id,task_type,cron_expr,last_run_time,last_status,records_count,error_log,version,deleted,created_at,updated_at FROM collect_task WHERE deleted=false AND (cron_expr IS NOT NULL)
2026-08-20 23:01:11.769 DEBUG 54479 --- [   scheduling-1] c.p.d.m.CollectTaskMapper.selectList     : ==> Parameters: 
2026-08-20 23:01:11.770 DEBUG 54479 --- [   scheduling-1] c.p.d.m.CollectTaskMapper.selectList     : <==      Total: 3
2026-08-20 23:01:12.471 DEBUG 54479 --- [nio-9080-exec-9] c.p.i.m.IntelSourceMapper.selectCount    : ==>  Preparing: SELECT COUNT( * ) FROM intel_source WHERE deleted=false
2026-08-20 23:01:12.471 DEBUG 54479 --- [nio-9080-exec-9] c.p.i.m.IntelSourceMapper.selectCount    : ==> Parameters: 
2026-08-20 23:01:12.471 DEBUG 54479 --- [nio-9080-exec-9] c.p.i.m.IntelSourceMapper.selectCount    : <==      Total: 1
2026-08-20 23:01:12.472 DEBUG 54479 --- [nio-9080-exec-3] c.p.i.m.IntelNewsMapper.selectCount      : ==>  Preparing: SELECT COUNT( * ) FROM intel_news WHERE deleted=false
2026-08-20 23:01:12.472 DEBUG 54479 --- [nio-9080-exec-3] c.p.i.m.IntelNewsMapper.selectCount      : ==> Parameters: 
2026-08-20 23:01:12.473 DEBUG 54479 --- [nio-9080-exec-3] c.p.i.m.IntelNewsMapper.selectCount      : <==      Total: 1
2026-08-20 23:01:12.473 DEBUG 54479 --- [nio-9080-exec-9] c.p.i.m.IntelSourceMapper.selectList     : ==>  Preparing: SELECT id,source_code,source_name,intel_type,fetch_mode,frequency,status,version,deleted,created_at,updated_at FROM intel_source WHERE deleted=false ORDER BY intel_type ASC,source_code ASC
2026-08-20 23:01:12.473 DEBUG 54479 --- [nio-9080-exec-9] c.p.i.m.IntelSourceMapper.selectList     : ==> Parameters: 
2026-08-20 23:01:12.474 DEBUG 54479 --- [nio-9080-exec-8] c.p.i.m.IntelPushRuleMapper.selectList   : ==>  Preparing: SELECT id,rule_name,tags_filter,importance_filter,target_roles,channel,silent_period,status,version,deleted,created_at,updated_at FROM intel_push_rule WHERE deleted=false ORDER BY created_at DESC
2026-08-20 23:01:12.474 DEBUG 54479 --- [nio-9080-exec-8] c.p.i.m.IntelPushRuleMapper.selectList   : ==> Parameters: 
2026-08-20 23:01:12.475 DEBUG 54479 --- [nio-9080-exec-8] c.p.i.m.IntelPushRuleMapper.selectList   : <==      Total: 3
2026-08-20 23:01:12.477 DEBUG 54479 --- [nio-9080-exec-9] c.p.i.m.IntelSourceMapper.selectList     : <==      Total: 10
2026-08-20 23:01:12.482 DEBUG 54479 --- [nio-9080-exec-3] c.p.i.m.I.selectPage_mpCount             : ==>  Preparing: SELECT COUNT(*) AS total FROM intel_news WHERE deleted = false AND ((region_code = ? OR region_code IS NULL))
2026-08-20 23:01:12.483 DEBUG 54479 --- [nio-9080-exec-3] c.p.i.m.I.selectPage_mpCount             : ==> Parameters: CN-11(String)
2026-08-20 23:01:12.483 DEBUG 54479 --- [nio-9080-exec-3] c.p.i.m.I.selectPage_mpCount             : <==      Total: 1
2026-08-20 23:01:12.483 DEBUG 54479 --- [nio-9080-exec-3] c.p.i.mapper.IntelNewsMapper.selectPage  : ==>  Preparing: SELECT id,source_code,title,content,region_code,normalized_tags,importance,published_at,push_status,version,deleted,created_at,updated_at FROM intel_news WHERE deleted=false AND ((region_code = ? OR region_code IS NULL)) ORDER BY published_at DESC LIMIT ?
2026-08-20 23:01:12.484 DEBUG 54479 --- [nio-9080-exec-3] c.p.i.mapper.IntelNewsMapper.selectPage  : ==> Parameters: CN-11(String), 20(Long)
2026-08-20 23:01:12.484 DEBUG 54479 --- [nio-9080-exec-3] c.p.i.mapper.IntelNewsMapper.selectPage  : <==      Total: 10
2026-08-20 23:01:29.110 DEBUG 54479 --- [nio-9080-exec-5] c.p.i.m.IntelNewsMapper.selectCount      : ==>  Preparing: SELECT COUNT( * ) FROM intel_news WHERE deleted=false
2026-08-20 23:01:29.110 DEBUG 54479 --- [nio-9080-exec-5] c.p.i.m.IntelNewsMapper.selectCount      : ==> Parameters: 
2026-08-20 23:01:29.111 DEBUG 54479 --- [nio-9080-exec-5] c.p.i.m.IntelNewsMapper.selectCount      : <==      Total: 1
2026-08-20 23:01:29.121 DEBUG 54479 --- [nio-9080-exec-5] c.p.i.m.I.selectPage_mpCount             : ==>  Preparing: SELECT COUNT(*) AS total FROM intel_news WHERE deleted = false AND ((region_code = ? OR region_code IS NULL))
2026-08-20 23:01:29.121 DEBUG 54479 --- [nio-9080-exec-5] c.p.i.m.I.selectPage_mpCount             : ==> Parameters: CN-11(String)
2026-08-20 23:01:29.122 DEBUG 54479 --- [nio-9080-exec-5] c.p.i.m.I.selectPage_mpCount             : <==      Total: 1
2026-08-20 23:01:29.123 DEBUG 54479 --- [nio-9080-exec-5] c.p.i.mapper.IntelNewsMapper.selectPage  : ==>  Preparing: SELECT id,source_code,title,content,region_code,normalized_tags,importance,published_at,push_status,version,deleted,created_at,updated_at FROM intel_news WHERE deleted=false AND ((region_code = ? OR region_code IS NULL)) ORDER BY published_at DESC LIMIT ?
2026-08-20 23:01:29.123 DEBUG 54479 --- [nio-9080-exec-5] c.p.i.mapper.IntelNewsMapper.selectPage  : ==> Parameters: CN-11(String), 20(Long)
2026-08-20 23:01:29.126 DEBUG 54479 --- [nio-9080-exec-5] c.p.i.mapper.IntelNewsMapper.selectPage  : <==      Total: 10
2026-08-20 23:01:32.132 DEBUG 54479 --- [   scheduling-1] c.p.i.m.IntelPushRuleMapper.selectList   : ==>  Preparing: SELECT id,rule_name,tags_filter,importance_filter,target_roles,channel,silent_period,status,version,deleted,created_at,updated_at FROM intel_push_rule WHERE deleted=false AND (status = ?)
2026-08-20 23:01:32.132 DEBUG 54479 --- [   scheduling-1] c.p.i.m.IntelPushRuleMapper.selectList   : ==> Parameters: active(String)
2026-08-20 23:01:32.133 DEBUG 54479 --- [   scheduling-1] c.p.i.m.IntelPushRuleMapper.selectList   : <==      Total: 3
2026-08-20 23:01:32.134 DEBUG 54479 --- [   scheduling-1] c.p.i.mapper.IntelNewsMapper.selectList  : ==>  Preparing: SELECT id,source_code,title,content,region_code,normalized_tags,importance,published_at,push_status,version,deleted,created_at,updated_at FROM intel_news WHERE deleted=false AND (push_status = ? AND importance = ?)
2026-08-20 23:01:32.134 DEBUG 54479 --- [   scheduling-1] c.p.i.mapper.IntelNewsMapper.selectList  : ==> Parameters: none(String), high(String)
2026-08-20 23:01:32.134 DEBUG 54479 --- [   scheduling-1] c.p.i.mapper.IntelNewsMapper.selectList  : <==      Total: 0
2026-08-20 23:01:32.135 DEBUG 54479 --- [   scheduling-1] c.p.i.mapper.IntelNewsMapper.selectList  : ==>  Preparing: SELECT id,source_code,title,content,region_code,normalized_tags,importance,published_at,push_status,version,deleted,created_at,updated_at FROM intel_news WHERE deleted=false AND (push_status = ? AND importance = ?)
2026-08-20 23:01:32.135 DEBUG 54479 --- [   scheduling-1] c.p.i.mapper.IntelNewsMapper.selectList  : ==> Parameters: none(String), medium(String)
2026-08-20 23:01:32.136 DEBUG 54479 --- [   scheduling-1] c.p.i.mapper.IntelNewsMapper.selectList  : <==      Total: 6
2026-08-20 23:01:32.136 DEBUG 54479 --- [   scheduling-1] c.p.i.mapper.IntelNewsMapper.selectList  : ==>  Preparing: SELECT id,source_code,title,content,region_code,normalized_tags,importance,published_at,push_status,version,deleted,created_at,updated_at FROM intel_news WHERE deleted=false AND (push_status = ? AND importance = ?)
2026-08-20 23:01:32.136 DEBUG 54479 --- [   scheduling-1] c.p.i.mapper.IntelNewsMapper.selectList  : ==> Parameters: none(String), high(String)
2026-08-20 23:01:32.137 DEBUG 54479 --- [   scheduling-1] c.p.i.mapper.IntelNewsMapper.selectList  : <==      Total: 0
2026-08-20 23:01:32.137  INFO 54479 --- [   scheduling-1] com.ptidss.intel.service.IntelService    : 情报推送执行完成：匹配情报 0 条，派发消息 0 条
2026-08-20 23:01:33.221 DEBUG 54479 --- [nio-9080-exec-1] c.p.i.m.IntelSourceMapper.selectCount    : ==>  Preparing: SELECT COUNT( * ) FROM intel_source WHERE deleted=false
2026-08-20 23:01:33.221 DEBUG 54479 --- [nio-9080-exec-1] c.p.i.m.IntelSourceMapper.selectCount    : ==> Parameters: 
2026-08-20 23:01:33.222 DEBUG 54479 --- [io-9080-exec-10] c.p.i.m.IntelPushRuleMapper.selectList   : ==>  Preparing: SELECT id,rule_name,tags_filter,importance_filter,target_roles,channel,silent_period,status,version,deleted,created_at,updated_at FROM intel_push_rule WHERE deleted=false ORDER BY created_at DESC
2026-08-20 23:01:33.222 DEBUG 54479 --- [nio-9080-exec-6] c.p.i.m.IntelNewsMapper.selectCount      : ==>  Preparing: SELECT COUNT( * ) FROM intel_news WHERE deleted=false
2026-08-20 23:01:33.222 DEBUG 54479 --- [nio-9080-exec-1] c.p.i.m.IntelSourceMapper.selectCount    : <==      Total: 1
2026-08-20 23:01:33.222 DEBUG 54479 --- [io-9080-exec-10] c.p.i.m.IntelPushRuleMapper.selectList   : ==> Parameters: 
2026-08-20 23:01:33.222 DEBUG 54479 --- [nio-9080-exec-6] c.p.i.m.IntelNewsMapper.selectCount      : ==> Parameters: 
2026-08-20 23:01:33.223 DEBUG 54479 --- [nio-9080-exec-1] c.p.i.m.IntelSourceMapper.selectList     : ==>  Preparing: SELECT id,source_code,source_name,intel_type,fetch_mode,frequency,status,version,deleted,created_at,updated_at FROM intel_source WHERE deleted=false ORDER BY intel_type ASC,source_code ASC
2026-08-20 23:01:33.223 DEBUG 54479 --- [nio-9080-exec-1] c.p.i.m.IntelSourceMapper.selectList     : ==> Parameters: 
2026-08-20 23:01:33.223 DEBUG 54479 --- [io-9080-exec-10] c.p.i.m.IntelPushRuleMapper.selectList   : <==      Total: 3
2026-08-20 23:01:33.224 DEBUG 54479 --- [nio-9080-exec-1] c.p.i.m.IntelSourceMapper.selectList     : <==      Total: 10
2026-08-20 23:01:33.225 DEBUG 54479 --- [nio-9080-exec-6] c.p.i.m.IntelNewsMapper.selectCount      : <==      Total: 1
2026-08-20 23:01:33.236 DEBUG 54479 --- [nio-9080-exec-6] c.p.i.m.I.selectPage_mpCount             : ==>  Preparing: SELECT COUNT(*) AS total FROM intel_news WHERE deleted = false AND ((region_code = ? OR region_code IS NULL))
2026-08-20 23:01:33.236 DEBUG 54479 --- [nio-9080-exec-6] c.p.i.m.I.selectPage_mpCount             : ==> Parameters: CN-31(String)
2026-08-20 23:01:33.237 DEBUG 54479 --- [nio-9080-exec-6] c.p.i.m.I.selectPage_mpCount             : <==      Total: 1
2026-08-20 23:01:33.238 DEBUG 54479 --- [nio-9080-exec-6] c.p.i.mapper.IntelNewsMapper.selectPage  : ==>  Preparing: SELECT id,source_code,title,content,region_code,normalized_tags,importance,published_at,push_status,version,deleted,created_at,updated_at FROM intel_news WHERE deleted=false AND ((region_code = ? OR region_code IS NULL)) ORDER BY published_at DESC LIMIT ?
2026-08-20 23:01:33.238 DEBUG 54479 --- [nio-9080-exec-6] c.p.i.mapper.IntelNewsMapper.selectPage  : ==> Parameters: CN-31(String), 20(Long)
2026-08-20 23:01:33.243 DEBUG 54479 --- [nio-9080-exec-6] c.p.i.mapper.IntelNewsMapper.selectPage  : <==      Total: 15
2026-08-20 23:01:35.144 DEBUG 54479 --- [nio-9080-exec-3] c.p.r.m.R.selectCount                    : ==>  Preparing: SELECT COUNT( * ) FROM report_template WHERE deleted=false
2026-08-20 23:01:35.144 DEBUG 54479 --- [nio-9080-exec-3] c.p.r.m.R.selectCount                    : ==> Parameters: 
2026-08-20 23:01:35.145 DEBUG 54479 --- [nio-9080-exec-3] c.p.r.m.R.selectCount                    : <==      Total: 1
2026-08-20 23:01:35.146 DEBUG 54479 --- [nio-9080-exec-9] c.p.r.m.ReportInstanceMapper.selectList  : ==>  Preparing: SELECT id,template_id,period,region_code,data_snapshot,file_url,generate_status,push_status,generated_at,version,deleted,created_at,updated_at FROM report_instance WHERE deleted=false AND (region_code = ?) ORDER BY created_at DESC
2026-08-20 23:01:35.146 DEBUG 54479 --- [nio-9080-exec-9] c.p.r.m.ReportInstanceMapper.selectList  : ==> Parameters: CN-31(String)
2026-08-20 23:01:35.146 DEBUG 54479 --- [nio-9080-exec-3] c.p.r.m.ReportTemplateMapper.selectList  : ==>  Preparing: SELECT id,code,name,type,period_type,datasource_config,layout,header_config,status,version,deleted,created_at,updated_at FROM report_template WHERE deleted=false AND (status = ?) ORDER BY code ASC
2026-08-20 23:01:35.147 DEBUG 54479 --- [nio-9080-exec-3] c.p.r.m.ReportTemplateMapper.selectList  : ==> Parameters: active(String)
2026-08-20 23:01:35.147 DEBUG 54479 --- [nio-9080-exec-9] c.p.r.m.ReportInstanceMapper.selectList  : <==      Total: 0
2026-08-20 23:01:35.148 DEBUG 54479 --- [nio-9080-exec-3] c.p.r.m.ReportTemplateMapper.selectList  : <==      Total: 5
2026-08-20 23:01:35.149 DEBUG 54479 --- [nio-9080-exec-5] c.p.s.m.O.selectPage_mpCount             : ==>  Preparing: SELECT COUNT(*) AS total FROM ocr_task WHERE deleted = false
2026-08-20 23:01:35.150 DEBUG 54479 --- [nio-9080-exec-5] c.p.s.m.O.selectPage_mpCount             : ==> Parameters: 
2026-08-20 23:01:35.150 DEBUG 54479 --- [nio-9080-exec-5] c.p.s.m.O.selectPage_mpCount             : <==      Total: 1
2026-08-20 23:01:35.151 DEBUG 54479 --- [nio-9080-exec-5] c.p.s.mapper.OcrTaskMapper.selectPage    : ==>  Preparing: SELECT id,file_id,template_id,status,confidence,fields,review_status,reviewer,reviewed_at,version,deleted,created_at,updated_at FROM ocr_task WHERE deleted=false ORDER BY created_at DESC LIMIT ?
2026-08-20 23:01:35.151 DEBUG 54479 --- [nio-9080-exec-5] c.p.s.mapper.OcrTaskMapper.selectPage    : ==> Parameters: 20(Long)
2026-08-20 23:01:35.152 DEBUG 54479 --- [nio-9080-exec-5] c.p.s.mapper.OcrTaskMapper.selectPage    : <==      Total: 7
2026-08-20 23:01:43.740 DEBUG 54479 --- [io-9080-exec-10] c.p.s.m.S.selectCount                    : ==>  Preparing: SELECT COUNT( * ) FROM settlement_record WHERE deleted=false AND (settlement_period = ? AND region_code = ?)
2026-08-20 23:01:43.740 DEBUG 54479 --- [io-9080-exec-10] c.p.s.m.S.selectCount                    : ==> Parameters: 2026-08(String), CN-31(String)
2026-08-20 23:01:43.742 DEBUG 54479 --- [io-9080-exec-10] c.p.s.m.S.selectCount                    : <==      Total: 1
2026-08-20 23:01:43.747 DEBUG 54479 --- [io-9080-exec-10] c.p.s.m.S.selectPage_mpCount             : ==>  Preparing: SELECT COUNT(*) AS total FROM settlement_record WHERE deleted = false AND (settlement_period = ? AND region_code = ?)
2026-08-20 23:01:43.747 DEBUG 54479 --- [io-9080-exec-10] c.p.s.m.S.selectPage_mpCount             : ==> Parameters: 2026-08(String), CN-31(String)
2026-08-20 23:01:43.748 DEBUG 54479 --- [io-9080-exec-10] c.p.s.m.S.selectPage_mpCount             : <==      Total: 1
2026-08-20 23:01:43.748 DEBUG 54479 --- [io-9080-exec-10] c.p.s.m.S.selectPage                     : ==>  Preparing: SELECT id,settlement_period,region_code,source,items,total_amount,sync_status,version,deleted,created_at,updated_at FROM settlement_record WHERE deleted=false AND (settlement_period = ? AND region_code = ?) ORDER BY source ASC LIMIT ?
2026-08-20 23:01:43.749 DEBUG 54479 --- [io-9080-exec-10] c.p.s.m.S.selectPage                     : ==> Parameters: 2026-08(String), CN-31(String), 20(Long)
2026-08-20 23:01:43.750 DEBUG 54479 --- [io-9080-exec-10] c.p.s.m.S.selectPage                     : <==      Total: 2
2026-08-20 23:01:45.434 DEBUG 54479 --- [nio-9080-exec-1] c.p.s.m.S.selectCount                    : ==>  Preparing: SELECT COUNT( * ) FROM settlement_record WHERE deleted=false AND (settlement_period = ? AND region_code = ?)
2026-08-20 23:01:45.434 DEBUG 54479 --- [nio-9080-exec-1] c.p.s.m.S.selectCount                    : ==> Parameters: 2026-08(String), CN-31(String)
2026-08-20 23:01:45.438 DEBUG 54479 --- [nio-9080-exec-1] c.p.s.m.S.selectCount                    : <==      Total: 1
2026-08-20 23:01:45.444 DEBUG 54479 --- [nio-9080-exec-1] c.p.s.m.S.selectPage_mpCount             : ==>  Preparing: SELECT COUNT(*) AS total FROM settlement_record WHERE deleted = false AND (settlement_period = ? AND region_code = ?)
2026-08-20 23:01:45.444 DEBUG 54479 --- [nio-9080-exec-1] c.p.s.m.S.selectPage_mpCount             : ==> Parameters: 2026-08(String), CN-31(String)
2026-08-20 23:01:45.446 DEBUG 54479 --- [nio-9080-exec-1] c.p.s.m.S.selectPage_mpCount             : <==      Total: 1
2026-08-20 23:01:45.447 DEBUG 54479 --- [nio-9080-exec-1] c.p.s.m.S.selectPage                     : ==>  Preparing: SELECT id,settlement_period,region_code,source,items,total_amount,sync_status,version,deleted,created_at,updated_at FROM settlement_record WHERE deleted=false AND (settlement_period = ? AND region_code = ?) ORDER BY source ASC LIMIT ?
2026-08-20 23:01:45.448 DEBUG 54479 --- [nio-9080-exec-1] c.p.s.m.S.selectPage                     : ==> Parameters: 2026-08(String), CN-31(String), 20(Long)
2026-08-20 23:01:45.450 DEBUG 54479 --- [nio-9080-exec-1] c.p.s.m.S.selectPage                     : <==      Total: 2
2026-08-20 23:01:52.063 DEBUG 54479 --- [nio-9080-exec-2] c.p.s.m.S.selectById                     : ==>  Preparing: SELECT id,settlement_period,region_code,source,items,total_amount,sync_status,version,deleted,created_at,updated_at FROM settlement_record WHERE id=? AND deleted=false
2026-08-20 23:01:52.063 DEBUG 54479 --- [nio-9080-exec-2] c.p.s.m.S.selectById                     : ==> Parameters: 216194387963678720(Long)
2026-08-20 23:01:52.065 DEBUG 54479 --- [nio-9080-exec-2] c.p.s.m.S.selectById                     : <==      Total: 1
2026-08-20 23:01:52.070 DEBUG 54479 --- [nio-9080-exec-2] c.p.s.m.S.selectList                     : ==>  Preparing: SELECT id,settlement_period,region_code,source,items,total_amount,sync_status,version,deleted,created_at,updated_at FROM settlement_record WHERE deleted=false AND (settlement_period = ? AND source = ? AND region_code = ?)
2026-08-20 23:01:52.070 DEBUG 54479 --- [nio-9080-exec-2] c.p.s.m.S.selectList                     : ==> Parameters: 2026-08(String), system(String), CN-31(String)
2026-08-20 23:01:52.072 DEBUG 54479 --- [nio-9080-exec-2] c.p.s.m.S.selectList                     : <==      Total: 1
2026-08-20 23:01:52.092 DEBUG 54479 --- [nio-9080-exec-2] c.p.s.m.S.insert                         : ==>  Preparing: INSERT INTO settlement_reconcile ( id, record_id, check_items, diff_records, status, diff_amount, version, deleted, created_at, updated_at ) VALUES ( ?, ?, ?, ?, ?, ?, ?, ?, ?, ? )
2026-08-20 23:01:52.094 DEBUG 54479 --- [nio-9080-exec-2] c.p.s.m.S.insert                         : ==> Parameters: 216210130461659136(Long), 216194387963678720(Long), [{"fee":"电能量费用","system":3640615.0,"exchange":3563251.93,"diff":77363.07,"consistent":false},{"fee":"偏差考核","system":3040622.0,"exchange":3115117.24,"diff":74495.24,"consistent":false},{"fee":"辅助服务","system":2440629.0,"exchange":2508356.45,"diff":67727.45,"consistent":false},{"fee":"输配电价","system":1840636.0,"exchange":1851679.82,"diff":11043.82,"consistent":true}](String), [{"fee":"电能量费用","diff":77363.07,"reason":"双端金额差异超 1% 容差"},{"fee":"偏差考核","diff":74495.24,"reason":"双端金额差异超 1% 容差"},{"fee":"辅助服务","diff":67727.45,"reason":"双端金额差异超 1% 容差"}](String), consistent(String), 219585.76(BigDecimal), 1(Integer), false(Boolean), 2026-08-20 23:01:52.092(Timestamp), 2026-08-20 23:01:52.092(Timestamp)
2026-08-20 23:01:52.097 DEBUG 54479 --- [nio-9080-exec-2] c.p.s.m.S.insert                         : <==    Updates: 1
2026-08-20 23:01:52.100 DEBUG 54479 --- [nio-9080-exec-2] c.p.s.m.S.updateById                     : ==>  Preparing: UPDATE settlement_record SET settlement_period=?, region_code=?, source=?, items=?, total_amount=?, sync_status=?, version=?, created_at=?, updated_at=? WHERE id=? AND version=? AND deleted=false
2026-08-20 23:01:52.100 DEBUG 54479 --- [nio-9080-exec-2] c.p.s.m.S.updateById                     : ==> Parameters: 2026-08(String), CN-31(String), exchange(String), {"偏差考核": 3115117.24, "辅助服务": 2508356.45, "输配电价": 1851679.82, "电能量费用": 3563251.93}(String), 11038405.4400(BigDecimal), synced(String), 2(Integer), 2026-08-20 21:59:18.788(Timestamp), 2026-08-20 21:59:18.788(Timestamp), 216194387963678720(Long), 1(Integer)
2026-08-20 23:01:52.102 DEBUG 54479 --- [nio-9080-exec-2] c.p.s.m.S.updateById                     : <==    Updates: 1
2026-08-20 23:01:52.105 DEBUG 54479 --- [nio-9080-exec-2] c.p.system.mapper.AuditLogMapper.insert  : ==>  Preparing: INSERT INTO audit_log ( id, trace_id, user_id, username, action, target_type, target_id, after_snapshot, ip, user_agent, result, region_code, created_at ) VALUES ( ?, ?, ?, ?, ?, ?, ?, ?, ?, ?, ?, ?, ? )
2026-08-20 23:01:52.105 DEBUG 54479 --- [nio-9080-exec-2] c.p.system.mapper.AuditLogMapper.insert  : ==> Parameters: 216210130507796480(Long), ae0b7e4825724c8c(String), 1(Long), admin(String), settlement_reconcile(String), settlement_record(String), 216194387963678720(String), [216194387963678720](String), 0:0:0:0:0:0:0:1(String), Mozilla/5.0 (X11; Ubuntu; Linux x86_64) AppleWebKit/537.36 (KHTML, like Gecko) Chrome/151.0.0.0 Safari/537.36(String), success(String), CN-31(String), 2026-08-20 23:01:52.103(Timestamp)
2026-08-20 23:01:52.106 DEBUG 54479 --- [nio-9080-exec-2] c.p.system.mapper.AuditLogMapper.insert  : <==    Updates: 1
2026-08-20 23:01:52.113 DEBUG 54479 --- [nio-9080-exec-4] c.p.s.m.S.selectCount                    : ==>  Preparing: SELECT COUNT( * ) FROM settlement_record WHERE deleted=false AND (settlement_period = ? AND region_code = ?)
2026-08-20 23:01:52.113 DEBUG 54479 --- [nio-9080-exec-4] c.p.s.m.S.selectCount                    : ==> Parameters: 2026-08(String), CN-31(String)
2026-08-20 23:01:52.113 DEBUG 54479 --- [nio-9080-exec-4] c.p.s.m.S.selectCount                    : <==      Total: 1
2026-08-20 23:01:52.116 DEBUG 54479 --- [nio-9080-exec-4] c.p.s.m.S.selectPage_mpCount             : ==>  Preparing: SELECT COUNT(*) AS total FROM settlement_record WHERE deleted = false AND (settlement_period = ? AND region_code = ?)
2026-08-20 23:01:52.116 DEBUG 54479 --- [nio-9080-exec-4] c.p.s.m.S.selectPage_mpCount             : ==> Parameters: 2026-08(String), CN-31(String)
2026-08-20 23:01:52.116 DEBUG 54479 --- [nio-9080-exec-4] c.p.s.m.S.selectPage_mpCount             : <==      Total: 1
2026-08-20 23:01:52.117 DEBUG 54479 --- [nio-9080-exec-4] c.p.s.m.S.selectPage                     : ==>  Preparing: SELECT id,settlement_period,region_code,source,items,total_amount,sync_status,version,deleted,created_at,updated_at FROM settlement_record WHERE deleted=false AND (settlement_period = ? AND region_code = ?) ORDER BY source ASC LIMIT ?
2026-08-20 23:01:52.117 DEBUG 54479 --- [nio-9080-exec-4] c.p.s.m.S.selectPage                     : ==> Parameters: 2026-08(String), CN-31(String), 20(Long)
2026-08-20 23:01:52.118 DEBUG 54479 --- [nio-9080-exec-4] c.p.s.m.S.selectPage                     : <==      Total: 2
2026-08-20 23:01:54.114 DEBUG 54479 --- [nio-9080-exec-8] c.p.s.m.S.selectById                     : ==>  Preparing: SELECT id,settlement_period,region_code,source,items,total_amount,sync_status,version,deleted,created_at,updated_at FROM settlement_record WHERE id=? AND deleted=false
2026-08-20 23:01:54.114 DEBUG 54479 --- [nio-9080-exec-8] c.p.s.m.S.selectById                     : ==> Parameters: 216194387963678720(Long)
2026-08-20 23:01:54.115 DEBUG 54479 --- [nio-9080-exec-8] c.p.s.m.S.selectById                     : <==      Total: 1
2026-08-20 23:01:54.115 DEBUG 54479 --- [nio-9080-exec-8] c.p.s.m.S.selectList                     : ==>  Preparing: SELECT id,settlement_period,region_code,source,items,total_amount,sync_status,version,deleted,created_at,updated_at FROM settlement_record WHERE deleted=false AND (settlement_period = ? AND source = ? AND region_code = ?)
2026-08-20 23:01:54.116 DEBUG 54479 --- [nio-9080-exec-8] c.p.s.m.S.selectList                     : ==> Parameters: 2026-08(String), system(String), CN-31(String)
2026-08-20 23:01:54.116 DEBUG 54479 --- [nio-9080-exec-8] c.p.s.m.S.selectList                     : <==      Total: 1
2026-08-20 23:01:54.117 DEBUG 54479 --- [nio-9080-exec-8] c.p.s.m.S.insert                         : ==>  Preparing: INSERT INTO settlement_reconcile ( id, record_id, check_items, diff_records, status, diff_amount, version, deleted, created_at, updated_at ) VALUES ( ?, ?, ?, ?, ?, ?, ?, ?, ?, ? )
2026-08-20 23:01:54.117 DEBUG 54479 --- [nio-9080-exec-8] c.p.s.m.S.insert                         : ==> Parameters: 216210138955124736(Long), 216194387963678720(Long), [{"fee":"电能量费用","system":3640615.0,"exchange":3563251.93,"diff":77363.07,"consistent":false},{"fee":"偏差考核","system":3040622.0,"exchange":3115117.24,"diff":74495.24,"consistent":false},{"fee":"辅助服务","system":2440629.0,"exchange":2508356.45,"diff":67727.45,"consistent":false},{"fee":"输配电价","system":1840636.0,"exchange":1851679.82,"diff":11043.82,"consistent":true}](String), [{"fee":"电能量费用","diff":77363.07,"reason":"双端金额差异超 1% 容差"},{"fee":"偏差考核","diff":74495.24,"reason":"双端金额差异超 1% 容差"},{"fee":"辅助服务","diff":67727.45,"reason":"双端金额差异超 1% 容差"}](String), consistent(String), 219585.76(BigDecimal), 1(Integer), false(Boolean), 2026-08-20 23:01:54.117(Timestamp), 2026-08-20 23:01:54.117(Timestamp)
2026-08-20 23:01:54.119 DEBUG 54479 --- [nio-9080-exec-8] c.p.s.m.S.insert                         : <==    Updates: 1
2026-08-20 23:01:54.121 DEBUG 54479 --- [nio-9080-exec-8] c.p.s.m.S.updateById                     : ==>  Preparing: UPDATE settlement_record SET settlement_period=?, region_code=?, source=?, items=?, total_amount=?, sync_status=?, version=?, created_at=?, updated_at=? WHERE id=? AND version=? AND deleted=false
2026-08-20 23:01:54.121 DEBUG 54479 --- [nio-9080-exec-8] c.p.s.m.S.updateById                     : ==> Parameters: 2026-08(String), CN-31(String), exchange(String), {"偏差考核": 3115117.24, "辅助服务": 2508356.45, "输配电价": 1851679.82, "电能量费用": 3563251.93}(String), 11038405.4400(BigDecimal), synced(String), 3(Integer), 2026-08-20 21:59:18.788(Timestamp), 2026-08-20 21:59:18.788(Timestamp), 216194387963678720(Long), 2(Integer)
2026-08-20 23:01:54.123 DEBUG 54479 --- [nio-9080-exec-8] c.p.s.m.S.updateById                     : <==    Updates: 1
2026-08-20 23:01:54.124 DEBUG 54479 --- [nio-9080-exec-8] c.p.system.mapper.AuditLogMapper.insert  : ==>  Preparing: INSERT INTO audit_log ( id, trace_id, user_id, username, action, target_type, target_id, after_snapshot, ip, user_agent, result, region_code, created_at ) VALUES ( ?, ?, ?, ?, ?, ?, ?, ?, ?, ?, ?, ?, ? )
2026-08-20 23:01:54.124 DEBUG 54479 --- [nio-9080-exec-8] c.p.system.mapper.AuditLogMapper.insert  : ==> Parameters: 216210138980290560(Long), 671e96a0d16f43c9(String), 1(Long), admin(String), settlement_reconcile(String), settlement_record(String), 216194387963678720(String), [216194387963678720](String), 0:0:0:0:0:0:0:1(String), Mozilla/5.0 (X11; Ubuntu; Linux x86_64) AppleWebKit/537.36 (KHTML, like Gecko) Chrome/151.0.0.0 Safari/537.36(String), success(String), CN-31(String), 2026-08-20 23:01:54.123(Timestamp)
2026-08-20 23:01:54.126 DEBUG 54479 --- [nio-9080-exec-8] c.p.system.mapper.AuditLogMapper.insert  : <==    Updates: 1
2026-08-20 23:01:54.134 DEBUG 54479 --- [nio-9080-exec-9] c.p.s.m.S.selectCount                    : ==>  Preparing: SELECT COUNT( * ) FROM settlement_record WHERE deleted=false AND (settlement_period = ? AND region_code = ?)
2026-08-20 23:01:54.134 DEBUG 54479 --- [nio-9080-exec-9] c.p.s.m.S.selectCount                    : ==> Parameters: 2026-08(String), CN-31(String)
2026-08-20 23:01:54.135 DEBUG 54479 --- [nio-9080-exec-9] c.p.s.m.S.selectCount                    : <==      Total: 1
2026-08-20 23:01:54.139 DEBUG 54479 --- [nio-9080-exec-9] c.p.s.m.S.selectPage_mpCount             : ==>  Preparing: SELECT COUNT(*) AS total FROM settlement_record WHERE deleted = false AND (settlement_period = ? AND region_code = ?)
2026-08-20 23:01:54.139 DEBUG 54479 --- [nio-9080-exec-9] c.p.s.m.S.selectPage_mpCount             : ==> Parameters: 2026-08(String), CN-31(String)
2026-08-20 23:01:54.140 DEBUG 54479 --- [nio-9080-exec-9] c.p.s.m.S.selectPage_mpCount             : <==      Total: 1
2026-08-20 23:01:54.140 DEBUG 54479 --- [nio-9080-exec-9] c.p.s.m.S.selectPage                     : ==>  Preparing: SELECT id,settlement_period,region_code,source,items,total_amount,sync_status,version,deleted,created_at,updated_at FROM settlement_record WHERE deleted=false AND (settlement_period = ? AND region_code = ?) ORDER BY source ASC LIMIT ?
2026-08-20 23:01:54.140 DEBUG 54479 --- [nio-9080-exec-9] c.p.s.m.S.selectPage                     : ==> Parameters: 2026-08(String), CN-31(String), 20(Long)
2026-08-20 23:01:54.141 DEBUG 54479 --- [nio-9080-exec-9] c.p.s.m.S.selectPage                     : <==      Total: 2
2026-08-20 23:01:54.731 DEBUG 54479 --- [nio-9080-exec-3] c.p.s.m.S.selectById                     : ==>  Preparing: SELECT id,settlement_period,region_code,source,items,total_amount,sync_status,version,deleted,created_at,updated_at FROM settlement_record WHERE id=? AND deleted=false
2026-08-20 23:01:54.731 DEBUG 54479 --- [nio-9080-exec-3] c.p.s.m.S.selectById                     : ==> Parameters: 216194387963678720(Long)
2026-08-20 23:01:54.733 DEBUG 54479 --- [nio-9080-exec-3] c.p.s.m.S.selectById                     : <==      Total: 1
2026-08-20 23:01:54.736 DEBUG 54479 --- [nio-9080-exec-3] c.p.s.m.S.selectList                     : ==>  Preparing: SELECT id,settlement_period,region_code,source,items,total_amount,sync_status,version,deleted,created_at,updated_at FROM settlement_record WHERE deleted=false AND (settlement_period = ? AND source = ? AND region_code = ?)
2026-08-20 23:01:54.736 DEBUG 54479 --- [nio-9080-exec-3] c.p.s.m.S.selectList                     : ==> Parameters: 2026-08(String), system(String), CN-31(String)
2026-08-20 23:01:54.738 DEBUG 54479 --- [nio-9080-exec-3] c.p.s.m.S.selectList                     : <==      Total: 1
2026-08-20 23:01:54.740 DEBUG 54479 --- [nio-9080-exec-3] c.p.s.m.S.insert                         : ==>  Preparing: INSERT INTO settlement_reconcile ( id, record_id, check_items, diff_records, status, diff_amount, version, deleted, created_at, updated_at ) VALUES ( ?, ?, ?, ?, ?, ?, ?, ?, ?, ? )
2026-08-20 23:01:54.741 DEBUG 54479 --- [nio-9080-exec-3] c.p.s.m.S.insert                         : ==> Parameters: 216210141568176128(Long), 216194387963678720(Long), [{"fee":"电能量费用","system":3640615.0,"exchange":3563251.93,"diff":77363.07,"consistent":false},{"fee":"偏差考核","system":3040622.0,"exchange":3115117.24,"diff":74495.24,"consistent":false},{"fee":"辅助服务","system":2440629.0,"exchange":2508356.45,"diff":67727.45,"consistent":false},{"fee":"输配电价","system":1840636.0,"exchange":1851679.82,"diff":11043.82,"consistent":true}](String), [{"fee":"电能量费用","diff":77363.07,"reason":"双端金额差异超 1% 容差"},{"fee":"偏差考核","diff":74495.24,"reason":"双端金额差异超 1% 容差"},{"fee":"辅助服务","diff":67727.45,"reason":"双端金额差异超 1% 容差"}](String), consistent(String), 219585.76(BigDecimal), 1(Integer), false(Boolean), 2026-08-20 23:01:54.74(Timestamp), 2026-08-20 23:01:54.74(Timestamp)
2026-08-20 23:01:54.744 DEBUG 54479 --- [nio-9080-exec-3] c.p.s.m.S.insert                         : <==    Updates: 1
2026-08-20 23:01:54.746 DEBUG 54479 --- [nio-9080-exec-3] c.p.s.m.S.updateById                     : ==>  Preparing: UPDATE settlement_record SET settlement_period=?, region_code=?, source=?, items=?, total_amount=?, sync_status=?, version=?, created_at=?, updated_at=? WHERE id=? AND version=? AND deleted=false
2026-08-20 23:01:54.747 DEBUG 54479 --- [nio-9080-exec-3] c.p.s.m.S.updateById                     : ==> Parameters: 2026-08(String), CN-31(String), exchange(String), {"偏差考核": 3115117.24, "辅助服务": 2508356.45, "输配电价": 1851679.82, "电能量费用": 3563251.93}(String), 11038405.4400(BigDecimal), synced(String), 4(Integer), 2026-08-20 21:59:18.788(Timestamp), 2026-08-20 21:59:18.788(Timestamp), 216194387963678720(Long), 3(Integer)
2026-08-20 23:01:54.750 DEBUG 54479 --- [nio-9080-exec-3] c.p.s.m.S.updateById                     : <==    Updates: 1
2026-08-20 23:01:54.753 DEBUG 54479 --- [nio-9080-exec-3] c.p.system.mapper.AuditLogMapper.insert  : ==>  Preparing: INSERT INTO audit_log ( id, trace_id, user_id, username, action, target_type, target_id, after_snapshot, ip, user_agent, result, region_code, created_at ) VALUES ( ?, ?, ?, ?, ?, ?, ?, ?, ?, ?, ?, ?, ? )
2026-08-20 23:01:54.753 DEBUG 54479 --- [nio-9080-exec-3] c.p.system.mapper.AuditLogMapper.insert  : ==> Parameters: 216210141614313472(Long), 565d5b3801b4439c(String), 1(Long), admin(String), settlement_reconcile(String), settlement_record(String), 216194387963678720(String), [216194387963678720](String), 0:0:0:0:0:0:0:1(String), Mozilla/5.0 (X11; Ubuntu; Linux x86_64) AppleWebKit/537.36 (KHTML, like Gecko) Chrome/151.0.0.0 Safari/537.36(String), success(String), CN-31(String), 2026-08-20 23:01:54.751(Timestamp)
2026-08-20 23:01:54.755 DEBUG 54479 --- [nio-9080-exec-3] c.p.system.mapper.AuditLogMapper.insert  : <==    Updates: 1
2026-08-20 23:01:54.771 DEBUG 54479 --- [nio-9080-exec-5] c.p.s.m.S.selectCount                    : ==>  Preparing: SELECT COUNT( * ) FROM settlement_record WHERE deleted=false AND (settlement_period = ? AND region_code = ?)
2026-08-20 23:01:54.771 DEBUG 54479 --- [nio-9080-exec-5] c.p.s.m.S.selectCount                    : ==> Parameters: 2026-08(String), CN-31(String)
2026-08-20 23:01:54.773 DEBUG 54479 --- [nio-9080-exec-5] c.p.s.m.S.selectCount                    : <==      Total: 1
2026-08-20 23:01:54.780 DEBUG 54479 --- [nio-9080-exec-5] c.p.s.m.S.selectPage_mpCount             : ==>  Preparing: SELECT COUNT(*) AS total FROM settlement_record WHERE deleted = false AND (settlement_period = ? AND region_code = ?)
2026-08-20 23:01:54.781 DEBUG 54479 --- [nio-9080-exec-5] c.p.s.m.S.selectPage_mpCount             : ==> Parameters: 2026-08(String), CN-31(String)
2026-08-20 23:01:54.782 DEBUG 54479 --- [nio-9080-exec-5] c.p.s.m.S.selectPage_mpCount             : <==      Total: 1
2026-08-20 23:01:54.782 DEBUG 54479 --- [nio-9080-exec-5] c.p.s.m.S.selectPage                     : ==>  Preparing: SELECT id,settlement_period,region_code,source,items,total_amount,sync_status,version,deleted,created_at,updated_at FROM settlement_record WHERE deleted=false AND (settlement_period = ? AND region_code = ?) ORDER BY source ASC LIMIT ?
2026-08-20 23:01:54.783 DEBUG 54479 --- [nio-9080-exec-5] c.p.s.m.S.selectPage                     : ==> Parameters: 2026-08(String), CN-31(String), 20(Long)
2026-08-20 23:01:54.786 DEBUG 54479 --- [nio-9080-exec-5] c.p.s.m.S.selectPage                     : <==      Total: 2
2026-08-20 23:01:58.291 DEBUG 54479 --- [nio-9080-exec-7] c.p.t.m.D.selectPage_mpCount             : ==>  Preparing: SELECT COUNT(*) AS total FROM declaration WHERE deleted = false AND (region_code = ?)
2026-08-20 23:01:58.292 DEBUG 54479 --- [nio-9080-exec-7] c.p.t.m.D.selectPage_mpCount             : ==> Parameters: CN-31(String)
2026-08-20 23:01:58.293 DEBUG 54479 --- [nio-9080-exec-7] c.p.t.m.D.selectPage_mpCount             : <==      Total: 1
2026-08-20 23:02:02.139 DEBUG 54479 --- [   scheduling-1] c.p.i.m.IntelPushRuleMapper.selectList   : ==>  Preparing: SELECT id,rule_name,tags_filter,importance_filter,target_roles,channel,silent_period,status,version,deleted,created_at,updated_at FROM intel_push_rule WHERE deleted=false AND (status = ?)
2026-08-20 23:02:02.139 DEBUG 54479 --- [   scheduling-1] c.p.i.m.IntelPushRuleMapper.selectList   : ==> Parameters: active(String)
2026-08-20 23:02:02.140 DEBUG 54479 --- [   scheduling-1] c.p.i.m.IntelPushRuleMapper.selectList   : <==      Total: 3
2026-08-20 23:02:02.142 DEBUG 54479 --- [   scheduling-1] c.p.i.mapper.IntelNewsMapper.selectList  : ==>  Preparing: SELECT id,source_code,title,content,region_code,normalized_tags,importance,published_at,push_status,version,deleted,created_at,updated_at FROM intel_news WHERE deleted=false AND (push_status = ? AND importance = ?)
2026-08-20 23:02:02.142 DEBUG 54479 --- [   scheduling-1] c.p.i.mapper.IntelNewsMapper.selectList  : ==> Parameters: none(String), high(String)
2026-08-20 23:02:02.143 DEBUG 54479 --- [   scheduling-1] c.p.i.mapper.IntelNewsMapper.selectList  : <==      Total: 0
2026-08-20 23:02:02.144 DEBUG 54479 --- [   scheduling-1] c.p.i.mapper.IntelNewsMapper.selectList  : ==>  Preparing: SELECT id,source_code,title,content,region_code,normalized_tags,importance,published_at,push_status,version,deleted,created_at,updated_at FROM intel_news WHERE deleted=false AND (push_status = ? AND importance = ?)
2026-08-20 23:02:02.144 DEBUG 54479 --- [   scheduling-1] c.p.i.mapper.IntelNewsMapper.selectList  : ==> Parameters: none(String), medium(String)
2026-08-20 23:02:02.146 DEBUG 54479 --- [   scheduling-1] c.p.i.mapper.IntelNewsMapper.selectList  : <==      Total: 6
2026-08-20 23:02:02.148 DEBUG 54479 --- [   scheduling-1] c.p.i.mapper.IntelNewsMapper.selectList  : ==>  Preparing: SELECT id,source_code,title,content,region_code,normalized_tags,importance,published_at,push_status,version,deleted,created_at,updated_at FROM intel_news WHERE deleted=false AND (push_status = ? AND importance = ?)
2026-08-20 23:02:02.148 DEBUG 54479 --- [   scheduling-1] c.p.i.mapper.IntelNewsMapper.selectList  : ==> Parameters: none(String), high(String)
2026-08-20 23:02:02.149 DEBUG 54479 --- [   scheduling-1] c.p.i.mapper.IntelNewsMapper.selectList  : <==      Total: 0
2026-08-20 23:02:02.149  INFO 54479 --- [   scheduling-1] com.ptidss.intel.service.IntelService    : 情报推送执行完成：匹配情报 0 条，派发消息 0 条
2026-08-20 23:02:07.138 DEBUG 54479 --- [nio-9080-exec-9] c.p.s.mapper.SysRegionMapper.selectList  : ==>  Preparing: SELECT id,region_code,region_name,market_support,exchange_channel,settlement_period,status,launch_order,version,deleted,created_at,updated_at FROM sys_region WHERE deleted=false ORDER BY launch_order ASC
2026-08-20 23:02:07.138 DEBUG 54479 --- [nio-9080-exec-9] c.p.s.mapper.SysRegionMapper.selectList  : ==> Parameters: 
2026-08-20 23:02:07.139 DEBUG 54479 --- [nio-9080-exec-4] c.p.s.mapper.SysRoleMapper.selectList    : ==>  Preparing: SELECT id,role_code,role_name,description,status,version,deleted,created_at,updated_at FROM sys_role WHERE deleted=false ORDER BY id ASC
2026-08-20 23:02:07.139 DEBUG 54479 --- [nio-9080-exec-4] c.p.s.mapper.SysRoleMapper.selectList    : ==> Parameters: 
2026-08-20 23:02:07.140 DEBUG 54479 --- [nio-9080-exec-4] c.p.s.mapper.SysRoleMapper.selectList    : <==      Total: 7
2026-08-20 23:02:07.141 DEBUG 54479 --- [nio-9080-exec-9] c.p.s.mapper.SysRegionMapper.selectList  : <==      Total: 8
2026-08-20 23:02:07.142 DEBUG 54479 --- [nio-9080-exec-8] c.p.s.m.S.selectPage_mpCount             : ==>  Preparing: SELECT COUNT(*) AS total FROM sys_user WHERE deleted = false
2026-08-20 23:02:07.142 DEBUG 54479 --- [nio-9080-exec-8] c.p.s.m.S.selectPage_mpCount             : ==> Parameters: 
2026-08-20 23:02:07.142 DEBUG 54479 --- [nio-9080-exec-8] c.p.s.m.S.selectPage_mpCount             : <==      Total: 1
2026-08-20 23:02:07.143 DEBUG 54479 --- [nio-9080-exec-8] c.p.s.mapper.SysUserMapper.selectPage    : ==>  Preparing: SELECT id,username,display_name,password_hash,role_ids,org_code,phone,email,status,last_login_at,version,deleted,created_at,updated_at FROM sys_user WHERE deleted=false ORDER BY id ASC LIMIT ?
2026-08-20 23:02:07.143 DEBUG 54479 --- [nio-9080-exec-8] c.p.s.mapper.SysUserMapper.selectPage    : ==> Parameters: 10(Long)
2026-08-20 23:02:07.144 DEBUG 54479 --- [nio-9080-exec-8] c.p.s.mapper.SysUserMapper.selectPage    : <==      Total: 4
2026-08-20 23:02:11.773 DEBUG 54479 --- [   scheduling-1] c.p.d.m.CollectTaskMapper.selectList     : ==>  Preparing: SELECT id,source_id,task_type,cron_expr,last_run_time,last_status,records_count,error_log,version,deleted,created_at,updated_at FROM collect_task WHERE deleted=false AND (cron_expr IS NOT NULL)
2026-08-20 23:02:11.773 DEBUG 54479 --- [   scheduling-1] c.p.d.m.CollectTaskMapper.selectList     : ==> Parameters: 
2026-08-20 23:02:11.774 DEBUG 54479 --- [   scheduling-1] c.p.d.m.CollectTaskMapper.selectList     : <==      Total: 3
2026-08-20 23:02:13.175 DEBUG 54479 --- [nio-9080-exec-7] c.p.s.mapper.SysRoleMapper.selectList    : ==>  Preparing: SELECT id,role_code,role_name,description,status,version,deleted,created_at,updated_at FROM sys_role WHERE deleted=false ORDER BY id ASC
2026-08-20 23:02:13.175 DEBUG 54479 --- [nio-9080-exec-7] c.p.s.mapper.SysRoleMapper.selectList    : ==> Parameters: 
2026-08-20 23:02:13.177 DEBUG 54479 --- [nio-9080-exec-7] c.p.s.mapper.SysRoleMapper.selectList    : <==      Total: 7
2026-08-20 23:02:13.185 DEBUG 54479 --- [io-9080-exec-10] c.p.s.m.SysPermissionMapper.selectList   : ==>  Preparing: SELECT id,perm_code,perm_name,resource_type,resource_pattern,status,version,deleted,created_at,updated_at FROM sys_permission WHERE deleted=false ORDER BY id ASC
2026-08-20 23:02:13.185 DEBUG 54479 --- [io-9080-exec-10] c.p.s.m.SysPermissionMapper.selectList   : ==> Parameters: 
2026-08-20 23:02:13.188 DEBUG 54479 --- [io-9080-exec-10] c.p.s.m.SysPermissionMapper.selectList   : <==      Total: 18
2026-08-20 23:02:14.784 DEBUG 54479 --- [nio-9080-exec-1] c.p.s.m.SysPermissionMapper.selectList   : ==>  Preparing: SELECT id,perm_code,perm_name,resource_type,resource_pattern,status,version,deleted,created_at,updated_at FROM sys_permission WHERE deleted=false ORDER BY id ASC
2026-08-20 23:02:14.784 DEBUG 54479 --- [nio-9080-exec-1] c.p.s.m.SysPermissionMapper.selectList   : ==> Parameters: 
2026-08-20 23:02:14.786 DEBUG 54479 --- [nio-9080-exec-1] c.p.s.m.SysPermissionMapper.selectList   : <==      Total: 18
2026-08-20 23:02:32.150 DEBUG 54479 --- [   scheduling-1] c.p.i.m.IntelPushRuleMapper.selectList   : ==>  Preparing: SELECT id,rule_name,tags_filter,importance_filter,target_roles,channel,silent_period,status,version,deleted,created_at,updated_at FROM intel_push_rule WHERE deleted=false AND (status = ?)
2026-08-20 23:02:32.150 DEBUG 54479 --- [   scheduling-1] c.p.i.m.IntelPushRuleMapper.selectList   : ==> Parameters: active(String)
2026-08-20 23:02:32.151 DEBUG 54479 --- [   scheduling-1] c.p.i.m.IntelPushRuleMapper.selectList   : <==      Total: 3
2026-08-20 23:02:32.151 DEBUG 54479 --- [   scheduling-1] c.p.i.mapper.IntelNewsMapper.selectList  : ==>  Preparing: SELECT id,source_code,title,content,region_code,normalized_tags,importance,published_at,push_status,version,deleted,created_at,updated_at FROM intel_news WHERE deleted=false AND (push_status = ? AND importance = ?)
2026-08-20 23:02:32.151 DEBUG 54479 --- [   scheduling-1] c.p.i.mapper.IntelNewsMapper.selectList  : ==> Parameters: none(String), high(String)
2026-08-20 23:02:32.151 DEBUG 54479 --- [   scheduling-1] c.p.i.mapper.IntelNewsMapper.selectList  : <==      Total: 0
2026-08-20 23:02:32.152 DEBUG 54479 --- [   scheduling-1] c.p.i.mapper.IntelNewsMapper.selectList  : ==>  Preparing: SELECT id,source_code,title,content,region_code,normalized_tags,importance,published_at,push_status,version,deleted,created_at,updated_at FROM intel_news WHERE deleted=false AND (push_status = ? AND importance = ?)
2026-08-20 23:02:32.152 DEBUG 54479 --- [   scheduling-1] c.p.i.mapper.IntelNewsMapper.selectList  : ==> Parameters: none(String), medium(String)
2026-08-20 23:02:32.152 DEBUG 54479 --- [   scheduling-1] c.p.i.mapper.IntelNewsMapper.selectList  : <==      Total: 6
2026-08-20 23:02:32.153 DEBUG 54479 --- [   scheduling-1] c.p.i.mapper.IntelNewsMapper.selectList  : ==>  Preparing: SELECT id,source_code,title,content,region_code,normalized_tags,importance,published_at,push_status,version,deleted,created_at,updated_at FROM intel_news WHERE deleted=false AND (push_status = ? AND importance = ?)
2026-08-20 23:02:32.153 DEBUG 54479 --- [   scheduling-1] c.p.i.mapper.IntelNewsMapper.selectList  : ==> Parameters: none(String), high(String)
2026-08-20 23:02:32.153 DEBUG 54479 --- [   scheduling-1] c.p.i.mapper.IntelNewsMapper.selectList  : <==      Total: 0
2026-08-20 23:02:32.153  INFO 54479 --- [   scheduling-1] com.ptidss.intel.service.IntelService    : 情报推送执行完成：匹配情报 0 条，派发消息 0 条
2026-08-20 23:02:32.280 DEBUG 54479 --- [nio-9080-exec-6] c.p.s.mapper.SysRegionMapper.selectList  : ==>  Preparing: SELECT id,region_code,region_name,market_support,exchange_channel,settlement_period,status,launch_order,version,deleted,created_at,updated_at FROM sys_region WHERE deleted=false ORDER BY launch_order ASC
2026-08-20 23:02:32.280 DEBUG 54479 --- [nio-9080-exec-6] c.p.s.mapper.SysRegionMapper.selectList  : ==> Parameters: 
2026-08-20 23:02:32.282 DEBUG 54479 --- [nio-9080-exec-6] c.p.s.mapper.SysRegionMapper.selectList  : <==      Total: 8
2026-08-20 23:02:46.750 DEBUG 54479 --- [nio-9080-exec-9] c.p.s.m.SysRegionMapper.selectCount      : ==>  Preparing: SELECT COUNT( * ) FROM sys_region WHERE deleted=false AND (region_code = ? AND id <> ?)
2026-08-20 23:02:46.751 DEBUG 54479 --- [nio-9080-exec-9] c.p.s.m.SysRegionMapper.selectCount      : ==> Parameters: CN-41(String), 5(Long)
2026-08-20 23:02:46.752 DEBUG 54479 --- [nio-9080-exec-9] c.p.s.m.SysRegionMapper.selectCount      : <==      Total: 1
2026-08-20 23:02:46.755 DEBUG 54479 --- [nio-9080-exec-9] c.p.s.mapper.SysRegionMapper.updateById  : ==>  Preparing: UPDATE sys_region SET region_code=?, region_name=?, market_support=?, exchange_channel=?, settlement_period=?, status=?, updated_at=? WHERE id=? AND deleted=false
2026-08-20 23:02:46.758 DEBUG 54479 --- [nio-9080-exec-9] c.p.s.mapper.SysRegionMapper.updateById  : ==> Parameters: CN-41(String), 河南(String), ["spot"](String), rest(String), natural_month(String), active(String), 2026-08-20 23:02:46.755(Timestamp), 5(Long)
2026-08-20 23:02:46.825 DEBUG 54479 --- [nio-9080-exec-9] c.p.system.mapper.AuditLogMapper.insert  : ==>  Preparing: INSERT INTO audit_log ( id, trace_id, user_id, username, action, target_type, target_id, before_snapshot, ip, user_agent, result, region_code, created_at ) VALUES ( ?, ?, ?, ?, ?, ?, ?, ?, ?, ?, ?, ?, ? )
2026-08-20 23:02:46.825 DEBUG 54479 --- [nio-9080-exec-9] c.p.system.mapper.AuditLogMapper.insert  : ==> Parameters: 216210359940419584(Long), f3f4ac2387424a37(String), 1(Long), admin(String), region_update(String), sys_region(String), SysRegion(id=5, regionCode=CN-41, regionName=河南, marketSupport=[(String), [{"exchangeChannel":"rest","id":5,"marketSupport":["spot"],"regionCode":"CN-41","regionName":"河南","settlementPeriod":"natural_month","status":"active","updatedAt":"2026-08-20T23:02:46.755+08:00"}](String), 0:0:0:0:0:0:0:1(String), Mozilla/5.0 (X11; Ubuntu; Linux x86_64) AppleWebKit/537.36 (KHTML, like Gecko) Chrome/151.0.0.0 Safari/537.36(String), fail(String), CN-31(String), 2026-08-20 23:02:46.804(Timestamp)
2026-08-20 23:02:46.828 DEBUG 54479 --- [nio-9080-exec-9] c.p.system.mapper.AuditLogMapper.insert  : <==    Updates: 1
2026-08-20 23:02:46.831 ERROR 54479 --- [nio-9080-exec-9] c.p.c.exception.GlobalExceptionHandler   : 系统异常：PUT /ptidss/admin/regions

org.springframework.dao.DataIntegrityViolationException: 
### Error updating database.  Cause: org.postgresql.util.PSQLException: 错误: 关系 "sys_region" 的新列违反了检查约束 "sys_region_status_check"
  详细：失败, 行包含(5, CN-41, 河南, ["spot"], rest, natural_month, active, 5, 2026-08-20 18:39:44.548302, 2026-08-20 23:02:46.755, 1, f).
### The error may exist in com/ptidss/system/mapper/SysRegionMapper.java (best guess)
### The error may involve com.ptidss.system.mapper.SysRegionMapper.updateById-Inline
### The error occurred while setting parameters
### SQL: UPDATE sys_region  SET region_code=?, region_name=?, market_support=?, exchange_channel=?, settlement_period=?, status=?,    updated_at=?  WHERE id=?   AND deleted=false
### Cause: org.postgresql.util.PSQLException: 错误: 关系 "sys_region" 的新列违反了检查约束 "sys_region_status_check"
  详细：失败, 行包含(5, CN-41, 河南, ["spot"], rest, natural_month, active, 5, 2026-08-20 18:39:44.548302, 2026-08-20 23:02:46.755, 1, f).
; 错误: 关系 "sys_region" 的新列违反了检查约束 "sys_region_status_check"
  详细：失败, 行包含(5, CN-41, 河南, ["spot"], rest, natural_month, active, 5, 2026-08-20 18:39:44.548302, 2026-08-20 23:02:46.755, 1, f).; nested exception is org.postgresql.util.PSQLException: 错误: 关系 "sys_region" 的新列违反了检查约束 "sys_region_status_check"
  详细：失败, 行包含(5, CN-41, 河南, ["spot"], rest, natural_month, active, 5, 2026-08-20 18:39:44.548302, 2026-08-20 23:02:46.755, 1, f).
	at org.springframework.jdbc.support.SQLErrorCodeSQLExceptionTranslator.doTranslate(SQLErrorCodeSQLExceptionTranslator.java:251) ~[spring-jdbc-5.3.28.jar:5.3.28]
	at org.springframework.jdbc.support.AbstractFallbackSQLExceptionTranslator.translate(AbstractFallbackSQLExceptionTranslator.java:70) ~[spring-jdbc-5.3.28.jar:5.3.28]
	at org.mybatis.spring.MyBatisExceptionTranslator.translateExceptionIfPossible(MyBatisExceptionTranslator.java:91) ~[mybatis-spring-2.0.7.jar:2.0.7]
	at org.mybatis.spring.SqlSessionTemplate$SqlSessionInterceptor.invoke(SqlSessionTemplate.java:441) ~[mybatis-spring-2.0.7.jar:2.0.7]
	at com.sun.proxy.$Proxy78.update(Unknown Source) ~[na:na]
	at org.mybatis.spring.SqlSessionTemplate.update(SqlSessionTemplate.java:288) ~[mybatis-spring-2.0.7.jar:2.0.7]
	at com.baomidou.mybatisplus.core.override.MybatisMapperMethod.execute(MybatisMapperMethod.java:64) ~[mybatis-plus-core-3.5.2.jar:3.5.2]
	at com.baomidou.mybatisplus.core.override.MybatisMapperProxy$PlainMethodInvoker.invoke(MybatisMapperProxy.java:148) ~[mybatis-plus-core-3.5.2.jar:3.5.2]
	at com.baomidou.mybatisplus.core.override.MybatisMapperProxy.invoke(MybatisMapperProxy.java:89) ~[mybatis-plus-core-3.5.2.jar:3.5.2]
	at com.sun.proxy.$Proxy93.updateById(Unknown Source) ~[na:na]
	at com.ptidss.system.service.SysRegionService.update(SysRegionService.java:47) ~[classes/:na]
	at com.ptidss.system.controller.SysRegionController.update(SysRegionController.java:55) ~[classes/:na]
	at com.ptidss.system.controller.SysRegionController$$FastClassBySpringCGLIB$$fc9d9628.invoke(<generated>) ~[classes/:na]
	at org.springframework.cglib.proxy.MethodProxy.invoke(MethodProxy.java:218) ~[spring-core-5.3.28.jar:5.3.28]
	at org.springframework.aop.framework.CglibAopProxy$CglibMethodInvocation.invokeJoinpoint(CglibAopProxy.java:793) ~[spring-aop-5.3.28.jar:5.3.28]
	at org.springframework.aop.framework.ReflectiveMethodInvocation.proceed(ReflectiveMethodInvocation.java:163) ~[spring-aop-5.3.28.jar:5.3.28]
	at org.springframework.aop.framework.CglibAopProxy$CglibMethodInvocation.proceed(CglibAopProxy.java:763) ~[spring-aop-5.3.28.jar:5.3.28]
	at org.springframework.aop.framework.adapter.MethodBeforeAdviceInterceptor.invoke(MethodBeforeAdviceInterceptor.java:58) ~[spring-aop-5.3.28.jar:5.3.28]
	at org.springframework.aop.framework.ReflectiveMethodInvocation.proceed(ReflectiveMethodInvocation.java:175) ~[spring-aop-5.3.28.jar:5.3.28]
	at org.springframework.aop.framework.CglibAopProxy$CglibMethodInvocation.proceed(CglibAopProxy.java:763) ~[spring-aop-5.3.28.jar:5.3.28]
	at org.springframework.aop.aspectj.AspectJAfterThrowingAdvice.invoke(AspectJAfterThrowingAdvice.java:64) ~[spring-aop-5.3.28.jar:5.3.28]
	at org.springframework.aop.framework.ReflectiveMethodInvocation.proceed(ReflectiveMethodInvocation.java:175) ~[spring-aop-5.3.28.jar:5.3.28]
	at org.springframework.aop.framework.CglibAopProxy$CglibMethodInvocation.proceed(CglibAopProxy.java:763) ~[spring-aop-5.3.28.jar:5.3.28]
	at org.springframework.aop.framework.adapter.AfterReturningAdviceInterceptor.invoke(AfterReturningAdviceInterceptor.java:57) ~[spring-aop-5.3.28.jar:5.3.28]
	at org.springframework.aop.framework.ReflectiveMethodInvocation.proceed(ReflectiveMethodInvocation.java:175) ~[spring-aop-5.3.28.jar:5.3.28]
	at org.springframework.aop.framework.CglibAopProxy$CglibMethodInvocation.proceed(CglibAopProxy.java:763) ~[spring-aop-5.3.28.jar:5.3.28]
	at org.springframework.aop.framework.adapter.MethodBeforeAdviceInterceptor.invoke(MethodBeforeAdviceInterceptor.java:58) ~[spring-aop-5.3.28.jar:5.3.28]
	at org.springframework.aop.framework.ReflectiveMethodInvocation.proceed(ReflectiveMethodInvocation.java:175) ~[spring-aop-5.3.28.jar:5.3.28]
	at org.springframework.aop.framework.CglibAopProxy$CglibMethodInvocation.proceed(CglibAopProxy.java:763) ~[spring-aop-5.3.28.jar:5.3.28]
	at org.springframework.aop.interceptor.ExposeInvocationInterceptor.invoke(ExposeInvocationInterceptor.java:97) ~[spring-aop-5.3.28.jar:5.3.28]
	at org.springframework.aop.framework.ReflectiveMethodInvocation.proceed(ReflectiveMethodInvocation.java:186) ~[spring-aop-5.3.28.jar:5.3.28]
	at org.springframework.aop.framework.CglibAopProxy$CglibMethodInvocation.proceed(CglibAopProxy.java:763) ~[spring-aop-5.3.28.jar:5.3.28]
	at org.springframework.aop.framework.CglibAopProxy$DynamicAdvisedInterceptor.intercept(CglibAopProxy.java:708) ~[spring-aop-5.3.28.jar:5.3.28]
	at com.ptidss.system.controller.SysRegionController$$EnhancerBySpringCGLIB$$67c99e8f.update(<generated>) ~[classes/:na]
	at sun.reflect.NativeMethodAccessorImpl.invoke0(Native Method) ~[na:1.8.0_502]
	at sun.reflect.NativeMethodAccessorImpl.invoke(NativeMethodAccessorImpl.java:62) ~[na:1.8.0_502]
	at sun.reflect.DelegatingMethodAccessorImpl.invoke(DelegatingMethodAccessorImpl.java:43) ~[na:1.8.0_502]
	at java.lang.reflect.Method.invoke(Method.java:498) ~[na:1.8.0_502]
	at org.springframework.web.method.support.InvocableHandlerMethod.doInvoke(InvocableHandlerMethod.java:205) ~[spring-web-5.3.28.jar:5.3.28]
	at org.springframework.web.method.support.InvocableHandlerMethod.invokeForRequest(InvocableHandlerMethod.java:150) ~[spring-web-5.3.28.jar:5.3.28]
	at org.springframework.web.servlet.mvc.method.annotation.ServletInvocableHandlerMethod.invokeAndHandle(ServletInvocableHandlerMethod.java:117) ~[spring-webmvc-5.3.28.jar:5.3.28]
	at org.springframework.web.servlet.mvc.method.annotation.RequestMappingHandlerAdapter.invokeHandlerMethod(RequestMappingHandlerAdapter.java:895) ~[spring-webmvc-5.3.28.jar:5.3.28]
	at org.springframework.web.servlet.mvc.method.annotation.RequestMappingHandlerAdapter.handleInternal(RequestMappingHandlerAdapter.java:808) ~[spring-webmvc-5.3.28.jar:5.3.28]
	at org.springframework.web.servlet.mvc.method.AbstractHandlerMethodAdapter.handle(AbstractHandlerMethodAdapter.java:87) ~[spring-webmvc-5.3.28.jar:5.3.28]
	at org.springframework.web.servlet.DispatcherServlet.doDispatch(DispatcherServlet.java:1072) ~[spring-webmvc-5.3.28.jar:5.3.28]
	at org.springframework.web.servlet.DispatcherServlet.doService(DispatcherServlet.java:965) ~[spring-webmvc-5.3.28.jar:5.3.28]
	at org.springframework.web.servlet.FrameworkServlet.processRequest(FrameworkServlet.java:1006) [spring-webmvc-5.3.28.jar:5.3.28]
	at org.springframework.web.servlet.FrameworkServlet.doPut(FrameworkServlet.java:920) [spring-webmvc-5.3.28.jar:5.3.28]
	at javax.servlet.http.HttpServlet.service(HttpServlet.java:558) [tomcat-embed-core-9.0.76.jar:4.0.FR]
	at org.springframework.web.servlet.FrameworkServlet.service(FrameworkServlet.java:883) [spring-webmvc-5.3.28.jar:5.3.28]
	at javax.servlet.http.HttpServlet.service(HttpServlet.java:623) [tomcat-embed-core-9.0.76.jar:4.0.FR]
	at org.apache.catalina.core.ApplicationFilterChain.internalDoFilter(ApplicationFilterChain.java:209) [tomcat-embed-core-9.0.76.jar:9.0.76]
	at org.apache.catalina.core.ApplicationFilterChain.doFilter(ApplicationFilterChain.java:153) [tomcat-embed-core-9.0.76.jar:9.0.76]
	at org.apache.tomcat.websocket.server.WsFilter.doFilter(WsFilter.java:51) [tomcat-embed-websocket-9.0.76.jar:9.0.76]
	at org.apache.catalina.core.ApplicationFilterChain.internalDoFilter(ApplicationFilterChain.java:178) [tomcat-embed-core-9.0.76.jar:9.0.76]
	at org.apache.catalina.core.ApplicationFilterChain.doFilter(ApplicationFilterChain.java:153) [tomcat-embed-core-9.0.76.jar:9.0.76]
	at org.springframework.web.filter.RequestContextFilter.doFilterInternal(RequestContextFilter.java:100) [spring-web-5.3.28.jar:5.3.28]
	at org.springframework.web.filter.OncePerRequestFilter.doFilter(OncePerRequestFilter.java:117) [spring-web-5.3.28.jar:5.3.28]
	at org.apache.catalina.core.ApplicationFilterChain.internalDoFilter(ApplicationFilterChain.java:178) [tomcat-embed-core-9.0.76.jar:9.0.76]
	at org.apache.catalina.core.ApplicationFilterChain.doFilter(ApplicationFilterChain.java:153) [tomcat-embed-core-9.0.76.jar:9.0.76]
	at org.springframework.web.filter.FormContentFilter.doFilterInternal(FormContentFilter.java:93) [spring-web-5.3.28.jar:5.3.28]
	at org.springframework.web.filter.OncePerRequestFilter.doFilter(OncePerRequestFilter.java:117) [spring-web-5.3.28.jar:5.3.28]
	at org.apache.catalina.core.ApplicationFilterChain.internalDoFilter(ApplicationFilterChain.java:178) [tomcat-embed-core-9.0.76.jar:9.0.76]
	at org.apache.catalina.core.ApplicationFilterChain.doFilter(ApplicationFilterChain.java:153) [tomcat-embed-core-9.0.76.jar:9.0.76]
	at org.springframework.web.filter.CharacterEncodingFilter.doFilterInternal(CharacterEncodingFilter.java:201) [spring-web-5.3.28.jar:5.3.28]
	at org.springframework.web.filter.OncePerRequestFilter.doFilter(OncePerRequestFilter.java:117) [spring-web-5.3.28.jar:5.3.28]
	at org.apache.catalina.core.ApplicationFilterChain.internalDoFilter(ApplicationFilterChain.java:178) [tomcat-embed-core-9.0.76.jar:9.0.76]
	at org.apache.catalina.core.ApplicationFilterChain.doFilter(ApplicationFilterChain.java:153) [tomcat-embed-core-9.0.76.jar:9.0.76]
	at org.apache.catalina.core.StandardWrapperValve.invoke(StandardWrapperValve.java:167) [tomcat-embed-core-9.0.76.jar:9.0.76]
	at org.apache.catalina.core.StandardContextValve.invoke(StandardContextValve.java:90) [tomcat-embed-core-9.0.76.jar:9.0.76]
	at org.apache.catalina.authenticator.AuthenticatorBase.invoke(AuthenticatorBase.java:481) [tomcat-embed-core-9.0.76.jar:9.0.76]
	at org.apache.catalina.core.StandardHostValve.invoke(StandardHostValve.java:130) [tomcat-embed-core-9.0.76.jar:9.0.76]
	at org.apache.catalina.valves.ErrorReportValve.invoke(ErrorReportValve.java:93) [tomcat-embed-core-9.0.76.jar:9.0.76]
	at org.apache.catalina.core.StandardEngineValve.invoke(StandardEngineValve.java:74) [tomcat-embed-core-9.0.76.jar:9.0.76]
	at org.apache.catalina.connector.CoyoteAdapter.service(CoyoteAdapter.java:343) [tomcat-embed-core-9.0.76.jar:9.0.76]
	at org.apache.coyote.http11.Http11Processor.service(Http11Processor.java:390) [tomcat-embed-core-9.0.76.jar:9.0.76]
	at org.apache.coyote.AbstractProcessorLight.process(AbstractProcessorLight.java:63) [tomcat-embed-core-9.0.76.jar:9.0.76]
	at org.apache.coyote.AbstractProtocol$ConnectionHandler.process(AbstractProtocol.java:926) [tomcat-embed-core-9.0.76.jar:9.0.76]
	at org.apache.tomcat.util.net.NioEndpoint$SocketProcessor.doRun(NioEndpoint.java:1791) [tomcat-embed-core-9.0.76.jar:9.0.76]
	at org.apache.tomcat.util.net.SocketProcessorBase.run(SocketProcessorBase.java:52) [tomcat-embed-core-9.0.76.jar:9.0.76]
	at org.apache.tomcat.util.threads.ThreadPoolExecutor.runWorker(ThreadPoolExecutor.java:1191) [tomcat-embed-core-9.0.76.jar:9.0.76]
	at org.apache.tomcat.util.threads.ThreadPoolExecutor$Worker.run(ThreadPoolExecutor.java:659) [tomcat-embed-core-9.0.76.jar:9.0.76]
	at org.apache.tomcat.util.threads.TaskThread$WrappingRunnable.run(TaskThread.java:61) [tomcat-embed-core-9.0.76.jar:9.0.76]
	at java.lang.Thread.run(Thread.java:750) [na:1.8.0_502]
Caused by: org.postgresql.util.PSQLException: 错误: 关系 "sys_region" 的新列违反了检查约束 "sys_region_status_check"
  详细：失败, 行包含(5, CN-41, 河南, ["spot"], rest, natural_month, active, 5, 2026-08-20 18:39:44.548302, 2026-08-20 23:02:46.755, 1, f).
	at org.postgresql.core.v3.QueryExecutorImpl.receiveErrorResponse(QueryExecutorImpl.java:2675) ~[postgresql-42.3.8.jar:42.3.8]
	at org.postgresql.core.v3.QueryExecutorImpl.processResults(QueryExecutorImpl.java:2365) ~[postgresql-42.3.8.jar:42.3.8]
	at org.postgresql.core.v3.QueryExecutorImpl.execute(QueryExecutorImpl.java:355) ~[postgresql-42.3.8.jar:42.3.8]
	at org.postgresql.jdbc.PgStatement.executeInternal(PgStatement.java:490) ~[postgresql-42.3.8.jar:42.3.8]
	at org.postgresql.jdbc.PgStatement.execute(PgStatement.java:408) ~[postgresql-42.3.8.jar:42.3.8]
	at org.postgresql.jdbc.PgPreparedStatement.executeWithFlags(PgPreparedStatement.java:167) ~[postgresql-42.3.8.jar:42.3.8]
	at org.postgresql.jdbc.PgPreparedStatement.execute(PgPreparedStatement.java:156) ~[postgresql-42.3.8.jar:42.3.8]
	at com.zaxxer.hikari.pool.ProxyPreparedStatement.execute(ProxyPreparedStatement.java:44) ~[HikariCP-4.0.3.jar:na]
	at com.zaxxer.hikari.pool.HikariProxyPreparedStatement.execute(HikariProxyPreparedStatement.java) ~[HikariCP-4.0.3.jar:na]
	at sun.reflect.GeneratedMethodAccessor35.invoke(Unknown Source) ~[na:na]
	at sun.reflect.DelegatingMethodAccessorImpl.invoke(DelegatingMethodAccessorImpl.java:43) ~[na:1.8.0_502]
	at java.lang.reflect.Method.invoke(Method.java:498) ~[na:1.8.0_502]
	at org.apache.ibatis.logging.jdbc.PreparedStatementLogger.invoke(PreparedStatementLogger.java:59) ~[mybatis-3.5.10.jar:3.5.10]
	at com.sun.proxy.$Proxy100.execute(Unknown Source) ~[na:na]
	at org.apache.ibatis.executor.statement.PreparedStatementHandler.update(PreparedStatementHandler.java:47) ~[mybatis-3.5.10.jar:3.5.10]
	at org.apache.ibatis.executor.statement.RoutingStatementHandler.update(RoutingStatementHandler.java:74) ~[mybatis-3.5.10.jar:3.5.10]
	at sun.reflect.GeneratedMethodAccessor108.invoke(Unknown Source) ~[na:na]
	at sun.reflect.DelegatingMethodAccessorImpl.invoke(DelegatingMethodAccessorImpl.java:43) ~[na:1.8.0_502]
	at java.lang.reflect.Method.invoke(Method.java:498) ~[na:1.8.0_502]
	at org.apache.ibatis.plugin.Plugin.invoke(Plugin.java:64) ~[mybatis-3.5.10.jar:3.5.10]
	at com.sun.proxy.$Proxy98.update(Unknown Source) ~[na:na]
	at org.apache.ibatis.executor.SimpleExecutor.doUpdate(SimpleExecutor.java:50) ~[mybatis-3.5.10.jar:3.5.10]
	at org.apache.ibatis.executor.BaseExecutor.update(BaseExecutor.java:117) ~[mybatis-3.5.10.jar:3.5.10]
	at org.apache.ibatis.executor.CachingExecutor.update(CachingExecutor.java:76) ~[mybatis-3.5.10.jar:3.5.10]
	at sun.reflect.GeneratedMethodAccessor107.invoke(Unknown Source) ~[na:na]
	at sun.reflect.DelegatingMethodAccessorImpl.invoke(DelegatingMethodAccessorImpl.java:43) ~[na:1.8.0_502]
	at java.lang.reflect.Method.invoke(Method.java:498) ~[na:1.8.0_502]
	at org.apache.ibatis.plugin.Invocation.proceed(Invocation.java:49) ~[mybatis-3.5.10.jar:3.5.10]
	at com.baomidou.mybatisplus.extension.plugins.MybatisPlusInterceptor.intercept(MybatisPlusInterceptor.java:106) ~[mybatis-plus-extension-3.5.2.jar:3.5.2]
	at org.apache.ibatis.plugin.Plugin.invoke(Plugin.java:62) ~[mybatis-3.5.10.jar:3.5.10]
	at com.sun.proxy.$Proxy97.update(Unknown Source) ~[na:na]
	at org.apache.ibatis.session.defaults.DefaultSqlSession.update(DefaultSqlSession.java:194) ~[mybatis-3.5.10.jar:3.5.10]
	at sun.reflect.NativeMethodAccessorImpl.invoke0(Native Method) ~[na:1.8.0_502]
	at sun.reflect.NativeMethodAccessorImpl.invoke(NativeMethodAccessorImpl.java:62) ~[na:1.8.0_502]
	at sun.reflect.DelegatingMethodAccessorImpl.invoke(DelegatingMethodAccessorImpl.java:43) ~[na:1.8.0_502]
	at java.lang.reflect.Method.invoke(Method.java:498) ~[na:1.8.0_502]
	at org.mybatis.spring.SqlSessionTemplate$SqlSessionInterceptor.invoke(SqlSessionTemplate.java:427) ~[mybatis-spring-2.0.7.jar:2.0.7]
	... 80 common frames omitted

2026-08-20 23:02:59.966 DEBUG 54479 --- [nio-9080-exec-8] c.p.s.m.SysRegionMapper.selectCount      : ==>  Preparing: SELECT COUNT( * ) FROM sys_region WHERE deleted=false AND (region_code = ? AND id <> ?)
2026-08-20 23:02:59.966 DEBUG 54479 --- [nio-9080-exec-8] c.p.s.m.SysRegionMapper.selectCount      : ==> Parameters: CN-11(String), 4(Long)
2026-08-20 23:02:59.967 DEBUG 54479 --- [nio-9080-exec-8] c.p.s.m.SysRegionMapper.selectCount      : <==      Total: 1
2026-08-20 23:02:59.969 DEBUG 54479 --- [nio-9080-exec-8] c.p.s.mapper.SysRegionMapper.updateById  : ==>  Preparing: UPDATE sys_region SET region_code=?, region_name=?, market_support=?, exchange_channel=?, settlement_period=?, status=?, updated_at=? WHERE id=? AND deleted=false
2026-08-20 23:02:59.969 DEBUG 54479 --- [nio-9080-exec-8] c.p.s.mapper.SysRegionMapper.updateById  : ==> Parameters: CN-11(String), 北京(String), ["midlong"](String), rest(String), natural_month(String), active(String), 2026-08-20 23:02:59.969(Timestamp), 4(Long)
2026-08-20 23:02:59.971 DEBUG 54479 --- [nio-9080-exec-8] c.p.system.mapper.AuditLogMapper.insert  : ==>  Preparing: INSERT INTO audit_log ( id, trace_id, user_id, username, action, target_type, target_id, before_snapshot, ip, user_agent, result, region_code, created_at ) VALUES ( ?, ?, ?, ?, ?, ?, ?, ?, ?, ?, ?, ?, ? )
2026-08-20 23:02:59.971 DEBUG 54479 --- [nio-9080-exec-8] c.p.system.mapper.AuditLogMapper.insert  : ==> Parameters: 216210415162626048(Long), ce4d9f01489149ba(String), 1(Long), admin(String), region_update(String), sys_region(String), SysRegion(id=4, regionCode=CN-11, regionName=北京, marketSupport=[(String), [{"exchangeChannel":"rest","id":4,"marketSupport":["midlong"],"regionCode":"CN-11","regionName":"北京","settlementPeriod":"natural_month","status":"active","updatedAt":"2026-08-20T23:02:59.969+08:00"}](String), 0:0:0:0:0:0:0:1(String), Mozilla/5.0 (X11; Ubuntu; Linux x86_64) AppleWebKit/537.36 (KHTML, like Gecko) Chrome/151.0.0.0 Safari/537.36(String), fail(String), CN-31(String), 2026-08-20 23:02:59.97(Timestamp)
2026-08-20 23:02:59.974 DEBUG 54479 --- [nio-9080-exec-8] c.p.system.mapper.AuditLogMapper.insert  : <==    Updates: 1
2026-08-20 23:02:59.976 ERROR 54479 --- [nio-9080-exec-8] c.p.c.exception.GlobalExceptionHandler   : 系统异常：PUT /ptidss/admin/regions

org.springframework.dao.DataIntegrityViolationException: 
### Error updating database.  Cause: org.postgresql.util.PSQLException: 错误: 关系 "sys_region" 的新列违反了检查约束 "sys_region_status_check"
  详细：失败, 行包含(4, CN-11, 北京, ["midlong"], rest, natural_month, active, 4, 2026-08-20 18:39:44.546301, 2026-08-20 23:02:59.969, 1, f).
### The error may exist in com/ptidss/system/mapper/SysRegionMapper.java (best guess)
### The error may involve com.ptidss.system.mapper.SysRegionMapper.updateById-Inline
### The error occurred while setting parameters
### SQL: UPDATE sys_region  SET region_code=?, region_name=?, market_support=?, exchange_channel=?, settlement_period=?, status=?,    updated_at=?  WHERE id=?   AND deleted=false
### Cause: org.postgresql.util.PSQLException: 错误: 关系 "sys_region" 的新列违反了检查约束 "sys_region_status_check"
  详细：失败, 行包含(4, CN-11, 北京, ["midlong"], rest, natural_month, active, 4, 2026-08-20 18:39:44.546301, 2026-08-20 23:02:59.969, 1, f).
; 错误: 关系 "sys_region" 的新列违反了检查约束 "sys_region_status_check"
  详细：失败, 行包含(4, CN-11, 北京, ["midlong"], rest, natural_month, active, 4, 2026-08-20 18:39:44.546301, 2026-08-20 23:02:59.969, 1, f).; nested exception is org.postgresql.util.PSQLException: 错误: 关系 "sys_region" 的新列违反了检查约束 "sys_region_status_check"
  详细：失败, 行包含(4, CN-11, 北京, ["midlong"], rest, natural_month, active, 4, 2026-08-20 18:39:44.546301, 2026-08-20 23:02:59.969, 1, f).
	at org.springframework.jdbc.support.SQLErrorCodeSQLExceptionTranslator.doTranslate(SQLErrorCodeSQLExceptionTranslator.java:251) ~[spring-jdbc-5.3.28.jar:5.3.28]
	at org.springframework.jdbc.support.AbstractFallbackSQLExceptionTranslator.translate(AbstractFallbackSQLExceptionTranslator.java:70) ~[spring-jdbc-5.3.28.jar:5.3.28]
	at org.mybatis.spring.MyBatisExceptionTranslator.translateExceptionIfPossible(MyBatisExceptionTranslator.java:91) ~[mybatis-spring-2.0.7.jar:2.0.7]
	at org.mybatis.spring.SqlSessionTemplate$SqlSessionInterceptor.invoke(SqlSessionTemplate.java:441) ~[mybatis-spring-2.0.7.jar:2.0.7]
	at com.sun.proxy.$Proxy78.update(Unknown Source) ~[na:na]
	at org.mybatis.spring.SqlSessionTemplate.update(SqlSessionTemplate.java:288) ~[mybatis-spring-2.0.7.jar:2.0.7]
	at com.baomidou.mybatisplus.core.override.MybatisMapperMethod.execute(MybatisMapperMethod.java:64) ~[mybatis-plus-core-3.5.2.jar:3.5.2]
	at com.baomidou.mybatisplus.core.override.MybatisMapperProxy$PlainMethodInvoker.invoke(MybatisMapperProxy.java:148) ~[mybatis-plus-core-3.5.2.jar:3.5.2]
	at com.baomidou.mybatisplus.core.override.MybatisMapperProxy.invoke(MybatisMapperProxy.java:89) ~[mybatis-plus-core-3.5.2.jar:3.5.2]
	at com.sun.proxy.$Proxy93.updateById(Unknown Source) ~[na:na]
	at com.ptidss.system.service.SysRegionService.update(SysRegionService.java:47) ~[classes/:na]
	at com.ptidss.system.controller.SysRegionController.update(SysRegionController.java:55) ~[classes/:na]
	at com.ptidss.system.controller.SysRegionController$$FastClassBySpringCGLIB$$fc9d9628.invoke(<generated>) ~[classes/:na]
	at org.springframework.cglib.proxy.MethodProxy.invoke(MethodProxy.java:218) ~[spring-core-5.3.28.jar:5.3.28]
	at org.springframework.aop.framework.CglibAopProxy$CglibMethodInvocation.invokeJoinpoint(CglibAopProxy.java:793) ~[spring-aop-5.3.28.jar:5.3.28]
	at org.springframework.aop.framework.ReflectiveMethodInvocation.proceed(ReflectiveMethodInvocation.java:163) ~[spring-aop-5.3.28.jar:5.3.28]
	at org.springframework.aop.framework.CglibAopProxy$CglibMethodInvocation.proceed(CglibAopProxy.java:763) ~[spring-aop-5.3.28.jar:5.3.28]
	at org.springframework.aop.framework.adapter.MethodBeforeAdviceInterceptor.invoke(MethodBeforeAdviceInterceptor.java:58) ~[spring-aop-5.3.28.jar:5.3.28]
	at org.springframework.aop.framework.ReflectiveMethodInvocation.proceed(ReflectiveMethodInvocation.java:175) ~[spring-aop-5.3.28.jar:5.3.28]
	at org.springframework.aop.framework.CglibAopProxy$CglibMethodInvocation.proceed(CglibAopProxy.java:763) ~[spring-aop-5.3.28.jar:5.3.28]
	at org.springframework.aop.aspectj.AspectJAfterThrowingAdvice.invoke(AspectJAfterThrowingAdvice.java:64) ~[spring-aop-5.3.28.jar:5.3.28]
	at org.springframework.aop.framework.ReflectiveMethodInvocation.proceed(ReflectiveMethodInvocation.java:175) ~[spring-aop-5.3.28.jar:5.3.28]
	at org.springframework.aop.framework.CglibAopProxy$CglibMethodInvocation.proceed(CglibAopProxy.java:763) ~[spring-aop-5.3.28.jar:5.3.28]
	at org.springframework.aop.framework.adapter.AfterReturningAdviceInterceptor.invoke(AfterReturningAdviceInterceptor.java:57) ~[spring-aop-5.3.28.jar:5.3.28]
	at org.springframework.aop.framework.ReflectiveMethodInvocation.proceed(ReflectiveMethodInvocation.java:175) ~[spring-aop-5.3.28.jar:5.3.28]
	at org.springframework.aop.framework.CglibAopProxy$CglibMethodInvocation.proceed(CglibAopProxy.java:763) ~[spring-aop-5.3.28.jar:5.3.28]
	at org.springframework.aop.framework.adapter.MethodBeforeAdviceInterceptor.invoke(MethodBeforeAdviceInterceptor.java:58) ~[spring-aop-5.3.28.jar:5.3.28]
	at org.springframework.aop.framework.ReflectiveMethodInvocation.proceed(ReflectiveMethodInvocation.java:175) ~[spring-aop-5.3.28.jar:5.3.28]
	at org.springframework.aop.framework.CglibAopProxy$CglibMethodInvocation.proceed(CglibAopProxy.java:763) ~[spring-aop-5.3.28.jar:5.3.28]
	at org.springframework.aop.interceptor.ExposeInvocationInterceptor.invoke(ExposeInvocationInterceptor.java:97) ~[spring-aop-5.3.28.jar:5.3.28]
	at org.springframework.aop.framework.ReflectiveMethodInvocation.proceed(ReflectiveMethodInvocation.java:186) ~[spring-aop-5.3.28.jar:5.3.28]
	at org.springframework.aop.framework.CglibAopProxy$CglibMethodInvocation.proceed(CglibAopProxy.java:763) ~[spring-aop-5.3.28.jar:5.3.28]
	at org.springframework.aop.framework.CglibAopProxy$DynamicAdvisedInterceptor.intercept(CglibAopProxy.java:708) ~[spring-aop-5.3.28.jar:5.3.28]
	at com.ptidss.system.controller.SysRegionController$$EnhancerBySpringCGLIB$$67c99e8f.update(<generated>) ~[classes/:na]
	at sun.reflect.NativeMethodAccessorImpl.invoke0(Native Method) ~[na:1.8.0_502]
	at sun.reflect.NativeMethodAccessorImpl.invoke(NativeMethodAccessorImpl.java:62) ~[na:1.8.0_502]
	at sun.reflect.DelegatingMethodAccessorImpl.invoke(DelegatingMethodAccessorImpl.java:43) ~[na:1.8.0_502]
	at java.lang.reflect.Method.invoke(Method.java:498) ~[na:1.8.0_502]
	at org.springframework.web.method.support.InvocableHandlerMethod.doInvoke(InvocableHandlerMethod.java:205) ~[spring-web-5.3.28.jar:5.3.28]
	at org.springframework.web.method.support.InvocableHandlerMethod.invokeForRequest(InvocableHandlerMethod.java:150) ~[spring-web-5.3.28.jar:5.3.28]
	at org.springframework.web.servlet.mvc.method.annotation.ServletInvocableHandlerMethod.invokeAndHandle(ServletInvocableHandlerMethod.java:117) ~[spring-webmvc-5.3.28.jar:5.3.28]
	at org.springframework.web.servlet.mvc.method.annotation.RequestMappingHandlerAdapter.invokeHandlerMethod(RequestMappingHandlerAdapter.java:895) ~[spring-webmvc-5.3.28.jar:5.3.28]
	at org.springframework.web.servlet.mvc.method.annotation.RequestMappingHandlerAdapter.handleInternal(RequestMappingHandlerAdapter.java:808) ~[spring-webmvc-5.3.28.jar:5.3.28]
	at org.springframework.web.servlet.mvc.method.AbstractHandlerMethodAdapter.handle(AbstractHandlerMethodAdapter.java:87) ~[spring-webmvc-5.3.28.jar:5.3.28]
	at org.springframework.web.servlet.DispatcherServlet.doDispatch(DispatcherServlet.java:1072) ~[spring-webmvc-5.3.28.jar:5.3.28]
	at org.springframework.web.servlet.DispatcherServlet.doService(DispatcherServlet.java:965) ~[spring-webmvc-5.3.28.jar:5.3.28]
	at org.springframework.web.servlet.FrameworkServlet.processRequest(FrameworkServlet.java:1006) [spring-webmvc-5.3.28.jar:5.3.28]
	at org.springframework.web.servlet.FrameworkServlet.doPut(FrameworkServlet.java:920) [spring-webmvc-5.3.28.jar:5.3.28]
	at javax.servlet.http.HttpServlet.service(HttpServlet.java:558) [tomcat-embed-core-9.0.76.jar:4.0.FR]
	at org.springframework.web.servlet.FrameworkServlet.service(FrameworkServlet.java:883) [spring-webmvc-5.3.28.jar:5.3.28]
	at javax.servlet.http.HttpServlet.service(HttpServlet.java:623) [tomcat-embed-core-9.0.76.jar:4.0.FR]
	at org.apache.catalina.core.ApplicationFilterChain.internalDoFilter(ApplicationFilterChain.java:209) [tomcat-embed-core-9.0.76.jar:9.0.76]
	at org.apache.catalina.core.ApplicationFilterChain.doFilter(ApplicationFilterChain.java:153) [tomcat-embed-core-9.0.76.jar:9.0.76]
	at org.apache.tomcat.websocket.server.WsFilter.doFilter(WsFilter.java:51) [tomcat-embed-websocket-9.0.76.jar:9.0.76]
	at org.apache.catalina.core.ApplicationFilterChain.internalDoFilter(ApplicationFilterChain.java:178) [tomcat-embed-core-9.0.76.jar:9.0.76]
	at org.apache.catalina.core.ApplicationFilterChain.doFilter(ApplicationFilterChain.java:153) [tomcat-embed-core-9.0.76.jar:9.0.76]
	at org.springframework.web.filter.RequestContextFilter.doFilterInternal(RequestContextFilter.java:100) [spring-web-5.3.28.jar:5.3.28]
	at org.springframework.web.filter.OncePerRequestFilter.doFilter(OncePerRequestFilter.java:117) [spring-web-5.3.28.jar:5.3.28]
	at org.apache.catalina.core.ApplicationFilterChain.internalDoFilter(ApplicationFilterChain.java:178) [tomcat-embed-core-9.0.76.jar:9.0.76]
	at org.apache.catalina.core.ApplicationFilterChain.doFilter(ApplicationFilterChain.java:153) [tomcat-embed-core-9.0.76.jar:9.0.76]
	at org.springframework.web.filter.FormContentFilter.doFilterInternal(FormContentFilter.java:93) [spring-web-5.3.28.jar:5.3.28]
	at org.springframework.web.filter.OncePerRequestFilter.doFilter(OncePerRequestFilter.java:117) [spring-web-5.3.28.jar:5.3.28]
	at org.apache.catalina.core.ApplicationFilterChain.internalDoFilter(ApplicationFilterChain.java:178) [tomcat-embed-core-9.0.76.jar:9.0.76]
	at org.apache.catalina.core.ApplicationFilterChain.doFilter(ApplicationFilterChain.java:153) [tomcat-embed-core-9.0.76.jar:9.0.76]
	at org.springframework.web.filter.CharacterEncodingFilter.doFilterInternal(CharacterEncodingFilter.java:201) [spring-web-5.3.28.jar:5.3.28]
	at org.springframework.web.filter.OncePerRequestFilter.doFilter(OncePerRequestFilter.java:117) [spring-web-5.3.28.jar:5.3.28]
	at org.apache.catalina.core.ApplicationFilterChain.internalDoFilter(ApplicationFilterChain.java:178) [tomcat-embed-core-9.0.76.jar:9.0.76]
	at org.apache.catalina.core.ApplicationFilterChain.doFilter(ApplicationFilterChain.java:153) [tomcat-embed-core-9.0.76.jar:9.0.76]
	at org.apache.catalina.core.StandardWrapperValve.invoke(StandardWrapperValve.java:167) [tomcat-embed-core-9.0.76.jar:9.0.76]
	at org.apache.catalina.core.StandardContextValve.invoke(StandardContextValve.java:90) [tomcat-embed-core-9.0.76.jar:9.0.76]
	at org.apache.catalina.authenticator.AuthenticatorBase.invoke(AuthenticatorBase.java:481) [tomcat-embed-core-9.0.76.jar:9.0.76]
	at org.apache.catalina.core.StandardHostValve.invoke(StandardHostValve.java:130) [tomcat-embed-core-9.0.76.jar:9.0.76]
	at org.apache.catalina.valves.ErrorReportValve.invoke(ErrorReportValve.java:93) [tomcat-embed-core-9.0.76.jar:9.0.76]
	at org.apache.catalina.core.StandardEngineValve.invoke(StandardEngineValve.java:74) [tomcat-embed-core-9.0.76.jar:9.0.76]
	at org.apache.catalina.connector.CoyoteAdapter.service(CoyoteAdapter.java:343) [tomcat-embed-core-9.0.76.jar:9.0.76]
	at org.apache.coyote.http11.Http11Processor.service(Http11Processor.java:390) [tomcat-embed-core-9.0.76.jar:9.0.76]
	at org.apache.coyote.AbstractProcessorLight.process(AbstractProcessorLight.java:63) [tomcat-embed-core-9.0.76.jar:9.0.76]
	at org.apache.coyote.AbstractProtocol$ConnectionHandler.process(AbstractProtocol.java:926) [tomcat-embed-core-9.0.76.jar:9.0.76]
	at org.apache.tomcat.util.net.NioEndpoint$SocketProcessor.doRun(NioEndpoint.java:1791) [tomcat-embed-core-9.0.76.jar:9.0.76]
	at org.apache.tomcat.util.net.SocketProcessorBase.run(SocketProcessorBase.java:52) [tomcat-embed-core-9.0.76.jar:9.0.76]
	at org.apache.tomcat.util.threads.ThreadPoolExecutor.runWorker(ThreadPoolExecutor.java:1191) [tomcat-embed-core-9.0.76.jar:9.0.76]
	at org.apache.tomcat.util.threads.ThreadPoolExecutor$Worker.run(ThreadPoolExecutor.java:659) [tomcat-embed-core-9.0.76.jar:9.0.76]
	at org.apache.tomcat.util.threads.TaskThread$WrappingRunnable.run(TaskThread.java:61) [tomcat-embed-core-9.0.76.jar:9.0.76]
	at java.lang.Thread.run(Thread.java:750) [na:1.8.0_502]
Caused by: org.postgresql.util.PSQLException: 错误: 关系 "sys_region" 的新列违反了检查约束 "sys_region_status_check"
  详细：失败, 行包含(4, CN-11, 北京, ["midlong"], rest, natural_month, active, 4, 2026-08-20 18:39:44.546301, 2026-08-20 23:02:59.969, 1, f).
	at org.postgresql.core.v3.QueryExecutorImpl.receiveErrorResponse(QueryExecutorImpl.java:2675) ~[postgresql-42.3.8.jar:42.3.8]
	at org.postgresql.core.v3.QueryExecutorImpl.processResults(QueryExecutorImpl.java:2365) ~[postgresql-42.3.8.jar:42.3.8]
	at org.postgresql.core.v3.QueryExecutorImpl.execute(QueryExecutorImpl.java:355) ~[postgresql-42.3.8.jar:42.3.8]
	at org.postgresql.jdbc.PgStatement.executeInternal(PgStatement.java:490) ~[postgresql-42.3.8.jar:42.3.8]
	at org.postgresql.jdbc.PgStatement.execute(PgStatement.java:408) ~[postgresql-42.3.8.jar:42.3.8]
	at org.postgresql.jdbc.PgPreparedStatement.executeWithFlags(PgPreparedStatement.java:167) ~[postgresql-42.3.8.jar:42.3.8]
	at org.postgresql.jdbc.PgPreparedStatement.execute(PgPreparedStatement.java:156) ~[postgresql-42.3.8.jar:42.3.8]
	at com.zaxxer.hikari.pool.ProxyPreparedStatement.execute(ProxyPreparedStatement.java:44) ~[HikariCP-4.0.3.jar:na]
	at com.zaxxer.hikari.pool.HikariProxyPreparedStatement.execute(HikariProxyPreparedStatement.java) ~[HikariCP-4.0.3.jar:na]
	at sun.reflect.GeneratedMethodAccessor35.invoke(Unknown Source) ~[na:na]
	at sun.reflect.DelegatingMethodAccessorImpl.invoke(DelegatingMethodAccessorImpl.java:43) ~[na:1.8.0_502]
	at java.lang.reflect.Method.invoke(Method.java:498) ~[na:1.8.0_502]
	at org.apache.ibatis.logging.jdbc.PreparedStatementLogger.invoke(PreparedStatementLogger.java:59) ~[mybatis-3.5.10.jar:3.5.10]
	at com.sun.proxy.$Proxy100.execute(Unknown Source) ~[na:na]
	at org.apache.ibatis.executor.statement.PreparedStatementHandler.update(PreparedStatementHandler.java:47) ~[mybatis-3.5.10.jar:3.5.10]
	at org.apache.ibatis.executor.statement.RoutingStatementHandler.update(RoutingStatementHandler.java:74) ~[mybatis-3.5.10.jar:3.5.10]
	at sun.reflect.GeneratedMethodAccessor108.invoke(Unknown Source) ~[na:na]
	at sun.reflect.DelegatingMethodAccessorImpl.invoke(DelegatingMethodAccessorImpl.java:43) ~[na:1.8.0_502]
	at java.lang.reflect.Method.invoke(Method.java:498) ~[na:1.8.0_502]
	at org.apache.ibatis.plugin.Plugin.invoke(Plugin.java:64) ~[mybatis-3.5.10.jar:3.5.10]
	at com.sun.proxy.$Proxy98.update(Unknown Source) ~[na:na]
	at org.apache.ibatis.executor.SimpleExecutor.doUpdate(SimpleExecutor.java:50) ~[mybatis-3.5.10.jar:3.5.10]
	at org.apache.ibatis.executor.BaseExecutor.update(BaseExecutor.java:117) ~[mybatis-3.5.10.jar:3.5.10]
	at org.apache.ibatis.executor.CachingExecutor.update(CachingExecutor.java:76) ~[mybatis-3.5.10.jar:3.5.10]
	at sun.reflect.GeneratedMethodAccessor107.invoke(Unknown Source) ~[na:na]
	at sun.reflect.DelegatingMethodAccessorImpl.invoke(DelegatingMethodAccessorImpl.java:43) ~[na:1.8.0_502]
	at java.lang.reflect.Method.invoke(Method.java:498) ~[na:1.8.0_502]
	at org.apache.ibatis.plugin.Invocation.proceed(Invocation.java:49) ~[mybatis-3.5.10.jar:3.5.10]
	at com.baomidou.mybatisplus.extension.plugins.MybatisPlusInterceptor.intercept(MybatisPlusInterceptor.java:106) ~[mybatis-plus-extension-3.5.2.jar:3.5.2]
	at org.apache.ibatis.plugin.Plugin.invoke(Plugin.java:62) ~[mybatis-3.5.10.jar:3.5.10]
	at com.sun.proxy.$Proxy97.update(Unknown Source) ~[na:na]
	at org.apache.ibatis.session.defaults.DefaultSqlSession.update(DefaultSqlSession.java:194) ~[mybatis-3.5.10.jar:3.5.10]
	at sun.reflect.NativeMethodAccessorImpl.invoke0(Native Method) ~[na:1.8.0_502]
	at sun.reflect.NativeMethodAccessorImpl.invoke(NativeMethodAccessorImpl.java:62) ~[na:1.8.0_502]
	at sun.reflect.DelegatingMethodAccessorImpl.invoke(DelegatingMethodAccessorImpl.java:43) ~[na:1.8.0_502]
	at java.lang.reflect.Method.invoke(Method.java:498) ~[na:1.8.0_502]
	at org.mybatis.spring.SqlSessionTemplate$SqlSessionInterceptor.invoke(SqlSessionTemplate.java:427) ~[mybatis-spring-2.0.7.jar:2.0.7]
	... 80 common frames omitted

2026-08-20 23:03:02.155 DEBUG 54479 --- [   scheduling-1] c.p.i.m.IntelPushRuleMapper.selectList   : ==>  Preparing: SELECT id,rule_name,tags_filter,importance_filter,target_roles,channel,silent_period,status,version,deleted,created_at,updated_at FROM intel_push_rule WHERE deleted=false AND (status = ?)
2026-08-20 23:03:02.156 DEBUG 54479 --- [   scheduling-1] c.p.i.m.IntelPushRuleMapper.selectList   : ==> Parameters: active(String)
2026-08-20 23:03:02.157 DEBUG 54479 --- [   scheduling-1] c.p.i.m.IntelPushRuleMapper.selectList   : <==      Total: 3
2026-08-20 23:03:02.158 DEBUG 54479 --- [   scheduling-1] c.p.i.mapper.IntelNewsMapper.selectList  : ==>  Preparing: SELECT id,source_code,title,content,region_code,normalized_tags,importance,published_at,push_status,version,deleted,created_at,updated_at FROM intel_news WHERE deleted=false AND (push_status = ? AND importance = ?)
2026-08-20 23:03:02.158 DEBUG 54479 --- [   scheduling-1] c.p.i.mapper.IntelNewsMapper.selectList  : ==> Parameters: none(String), high(String)
2026-08-20 23:03:02.159 DEBUG 54479 --- [   scheduling-1] c.p.i.mapper.IntelNewsMapper.selectList  : <==      Total: 0
2026-08-20 23:03:02.160 DEBUG 54479 --- [   scheduling-1] c.p.i.mapper.IntelNewsMapper.selectList  : ==>  Preparing: SELECT id,source_code,title,content,region_code,normalized_tags,importance,published_at,push_status,version,deleted,created_at,updated_at FROM intel_news WHERE deleted=false AND (push_status = ? AND importance = ?)
2026-08-20 23:03:02.161 DEBUG 54479 --- [   scheduling-1] c.p.i.mapper.IntelNewsMapper.selectList  : ==> Parameters: none(String), medium(String)
2026-08-20 23:03:02.162 DEBUG 54479 --- [   scheduling-1] c.p.i.mapper.IntelNewsMapper.selectList  : <==      Total: 6
2026-08-20 23:03:02.164 DEBUG 54479 --- [   scheduling-1] c.p.i.mapper.IntelNewsMapper.selectList  : ==>  Preparing: SELECT id,source_code,title,content,region_code,normalized_tags,importance,published_at,push_status,version,deleted,created_at,updated_at FROM intel_news WHERE deleted=false AND (push_status = ? AND importance = ?)
2026-08-20 23:03:02.164 DEBUG 54479 --- [   scheduling-1] c.p.i.mapper.IntelNewsMapper.selectList  : ==> Parameters: none(String), high(String)
2026-08-20 23:03:02.165 DEBUG 54479 --- [   scheduling-1] c.p.i.mapper.IntelNewsMapper.selectList  : <==      Total: 0
2026-08-20 23:03:02.165  INFO 54479 --- [   scheduling-1] com.ptidss.intel.service.IntelService    : 情报推送执行完成：匹配情报 0 条，派发消息 0 条
2026-08-20 23:03:03.562 DEBUG 54479 --- [nio-9080-exec-5] c.p.s.m.A.selectPage_mpCount             : ==>  Preparing: SELECT COUNT(*) AS total FROM audit_log
2026-08-20 23:03:03.563 DEBUG 54479 --- [nio-9080-exec-5] c.p.s.m.A.selectPage_mpCount             : ==> Parameters: 
2026-08-20 23:03:03.563 DEBUG 54479 --- [nio-9080-exec-5] c.p.s.m.A.selectPage_mpCount             : <==      Total: 1
2026-08-20 23:03:03.564 DEBUG 54479 --- [nio-9080-exec-5] c.p.s.mapper.AuditLogMapper.selectPage   : ==>  Preparing: SELECT id,trace_id,user_id,username,action,target_type,target_id,before_snapshot,after_snapshot,ip,user_agent,result,region_code,created_at FROM audit_log ORDER BY created_at DESC LIMIT ?
2026-08-20 23:03:03.564 DEBUG 54479 --- [nio-9080-exec-5] c.p.s.mapper.AuditLogMapper.selectPage   : ==> Parameters: 10(Long)
2026-08-20 23:03:03.565 DEBUG 54479 --- [nio-9080-exec-5] c.p.s.mapper.AuditLogMapper.selectPage   : <==      Total: 10
2026-08-20 23:03:03.566 DEBUG 54479 --- [nio-9080-exec-5] c.p.s.mapper.SysUserMapper.selectList    : ==>  Preparing: SELECT id,username,display_name,password_hash,role_ids,org_code,phone,email,status,last_login_at,version,deleted,created_at,updated_at FROM sys_user WHERE deleted=false
2026-08-20 23:03:03.566 DEBUG 54479 --- [nio-9080-exec-5] c.p.s.mapper.SysUserMapper.selectList    : ==> Parameters: 
2026-08-20 23:03:03.568 DEBUG 54479 --- [nio-9080-exec-5] c.p.s.mapper.SysUserMapper.selectList    : <==      Total: 4
2026-08-20 23:03:11.777 DEBUG 54479 --- [   scheduling-1] c.p.d.m.CollectTaskMapper.selectList     : ==>  Preparing: SELECT id,source_id,task_type,cron_expr,last_run_time,last_status,records_count,error_log,version,deleted,created_at,updated_at FROM collect_task WHERE deleted=false AND (cron_expr IS NOT NULL)
2026-08-20 23:03:11.778 DEBUG 54479 --- [   scheduling-1] c.p.d.m.CollectTaskMapper.selectList     : ==> Parameters: 
2026-08-20 23:03:11.779 DEBUG 54479 --- [   scheduling-1] c.p.d.m.CollectTaskMapper.selectList     : <==      Total: 3
2026-08-20 23:03:25.794 DEBUG 54479 --- [nio-9080-exec-1] c.p.s.m.S.selectPage_mpCount             : ==>  Preparing: SELECT COUNT(*) AS total FROM sys_user WHERE deleted = false
2026-08-20 23:03:25.794 DEBUG 54479 --- [nio-9080-exec-1] c.p.s.m.S.selectPage_mpCount             : ==> Parameters: 
2026-08-20 23:03:25.794 DEBUG 54479 --- [nio-9080-exec-1] c.p.s.m.S.selectPage_mpCount             : <==      Total: 1
2026-08-20 23:03:25.795 DEBUG 54479 --- [nio-9080-exec-1] c.p.s.mapper.SysUserMapper.selectPage    : ==>  Preparing: SELECT id,username,display_name,password_hash,role_ids,org_code,phone,email,status,last_login_at,version,deleted,created_at,updated_at FROM sys_user WHERE deleted=false ORDER BY id ASC LIMIT ?
2026-08-20 23:03:25.795 DEBUG 54479 --- [nio-9080-exec-1] c.p.s.mapper.SysUserMapper.selectPage    : ==> Parameters: 10(Long)
2026-08-20 23:03:25.796 DEBUG 54479 --- [nio-9080-exec-1] c.p.s.mapper.SysUserMapper.selectPage    : <==      Total: 4
2026-08-20 23:03:32.166 DEBUG 54479 --- [   scheduling-1] c.p.i.m.IntelPushRuleMapper.selectList   : ==>  Preparing: SELECT id,rule_name,tags_filter,importance_filter,target_roles,channel,silent_period,status,version,deleted,created_at,updated_at FROM intel_push_rule WHERE deleted=false AND (status = ?)
2026-08-20 23:03:32.166 DEBUG 54479 --- [   scheduling-1] c.p.i.m.IntelPushRuleMapper.selectList   : ==> Parameters: active(String)
2026-08-20 23:03:32.166 DEBUG 54479 --- [   scheduling-1] c.p.i.m.IntelPushRuleMapper.selectList   : <==      Total: 3
2026-08-20 23:03:32.167 DEBUG 54479 --- [   scheduling-1] c.p.i.mapper.IntelNewsMapper.selectList  : ==>  Preparing: SELECT id,source_code,title,content,region_code,normalized_tags,importance,published_at,push_status,version,deleted,created_at,updated_at FROM intel_news WHERE deleted=false AND (push_status = ? AND importance = ?)
2026-08-20 23:03:32.167 DEBUG 54479 --- [   scheduling-1] c.p.i.mapper.IntelNewsMapper.selectList  : ==> Parameters: none(String), high(String)
2026-08-20 23:03:32.167 DEBUG 54479 --- [   scheduling-1] c.p.i.mapper.IntelNewsMapper.selectList  : <==      Total: 0
2026-08-20 23:03:32.168 DEBUG 54479 --- [   scheduling-1] c.p.i.mapper.IntelNewsMapper.selectList  : ==>  Preparing: SELECT id,source_code,title,content,region_code,normalized_tags,importance,published_at,push_status,version,deleted,created_at,updated_at FROM intel_news WHERE deleted=false AND (push_status = ? AND importance = ?)
2026-08-20 23:03:32.168 DEBUG 54479 --- [   scheduling-1] c.p.i.mapper.IntelNewsMapper.selectList  : ==> Parameters: none(String), medium(String)
2026-08-20 23:03:32.169 DEBUG 54479 --- [   scheduling-1] c.p.i.mapper.IntelNewsMapper.selectList  : <==      Total: 6
2026-08-20 23:03:32.170 DEBUG 54479 --- [   scheduling-1] c.p.i.mapper.IntelNewsMapper.selectList  : ==>  Preparing: SELECT id,source_code,title,content,region_code,normalized_tags,importance,published_at,push_status,version,deleted,created_at,updated_at FROM intel_news WHERE deleted=false AND (push_status = ? AND importance = ?)
2026-08-20 23:03:32.170 DEBUG 54479 --- [   scheduling-1] c.p.i.mapper.IntelNewsMapper.selectList  : ==> Parameters: none(String), high(String)
2026-08-20 23:03:32.170 DEBUG 54479 --- [   scheduling-1] c.p.i.mapper.IntelNewsMapper.selectList  : <==      Total: 0
2026-08-20 23:03:32.170  INFO 54479 --- [   scheduling-1] com.ptidss.intel.service.IntelService    : 情报推送执行完成：匹配情报 0 条，派发消息 0 条
2026-08-20 23:03:37.751 DEBUG 54479 --- [nio-9080-exec-8] c.p.s.mapper.SysRoleMapper.selectList    : ==>  Preparing: SELECT id,role_code,role_name,description,status,version,deleted,created_at,updated_at FROM sys_role WHERE deleted=false ORDER BY id ASC
2026-08-20 23:03:37.751 DEBUG 54479 --- [io-9080-exec-10] c.p.s.m.SysPermissionMapper.selectList   : ==>  Preparing: SELECT id,perm_code,perm_name,resource_type,resource_pattern,status,version,deleted,created_at,updated_at FROM sys_permission WHERE deleted=false ORDER BY id ASC
2026-08-20 23:03:37.752 DEBUG 54479 --- [nio-9080-exec-8] c.p.s.mapper.SysRoleMapper.selectList    : ==> Parameters: 
2026-08-20 23:03:37.752 DEBUG 54479 --- [io-9080-exec-10] c.p.s.m.SysPermissionMapper.selectList   : ==> Parameters: 
2026-08-20 23:03:37.752 DEBUG 54479 --- [nio-9080-exec-8] c.p.s.mapper.SysRoleMapper.selectList    : <==      Total: 7
2026-08-20 23:03:37.752 DEBUG 54479 --- [io-9080-exec-10] c.p.s.m.SysPermissionMapper.selectList   : <==      Total: 18
2026-08-20 23:03:40.775 DEBUG 54479 --- [nio-9080-exec-7] c.p.s.m.SysPermissionMapper.selectList   : ==>  Preparing: SELECT id,perm_code,perm_name,resource_type,resource_pattern,status,version,deleted,created_at,updated_at FROM sys_permission WHERE deleted=false ORDER BY id ASC
2026-08-20 23:03:40.775 DEBUG 54479 --- [nio-9080-exec-7] c.p.s.m.SysPermissionMapper.selectList   : ==> Parameters: 
2026-08-20 23:03:40.776 DEBUG 54479 --- [nio-9080-exec-7] c.p.s.m.SysPermissionMapper.selectList   : <==      Total: 18
2026-08-20 23:04:02.172 DEBUG 54479 --- [   scheduling-1] c.p.i.m.IntelPushRuleMapper.selectList   : ==>  Preparing: SELECT id,rule_name,tags_filter,importance_filter,target_roles,channel,silent_period,status,version,deleted,created_at,updated_at FROM intel_push_rule WHERE deleted=false AND (status = ?)
2026-08-20 23:04:02.172 DEBUG 54479 --- [   scheduling-1] c.p.i.m.IntelPushRuleMapper.selectList   : ==> Parameters: active(String)
2026-08-20 23:04:02.173 DEBUG 54479 --- [   scheduling-1] c.p.i.m.IntelPushRuleMapper.selectList   : <==      Total: 3
2026-08-20 23:04:02.175 DEBUG 54479 --- [   scheduling-1] c.p.i.mapper.IntelNewsMapper.selectList  : ==>  Preparing: SELECT id,source_code,title,content,region_code,normalized_tags,importance,published_at,push_status,version,deleted,created_at,updated_at FROM intel_news WHERE deleted=false AND (push_status = ? AND importance = ?)
2026-08-20 23:04:02.175 DEBUG 54479 --- [   scheduling-1] c.p.i.mapper.IntelNewsMapper.selectList  : ==> Parameters: none(String), high(String)
2026-08-20 23:04:02.176 DEBUG 54479 --- [   scheduling-1] c.p.i.mapper.IntelNewsMapper.selectList  : <==      Total: 0
2026-08-20 23:04:02.177 DEBUG 54479 --- [   scheduling-1] c.p.i.mapper.IntelNewsMapper.selectList  : ==>  Preparing: SELECT id,source_code,title,content,region_code,normalized_tags,importance,published_at,push_status,version,deleted,created_at,updated_at FROM intel_news WHERE deleted=false AND (push_status = ? AND importance = ?)
2026-08-20 23:04:02.177 DEBUG 54479 --- [   scheduling-1] c.p.i.mapper.IntelNewsMapper.selectList  : ==> Parameters: none(String), medium(String)
2026-08-20 23:04:02.178 DEBUG 54479 --- [   scheduling-1] c.p.i.mapper.IntelNewsMapper.selectList  : <==      Total: 6
2026-08-20 23:04:02.180 DEBUG 54479 --- [   scheduling-1] c.p.i.mapper.IntelNewsMapper.selectList  : ==>  Preparing: SELECT id,source_code,title,content,region_code,normalized_tags,importance,published_at,push_status,version,deleted,created_at,updated_at FROM intel_news WHERE deleted=false AND (push_status = ? AND importance = ?)
2026-08-20 23:04:02.180 DEBUG 54479 --- [   scheduling-1] c.p.i.mapper.IntelNewsMapper.selectList  : ==> Parameters: none(String), high(String)
2026-08-20 23:04:02.180 DEBUG 54479 --- [   scheduling-1] c.p.i.mapper.IntelNewsMapper.selectList  : <==      Total: 0
2026-08-20 23:04:02.181  INFO 54479 --- [   scheduling-1] com.ptidss.intel.service.IntelService    : 情报推送执行完成：匹配情报 0 条，派发消息 0 条
2026-08-20 23:04:06.397 DEBUG 54479 --- [nio-9080-exec-1] c.p.s.mapper.SysUserMapper.selectList    : ==>  Preparing: SELECT id,username,display_name,password_hash,role_ids,org_code,phone,email,status,last_login_at,version,deleted,created_at,updated_at FROM sys_user WHERE deleted=false AND (username = ?)
2026-08-20 23:04:06.397 DEBUG 54479 --- [nio-9080-exec-1] c.p.s.mapper.SysUserMapper.selectList    : ==> Parameters: admin(String)
2026-08-20 23:04:06.398 DEBUG 54479 --- [nio-9080-exec-1] c.p.s.mapper.SysUserMapper.selectList    : <==      Total: 1
2026-08-20 23:04:06.489 DEBUG 54479 --- [nio-9080-exec-1] c.p.s.m.SysRoleMapper.selectBatchIds     : ==>  Preparing: SELECT id,role_code,role_name,description,status,version,deleted,created_at,updated_at FROM sys_role WHERE id IN ( ? ) AND deleted=false
2026-08-20 23:04:06.490 DEBUG 54479 --- [nio-9080-exec-1] c.p.s.m.SysRoleMapper.selectBatchIds     : ==> Parameters: 4(Long)
2026-08-20 23:04:06.490 DEBUG 54479 --- [nio-9080-exec-1] c.p.s.m.SysRoleMapper.selectBatchIds     : <==      Total: 1
2026-08-20 23:04:06.490 DEBUG 54479 --- [nio-9080-exec-1] c.p.s.m.SysPermissionMapper.selectList   : ==>  Preparing: SELECT id,perm_code,perm_name,resource_type,resource_pattern,status,version,deleted,created_at,updated_at FROM sys_permission WHERE deleted=false AND (status = ? AND EXISTS (SELECT 1 FROM sys_role_permission rp WHERE rp.permission_id = sys_permission.id AND rp.role_id = ?))
2026-08-20 23:04:06.490 DEBUG 54479 --- [nio-9080-exec-1] c.p.s.m.SysPermissionMapper.selectList   : ==> Parameters: active(String), 4(Long)
2026-08-20 23:04:06.491 DEBUG 54479 --- [nio-9080-exec-1] c.p.s.m.SysPermissionMapper.selectList   : <==      Total: 18
2026-08-20 23:04:06.491 DEBUG 54479 --- [nio-9080-exec-1] c.p.s.m.SysUserRegionMapper.selectList   : ==>  Preparing: SELECT user_id,region_code FROM sys_user_region WHERE (user_id = ?)
2026-08-20 23:04:06.491 DEBUG 54479 --- [nio-9080-exec-1] c.p.s.m.SysUserRegionMapper.selectList   : ==> Parameters: 1(Long)
2026-08-20 23:04:06.492 DEBUG 54479 --- [nio-9080-exec-1] c.p.s.m.SysUserRegionMapper.selectList   : <==      Total: 4
2026-08-20 23:04:06.492 DEBUG 54479 --- [nio-9080-exec-1] c.p.s.mapper.SysRegionMapper.selectList  : ==>  Preparing: SELECT id,region_code,region_name,market_support,exchange_channel,settlement_period,status,launch_order,version,deleted,created_at,updated_at FROM sys_region WHERE deleted=false AND (region_code = ? AND status = ?)
2026-08-20 23:04:06.492 DEBUG 54479 --- [nio-9080-exec-1] c.p.s.mapper.SysRegionMapper.selectList  : ==> Parameters: CN-31(String), enabled(String)
2026-08-20 23:04:06.493 DEBUG 54479 --- [nio-9080-exec-1] c.p.s.mapper.SysRegionMapper.selectList  : <==      Total: 1
2026-08-20 23:04:06.494 DEBUG 54479 --- [nio-9080-exec-1] c.p.s.mapper.SysUserMapper.updateById    : ==>  Preparing: UPDATE sys_user SET last_login_at=?, updated_at=? WHERE id=? AND deleted=false
2026-08-20 23:04:06.494 DEBUG 54479 --- [nio-9080-exec-1] c.p.s.mapper.SysUserMapper.updateById    : ==> Parameters: 2026-08-20 23:04:06.494(Timestamp), 2026-08-20 23:04:06.494(Timestamp), 1(Long)
2026-08-20 23:04:06.496 DEBUG 54479 --- [nio-9080-exec-1] c.p.s.mapper.SysUserMapper.updateById    : <==    Updates: 1
2026-08-20 23:04:06.496 DEBUG 54479 --- [nio-9080-exec-1] c.p.system.mapper.AuditLogMapper.insert  : ==>  Preparing: INSERT INTO audit_log ( id, trace_id, user_id, username, action, target_type, target_id, ip, user_agent, result, created_at ) VALUES ( ?, ?, ?, ?, ?, ?, ?, ?, ?, ?, ? )
2026-08-20 23:04:06.497 DEBUG 54479 --- [nio-9080-exec-1] c.p.system.mapper.AuditLogMapper.insert  : ==> Parameters: 216210694192893952(Long), 53db80dcb6a942d5(String), 0(Long), admin(String), login(String), auth(String), LoginBody(username=admin, password=Ptidss@2026, captchaKey=fa6ff(String), 0:0:0:0:0:0:0:1(String), Mozilla/5.0 (X11; Linux x86_64) AppleWebKit/537.36 (KHTML, like Gecko) Qoder/1.23.0 Chrome/148.0.7778.97 Electron/42.2.0 Safari/537.36(String), success(String), 2026-08-20 23:04:06.496(Timestamp)
2026-08-20 23:04:06.498 DEBUG 54479 --- [nio-9080-exec-1] c.p.system.mapper.AuditLogMapper.insert  : <==    Updates: 1
2026-08-20 23:04:06.523 DEBUG 54479 --- [nio-9080-exec-2] c.p.m.m.ModelRegistryMapper.selectList   : ==>  Preparing: SELECT id,model_code,model_name,model_version,framework,metrics,status,file_url,trained_at,version,deleted,created_at,updated_at FROM model_registry WHERE deleted=false ORDER BY model_code ASC,version DESC
2026-08-20 23:04:06.524 DEBUG 54479 --- [nio-9080-exec-2] c.p.m.m.ModelRegistryMapper.selectList   : ==> Parameters: 
2026-08-20 23:04:06.524 DEBUG 54479 --- [nio-9080-exec-2] c.p.m.m.ModelRegistryMapper.selectList   : <==      Total: 3
2026-08-20 23:04:06.528 DEBUG 54479 --- [nio-9080-exec-9] c.p.t.m.RollingPlanMapper.selectList     : ==>  Preparing: SELECT id,trade_date,scenario,plan_type,adjustments,expected_revenue,risk_metrics,evidence_chain_ref,status,created_by,region_code,version,deleted,created_at,updated_at FROM rolling_plan WHERE deleted=false AND (region_code = ?) ORDER BY trade_date DESC
2026-08-20 23:04:06.528 DEBUG 54479 --- [nio-9080-exec-9] c.p.t.m.RollingPlanMapper.selectList     : ==> Parameters: CN-11(String)
2026-08-20 23:04:06.529 DEBUG 54479 --- [nio-9080-exec-9] c.p.t.m.RollingPlanMapper.selectList     : <==      Total: 0
2026-08-20 23:04:06.530 DEBUG 54479 --- [nio-9080-exec-5] c.p.m.m.MessageRecordMapper.selectCount  : ==>  Preparing: SELECT COUNT( * ) FROM message_record WHERE deleted=false AND (receiver_id = ?)
2026-08-20 23:04:06.530 DEBUG 54479 --- [nio-9080-exec-5] c.p.m.m.MessageRecordMapper.selectCount  : ==> Parameters: 1(Long)
2026-08-20 23:04:06.530 DEBUG 54479 --- [nio-9080-exec-5] c.p.m.m.MessageRecordMapper.selectCount  : <==      Total: 1
2026-08-20 23:04:06.532 DEBUG 54479 --- [nio-9080-exec-5] c.p.m.m.M.selectPage_mpCount             : ==>  Preparing: SELECT COUNT(*) AS total FROM message_record WHERE deleted = false AND (receiver_id = ? AND read_status = ?)
2026-08-20 23:04:06.532 DEBUG 54479 --- [nio-9080-exec-5] c.p.m.m.M.selectPage_mpCount             : ==> Parameters: 1(Long), unread(String)
2026-08-20 23:04:06.533 DEBUG 54479 --- [nio-9080-exec-5] c.p.m.m.M.selectPage_mpCount             : <==      Total: 1
2026-08-20 23:04:06.533 DEBUG 54479 --- [nio-9080-exec-5] c.p.m.m.MessageRecordMapper.selectPage   : ==>  Preparing: SELECT id,msg_type,receiver_id,title,content,channel,read_status,biz_ref,version,deleted,created_at,updated_at FROM message_record WHERE deleted=false AND (receiver_id = ? AND read_status = ?) ORDER BY created_at DESC LIMIT ?
2026-08-20 23:04:06.533 DEBUG 54479 --- [nio-9080-exec-5] c.p.m.m.MessageRecordMapper.selectPage   : ==> Parameters: 1(Long), unread(String), 10(Long)
2026-08-20 23:04:06.534 DEBUG 54479 --- [nio-9080-exec-5] c.p.m.m.MessageRecordMapper.selectPage   : <==      Total: 1
2026-08-20 23:04:06.549 DEBUG 54479 --- [io-9080-exec-10] c.p.t.mapper.ContractMapper.selectList   : ==>  Preparing: SELECT id,contract_no,variety,direction,counterparty,total_volume,curve_json,price,start_date,end_date,status,source,region_code,version,deleted,created_at,updated_at FROM contract WHERE deleted=false AND (region_code = ? AND status IN (?,?))
2026-08-20 23:04:06.549 DEBUG 54479 --- [io-9080-exec-10] c.p.t.mapper.ContractMapper.selectList   : ==> Parameters: CN-11(String), active(String), executing(String)
2026-08-20 23:04:06.549 DEBUG 54479 --- [io-9080-exec-10] c.p.t.mapper.ContractMapper.selectList   : <==      Total: 0
2026-08-20 23:04:10.745 DEBUG 54479 --- [nio-9080-exec-8] c.p.s.mapper.SysRegionMapper.selectList  : ==>  Preparing: SELECT id,region_code,region_name,market_support,exchange_channel,settlement_period,status,launch_order,version,deleted,created_at,updated_at FROM sys_region WHERE deleted=false ORDER BY launch_order ASC
2026-08-20 23:04:10.746 DEBUG 54479 --- [nio-9080-exec-8] c.p.s.mapper.SysRegionMapper.selectList  : ==> Parameters: 
2026-08-20 23:04:10.749 DEBUG 54479 --- [nio-9080-exec-8] c.p.s.mapper.SysRegionMapper.selectList  : <==      Total: 8
2026-08-20 23:04:11.781 DEBUG 54479 --- [   scheduling-1] c.p.d.m.CollectTaskMapper.selectList     : ==>  Preparing: SELECT id,source_id,task_type,cron_expr,last_run_time,last_status,records_count,error_log,version,deleted,created_at,updated_at FROM collect_task WHERE deleted=false AND (cron_expr IS NOT NULL)
2026-08-20 23:04:11.782 DEBUG 54479 --- [   scheduling-1] c.p.d.m.CollectTaskMapper.selectList     : ==> Parameters: 
2026-08-20 23:04:11.783 DEBUG 54479 --- [   scheduling-1] c.p.d.m.CollectTaskMapper.selectList     : <==      Total: 3
2026-08-20 23:04:30.053 DEBUG 54479 --- [nio-9080-exec-3] c.p.o.m.S.selectCount                    : ==>  Preparing: SELECT COUNT( * ) FROM strategy_library WHERE deleted=false
2026-08-20 23:04:30.053 DEBUG 54479 --- [nio-9080-exec-3] c.p.o.m.S.selectCount                    : ==> Parameters: 
2026-08-20 23:04:30.054 DEBUG 54479 --- [nio-9080-exec-3] c.p.o.m.S.selectCount                    : <==      Total: 1
2026-08-20 23:04:30.055 DEBUG 54479 --- [nio-9080-exec-3] c.p.o.m.S.selectList                     : ==>  Preparing: SELECT id,strategy_code,strategy_name,params,performance,status,source,version,deleted,created_at,updated_at FROM strategy_library WHERE deleted=false ORDER BY performance DESC
2026-08-20 23:04:30.055 DEBUG 54479 --- [nio-9080-exec-3] c.p.o.m.S.selectList                     : ==> Parameters: 
2026-08-20 23:04:30.056 DEBUG 54479 --- [nio-9080-exec-3] c.p.o.m.S.selectList                     : <==      Total: 3
2026-08-20 23:04:32.182 DEBUG 54479 --- [   scheduling-1] c.p.i.m.IntelPushRuleMapper.selectList   : ==>  Preparing: SELECT id,rule_name,tags_filter,importance_filter,target_roles,channel,silent_period,status,version,deleted,created_at,updated_at FROM intel_push_rule WHERE deleted=false AND (status = ?)
2026-08-20 23:04:32.182 DEBUG 54479 --- [   scheduling-1] c.p.i.m.IntelPushRuleMapper.selectList   : ==> Parameters: active(String)
2026-08-20 23:04:32.182 DEBUG 54479 --- [   scheduling-1] c.p.i.m.IntelPushRuleMapper.selectList   : <==      Total: 3
2026-08-20 23:04:32.183 DEBUG 54479 --- [   scheduling-1] c.p.i.mapper.IntelNewsMapper.selectList  : ==>  Preparing: SELECT id,source_code,title,content,region_code,normalized_tags,importance,published_at,push_status,version,deleted,created_at,updated_at FROM intel_news WHERE deleted=false AND (push_status = ? AND importance = ?)
2026-08-20 23:04:32.183 DEBUG 54479 --- [   scheduling-1] c.p.i.mapper.IntelNewsMapper.selectList  : ==> Parameters: none(String), high(String)
2026-08-20 23:04:32.183 DEBUG 54479 --- [   scheduling-1] c.p.i.mapper.IntelNewsMapper.selectList  : <==      Total: 0
2026-08-20 23:04:32.184 DEBUG 54479 --- [   scheduling-1] c.p.i.mapper.IntelNewsMapper.selectList  : ==>  Preparing: SELECT id,source_code,title,content,region_code,normalized_tags,importance,published_at,push_status,version,deleted,created_at,updated_at FROM intel_news WHERE deleted=false AND (push_status = ? AND importance = ?)
2026-08-20 23:04:32.184 DEBUG 54479 --- [   scheduling-1] c.p.i.mapper.IntelNewsMapper.selectList  : ==> Parameters: none(String), medium(String)
2026-08-20 23:04:32.185 DEBUG 54479 --- [   scheduling-1] c.p.i.mapper.IntelNewsMapper.selectList  : <==      Total: 6
2026-08-20 23:04:32.185 DEBUG 54479 --- [   scheduling-1] c.p.i.mapper.IntelNewsMapper.selectList  : ==>  Preparing: SELECT id,source_code,title,content,region_code,normalized_tags,importance,published_at,push_status,version,deleted,created_at,updated_at FROM intel_news WHERE deleted=false AND (push_status = ? AND importance = ?)
2026-08-20 23:04:32.185 DEBUG 54479 --- [   scheduling-1] c.p.i.mapper.IntelNewsMapper.selectList  : ==> Parameters: none(String), high(String)
2026-08-20 23:04:32.185 DEBUG 54479 --- [   scheduling-1] c.p.i.mapper.IntelNewsMapper.selectList  : <==      Total: 0
2026-08-20 23:04:32.185  INFO 54479 --- [   scheduling-1] com.ptidss.intel.service.IntelService    : 情报推送执行完成：匹配情报 0 条，派发消息 0 条
2026-08-20 23:04:43.944 DEBUG 54479 --- [nio-9080-exec-8] c.p.o.m.S.selectCount                    : ==>  Preparing: SELECT COUNT( * ) FROM strategy_library WHERE deleted=false
2026-08-20 23:04:43.944 DEBUG 54479 --- [nio-9080-exec-8] c.p.o.m.S.selectCount                    : ==> Parameters: 
2026-08-20 23:04:43.945 DEBUG 54479 --- [nio-9080-exec-8] c.p.o.m.S.selectCount                    : <==      Total: 1
2026-08-20 23:04:43.945 DEBUG 54479 --- [nio-9080-exec-8] c.p.o.m.S.selectList                     : ==>  Preparing: SELECT id,strategy_code,strategy_name,params,performance,status,source,version,deleted,created_at,updated_at FROM strategy_library WHERE deleted=false ORDER BY performance DESC
2026-08-20 23:04:43.946 DEBUG 54479 --- [nio-9080-exec-8] c.p.o.m.S.selectList                     : ==> Parameters: 
2026-08-20 23:04:43.946 DEBUG 54479 --- [nio-9080-exec-8] c.p.o.m.S.selectList                     : <==      Total: 3
2026-08-20 23:04:44.790 DEBUG 54479 --- [nio-9080-exec-7] c.p.m.m.ModelRegistryMapper.selectList   : ==>  Preparing: SELECT id,model_code,model_name,model_version,framework,metrics,status,file_url,trained_at,version,deleted,created_at,updated_at FROM model_registry WHERE deleted=false ORDER BY model_code ASC,version DESC
2026-08-20 23:04:44.790 DEBUG 54479 --- [nio-9080-exec-7] c.p.m.m.ModelRegistryMapper.selectList   : ==> Parameters: 
2026-08-20 23:04:44.792 DEBUG 54479 --- [nio-9080-exec-7] c.p.m.m.ModelRegistryMapper.selectList   : <==      Total: 3
2026-08-20 23:04:45.271 DEBUG 54479 --- [nio-9080-exec-3] c.p.d.m.DataSourceMapper.selectList      : ==>  Preparing: SELECT id,source_code,source_type,connect_config,sync_mode,frequency,status,version,deleted,created_at,updated_at FROM data_source WHERE deleted=false ORDER BY source_code ASC
2026-08-20 23:04:45.271 DEBUG 54479 --- [nio-9080-exec-3] c.p.d.m.DataSourceMapper.selectList      : ==> Parameters: 
2026-08-20 23:04:45.271 DEBUG 54479 --- [nio-9080-exec-1] c.p.d.m.DataLineageMapper.selectCount    : ==>  Preparing: SELECT COUNT( * ) FROM data_lineage WHERE deleted=false
2026-08-20 23:04:45.271 DEBUG 54479 --- [nio-9080-exec-1] c.p.d.m.DataLineageMapper.selectCount    : ==> Parameters: 
2026-08-20 23:04:45.272 DEBUG 54479 --- [nio-9080-exec-6] c.p.d.m.D.selectList                     : ==>  Preparing: SELECT id,rule_code,rule_type,target_table,target_field,condition,threshold,severity,status,version,deleted,created_at,updated_at FROM data_quality_rule WHERE deleted=false AND (status = ?)
2026-08-20 23:04:45.272 DEBUG 54479 --- [nio-9080-exec-6] c.p.d.m.D.selectList                     : ==> Parameters: active(String)
2026-08-20 23:04:45.272 DEBUG 54479 --- [nio-9080-exec-1] c.p.d.m.DataLineageMapper.selectCount    : <==      Total: 1
2026-08-20 23:04:45.272 DEBUG 54479 --- [nio-9080-exec-3] c.p.d.m.DataSourceMapper.selectList      : <==      Total: 3
2026-08-20 23:04:45.272 DEBUG 54479 --- [nio-9080-exec-1] c.p.d.m.DataLineageMapper.selectList     : ==>  Preparing: SELECT id,node_id,node_type,upstream,downstream,field_mapping,version,deleted,created_at,updated_at FROM data_lineage WHERE deleted=false
2026-08-20 23:04:45.272 DEBUG 54479 --- [nio-9080-exec-1] c.p.d.m.DataLineageMapper.selectList     : ==> Parameters: 
2026-08-20 23:04:45.273 DEBUG 54479 --- [nio-9080-exec-6] c.p.d.m.D.selectList                     : <==      Total: 2
2026-08-20 23:04:45.273 DEBUG 54479 --- [nio-9080-exec-3] c.p.d.m.CollectTaskMapper.selectList     : ==>  Preparing: SELECT id,source_id,task_type,cron_expr,last_run_time,last_status,records_count,error_log,version,deleted,created_at,updated_at FROM collect_task WHERE deleted=false AND (source_id = ?) ORDER BY last_run_time DESC LIMIT 1
2026-08-20 23:04:45.273 DEBUG 54479 --- [nio-9080-exec-3] c.p.d.m.CollectTaskMapper.selectList     : ==> Parameters: 2(Long)
2026-08-20 23:04:45.273 DEBUG 54479 --- [nio-9080-exec-1] c.p.d.m.DataLineageMapper.selectList     : <==      Total: 7
2026-08-20 23:04:45.273 DEBUG 54479 --- [nio-9080-exec-3] c.p.d.m.CollectTaskMapper.selectList     : <==      Total: 1
2026-08-20 23:04:45.274 DEBUG 54479 --- [nio-9080-exec-3] c.p.d.m.CollectTaskMapper.selectList     : ==>  Preparing: SELECT id,source_id,task_type,cron_expr,last_run_time,last_status,records_count,error_log,version,deleted,created_at,updated_at FROM collect_task WHERE deleted=false AND (source_id = ?) ORDER BY last_run_time DESC LIMIT 1
2026-08-20 23:04:45.274 DEBUG 54479 --- [nio-9080-exec-3] c.p.d.m.CollectTaskMapper.selectList     : ==> Parameters: 1(Long)
2026-08-20 23:04:45.277 DEBUG 54479 --- [nio-9080-exec-3] c.p.d.m.CollectTaskMapper.selectList     : <==      Total: 0
2026-08-20 23:04:45.278 DEBUG 54479 --- [nio-9080-exec-3] c.p.d.m.CollectTaskMapper.selectList     : ==>  Preparing: SELECT id,source_id,task_type,cron_expr,last_run_time,last_status,records_count,error_log,version,deleted,created_at,updated_at FROM collect_task WHERE deleted=false AND (source_id = ?) ORDER BY last_run_time DESC LIMIT 1
2026-08-20 23:04:45.278 DEBUG 54479 --- [nio-9080-exec-3] c.p.d.m.CollectTaskMapper.selectList     : ==> Parameters: 3(Long)
2026-08-20 23:04:45.279 DEBUG 54479 --- [nio-9080-exec-3] c.p.d.m.CollectTaskMapper.selectList     : <==      Total: 1
2026-08-20 23:04:45.680 DEBUG 54479 --- [nio-9080-exec-4] c.p.m.m.MessageRecordMapper.selectCount  : ==>  Preparing: SELECT COUNT( * ) FROM message_record WHERE deleted=false AND (receiver_id = ?)
2026-08-20 23:04:45.680 DEBUG 54479 --- [nio-9080-exec-4] c.p.m.m.MessageRecordMapper.selectCount  : ==> Parameters: 1(Long)
2026-08-20 23:04:45.680 DEBUG 54479 --- [nio-9080-exec-4] c.p.m.m.MessageRecordMapper.selectCount  : <==      Total: 1
2026-08-20 23:04:45.683 DEBUG 54479 --- [nio-9080-exec-4] c.p.m.m.M.selectPage_mpCount             : ==>  Preparing: SELECT COUNT(*) AS total FROM message_record WHERE deleted = false AND (receiver_id = ?)
2026-08-20 23:04:45.683 DEBUG 54479 --- [nio-9080-exec-4] c.p.m.m.M.selectPage_mpCount             : ==> Parameters: 1(Long)
2026-08-20 23:04:45.684 DEBUG 54479 --- [nio-9080-exec-4] c.p.m.m.M.selectPage_mpCount             : <==      Total: 1
2026-08-20 23:04:45.684 DEBUG 54479 --- [nio-9080-exec-4] c.p.m.m.MessageRecordMapper.selectPage   : ==>  Preparing: SELECT id,msg_type,receiver_id,title,content,channel,read_status,biz_ref,version,deleted,created_at,updated_at FROM message_record WHERE deleted=false AND (receiver_id = ?) ORDER BY created_at DESC LIMIT ?
2026-08-20 23:04:45.684 DEBUG 54479 --- [nio-9080-exec-4] c.p.m.m.MessageRecordMapper.selectPage   : ==> Parameters: 1(Long), 10(Long)
2026-08-20 23:04:45.685 DEBUG 54479 --- [nio-9080-exec-4] c.p.m.m.MessageRecordMapper.selectPage   : <==      Total: 5
2026-08-20 23:04:46.091 DEBUG 54479 --- [nio-9080-exec-2] c.p.p.m.P.selectCount                    : ==>  Preparing: SELECT COUNT( * ) FROM policy_document WHERE deleted=false
2026-08-20 23:04:46.091 DEBUG 54479 --- [nio-9080-exec-2] c.p.p.m.P.selectCount                    : ==> Parameters: 
2026-08-20 23:04:46.091 DEBUG 54479 --- [nio-9080-exec-2] c.p.p.m.P.selectCount                    : <==      Total: 1
2026-08-20 23:04:46.094 DEBUG 54479 --- [nio-9080-exec-2] c.p.p.m.P.selectPage_mpCount             : ==>  Preparing: SELECT COUNT(*) AS total FROM policy_document WHERE deleted = false
2026-08-20 23:04:46.094 DEBUG 54479 --- [nio-9080-exec-2] c.p.p.m.P.selectPage_mpCount             : ==> Parameters: 
2026-08-20 23:04:46.095 DEBUG 54479 --- [nio-9080-exec-2] c.p.p.m.P.selectPage_mpCount             : <==      Total: 1
2026-08-20 23:04:46.095 DEBUG 54479 --- [nio-9080-exec-2] c.p.p.m.PolicyDocumentMapper.selectPage  : ==>  Preparing: SELECT id,title,issuing_body,category,tags,version_no,file_url,publish_date,effective_date,status,version,deleted,created_at,updated_at FROM policy_document WHERE deleted=false ORDER BY publish_date DESC LIMIT ?
2026-08-20 23:04:46.095 DEBUG 54479 --- [nio-9080-exec-2] c.p.p.m.PolicyDocumentMapper.selectPage  : ==> Parameters: 10(Long)
2026-08-20 23:04:46.099 DEBUG 54479 --- [nio-9080-exec-2] c.p.p.m.PolicyDocumentMapper.selectPage  : <==      Total: 6
2026-08-20 23:04:46.491 DEBUG 54479 --- [nio-9080-exec-5] c.p.i.m.IntelSourceMapper.selectCount    : ==>  Preparing: SELECT COUNT( * ) FROM intel_source WHERE deleted=false
2026-08-20 23:04:46.491 DEBUG 54479 --- [nio-9080-exec-5] c.p.i.m.IntelSourceMapper.selectCount    : ==> Parameters: 
2026-08-20 23:04:46.491 DEBUG 54479 --- [io-9080-exec-10] c.p.i.m.IntelPushRuleMapper.selectList   : ==>  Preparing: SELECT id,rule_name,tags_filter,importance_filter,target_roles,channel,silent_period,status,version,deleted,created_at,updated_at FROM intel_push_rule WHERE deleted=false ORDER BY created_at DESC
2026-08-20 23:04:46.491 DEBUG 54479 --- [nio-9080-exec-5] c.p.i.m.IntelSourceMapper.selectCount    : <==      Total: 1
2026-08-20 23:04:46.491 DEBUG 54479 --- [io-9080-exec-10] c.p.i.m.IntelPushRuleMapper.selectList   : ==> Parameters: 
2026-08-20 23:04:46.492 DEBUG 54479 --- [nio-9080-exec-5] c.p.i.m.IntelSourceMapper.selectList     : ==>  Preparing: SELECT id,source_code,source_name,intel_type,fetch_mode,frequency,status,version,deleted,created_at,updated_at FROM intel_source WHERE deleted=false ORDER BY intel_type ASC,source_code ASC
2026-08-20 23:04:46.492 DEBUG 54479 --- [io-9080-exec-10] c.p.i.m.IntelPushRuleMapper.selectList   : <==      Total: 3
2026-08-20 23:04:46.492 DEBUG 54479 --- [nio-9080-exec-5] c.p.i.m.IntelSourceMapper.selectList     : ==> Parameters: 
2026-08-20 23:04:46.493 DEBUG 54479 --- [nio-9080-exec-5] c.p.i.m.IntelSourceMapper.selectList     : <==      Total: 10
2026-08-20 23:04:46.493 DEBUG 54479 --- [nio-9080-exec-9] c.p.i.m.IntelNewsMapper.selectCount      : ==>  Preparing: SELECT COUNT( * ) FROM intel_news WHERE deleted=false
2026-08-20 23:04:46.494 DEBUG 54479 --- [nio-9080-exec-9] c.p.i.m.IntelNewsMapper.selectCount      : ==> Parameters: 
2026-08-20 23:04:46.494 DEBUG 54479 --- [nio-9080-exec-9] c.p.i.m.IntelNewsMapper.selectCount      : <==      Total: 1
2026-08-20 23:04:46.499 DEBUG 54479 --- [nio-9080-exec-9] c.p.i.m.I.selectPage_mpCount             : ==>  Preparing: SELECT COUNT(*) AS total FROM intel_news WHERE deleted = false AND ((region_code = ? OR region_code IS NULL))
2026-08-20 23:04:46.499 DEBUG 54479 --- [nio-9080-exec-9] c.p.i.m.I.selectPage_mpCount             : ==> Parameters: CN-31(String)
2026-08-20 23:04:46.499 DEBUG 54479 --- [nio-9080-exec-9] c.p.i.m.I.selectPage_mpCount             : <==      Total: 1
2026-08-20 23:04:46.500 DEBUG 54479 --- [nio-9080-exec-9] c.p.i.mapper.IntelNewsMapper.selectPage  : ==>  Preparing: SELECT id,source_code,title,content,region_code,normalized_tags,importance,published_at,push_status,version,deleted,created_at,updated_at FROM intel_news WHERE deleted=false AND ((region_code = ? OR region_code IS NULL)) ORDER BY published_at DESC LIMIT ?
2026-08-20 23:04:46.500 DEBUG 54479 --- [nio-9080-exec-9] c.p.i.mapper.IntelNewsMapper.selectPage  : ==> Parameters: CN-31(String), 20(Long)
2026-08-20 23:04:46.501 DEBUG 54479 --- [nio-9080-exec-9] c.p.i.mapper.IntelNewsMapper.selectPage  : <==      Total: 15
2026-08-20 23:04:46.830 DEBUG 54479 --- [nio-9080-exec-8] c.p.s.m.S.selectCount                    : ==>  Preparing: SELECT COUNT( * ) FROM settlement_record WHERE deleted=false AND (settlement_period = ? AND region_code = ?)
2026-08-20 23:04:46.830 DEBUG 54479 --- [nio-9080-exec-8] c.p.s.m.S.selectCount                    : ==> Parameters: 2026-08(String), CN-31(String)
2026-08-20 23:04:46.831 DEBUG 54479 --- [nio-9080-exec-8] c.p.s.m.S.selectCount                    : <==      Total: 1
2026-08-20 23:04:46.834 DEBUG 54479 --- [nio-9080-exec-8] c.p.s.m.S.selectPage_mpCount             : ==>  Preparing: SELECT COUNT(*) AS total FROM settlement_record WHERE deleted = false AND (settlement_period = ? AND region_code = ?)
2026-08-20 23:04:46.835 DEBUG 54479 --- [nio-9080-exec-8] c.p.s.m.S.selectPage_mpCount             : ==> Parameters: 2026-08(String), CN-31(String)
2026-08-20 23:04:46.835 DEBUG 54479 --- [nio-9080-exec-8] c.p.s.m.S.selectPage_mpCount             : <==      Total: 1
2026-08-20 23:04:46.836 DEBUG 54479 --- [nio-9080-exec-8] c.p.s.m.S.selectPage                     : ==>  Preparing: SELECT id,settlement_period,region_code,source,items,total_amount,sync_status,version,deleted,created_at,updated_at FROM settlement_record WHERE deleted=false AND (settlement_period = ? AND region_code = ?) ORDER BY source ASC LIMIT ?
2026-08-20 23:04:46.836 DEBUG 54479 --- [nio-9080-exec-8] c.p.s.m.S.selectPage                     : ==> Parameters: 2026-08(String), CN-31(String), 20(Long)
2026-08-20 23:04:46.837 DEBUG 54479 --- [nio-9080-exec-8] c.p.s.m.S.selectPage                     : <==      Total: 2
2026-08-20 23:05:02.186 DEBUG 54479 --- [   scheduling-1] c.p.i.m.IntelPushRuleMapper.selectList   : ==>  Preparing: SELECT id,rule_name,tags_filter,importance_filter,target_roles,channel,silent_period,status,version,deleted,created_at,updated_at FROM intel_push_rule WHERE deleted=false AND (status = ?)
2026-08-20 23:05:02.186 DEBUG 54479 --- [   scheduling-1] c.p.i.m.IntelPushRuleMapper.selectList   : ==> Parameters: active(String)
2026-08-20 23:05:02.187 DEBUG 54479 --- [   scheduling-1] c.p.i.m.IntelPushRuleMapper.selectList   : <==      Total: 3
2026-08-20 23:05:02.187 DEBUG 54479 --- [   scheduling-1] c.p.i.mapper.IntelNewsMapper.selectList  : ==>  Preparing: SELECT id,source_code,title,content,region_code,normalized_tags,importance,published_at,push_status,version,deleted,created_at,updated_at FROM intel_news WHERE deleted=false AND (push_status = ? AND importance = ?)
2026-08-20 23:05:02.187 DEBUG 54479 --- [   scheduling-1] c.p.i.mapper.IntelNewsMapper.selectList  : ==> Parameters: none(String), high(String)
2026-08-20 23:05:02.187 DEBUG 54479 --- [   scheduling-1] c.p.i.mapper.IntelNewsMapper.selectList  : <==      Total: 0
2026-08-20 23:05:02.188 DEBUG 54479 --- [   scheduling-1] c.p.i.mapper.IntelNewsMapper.selectList  : ==>  Preparing: SELECT id,source_code,title,content,region_code,normalized_tags,importance,published_at,push_status,version,deleted,created_at,updated_at FROM intel_news WHERE deleted=false AND (push_status = ? AND importance = ?)
2026-08-20 23:05:02.188 DEBUG 54479 --- [   scheduling-1] c.p.i.mapper.IntelNewsMapper.selectList  : ==> Parameters: none(String), medium(String)
2026-08-20 23:05:02.188 DEBUG 54479 --- [   scheduling-1] c.p.i.mapper.IntelNewsMapper.selectList  : <==      Total: 6
2026-08-20 23:05:02.189 DEBUG 54479 --- [   scheduling-1] c.p.i.mapper.IntelNewsMapper.selectList  : ==>  Preparing: SELECT id,source_code,title,content,region_code,normalized_tags,importance,published_at,push_status,version,deleted,created_at,updated_at FROM intel_news WHERE deleted=false AND (push_status = ? AND importance = ?)
2026-08-20 23:05:02.189 DEBUG 54479 --- [   scheduling-1] c.p.i.mapper.IntelNewsMapper.selectList  : ==> Parameters: none(String), high(String)
2026-08-20 23:05:02.189 DEBUG 54479 --- [   scheduling-1] c.p.i.mapper.IntelNewsMapper.selectList  : <==      Total: 0
2026-08-20 23:05:02.189  INFO 54479 --- [   scheduling-1] com.ptidss.intel.service.IntelService    : 情报推送执行完成：匹配情报 0 条，派发消息 0 条
2026-08-20 23:05:11.784 DEBUG 54479 --- [   scheduling-1] c.p.d.m.CollectTaskMapper.selectList     : ==>  Preparing: SELECT id,source_id,task_type,cron_expr,last_run_time,last_status,records_count,error_log,version,deleted,created_at,updated_at FROM collect_task WHERE deleted=false AND (cron_expr IS NOT NULL)
2026-08-20 23:05:11.784 DEBUG 54479 --- [   scheduling-1] c.p.d.m.CollectTaskMapper.selectList     : ==> Parameters: 
2026-08-20 23:05:11.785 DEBUG 54479 --- [   scheduling-1] c.p.d.m.CollectTaskMapper.selectList     : <==      Total: 3
2026-08-20 23:05:32.190 DEBUG 54479 --- [   scheduling-1] c.p.i.m.IntelPushRuleMapper.selectList   : ==>  Preparing: SELECT id,rule_name,tags_filter,importance_filter,target_roles,channel,silent_period,status,version,deleted,created_at,updated_at FROM intel_push_rule WHERE deleted=false AND (status = ?)
2026-08-20 23:05:32.190 DEBUG 54479 --- [   scheduling-1] c.p.i.m.IntelPushRuleMapper.selectList   : ==> Parameters: active(String)
2026-08-20 23:05:32.191 DEBUG 54479 --- [   scheduling-1] c.p.i.m.IntelPushRuleMapper.selectList   : <==      Total: 3
2026-08-20 23:05:32.191 DEBUG 54479 --- [   scheduling-1] c.p.i.mapper.IntelNewsMapper.selectList  : ==>  Preparing: SELECT id,source_code,title,content,region_code,normalized_tags,importance,published_at,push_status,version,deleted,created_at,updated_at FROM intel_news WHERE deleted=false AND (push_status = ? AND importance = ?)
2026-08-20 23:05:32.191 DEBUG 54479 --- [   scheduling-1] c.p.i.mapper.IntelNewsMapper.selectList  : ==> Parameters: none(String), high(String)
2026-08-20 23:05:32.192 DEBUG 54479 --- [   scheduling-1] c.p.i.mapper.IntelNewsMapper.selectList  : <==      Total: 0
2026-08-20 23:05:32.193 DEBUG 54479 --- [   scheduling-1] c.p.i.mapper.IntelNewsMapper.selectList  : ==>  Preparing: SELECT id,source_code,title,content,region_code,normalized_tags,importance,published_at,push_status,version,deleted,created_at,updated_at FROM intel_news WHERE deleted=false AND (push_status = ? AND importance = ?)
2026-08-20 23:05:32.193 DEBUG 54479 --- [   scheduling-1] c.p.i.mapper.IntelNewsMapper.selectList  : ==> Parameters: none(String), medium(String)
2026-08-20 23:05:32.194 DEBUG 54479 --- [   scheduling-1] c.p.i.mapper.IntelNewsMapper.selectList  : <==      Total: 6
2026-08-20 23:05:32.194 DEBUG 54479 --- [   scheduling-1] c.p.i.mapper.IntelNewsMapper.selectList  : ==>  Preparing: SELECT id,source_code,title,content,region_code,normalized_tags,importance,published_at,push_status,version,deleted,created_at,updated_at FROM intel_news WHERE deleted=false AND (push_status = ? AND importance = ?)
2026-08-20 23:05:32.194 DEBUG 54479 --- [   scheduling-1] c.p.i.mapper.IntelNewsMapper.selectList  : ==> Parameters: none(String), high(String)
2026-08-20 23:05:32.195 DEBUG 54479 --- [   scheduling-1] c.p.i.mapper.IntelNewsMapper.selectList  : <==      Total: 0
2026-08-20 23:05:32.195  INFO 54479 --- [   scheduling-1] com.ptidss.intel.service.IntelService    : 情报推送执行完成：匹配情报 0 条，派发消息 0 条
2026-08-20 23:06:02.196 DEBUG 54479 --- [   scheduling-1] c.p.i.m.IntelPushRuleMapper.selectList   : ==>  Preparing: SELECT id,rule_name,tags_filter,importance_filter,target_roles,channel,silent_period,status,version,deleted,created_at,updated_at FROM intel_push_rule WHERE deleted=false AND (status = ?)
2026-08-20 23:06:02.196 DEBUG 54479 --- [   scheduling-1] c.p.i.m.IntelPushRuleMapper.selectList   : ==> Parameters: active(String)
2026-08-20 23:06:02.197 DEBUG 54479 --- [   scheduling-1] c.p.i.m.IntelPushRuleMapper.selectList   : <==      Total: 3
2026-08-20 23:06:02.197 DEBUG 54479 --- [   scheduling-1] c.p.i.mapper.IntelNewsMapper.selectList  : ==>  Preparing: SELECT id,source_code,title,content,region_code,normalized_tags,importance,published_at,push_status,version,deleted,created_at,updated_at FROM intel_news WHERE deleted=false AND (push_status = ? AND importance = ?)
2026-08-20 23:06:02.197 DEBUG 54479 --- [   scheduling-1] c.p.i.mapper.IntelNewsMapper.selectList  : ==> Parameters: none(String), high(String)
2026-08-20 23:06:02.197 DEBUG 54479 --- [   scheduling-1] c.p.i.mapper.IntelNewsMapper.selectList  : <==      Total: 0
2026-08-20 23:06:02.198 DEBUG 54479 --- [   scheduling-1] c.p.i.mapper.IntelNewsMapper.selectList  : ==>  Preparing: SELECT id,source_code,title,content,region_code,normalized_tags,importance,published_at,push_status,version,deleted,created_at,updated_at FROM intel_news WHERE deleted=false AND (push_status = ? AND importance = ?)
2026-08-20 23:06:02.198 DEBUG 54479 --- [   scheduling-1] c.p.i.mapper.IntelNewsMapper.selectList  : ==> Parameters: none(String), medium(String)
2026-08-20 23:06:02.199 DEBUG 54479 --- [   scheduling-1] c.p.i.mapper.IntelNewsMapper.selectList  : <==      Total: 6
2026-08-20 23:06:02.199 DEBUG 54479 --- [   scheduling-1] c.p.i.mapper.IntelNewsMapper.selectList  : ==>  Preparing: SELECT id,source_code,title,content,region_code,normalized_tags,importance,published_at,push_status,version,deleted,created_at,updated_at FROM intel_news WHERE deleted=false AND (push_status = ? AND importance = ?)
2026-08-20 23:06:02.199 DEBUG 54479 --- [   scheduling-1] c.p.i.mapper.IntelNewsMapper.selectList  : ==> Parameters: none(String), high(String)
2026-08-20 23:06:02.200 DEBUG 54479 --- [   scheduling-1] c.p.i.mapper.IntelNewsMapper.selectList  : <==      Total: 0
2026-08-20 23:06:02.200  INFO 54479 --- [   scheduling-1] com.ptidss.intel.service.IntelService    : 情报推送执行完成：匹配情报 0 条，派发消息 0 条
2026-08-20 23:06:11.786 DEBUG 54479 --- [   scheduling-1] c.p.d.m.CollectTaskMapper.selectList     : ==>  Preparing: SELECT id,source_id,task_type,cron_expr,last_run_time,last_status,records_count,error_log,version,deleted,created_at,updated_at FROM collect_task WHERE deleted=false AND (cron_expr IS NOT NULL)
2026-08-20 23:06:11.786 DEBUG 54479 --- [   scheduling-1] c.p.d.m.CollectTaskMapper.selectList     : ==> Parameters: 
2026-08-20 23:06:11.787 DEBUG 54479 --- [   scheduling-1] c.p.d.m.CollectTaskMapper.selectList     : <==      Total: 3
2026-08-20 23:06:32.201 DEBUG 54479 --- [   scheduling-1] c.p.i.m.IntelPushRuleMapper.selectList   : ==>  Preparing: SELECT id,rule_name,tags_filter,importance_filter,target_roles,channel,silent_period,status,version,deleted,created_at,updated_at FROM intel_push_rule WHERE deleted=false AND (status = ?)
2026-08-20 23:06:32.201 DEBUG 54479 --- [   scheduling-1] c.p.i.m.IntelPushRuleMapper.selectList   : ==> Parameters: active(String)
2026-08-20 23:06:32.202 DEBUG 54479 --- [   scheduling-1] c.p.i.m.IntelPushRuleMapper.selectList   : <==      Total: 3
2026-08-20 23:06:32.203 DEBUG 54479 --- [   scheduling-1] c.p.i.mapper.IntelNewsMapper.selectList  : ==>  Preparing: SELECT id,source_code,title,content,region_code,normalized_tags,importance,published_at,push_status,version,deleted,created_at,updated_at FROM intel_news WHERE deleted=false AND (push_status = ? AND importance = ?)
2026-08-20 23:06:32.203 DEBUG 54479 --- [   scheduling-1] c.p.i.mapper.IntelNewsMapper.selectList  : ==> Parameters: none(String), high(String)
2026-08-20 23:06:32.203 DEBUG 54479 --- [   scheduling-1] c.p.i.mapper.IntelNewsMapper.selectList  : <==      Total: 0
2026-08-20 23:06:32.204 DEBUG 54479 --- [   scheduling-1] c.p.i.mapper.IntelNewsMapper.selectList  : ==>  Preparing: SELECT id,source_code,title,content,region_code,normalized_tags,importance,published_at,push_status,version,deleted,created_at,updated_at FROM intel_news WHERE deleted=false AND (push_status = ? AND importance = ?)
2026-08-20 23:06:32.204 DEBUG 54479 --- [   scheduling-1] c.p.i.mapper.IntelNewsMapper.selectList  : ==> Parameters: none(String), medium(String)
2026-08-20 23:06:32.205 DEBUG 54479 --- [   scheduling-1] c.p.i.mapper.IntelNewsMapper.selectList  : <==      Total: 6
2026-08-20 23:06:32.205 DEBUG 54479 --- [   scheduling-1] c.p.i.mapper.IntelNewsMapper.selectList  : ==>  Preparing: SELECT id,source_code,title,content,region_code,normalized_tags,importance,published_at,push_status,version,deleted,created_at,updated_at FROM intel_news WHERE deleted=false AND (push_status = ? AND importance = ?)
2026-08-20 23:06:32.205 DEBUG 54479 --- [   scheduling-1] c.p.i.mapper.IntelNewsMapper.selectList  : ==> Parameters: none(String), high(String)
2026-08-20 23:06:32.206 DEBUG 54479 --- [   scheduling-1] c.p.i.mapper.IntelNewsMapper.selectList  : <==      Total: 0
2026-08-20 23:06:32.206  INFO 54479 --- [   scheduling-1] com.ptidss.intel.service.IntelService    : 情报推送执行完成：匹配情报 0 条，派发消息 0 条
2026-08-20 23:07:02.207 DEBUG 54479 --- [   scheduling-1] c.p.i.m.IntelPushRuleMapper.selectList   : ==>  Preparing: SELECT id,rule_name,tags_filter,importance_filter,target_roles,channel,silent_period,status,version,deleted,created_at,updated_at FROM intel_push_rule WHERE deleted=false AND (status = ?)
2026-08-20 23:07:02.207 DEBUG 54479 --- [   scheduling-1] c.p.i.m.IntelPushRuleMapper.selectList   : ==> Parameters: active(String)
2026-08-20 23:07:02.207 DEBUG 54479 --- [   scheduling-1] c.p.i.m.IntelPushRuleMapper.selectList   : <==      Total: 3
2026-08-20 23:07:02.208 DEBUG 54479 --- [   scheduling-1] c.p.i.mapper.IntelNewsMapper.selectList  : ==>  Preparing: SELECT id,source_code,title,content,region_code,normalized_tags,importance,published_at,push_status,version,deleted,created_at,updated_at FROM intel_news WHERE deleted=false AND (push_status = ? AND importance = ?)
2026-08-20 23:07:02.208 DEBUG 54479 --- [   scheduling-1] c.p.i.mapper.IntelNewsMapper.selectList  : ==> Parameters: none(String), high(String)
2026-08-20 23:07:02.208 DEBUG 54479 --- [   scheduling-1] c.p.i.mapper.IntelNewsMapper.selectList  : <==      Total: 0
2026-08-20 23:07:02.209 DEBUG 54479 --- [   scheduling-1] c.p.i.mapper.IntelNewsMapper.selectList  : ==>  Preparing: SELECT id,source_code,title,content,region_code,normalized_tags,importance,published_at,push_status,version,deleted,created_at,updated_at FROM intel_news WHERE deleted=false AND (push_status = ? AND importance = ?)
2026-08-20 23:07:02.209 DEBUG 54479 --- [   scheduling-1] c.p.i.mapper.IntelNewsMapper.selectList  : ==> Parameters: none(String), medium(String)
2026-08-20 23:07:02.209 DEBUG 54479 --- [   scheduling-1] c.p.i.mapper.IntelNewsMapper.selectList  : <==      Total: 6
2026-08-20 23:07:02.210 DEBUG 54479 --- [   scheduling-1] c.p.i.mapper.IntelNewsMapper.selectList  : ==>  Preparing: SELECT id,source_code,title,content,region_code,normalized_tags,importance,published_at,push_status,version,deleted,created_at,updated_at FROM intel_news WHERE deleted=false AND (push_status = ? AND importance = ?)
2026-08-20 23:07:02.210 DEBUG 54479 --- [   scheduling-1] c.p.i.mapper.IntelNewsMapper.selectList  : ==> Parameters: none(String), high(String)
2026-08-20 23:07:02.210 DEBUG 54479 --- [   scheduling-1] c.p.i.mapper.IntelNewsMapper.selectList  : <==      Total: 0
2026-08-20 23:07:02.210  INFO 54479 --- [   scheduling-1] com.ptidss.intel.service.IntelService    : 情报推送执行完成：匹配情报 0 条，派发消息 0 条
2026-08-20 23:07:10.743 DEBUG 54479 --- [nio-9080-exec-7] c.p.s.mapper.SysRoleMapper.selectList    : ==>  Preparing: SELECT id,role_code,role_name,description,status,version,deleted,created_at,updated_at FROM sys_role WHERE deleted=false ORDER BY id ASC
2026-08-20 23:07:10.743 DEBUG 54479 --- [nio-9080-exec-7] c.p.s.mapper.SysRoleMapper.selectList    : ==> Parameters: 
2026-08-20 23:07:10.744 DEBUG 54479 --- [nio-9080-exec-3] c.p.s.mapper.SysRegionMapper.selectList  : ==>  Preparing: SELECT id,region_code,region_name,market_support,exchange_channel,settlement_period,status,launch_order,version,deleted,created_at,updated_at FROM sys_region WHERE deleted=false ORDER BY launch_order ASC
2026-08-20 23:07:10.744 DEBUG 54479 --- [nio-9080-exec-3] c.p.s.mapper.SysRegionMapper.selectList  : ==> Parameters: 
2026-08-20 23:07:10.744 DEBUG 54479 --- [nio-9080-exec-7] c.p.s.mapper.SysRoleMapper.selectList    : <==      Total: 7
2026-08-20 23:07:10.747 DEBUG 54479 --- [nio-9080-exec-6] c.p.s.m.S.selectPage_mpCount             : ==>  Preparing: SELECT COUNT(*) AS total FROM sys_user WHERE deleted = false
2026-08-20 23:07:10.747 DEBUG 54479 --- [nio-9080-exec-6] c.p.s.m.S.selectPage_mpCount             : ==> Parameters: 
2026-08-20 23:07:10.748 DEBUG 54479 --- [nio-9080-exec-6] c.p.s.m.S.selectPage_mpCount             : <==      Total: 1
2026-08-20 23:07:10.748 DEBUG 54479 --- [nio-9080-exec-6] c.p.s.mapper.SysUserMapper.selectPage    : ==>  Preparing: SELECT id,username,display_name,password_hash,role_ids,org_code,phone,email,status,last_login_at,version,deleted,created_at,updated_at FROM sys_user WHERE deleted=false ORDER BY id ASC LIMIT ?
2026-08-20 23:07:10.749 DEBUG 54479 --- [nio-9080-exec-6] c.p.s.mapper.SysUserMapper.selectPage    : ==> Parameters: 10(Long)
2026-08-20 23:07:10.749 DEBUG 54479 --- [nio-9080-exec-6] c.p.s.mapper.SysUserMapper.selectPage    : <==      Total: 4
2026-08-20 23:07:10.750 DEBUG 54479 --- [nio-9080-exec-3] c.p.s.mapper.SysRegionMapper.selectList  : <==      Total: 8
2026-08-20 23:07:11.788 DEBUG 54479 --- [   scheduling-1] c.p.d.m.CollectTaskMapper.selectList     : ==>  Preparing: SELECT id,source_id,task_type,cron_expr,last_run_time,last_status,records_count,error_log,version,deleted,created_at,updated_at FROM collect_task WHERE deleted=false AND (cron_expr IS NOT NULL)
2026-08-20 23:07:11.788 DEBUG 54479 --- [   scheduling-1] c.p.d.m.CollectTaskMapper.selectList     : ==> Parameters: 
2026-08-20 23:07:11.789 DEBUG 54479 --- [   scheduling-1] c.p.d.m.CollectTaskMapper.selectList     : <==      Total: 3
2026-08-20 23:07:24.915 DEBUG 54479 --- [io-9080-exec-10] c.p.d.m.DataSourceMapper.selectList      : ==>  Preparing: SELECT id,source_code,source_type,connect_config,sync_mode,frequency,status,version,deleted,created_at,updated_at FROM data_source WHERE deleted=false ORDER BY source_code ASC
2026-08-20 23:07:24.915 DEBUG 54479 --- [io-9080-exec-10] c.p.d.m.DataSourceMapper.selectList      : ==> Parameters: 
2026-08-20 23:07:24.916 DEBUG 54479 --- [nio-9080-exec-9] c.p.d.m.DataLineageMapper.selectCount    : ==>  Preparing: SELECT COUNT( * ) FROM data_lineage WHERE deleted=false
2026-08-20 23:07:24.916 DEBUG 54479 --- [nio-9080-exec-9] c.p.d.m.DataLineageMapper.selectCount    : ==> Parameters: 
2026-08-20 23:07:24.917 DEBUG 54479 --- [io-9080-exec-10] c.p.d.m.DataSourceMapper.selectList      : <==      Total: 3
2026-08-20 23:07:24.917 DEBUG 54479 --- [nio-9080-exec-5] c.p.d.m.D.selectList                     : ==>  Preparing: SELECT id,rule_code,rule_type,target_table,target_field,condition,threshold,severity,status,version,deleted,created_at,updated_at FROM data_quality_rule WHERE deleted=false AND (status = ?)
2026-08-20 23:07:24.917 DEBUG 54479 --- [nio-9080-exec-5] c.p.d.m.D.selectList                     : ==> Parameters: active(String)
2026-08-20 23:07:24.917 DEBUG 54479 --- [nio-9080-exec-9] c.p.d.m.DataLineageMapper.selectCount    : <==      Total: 1
2026-08-20 23:07:24.918 DEBUG 54479 --- [io-9080-exec-10] c.p.d.m.CollectTaskMapper.selectList     : ==>  Preparing: SELECT id,source_id,task_type,cron_expr,last_run_time,last_status,records_count,error_log,version,deleted,created_at,updated_at FROM collect_task WHERE deleted=false AND (source_id = ?) ORDER BY last_run_time DESC LIMIT 1
2026-08-20 23:07:24.918 DEBUG 54479 --- [nio-9080-exec-5] c.p.d.m.D.selectList                     : <==      Total: 2
2026-08-20 23:07:24.918 DEBUG 54479 --- [io-9080-exec-10] c.p.d.m.CollectTaskMapper.selectList     : ==> Parameters: 2(Long)
2026-08-20 23:07:24.918 DEBUG 54479 --- [nio-9080-exec-9] c.p.d.m.DataLineageMapper.selectList     : ==>  Preparing: SELECT id,node_id,node_type,upstream,downstream,field_mapping,version,deleted,created_at,updated_at FROM data_lineage WHERE deleted=false
2026-08-20 23:07:24.918 DEBUG 54479 --- [nio-9080-exec-9] c.p.d.m.DataLineageMapper.selectList     : ==> Parameters: 
2026-08-20 23:07:24.920 DEBUG 54479 --- [io-9080-exec-10] c.p.d.m.CollectTaskMapper.selectList     : <==      Total: 1
2026-08-20 23:07:24.921 DEBUG 54479 --- [io-9080-exec-10] c.p.d.m.CollectTaskMapper.selectList     : ==>  Preparing: SELECT id,source_id,task_type,cron_expr,last_run_time,last_status,records_count,error_log,version,deleted,created_at,updated_at FROM collect_task WHERE deleted=false AND (source_id = ?) ORDER BY last_run_time DESC LIMIT 1
2026-08-20 23:07:24.921 DEBUG 54479 --- [io-9080-exec-10] c.p.d.m.CollectTaskMapper.selectList     : ==> Parameters: 1(Long)
2026-08-20 23:07:24.921 DEBUG 54479 --- [nio-9080-exec-9] c.p.d.m.DataLineageMapper.selectList     : <==      Total: 7
2026-08-20 23:07:24.924 DEBUG 54479 --- [io-9080-exec-10] c.p.d.m.CollectTaskMapper.selectList     : <==      Total: 0
2026-08-20 23:07:24.925 DEBUG 54479 --- [io-9080-exec-10] c.p.d.m.CollectTaskMapper.selectList     : ==>  Preparing: SELECT id,source_id,task_type,cron_expr,last_run_time,last_status,records_count,error_log,version,deleted,created_at,updated_at FROM collect_task WHERE deleted=false AND (source_id = ?) ORDER BY last_run_time DESC LIMIT 1
2026-08-20 23:07:24.925 DEBUG 54479 --- [io-9080-exec-10] c.p.d.m.CollectTaskMapper.selectList     : ==> Parameters: 3(Long)
2026-08-20 23:07:24.926 DEBUG 54479 --- [io-9080-exec-10] c.p.d.m.CollectTaskMapper.selectList     : <==      Total: 1
2026-08-20 23:07:32.211 DEBUG 54479 --- [   scheduling-1] c.p.i.m.IntelPushRuleMapper.selectList   : ==>  Preparing: SELECT id,rule_name,tags_filter,importance_filter,target_roles,channel,silent_period,status,version,deleted,created_at,updated_at FROM intel_push_rule WHERE deleted=false AND (status = ?)
2026-08-20 23:07:32.211 DEBUG 54479 --- [   scheduling-1] c.p.i.m.IntelPushRuleMapper.selectList   : ==> Parameters: active(String)
2026-08-20 23:07:32.212 DEBUG 54479 --- [   scheduling-1] c.p.i.m.IntelPushRuleMapper.selectList   : <==      Total: 3
2026-08-20 23:07:32.212 DEBUG 54479 --- [   scheduling-1] c.p.i.mapper.IntelNewsMapper.selectList  : ==>  Preparing: SELECT id,source_code,title,content,region_code,normalized_tags,importance,published_at,push_status,version,deleted,created_at,updated_at FROM intel_news WHERE deleted=false AND (push_status = ? AND importance = ?)
2026-08-20 23:07:32.212 DEBUG 54479 --- [   scheduling-1] c.p.i.mapper.IntelNewsMapper.selectList  : ==> Parameters: none(String), high(String)
2026-08-20 23:07:32.213 DEBUG 54479 --- [   scheduling-1] c.p.i.mapper.IntelNewsMapper.selectList  : <==      Total: 0
2026-08-20 23:07:32.213 DEBUG 54479 --- [   scheduling-1] c.p.i.mapper.IntelNewsMapper.selectList  : ==>  Preparing: SELECT id,source_code,title,content,region_code,normalized_tags,importance,published_at,push_status,version,deleted,created_at,updated_at FROM intel_news WHERE deleted=false AND (push_status = ? AND importance = ?)
2026-08-20 23:07:32.213 DEBUG 54479 --- [   scheduling-1] c.p.i.mapper.IntelNewsMapper.selectList  : ==> Parameters: none(String), medium(String)
2026-08-20 23:07:32.214 DEBUG 54479 --- [   scheduling-1] c.p.i.mapper.IntelNewsMapper.selectList  : <==      Total: 6
2026-08-20 23:07:32.215 DEBUG 54479 --- [   scheduling-1] c.p.i.mapper.IntelNewsMapper.selectList  : ==>  Preparing: SELECT id,source_code,title,content,region_code,normalized_tags,importance,published_at,push_status,version,deleted,created_at,updated_at FROM intel_news WHERE deleted=false AND (push_status = ? AND importance = ?)
2026-08-20 23:07:32.215 DEBUG 54479 --- [   scheduling-1] c.p.i.mapper.IntelNewsMapper.selectList  : ==> Parameters: none(String), high(String)
2026-08-20 23:07:32.215 DEBUG 54479 --- [   scheduling-1] c.p.i.mapper.IntelNewsMapper.selectList  : <==      Total: 0
2026-08-20 23:07:32.215  INFO 54479 --- [   scheduling-1] com.ptidss.intel.service.IntelService    : 情报推送执行完成：匹配情报 0 条，派发消息 0 条
2026-08-20 23:07:34.330 DEBUG 54479 --- [nio-9080-exec-3] c.p.i.m.IntelNewsMapper.selectCount      : ==>  Preparing: SELECT COUNT( * ) FROM intel_news WHERE deleted=false
2026-08-20 23:07:34.330 DEBUG 54479 --- [nio-9080-exec-3] c.p.i.m.IntelNewsMapper.selectCount      : ==> Parameters: 
2026-08-20 23:07:34.330 DEBUG 54479 --- [nio-9080-exec-4] c.p.i.m.IntelSourceMapper.selectCount    : ==>  Preparing: SELECT COUNT( * ) FROM intel_source WHERE deleted=false
2026-08-20 23:07:34.330 DEBUG 54479 --- [nio-9080-exec-4] c.p.i.m.IntelSourceMapper.selectCount    : ==> Parameters: 
2026-08-20 23:07:34.331 DEBUG 54479 --- [nio-9080-exec-4] c.p.i.m.IntelSourceMapper.selectCount    : <==      Total: 1
2026-08-20 23:07:34.331 DEBUG 54479 --- [nio-9080-exec-3] c.p.i.m.IntelNewsMapper.selectCount      : <==      Total: 1
2026-08-20 23:07:34.331 DEBUG 54479 --- [nio-9080-exec-1] c.p.i.m.IntelPushRuleMapper.selectList   : ==>  Preparing: SELECT id,rule_name,tags_filter,importance_filter,target_roles,channel,silent_period,status,version,deleted,created_at,updated_at FROM intel_push_rule WHERE deleted=false ORDER BY created_at DESC
2026-08-20 23:07:34.331 DEBUG 54479 --- [nio-9080-exec-1] c.p.i.m.IntelPushRuleMapper.selectList   : ==> Parameters: 
2026-08-20 23:07:34.332 DEBUG 54479 --- [nio-9080-exec-4] c.p.i.m.IntelSourceMapper.selectList     : ==>  Preparing: SELECT id,source_code,source_name,intel_type,fetch_mode,frequency,status,version,deleted,created_at,updated_at FROM intel_source WHERE deleted=false ORDER BY intel_type ASC,source_code ASC
2026-08-20 23:07:34.332 DEBUG 54479 --- [nio-9080-exec-4] c.p.i.m.IntelSourceMapper.selectList     : ==> Parameters: 
2026-08-20 23:07:34.333 DEBUG 54479 --- [nio-9080-exec-4] c.p.i.m.IntelSourceMapper.selectList     : <==      Total: 10
2026-08-20 23:07:34.335 DEBUG 54479 --- [nio-9080-exec-3] c.p.i.m.I.selectPage_mpCount             : ==>  Preparing: SELECT COUNT(*) AS total FROM intel_news WHERE deleted = false AND ((region_code = ? OR region_code IS NULL))
2026-08-20 23:07:34.335 DEBUG 54479 --- [nio-9080-exec-3] c.p.i.m.I.selectPage_mpCount             : ==> Parameters: CN-11(String)
2026-08-20 23:07:34.336 DEBUG 54479 --- [nio-9080-exec-3] c.p.i.m.I.selectPage_mpCount             : <==      Total: 1
2026-08-20 23:07:34.336 DEBUG 54479 --- [nio-9080-exec-3] c.p.i.mapper.IntelNewsMapper.selectPage  : ==>  Preparing: SELECT id,source_code,title,content,region_code,normalized_tags,importance,published_at,push_status,version,deleted,created_at,updated_at FROM intel_news WHERE deleted=false AND ((region_code = ? OR region_code IS NULL)) ORDER BY published_at DESC LIMIT ?
2026-08-20 23:07:34.336 DEBUG 54479 --- [nio-9080-exec-3] c.p.i.mapper.IntelNewsMapper.selectPage  : ==> Parameters: CN-11(String), 20(Long)
2026-08-20 23:07:34.337 DEBUG 54479 --- [nio-9080-exec-1] c.p.i.m.IntelPushRuleMapper.selectList   : <==      Total: 3
2026-08-20 23:07:34.337 DEBUG 54479 --- [nio-9080-exec-3] c.p.i.mapper.IntelNewsMapper.selectPage  : <==      Total: 10
2026-08-20 23:07:55.737 DEBUG 54479 --- [nio-9080-exec-5] c.p.p.m.P.selectCount                    : ==>  Preparing: SELECT COUNT( * ) FROM policy_document WHERE deleted=false
2026-08-20 23:07:55.737 DEBUG 54479 --- [nio-9080-exec-5] c.p.p.m.P.selectCount                    : ==> Parameters: 
2026-08-20 23:07:55.738 DEBUG 54479 --- [nio-9080-exec-5] c.p.p.m.P.selectCount                    : <==      Total: 1
2026-08-20 23:07:55.739 DEBUG 54479 --- [nio-9080-exec-5] c.p.p.m.P.selectPage_mpCount             : ==>  Preparing: SELECT COUNT(*) AS total FROM policy_document WHERE deleted = false
2026-08-20 23:07:55.740 DEBUG 54479 --- [nio-9080-exec-5] c.p.p.m.P.selectPage_mpCount             : ==> Parameters: 
2026-08-20 23:07:55.740 DEBUG 54479 --- [nio-9080-exec-5] c.p.p.m.P.selectPage_mpCount             : <==      Total: 1
2026-08-20 23:07:55.740 DEBUG 54479 --- [nio-9080-exec-5] c.p.p.m.PolicyDocumentMapper.selectPage  : ==>  Preparing: SELECT id,title,issuing_body,category,tags,version_no,file_url,publish_date,effective_date,status,version,deleted,created_at,updated_at FROM policy_document WHERE deleted=false ORDER BY publish_date DESC LIMIT ?
2026-08-20 23:07:55.740 DEBUG 54479 --- [nio-9080-exec-5] c.p.p.m.PolicyDocumentMapper.selectPage  : ==> Parameters: 10(Long)
2026-08-20 23:07:55.741 DEBUG 54479 --- [nio-9080-exec-5] c.p.p.m.PolicyDocumentMapper.selectPage  : <==      Total: 6
2026-08-20 23:08:02.216 DEBUG 54479 --- [   scheduling-1] c.p.i.m.IntelPushRuleMapper.selectList   : ==>  Preparing: SELECT id,rule_name,tags_filter,importance_filter,target_roles,channel,silent_period,status,version,deleted,created_at,updated_at FROM intel_push_rule WHERE deleted=false AND (status = ?)
2026-08-20 23:08:02.216 DEBUG 54479 --- [   scheduling-1] c.p.i.m.IntelPushRuleMapper.selectList   : ==> Parameters: active(String)
2026-08-20 23:08:02.217 DEBUG 54479 --- [   scheduling-1] c.p.i.m.IntelPushRuleMapper.selectList   : <==      Total: 3
2026-08-20 23:08:02.218 DEBUG 54479 --- [   scheduling-1] c.p.i.mapper.IntelNewsMapper.selectList  : ==>  Preparing: SELECT id,source_code,title,content,region_code,normalized_tags,importance,published_at,push_status,version,deleted,created_at,updated_at FROM intel_news WHERE deleted=false AND (push_status = ? AND importance = ?)
2026-08-20 23:08:02.218 DEBUG 54479 --- [   scheduling-1] c.p.i.mapper.IntelNewsMapper.selectList  : ==> Parameters: none(String), high(String)
2026-08-20 23:08:02.218 DEBUG 54479 --- [   scheduling-1] c.p.i.mapper.IntelNewsMapper.selectList  : <==      Total: 0
2026-08-20 23:08:02.218 DEBUG 54479 --- [   scheduling-1] c.p.i.mapper.IntelNewsMapper.selectList  : ==>  Preparing: SELECT id,source_code,title,content,region_code,normalized_tags,importance,published_at,push_status,version,deleted,created_at,updated_at FROM intel_news WHERE deleted=false AND (push_status = ? AND importance = ?)
2026-08-20 23:08:02.218 DEBUG 54479 --- [   scheduling-1] c.p.i.mapper.IntelNewsMapper.selectList  : ==> Parameters: none(String), medium(String)
2026-08-20 23:08:02.219 DEBUG 54479 --- [   scheduling-1] c.p.i.mapper.IntelNewsMapper.selectList  : <==      Total: 6
2026-08-20 23:08:02.220 DEBUG 54479 --- [   scheduling-1] c.p.i.mapper.IntelNewsMapper.selectList  : ==>  Preparing: SELECT id,source_code,title,content,region_code,normalized_tags,importance,published_at,push_status,version,deleted,created_at,updated_at FROM intel_news WHERE deleted=false AND (push_status = ? AND importance = ?)
2026-08-20 23:08:02.220 DEBUG 54479 --- [   scheduling-1] c.p.i.mapper.IntelNewsMapper.selectList  : ==> Parameters: none(String), high(String)
2026-08-20 23:08:02.220 DEBUG 54479 --- [   scheduling-1] c.p.i.mapper.IntelNewsMapper.selectList  : <==      Total: 0
2026-08-20 23:08:02.220  INFO 54479 --- [   scheduling-1] com.ptidss.intel.service.IntelService    : 情报推送执行完成：匹配情报 0 条，派发消息 0 条
2026-08-20 23:08:09.064 DEBUG 54479 --- [nio-9080-exec-9] c.p.m.m.ModelRegistryMapper.selectList   : ==>  Preparing: SELECT id,model_code,model_name,model_version,framework,metrics,status,file_url,trained_at,version,deleted,created_at,updated_at FROM model_registry WHERE deleted=false ORDER BY model_code ASC,version DESC
2026-08-20 23:08:09.064 DEBUG 54479 --- [nio-9080-exec-9] c.p.m.m.ModelRegistryMapper.selectList   : ==> Parameters: 
2026-08-20 23:08:09.065 DEBUG 54479 --- [nio-9080-exec-9] c.p.m.m.ModelRegistryMapper.selectList   : <==      Total: 3
2026-08-20 23:08:09.066 DEBUG 54479 --- [nio-9080-exec-8] c.p.m.m.MessageRecordMapper.selectCount  : ==>  Preparing: SELECT COUNT( * ) FROM message_record WHERE deleted=false AND (receiver_id = ?)
2026-08-20 23:08:09.066 DEBUG 54479 --- [nio-9080-exec-8] c.p.m.m.MessageRecordMapper.selectCount  : ==> Parameters: 1(Long)
2026-08-20 23:08:09.066 DEBUG 54479 --- [nio-9080-exec-7] c.p.t.m.RollingPlanMapper.selectList     : ==>  Preparing: SELECT id,trade_date,scenario,plan_type,adjustments,expected_revenue,risk_metrics,evidence_chain_ref,status,created_by,region_code,version,deleted,created_at,updated_at FROM rolling_plan WHERE deleted=false AND (region_code = ?) ORDER BY trade_date DESC
2026-08-20 23:08:09.066 DEBUG 54479 --- [nio-9080-exec-7] c.p.t.m.RollingPlanMapper.selectList     : ==> Parameters: CN-11(String)
2026-08-20 23:08:09.067 DEBUG 54479 --- [nio-9080-exec-8] c.p.m.m.MessageRecordMapper.selectCount  : <==      Total: 1
2026-08-20 23:08:09.067 DEBUG 54479 --- [nio-9080-exec-7] c.p.t.m.RollingPlanMapper.selectList     : <==      Total: 0
2026-08-20 23:08:09.070 DEBUG 54479 --- [nio-9080-exec-8] c.p.m.m.M.selectPage_mpCount             : ==>  Preparing: SELECT COUNT(*) AS total FROM message_record WHERE deleted = false AND (receiver_id = ? AND read_status = ?)
2026-08-20 23:08:09.070 DEBUG 54479 --- [nio-9080-exec-8] c.p.m.m.M.selectPage_mpCount             : ==> Parameters: 1(Long), unread(String)
2026-08-20 23:08:09.071 DEBUG 54479 --- [nio-9080-exec-8] c.p.m.m.M.selectPage_mpCount             : <==      Total: 1
2026-08-20 23:08:09.071 DEBUG 54479 --- [nio-9080-exec-8] c.p.m.m.MessageRecordMapper.selectPage   : ==>  Preparing: SELECT id,msg_type,receiver_id,title,content,channel,read_status,biz_ref,version,deleted,created_at,updated_at FROM message_record WHERE deleted=false AND (receiver_id = ? AND read_status = ?) ORDER BY created_at DESC LIMIT ?
2026-08-20 23:08:09.071 DEBUG 54479 --- [nio-9080-exec-8] c.p.m.m.MessageRecordMapper.selectPage   : ==> Parameters: 1(Long), unread(String), 10(Long)
2026-08-20 23:08:09.073 DEBUG 54479 --- [nio-9080-exec-8] c.p.m.m.MessageRecordMapper.selectPage   : <==      Total: 1
2026-08-20 23:08:09.084 DEBUG 54479 --- [nio-9080-exec-6] c.p.t.mapper.ContractMapper.selectList   : ==>  Preparing: SELECT id,contract_no,variety,direction,counterparty,total_volume,curve_json,price,start_date,end_date,status,source,region_code,version,deleted,created_at,updated_at FROM contract WHERE deleted=false AND (region_code = ? AND status IN (?,?))
2026-08-20 23:08:09.084 DEBUG 54479 --- [nio-9080-exec-6] c.p.t.mapper.ContractMapper.selectList   : ==> Parameters: CN-11(String), active(String), executing(String)
2026-08-20 23:08:09.085 DEBUG 54479 --- [nio-9080-exec-6] c.p.t.mapper.ContractMapper.selectList   : <==      Total: 0
2026-08-20 23:08:11.790 DEBUG 54479 --- [   scheduling-1] c.p.d.m.CollectTaskMapper.selectList     : ==>  Preparing: SELECT id,source_id,task_type,cron_expr,last_run_time,last_status,records_count,error_log,version,deleted,created_at,updated_at FROM collect_task WHERE deleted=false AND (cron_expr IS NOT NULL)
2026-08-20 23:08:11.790 DEBUG 54479 --- [   scheduling-1] c.p.d.m.CollectTaskMapper.selectList     : ==> Parameters: 
2026-08-20 23:08:11.791 DEBUG 54479 --- [   scheduling-1] c.p.d.m.CollectTaskMapper.selectList     : <==      Total: 3
2026-08-20 23:08:32.221 DEBUG 54479 --- [   scheduling-1] c.p.i.m.IntelPushRuleMapper.selectList   : ==>  Preparing: SELECT id,rule_name,tags_filter,importance_filter,target_roles,channel,silent_period,status,version,deleted,created_at,updated_at FROM intel_push_rule WHERE deleted=false AND (status = ?)
2026-08-20 23:08:32.221 DEBUG 54479 --- [   scheduling-1] c.p.i.m.IntelPushRuleMapper.selectList   : ==> Parameters: active(String)
2026-08-20 23:08:32.222 DEBUG 54479 --- [   scheduling-1] c.p.i.m.IntelPushRuleMapper.selectList   : <==      Total: 3
2026-08-20 23:08:32.222 DEBUG 54479 --- [   scheduling-1] c.p.i.mapper.IntelNewsMapper.selectList  : ==>  Preparing: SELECT id,source_code,title,content,region_code,normalized_tags,importance,published_at,push_status,version,deleted,created_at,updated_at FROM intel_news WHERE deleted=false AND (push_status = ? AND importance = ?)
2026-08-20 23:08:32.222 DEBUG 54479 --- [   scheduling-1] c.p.i.mapper.IntelNewsMapper.selectList  : ==> Parameters: none(String), high(String)
2026-08-20 23:08:32.222 DEBUG 54479 --- [   scheduling-1] c.p.i.mapper.IntelNewsMapper.selectList  : <==      Total: 0
2026-08-20 23:08:32.223 DEBUG 54479 --- [   scheduling-1] c.p.i.mapper.IntelNewsMapper.selectList  : ==>  Preparing: SELECT id,source_code,title,content,region_code,normalized_tags,importance,published_at,push_status,version,deleted,created_at,updated_at FROM intel_news WHERE deleted=false AND (push_status = ? AND importance = ?)
2026-08-20 23:08:32.223 DEBUG 54479 --- [   scheduling-1] c.p.i.mapper.IntelNewsMapper.selectList  : ==> Parameters: none(String), medium(String)
2026-08-20 23:08:32.223 DEBUG 54479 --- [   scheduling-1] c.p.i.mapper.IntelNewsMapper.selectList  : <==      Total: 6
2026-08-20 23:08:32.224 DEBUG 54479 --- [   scheduling-1] c.p.i.mapper.IntelNewsMapper.selectList  : ==>  Preparing: SELECT id,source_code,title,content,region_code,normalized_tags,importance,published_at,push_status,version,deleted,created_at,updated_at FROM intel_news WHERE deleted=false AND (push_status = ? AND importance = ?)
2026-08-20 23:08:32.224 DEBUG 54479 --- [   scheduling-1] c.p.i.mapper.IntelNewsMapper.selectList  : ==> Parameters: none(String), high(String)
2026-08-20 23:08:32.224 DEBUG 54479 --- [   scheduling-1] c.p.i.mapper.IntelNewsMapper.selectList  : <==      Total: 0
2026-08-20 23:08:32.224  INFO 54479 --- [   scheduling-1] com.ptidss.intel.service.IntelService    : 情报推送执行完成：匹配情报 0 条，派发消息 0 条
2026-08-20 23:09:02.225 DEBUG 54479 --- [   scheduling-1] c.p.i.m.IntelPushRuleMapper.selectList   : ==>  Preparing: SELECT id,rule_name,tags_filter,importance_filter,target_roles,channel,silent_period,status,version,deleted,created_at,updated_at FROM intel_push_rule WHERE deleted=false AND (status = ?)
2026-08-20 23:09:02.225 DEBUG 54479 --- [   scheduling-1] c.p.i.m.IntelPushRuleMapper.selectList   : ==> Parameters: active(String)
2026-08-20 23:09:02.225 DEBUG 54479 --- [   scheduling-1] c.p.i.m.IntelPushRuleMapper.selectList   : <==      Total: 3
2026-08-20 23:09:02.226 DEBUG 54479 --- [   scheduling-1] c.p.i.mapper.IntelNewsMapper.selectList  : ==>  Preparing: SELECT id,source_code,title,content,region_code,normalized_tags,importance,published_at,push_status,version,deleted,created_at,updated_at FROM intel_news WHERE deleted=false AND (push_status = ? AND importance = ?)
2026-08-20 23:09:02.226 DEBUG 54479 --- [   scheduling-1] c.p.i.mapper.IntelNewsMapper.selectList  : ==> Parameters: none(String), high(String)
2026-08-20 23:09:02.226 DEBUG 54479 --- [   scheduling-1] c.p.i.mapper.IntelNewsMapper.selectList  : <==      Total: 0
2026-08-20 23:09:02.227 DEBUG 54479 --- [   scheduling-1] c.p.i.mapper.IntelNewsMapper.selectList  : ==>  Preparing: SELECT id,source_code,title,content,region_code,normalized_tags,importance,published_at,push_status,version,deleted,created_at,updated_at FROM intel_news WHERE deleted=false AND (push_status = ? AND importance = ?)
2026-08-20 23:09:02.227 DEBUG 54479 --- [   scheduling-1] c.p.i.mapper.IntelNewsMapper.selectList  : ==> Parameters: none(String), medium(String)
2026-08-20 23:09:02.227 DEBUG 54479 --- [   scheduling-1] c.p.i.mapper.IntelNewsMapper.selectList  : <==      Total: 6
2026-08-20 23:09:02.227 DEBUG 54479 --- [   scheduling-1] c.p.i.mapper.IntelNewsMapper.selectList  : ==>  Preparing: SELECT id,source_code,title,content,region_code,normalized_tags,importance,published_at,push_status,version,deleted,created_at,updated_at FROM intel_news WHERE deleted=false AND (push_status = ? AND importance = ?)
2026-08-20 23:09:02.227 DEBUG 54479 --- [   scheduling-1] c.p.i.mapper.IntelNewsMapper.selectList  : ==> Parameters: none(String), high(String)
2026-08-20 23:09:02.228 DEBUG 54479 --- [   scheduling-1] c.p.i.mapper.IntelNewsMapper.selectList  : <==      Total: 0
2026-08-20 23:09:02.228  INFO 54479 --- [   scheduling-1] com.ptidss.intel.service.IntelService    : 情报推送执行完成：匹配情报 0 条，派发消息 0 条
2026-08-20 23:09:11.792 DEBUG 54479 --- [   scheduling-1] c.p.d.m.CollectTaskMapper.selectList     : ==>  Preparing: SELECT id,source_id,task_type,cron_expr,last_run_time,last_status,records_count,error_log,version,deleted,created_at,updated_at FROM collect_task WHERE deleted=false AND (cron_expr IS NOT NULL)
2026-08-20 23:09:11.792 DEBUG 54479 --- [   scheduling-1] c.p.d.m.CollectTaskMapper.selectList     : ==> Parameters: 
2026-08-20 23:09:11.792 DEBUG 54479 --- [   scheduling-1] c.p.d.m.CollectTaskMapper.selectList     : <==      Total: 3
2026-08-20 23:09:32.229 DEBUG 54479 --- [   scheduling-1] c.p.i.m.IntelPushRuleMapper.selectList   : ==>  Preparing: SELECT id,rule_name,tags_filter,importance_filter,target_roles,channel,silent_period,status,version,deleted,created_at,updated_at FROM intel_push_rule WHERE deleted=false AND (status = ?)
2026-08-20 23:09:32.230 DEBUG 54479 --- [   scheduling-1] c.p.i.m.IntelPushRuleMapper.selectList   : ==> Parameters: active(String)
2026-08-20 23:09:32.231 DEBUG 54479 --- [   scheduling-1] c.p.i.m.IntelPushRuleMapper.selectList   : <==      Total: 3
2026-08-20 23:09:32.232 DEBUG 54479 --- [   scheduling-1] c.p.i.mapper.IntelNewsMapper.selectList  : ==>  Preparing: SELECT id,source_code,title,content,region_code,normalized_tags,importance,published_at,push_status,version,deleted,created_at,updated_at FROM intel_news WHERE deleted=false AND (push_status = ? AND importance = ?)
2026-08-20 23:09:32.232 DEBUG 54479 --- [   scheduling-1] c.p.i.mapper.IntelNewsMapper.selectList  : ==> Parameters: none(String), high(String)
2026-08-20 23:09:32.232 DEBUG 54479 --- [   scheduling-1] c.p.i.mapper.IntelNewsMapper.selectList  : <==      Total: 0
2026-08-20 23:09:32.233 DEBUG 54479 --- [   scheduling-1] c.p.i.mapper.IntelNewsMapper.selectList  : ==>  Preparing: SELECT id,source_code,title,content,region_code,normalized_tags,importance,published_at,push_status,version,deleted,created_at,updated_at FROM intel_news WHERE deleted=false AND (push_status = ? AND importance = ?)
2026-08-20 23:09:32.234 DEBUG 54479 --- [   scheduling-1] c.p.i.mapper.IntelNewsMapper.selectList  : ==> Parameters: none(String), medium(String)
2026-08-20 23:09:32.234 DEBUG 54479 --- [   scheduling-1] c.p.i.mapper.IntelNewsMapper.selectList  : <==      Total: 6
2026-08-20 23:09:32.236 DEBUG 54479 --- [   scheduling-1] c.p.i.mapper.IntelNewsMapper.selectList  : ==>  Preparing: SELECT id,source_code,title,content,region_code,normalized_tags,importance,published_at,push_status,version,deleted,created_at,updated_at FROM intel_news WHERE deleted=false AND (push_status = ? AND importance = ?)
2026-08-20 23:09:32.236 DEBUG 54479 --- [   scheduling-1] c.p.i.mapper.IntelNewsMapper.selectList  : ==> Parameters: none(String), high(String)
2026-08-20 23:09:32.236 DEBUG 54479 --- [   scheduling-1] c.p.i.mapper.IntelNewsMapper.selectList  : <==      Total: 0
2026-08-20 23:09:32.236  INFO 54479 --- [   scheduling-1] com.ptidss.intel.service.IntelService    : 情报推送执行完成：匹配情报 0 条，派发消息 0 条
2026-08-20 23:10:02.238 DEBUG 54479 --- [   scheduling-1] c.p.i.m.IntelPushRuleMapper.selectList   : ==>  Preparing: SELECT id,rule_name,tags_filter,importance_filter,target_roles,channel,silent_period,status,version,deleted,created_at,updated_at FROM intel_push_rule WHERE deleted=false AND (status = ?)
2026-08-20 23:10:02.238 DEBUG 54479 --- [   scheduling-1] c.p.i.m.IntelPushRuleMapper.selectList   : ==> Parameters: active(String)
2026-08-20 23:10:02.240 DEBUG 54479 --- [   scheduling-1] c.p.i.m.IntelPushRuleMapper.selectList   : <==      Total: 3
2026-08-20 23:10:02.241 DEBUG 54479 --- [   scheduling-1] c.p.i.mapper.IntelNewsMapper.selectList  : ==>  Preparing: SELECT id,source_code,title,content,region_code,normalized_tags,importance,published_at,push_status,version,deleted,created_at,updated_at FROM intel_news WHERE deleted=false AND (push_status = ? AND importance = ?)
2026-08-20 23:10:02.241 DEBUG 54479 --- [   scheduling-1] c.p.i.mapper.IntelNewsMapper.selectList  : ==> Parameters: none(String), high(String)
2026-08-20 23:10:02.242 DEBUG 54479 --- [   scheduling-1] c.p.i.mapper.IntelNewsMapper.selectList  : <==      Total: 0
2026-08-20 23:10:02.243 DEBUG 54479 --- [   scheduling-1] c.p.i.mapper.IntelNewsMapper.selectList  : ==>  Preparing: SELECT id,source_code,title,content,region_code,normalized_tags,importance,published_at,push_status,version,deleted,created_at,updated_at FROM intel_news WHERE deleted=false AND (push_status = ? AND importance = ?)
2026-08-20 23:10:02.244 DEBUG 54479 --- [   scheduling-1] c.p.i.mapper.IntelNewsMapper.selectList  : ==> Parameters: none(String), medium(String)
2026-08-20 23:10:02.245 DEBUG 54479 --- [   scheduling-1] c.p.i.mapper.IntelNewsMapper.selectList  : <==      Total: 6
2026-08-20 23:10:02.246 DEBUG 54479 --- [   scheduling-1] c.p.i.mapper.IntelNewsMapper.selectList  : ==>  Preparing: SELECT id,source_code,title,content,region_code,normalized_tags,importance,published_at,push_status,version,deleted,created_at,updated_at FROM intel_news WHERE deleted=false AND (push_status = ? AND importance = ?)
2026-08-20 23:10:02.246 DEBUG 54479 --- [   scheduling-1] c.p.i.mapper.IntelNewsMapper.selectList  : ==> Parameters: none(String), high(String)
2026-08-20 23:10:02.246 DEBUG 54479 --- [   scheduling-1] c.p.i.mapper.IntelNewsMapper.selectList  : <==      Total: 0
2026-08-20 23:10:02.247  INFO 54479 --- [   scheduling-1] com.ptidss.intel.service.IntelService    : 情报推送执行完成：匹配情报 0 条，派发消息 0 条
2026-08-20 23:10:11.794 DEBUG 54479 --- [   scheduling-1] c.p.d.m.CollectTaskMapper.selectList     : ==>  Preparing: SELECT id,source_id,task_type,cron_expr,last_run_time,last_status,records_count,error_log,version,deleted,created_at,updated_at FROM collect_task WHERE deleted=false AND (cron_expr IS NOT NULL)
2026-08-20 23:10:11.794 DEBUG 54479 --- [   scheduling-1] c.p.d.m.CollectTaskMapper.selectList     : ==> Parameters: 
2026-08-20 23:10:11.796 DEBUG 54479 --- [   scheduling-1] c.p.d.m.CollectTaskMapper.selectList     : <==      Total: 3
2026-08-20 23:10:32.248 DEBUG 54479 --- [   scheduling-1] c.p.i.m.IntelPushRuleMapper.selectList   : ==>  Preparing: SELECT id,rule_name,tags_filter,importance_filter,target_roles,channel,silent_period,status,version,deleted,created_at,updated_at FROM intel_push_rule WHERE deleted=false AND (status = ?)
2026-08-20 23:10:32.249 DEBUG 54479 --- [   scheduling-1] c.p.i.m.IntelPushRuleMapper.selectList   : ==> Parameters: active(String)
2026-08-20 23:10:32.250 DEBUG 54479 --- [   scheduling-1] c.p.i.m.IntelPushRuleMapper.selectList   : <==      Total: 3
2026-08-20 23:10:32.251 DEBUG 54479 --- [   scheduling-1] c.p.i.mapper.IntelNewsMapper.selectList  : ==>  Preparing: SELECT id,source_code,title,content,region_code,normalized_tags,importance,published_at,push_status,version,deleted,created_at,updated_at FROM intel_news WHERE deleted=false AND (push_status = ? AND importance = ?)
2026-08-20 23:10:32.251 DEBUG 54479 --- [   scheduling-1] c.p.i.mapper.IntelNewsMapper.selectList  : ==> Parameters: none(String), high(String)
2026-08-20 23:10:32.252 DEBUG 54479 --- [   scheduling-1] c.p.i.mapper.IntelNewsMapper.selectList  : <==      Total: 0
2026-08-20 23:10:32.253 DEBUG 54479 --- [   scheduling-1] c.p.i.mapper.IntelNewsMapper.selectList  : ==>  Preparing: SELECT id,source_code,title,content,region_code,normalized_tags,importance,published_at,push_status,version,deleted,created_at,updated_at FROM intel_news WHERE deleted=false AND (push_status = ? AND importance = ?)
2026-08-20 23:10:32.253 DEBUG 54479 --- [   scheduling-1] c.p.i.mapper.IntelNewsMapper.selectList  : ==> Parameters: none(String), medium(String)
2026-08-20 23:10:32.254 DEBUG 54479 --- [   scheduling-1] c.p.i.mapper.IntelNewsMapper.selectList  : <==      Total: 6
2026-08-20 23:10:32.255 DEBUG 54479 --- [   scheduling-1] c.p.i.mapper.IntelNewsMapper.selectList  : ==>  Preparing: SELECT id,source_code,title,content,region_code,normalized_tags,importance,published_at,push_status,version,deleted,created_at,updated_at FROM intel_news WHERE deleted=false AND (push_status = ? AND importance = ?)
2026-08-20 23:10:32.256 DEBUG 54479 --- [   scheduling-1] c.p.i.mapper.IntelNewsMapper.selectList  : ==> Parameters: none(String), high(String)
2026-08-20 23:10:32.256 DEBUG 54479 --- [   scheduling-1] c.p.i.mapper.IntelNewsMapper.selectList  : <==      Total: 0
2026-08-20 23:10:32.256  INFO 54479 --- [   scheduling-1] com.ptidss.intel.service.IntelService    : 情报推送执行完成：匹配情报 0 条，派发消息 0 条
2026-08-20 23:11:02.258 DEBUG 54479 --- [   scheduling-1] c.p.i.m.IntelPushRuleMapper.selectList   : ==>  Preparing: SELECT id,rule_name,tags_filter,importance_filter,target_roles,channel,silent_period,status,version,deleted,created_at,updated_at FROM intel_push_rule WHERE deleted=false AND (status = ?)
2026-08-20 23:11:02.259 DEBUG 54479 --- [   scheduling-1] c.p.i.m.IntelPushRuleMapper.selectList   : ==> Parameters: active(String)
2026-08-20 23:11:02.260 DEBUG 54479 --- [   scheduling-1] c.p.i.m.IntelPushRuleMapper.selectList   : <==      Total: 3
2026-08-20 23:11:02.261 DEBUG 54479 --- [   scheduling-1] c.p.i.mapper.IntelNewsMapper.selectList  : ==>  Preparing: SELECT id,source_code,title,content,region_code,normalized_tags,importance,published_at,push_status,version,deleted,created_at,updated_at FROM intel_news WHERE deleted=false AND (push_status = ? AND importance = ?)
2026-08-20 23:11:02.261 DEBUG 54479 --- [   scheduling-1] c.p.i.mapper.IntelNewsMapper.selectList  : ==> Parameters: none(String), high(String)
2026-08-20 23:11:02.262 DEBUG 54479 --- [   scheduling-1] c.p.i.mapper.IntelNewsMapper.selectList  : <==      Total: 0
2026-08-20 23:11:02.263 DEBUG 54479 --- [   scheduling-1] c.p.i.mapper.IntelNewsMapper.selectList  : ==>  Preparing: SELECT id,source_code,title,content,region_code,normalized_tags,importance,published_at,push_status,version,deleted,created_at,updated_at FROM intel_news WHERE deleted=false AND (push_status = ? AND importance = ?)
2026-08-20 23:11:02.263 DEBUG 54479 --- [   scheduling-1] c.p.i.mapper.IntelNewsMapper.selectList  : ==> Parameters: none(String), medium(String)
2026-08-20 23:11:02.264 DEBUG 54479 --- [   scheduling-1] c.p.i.mapper.IntelNewsMapper.selectList  : <==      Total: 6
2026-08-20 23:11:02.265 DEBUG 54479 --- [   scheduling-1] c.p.i.mapper.IntelNewsMapper.selectList  : ==>  Preparing: SELECT id,source_code,title,content,region_code,normalized_tags,importance,published_at,push_status,version,deleted,created_at,updated_at FROM intel_news WHERE deleted=false AND (push_status = ? AND importance = ?)
2026-08-20 23:11:02.266 DEBUG 54479 --- [   scheduling-1] c.p.i.mapper.IntelNewsMapper.selectList  : ==> Parameters: none(String), high(String)
2026-08-20 23:11:02.266 DEBUG 54479 --- [   scheduling-1] c.p.i.mapper.IntelNewsMapper.selectList  : <==      Total: 0
2026-08-20 23:11:02.266  INFO 54479 --- [   scheduling-1] com.ptidss.intel.service.IntelService    : 情报推送执行完成：匹配情报 0 条，派发消息 0 条
2026-08-20 23:11:07.295 DEBUG 54479 --- [io-9080-exec-10] c.p.s.m.S.selectCount                    : ==>  Preparing: SELECT COUNT( * ) FROM settlement_record WHERE deleted=false AND (settlement_period = ? AND region_code = ?)
2026-08-20 23:11:07.296 DEBUG 54479 --- [io-9080-exec-10] c.p.s.m.S.selectCount                    : ==> Parameters: 2026-08(String), CN-31(String)
2026-08-20 23:11:07.297 DEBUG 54479 --- [io-9080-exec-10] c.p.s.m.S.selectCount                    : <==      Total: 1
2026-08-20 23:11:07.298 DEBUG 54479 --- [io-9080-exec-10] c.p.s.m.S.selectPage_mpCount             : ==>  Preparing: SELECT COUNT(*) AS total FROM settlement_record WHERE deleted = false AND (settlement_period = ? AND region_code = ?)
2026-08-20 23:11:07.299 DEBUG 54479 --- [io-9080-exec-10] c.p.s.m.S.selectPage_mpCount             : ==> Parameters: 2026-08(String), CN-31(String)
2026-08-20 23:11:07.299 DEBUG 54479 --- [io-9080-exec-10] c.p.s.m.S.selectPage_mpCount             : <==      Total: 1
2026-08-20 23:11:07.300 DEBUG 54479 --- [io-9080-exec-10] c.p.s.m.S.selectPage                     : ==>  Preparing: SELECT id,settlement_period,region_code,source,items,total_amount,sync_status,version,deleted,created_at,updated_at FROM settlement_record WHERE deleted=false AND (settlement_period = ? AND region_code = ?) ORDER BY source ASC LIMIT ?
2026-08-20 23:11:07.300 DEBUG 54479 --- [io-9080-exec-10] c.p.s.m.S.selectPage                     : ==> Parameters: 2026-08(String), CN-31(String), 20(Long)
2026-08-20 23:11:07.301 DEBUG 54479 --- [io-9080-exec-10] c.p.s.m.S.selectPage                     : <==      Total: 2
2026-08-20 23:11:08.051 DEBUG 54479 --- [nio-9080-exec-9] c.p.s.m.S.selectCount                    : ==>  Preparing: SELECT COUNT( * ) FROM settlement_record WHERE deleted=false AND (settlement_period = ? AND region_code = ?)
2026-08-20 23:11:08.051 DEBUG 54479 --- [nio-9080-exec-9] c.p.s.m.S.selectCount                    : ==> Parameters: 2026-08(String), CN-31(String)
2026-08-20 23:11:08.052 DEBUG 54479 --- [nio-9080-exec-9] c.p.s.m.S.selectCount                    : <==      Total: 1
2026-08-20 23:11:08.054 DEBUG 54479 --- [nio-9080-exec-9] c.p.s.m.S.selectPage_mpCount             : ==>  Preparing: SELECT COUNT(*) AS total FROM settlement_record WHERE deleted = false AND (settlement_period = ? AND region_code = ?)
2026-08-20 23:11:08.054 DEBUG 54479 --- [nio-9080-exec-9] c.p.s.m.S.selectPage_mpCount             : ==> Parameters: 2026-08(String), CN-31(String)
2026-08-20 23:11:08.055 DEBUG 54479 --- [nio-9080-exec-9] c.p.s.m.S.selectPage_mpCount             : <==      Total: 1
2026-08-20 23:11:08.055 DEBUG 54479 --- [nio-9080-exec-9] c.p.s.m.S.selectPage                     : ==>  Preparing: SELECT id,settlement_period,region_code,source,items,total_amount,sync_status,version,deleted,created_at,updated_at FROM settlement_record WHERE deleted=false AND (settlement_period = ? AND region_code = ?) ORDER BY source ASC LIMIT ?
2026-08-20 23:11:08.055 DEBUG 54479 --- [nio-9080-exec-9] c.p.s.m.S.selectPage                     : ==> Parameters: 2026-08(String), CN-31(String), 20(Long)
2026-08-20 23:11:08.056 DEBUG 54479 --- [nio-9080-exec-9] c.p.s.m.S.selectPage                     : <==      Total: 2
2026-08-20 23:11:08.627 DEBUG 54479 --- [nio-9080-exec-6] c.p.s.m.S.selectCount                    : ==>  Preparing: SELECT COUNT( * ) FROM settlement_record WHERE deleted=false AND (settlement_period = ? AND region_code = ?)
2026-08-20 23:11:08.627 DEBUG 54479 --- [nio-9080-exec-6] c.p.s.m.S.selectCount                    : ==> Parameters: 2026-08(String), CN-31(String)
2026-08-20 23:11:08.628 DEBUG 54479 --- [nio-9080-exec-6] c.p.s.m.S.selectCount                    : <==      Total: 1
2026-08-20 23:11:08.630 DEBUG 54479 --- [nio-9080-exec-6] c.p.s.m.S.selectPage_mpCount             : ==>  Preparing: SELECT COUNT(*) AS total FROM settlement_record WHERE deleted = false AND (settlement_period = ? AND region_code = ?)
2026-08-20 23:11:08.630 DEBUG 54479 --- [nio-9080-exec-6] c.p.s.m.S.selectPage_mpCount             : ==> Parameters: 2026-08(String), CN-31(String)
2026-08-20 23:11:08.630 DEBUG 54479 --- [nio-9080-exec-6] c.p.s.m.S.selectPage_mpCount             : <==      Total: 1
2026-08-20 23:11:08.631 DEBUG 54479 --- [nio-9080-exec-6] c.p.s.m.S.selectPage                     : ==>  Preparing: SELECT id,settlement_period,region_code,source,items,total_amount,sync_status,version,deleted,created_at,updated_at FROM settlement_record WHERE deleted=false AND (settlement_period = ? AND region_code = ?) ORDER BY source ASC LIMIT ?
2026-08-20 23:11:08.631 DEBUG 54479 --- [nio-9080-exec-6] c.p.s.m.S.selectPage                     : ==> Parameters: 2026-08(String), CN-31(String), 20(Long)
2026-08-20 23:11:08.632 DEBUG 54479 --- [nio-9080-exec-6] c.p.s.m.S.selectPage                     : <==      Total: 2
2026-08-20 23:11:08.848 DEBUG 54479 --- [nio-9080-exec-4] c.p.s.m.S.selectCount                    : ==>  Preparing: SELECT COUNT( * ) FROM settlement_record WHERE deleted=false AND (settlement_period = ? AND region_code = ?)
2026-08-20 23:11:08.848 DEBUG 54479 --- [nio-9080-exec-4] c.p.s.m.S.selectCount                    : ==> Parameters: 2026-08(String), CN-31(String)
2026-08-20 23:11:08.849 DEBUG 54479 --- [nio-9080-exec-4] c.p.s.m.S.selectCount                    : <==      Total: 1
2026-08-20 23:11:08.851 DEBUG 54479 --- [nio-9080-exec-4] c.p.s.m.S.selectPage_mpCount             : ==>  Preparing: SELECT COUNT(*) AS total FROM settlement_record WHERE deleted = false AND (settlement_period = ? AND region_code = ?)
2026-08-20 23:11:08.851 DEBUG 54479 --- [nio-9080-exec-4] c.p.s.m.S.selectPage_mpCount             : ==> Parameters: 2026-08(String), CN-31(String)
2026-08-20 23:11:08.852 DEBUG 54479 --- [nio-9080-exec-4] c.p.s.m.S.selectPage_mpCount             : <==      Total: 1
2026-08-20 23:11:08.853 DEBUG 54479 --- [nio-9080-exec-4] c.p.s.m.S.selectPage                     : ==>  Preparing: SELECT id,settlement_period,region_code,source,items,total_amount,sync_status,version,deleted,created_at,updated_at FROM settlement_record WHERE deleted=false AND (settlement_period = ? AND region_code = ?) ORDER BY source ASC LIMIT ?
2026-08-20 23:11:08.853 DEBUG 54479 --- [nio-9080-exec-4] c.p.s.m.S.selectPage                     : ==> Parameters: 2026-08(String), CN-31(String), 20(Long)
2026-08-20 23:11:08.853 DEBUG 54479 --- [nio-9080-exec-4] c.p.s.m.S.selectPage                     : <==      Total: 2
2026-08-20 23:11:09.050 DEBUG 54479 --- [nio-9080-exec-3] c.p.s.m.S.selectCount                    : ==>  Preparing: SELECT COUNT( * ) FROM settlement_record WHERE deleted=false AND (settlement_period = ? AND region_code = ?)
2026-08-20 23:11:09.051 DEBUG 54479 --- [nio-9080-exec-3] c.p.s.m.S.selectCount                    : ==> Parameters: 2026-08(String), CN-31(String)
2026-08-20 23:11:09.051 DEBUG 54479 --- [nio-9080-exec-3] c.p.s.m.S.selectCount                    : <==      Total: 1
2026-08-20 23:11:09.054 DEBUG 54479 --- [nio-9080-exec-3] c.p.s.m.S.selectPage_mpCount             : ==>  Preparing: SELECT COUNT(*) AS total FROM settlement_record WHERE deleted = false AND (settlement_period = ? AND region_code = ?)
2026-08-20 23:11:09.054 DEBUG 54479 --- [nio-9080-exec-3] c.p.s.m.S.selectPage_mpCount             : ==> Parameters: 2026-08(String), CN-31(String)
2026-08-20 23:11:09.054 DEBUG 54479 --- [nio-9080-exec-3] c.p.s.m.S.selectPage_mpCount             : <==      Total: 1
2026-08-20 23:11:09.055 DEBUG 54479 --- [nio-9080-exec-3] c.p.s.m.S.selectPage                     : ==>  Preparing: SELECT id,settlement_period,region_code,source,items,total_amount,sync_status,version,deleted,created_at,updated_at FROM settlement_record WHERE deleted=false AND (settlement_period = ? AND region_code = ?) ORDER BY source ASC LIMIT ?
2026-08-20 23:11:09.055 DEBUG 54479 --- [nio-9080-exec-3] c.p.s.m.S.selectPage                     : ==> Parameters: 2026-08(String), CN-31(String), 20(Long)
2026-08-20 23:11:09.056 DEBUG 54479 --- [nio-9080-exec-3] c.p.s.m.S.selectPage                     : <==      Total: 2
2026-08-20 23:11:10.306 DEBUG 54479 --- [nio-9080-exec-9] c.p.m.m.MessageRecordMapper.selectCount  : ==>  Preparing: SELECT COUNT( * ) FROM message_record WHERE deleted=false AND (receiver_id = ?)
2026-08-20 23:11:10.307 DEBUG 54479 --- [nio-9080-exec-9] c.p.m.m.MessageRecordMapper.selectCount  : ==> Parameters: 1(Long)
2026-08-20 23:11:10.307 DEBUG 54479 --- [io-9080-exec-10] c.p.m.m.ModelRegistryMapper.selectList   : ==>  Preparing: SELECT id,model_code,model_name,model_version,framework,metrics,status,file_url,trained_at,version,deleted,created_at,updated_at FROM model_registry WHERE deleted=false ORDER BY model_code ASC,version DESC
2026-08-20 23:11:10.307 DEBUG 54479 --- [nio-9080-exec-7] c.p.t.m.RollingPlanMapper.selectList     : ==>  Preparing: SELECT id,trade_date,scenario,plan_type,adjustments,expected_revenue,risk_metrics,evidence_chain_ref,status,created_by,region_code,version,deleted,created_at,updated_at FROM rolling_plan WHERE deleted=false AND (region_code = ?) ORDER BY trade_date DESC
2026-08-20 23:11:10.307 DEBUG 54479 --- [io-9080-exec-10] c.p.m.m.ModelRegistryMapper.selectList   : ==> Parameters: 
2026-08-20 23:11:10.307 DEBUG 54479 --- [nio-9080-exec-7] c.p.t.m.RollingPlanMapper.selectList     : ==> Parameters: CN-31(String)
2026-08-20 23:11:10.307 DEBUG 54479 --- [nio-9080-exec-9] c.p.m.m.MessageRecordMapper.selectCount  : <==      Total: 1
2026-08-20 23:11:10.308 DEBUG 54479 --- [io-9080-exec-10] c.p.m.m.ModelRegistryMapper.selectList   : <==      Total: 3
2026-08-20 23:11:10.308 DEBUG 54479 --- [nio-9080-exec-7] c.p.t.m.RollingPlanMapper.selectList     : <==      Total: 0
2026-08-20 23:11:10.310 DEBUG 54479 --- [nio-9080-exec-9] c.p.m.m.M.selectPage_mpCount             : ==>  Preparing: SELECT COUNT(*) AS total FROM message_record WHERE deleted = false AND (receiver_id = ? AND read_status = ?)
2026-08-20 23:11:10.310 DEBUG 54479 --- [nio-9080-exec-9] c.p.m.m.M.selectPage_mpCount             : ==> Parameters: 1(Long), unread(String)
2026-08-20 23:11:10.310 DEBUG 54479 --- [nio-9080-exec-9] c.p.m.m.M.selectPage_mpCount             : <==      Total: 1
2026-08-20 23:11:10.311 DEBUG 54479 --- [nio-9080-exec-9] c.p.m.m.MessageRecordMapper.selectPage   : ==>  Preparing: SELECT id,msg_type,receiver_id,title,content,channel,read_status,biz_ref,version,deleted,created_at,updated_at FROM message_record WHERE deleted=false AND (receiver_id = ? AND read_status = ?) ORDER BY created_at DESC LIMIT ?
2026-08-20 23:11:10.311 DEBUG 54479 --- [nio-9080-exec-9] c.p.m.m.MessageRecordMapper.selectPage   : ==> Parameters: 1(Long), unread(String), 10(Long)
2026-08-20 23:11:10.311 DEBUG 54479 --- [nio-9080-exec-9] c.p.m.m.MessageRecordMapper.selectPage   : <==      Total: 1
2026-08-20 23:11:10.324 DEBUG 54479 --- [nio-9080-exec-8] c.p.t.mapper.ContractMapper.selectList   : ==>  Preparing: SELECT id,contract_no,variety,direction,counterparty,total_volume,curve_json,price,start_date,end_date,status,source,region_code,version,deleted,created_at,updated_at FROM contract WHERE deleted=false AND (region_code = ? AND status IN (?,?))
2026-08-20 23:11:10.324 DEBUG 54479 --- [nio-9080-exec-8] c.p.t.mapper.ContractMapper.selectList   : ==> Parameters: CN-31(String), active(String), executing(String)
2026-08-20 23:11:10.325 DEBUG 54479 --- [nio-9080-exec-8] c.p.t.mapper.ContractMapper.selectList   : <==      Total: 0
2026-08-20 23:11:11.798 DEBUG 54479 --- [   scheduling-1] c.p.d.m.CollectTaskMapper.selectList     : ==>  Preparing: SELECT id,source_id,task_type,cron_expr,last_run_time,last_status,records_count,error_log,version,deleted,created_at,updated_at FROM collect_task WHERE deleted=false AND (cron_expr IS NOT NULL)
2026-08-20 23:11:11.799 DEBUG 54479 --- [   scheduling-1] c.p.d.m.CollectTaskMapper.selectList     : ==> Parameters: 
2026-08-20 23:11:11.800 DEBUG 54479 --- [   scheduling-1] c.p.d.m.CollectTaskMapper.selectList     : <==      Total: 3
2026-08-20 23:11:15.806 DEBUG 54479 --- [nio-9080-exec-1] c.p.m.m.MessageRecordMapper.selectCount  : ==>  Preparing: SELECT COUNT( * ) FROM message_record WHERE deleted=false AND (receiver_id = ?)
2026-08-20 23:11:15.806 DEBUG 54479 --- [nio-9080-exec-3] c.p.t.m.RollingPlanMapper.selectList     : ==>  Preparing: SELECT id,trade_date,scenario,plan_type,adjustments,expected_revenue,risk_metrics,evidence_chain_ref,status,created_by,region_code,version,deleted,created_at,updated_at FROM rolling_plan WHERE deleted=false AND (region_code = ?) ORDER BY trade_date DESC
2026-08-20 23:11:15.806 DEBUG 54479 --- [nio-9080-exec-1] c.p.m.m.MessageRecordMapper.selectCount  : ==> Parameters: 1(Long)
2026-08-20 23:11:15.806 DEBUG 54479 --- [nio-9080-exec-3] c.p.t.m.RollingPlanMapper.selectList     : ==> Parameters: CN-31(String)
2026-08-20 23:11:15.807 DEBUG 54479 --- [nio-9080-exec-3] c.p.t.m.RollingPlanMapper.selectList     : <==      Total: 0
2026-08-20 23:11:15.808 DEBUG 54479 --- [nio-9080-exec-1] c.p.m.m.MessageRecordMapper.selectCount  : <==      Total: 1
2026-08-20 23:11:15.808 DEBUG 54479 --- [nio-9080-exec-4] c.p.m.m.ModelRegistryMapper.selectList   : ==>  Preparing: SELECT id,model_code,model_name,model_version,framework,metrics,status,file_url,trained_at,version,deleted,created_at,updated_at FROM model_registry WHERE deleted=false ORDER BY model_code ASC,version DESC
2026-08-20 23:11:15.808 DEBUG 54479 --- [nio-9080-exec-4] c.p.m.m.ModelRegistryMapper.selectList   : ==> Parameters: 
2026-08-20 23:11:15.809 DEBUG 54479 --- [nio-9080-exec-4] c.p.m.m.ModelRegistryMapper.selectList   : <==      Total: 3
2026-08-20 23:11:15.811 DEBUG 54479 --- [nio-9080-exec-5] c.p.t.mapper.ContractMapper.selectList   : ==>  Preparing: SELECT id,contract_no,variety,direction,counterparty,total_volume,curve_json,price,start_date,end_date,status,source,region_code,version,deleted,created_at,updated_at FROM contract WHERE deleted=false AND (region_code = ? AND status IN (?,?))
2026-08-20 23:11:15.811 DEBUG 54479 --- [nio-9080-exec-5] c.p.t.mapper.ContractMapper.selectList   : ==> Parameters: CN-31(String), active(String), executing(String)
2026-08-20 23:11:15.812 DEBUG 54479 --- [nio-9080-exec-1] c.p.m.m.M.selectPage_mpCount             : ==>  Preparing: SELECT COUNT(*) AS total FROM message_record WHERE deleted = false AND (receiver_id = ? AND read_status = ?)
2026-08-20 23:11:15.812 DEBUG 54479 --- [nio-9080-exec-1] c.p.m.m.M.selectPage_mpCount             : ==> Parameters: 1(Long), unread(String)
2026-08-20 23:11:15.812 DEBUG 54479 --- [nio-9080-exec-5] c.p.t.mapper.ContractMapper.selectList   : <==      Total: 0
2026-08-20 23:11:15.812 DEBUG 54479 --- [nio-9080-exec-1] c.p.m.m.M.selectPage_mpCount             : <==      Total: 1
2026-08-20 23:11:15.813 DEBUG 54479 --- [nio-9080-exec-1] c.p.m.m.MessageRecordMapper.selectPage   : ==>  Preparing: SELECT id,msg_type,receiver_id,title,content,channel,read_status,biz_ref,version,deleted,created_at,updated_at FROM message_record WHERE deleted=false AND (receiver_id = ? AND read_status = ?) ORDER BY created_at DESC LIMIT ?
2026-08-20 23:11:15.813 DEBUG 54479 --- [nio-9080-exec-1] c.p.m.m.MessageRecordMapper.selectPage   : ==> Parameters: 1(Long), unread(String), 10(Long)
2026-08-20 23:11:15.814 DEBUG 54479 --- [nio-9080-exec-1] c.p.m.m.MessageRecordMapper.selectPage   : <==      Total: 1
2026-08-20 23:11:16.682 DEBUG 54479 --- [io-9080-exec-10] c.p.t.m.D.selectPage_mpCount             : ==>  Preparing: SELECT COUNT(*) AS total FROM declaration WHERE deleted = false AND (region_code = ?)
2026-08-20 23:11:16.682 DEBUG 54479 --- [io-9080-exec-10] c.p.t.m.D.selectPage_mpCount             : ==> Parameters: CN-31(String)
2026-08-20 23:11:16.685 DEBUG 54479 --- [io-9080-exec-10] c.p.t.m.D.selectPage_mpCount             : <==      Total: 1
2026-08-20 23:11:18.439 DEBUG 54479 --- [nio-9080-exec-7] c.p.t.m.D.selectPage_mpCount             : ==>  Preparing: SELECT COUNT(*) AS total FROM declaration WHERE deleted = false AND (region_code = ?)
2026-08-20 23:11:18.439 DEBUG 54479 --- [nio-9080-exec-7] c.p.t.m.D.selectPage_mpCount             : ==> Parameters: CN-31(String)
2026-08-20 23:11:18.443 DEBUG 54479 --- [nio-9080-exec-7] c.p.t.m.D.selectPage_mpCount             : <==      Total: 1
2026-08-20 23:11:19.652 DEBUG 54479 --- [nio-9080-exec-8] c.p.m.m.ModelRegistryMapper.selectList   : ==>  Preparing: SELECT id,model_code,model_name,model_version,framework,metrics,status,file_url,trained_at,version,deleted,created_at,updated_at FROM model_registry WHERE deleted=false ORDER BY model_code ASC,version DESC
2026-08-20 23:11:19.652 DEBUG 54479 --- [nio-9080-exec-2] c.p.m.m.MessageRecordMapper.selectCount  : ==>  Preparing: SELECT COUNT( * ) FROM message_record WHERE deleted=false AND (receiver_id = ?)
2026-08-20 23:11:19.652 DEBUG 54479 --- [nio-9080-exec-8] c.p.m.m.ModelRegistryMapper.selectList   : ==> Parameters: 
2026-08-20 23:11:19.652 DEBUG 54479 --- [nio-9080-exec-2] c.p.m.m.MessageRecordMapper.selectCount  : ==> Parameters: 1(Long)
2026-08-20 23:11:19.652 DEBUG 54479 --- [nio-9080-exec-6] c.p.t.m.RollingPlanMapper.selectList     : ==>  Preparing: SELECT id,trade_date,scenario,plan_type,adjustments,expected_revenue,risk_metrics,evidence_chain_ref,status,created_by,region_code,version,deleted,created_at,updated_at FROM rolling_plan WHERE deleted=false AND (region_code = ?) ORDER BY trade_date DESC
2026-08-20 23:11:19.652 DEBUG 54479 --- [nio-9080-exec-6] c.p.t.m.RollingPlanMapper.selectList     : ==> Parameters: CN-31(String)
2026-08-20 23:11:19.653 DEBUG 54479 --- [nio-9080-exec-6] c.p.t.m.RollingPlanMapper.selectList     : <==      Total: 0
2026-08-20 23:11:19.653 DEBUG 54479 --- [nio-9080-exec-8] c.p.m.m.ModelRegistryMapper.selectList   : <==      Total: 3
2026-08-20 23:11:19.653 DEBUG 54479 --- [nio-9080-exec-2] c.p.m.m.MessageRecordMapper.selectCount  : <==      Total: 1
2026-08-20 23:11:19.656 DEBUG 54479 --- [nio-9080-exec-2] c.p.m.m.M.selectPage_mpCount             : ==>  Preparing: SELECT COUNT(*) AS total FROM message_record WHERE deleted = false AND (receiver_id = ? AND read_status = ?)
2026-08-20 23:11:19.657 DEBUG 54479 --- [nio-9080-exec-2] c.p.m.m.M.selectPage_mpCount             : ==> Parameters: 1(Long), unread(String)
2026-08-20 23:11:19.657 DEBUG 54479 --- [nio-9080-exec-3] c.p.t.mapper.ContractMapper.selectList   : ==>  Preparing: SELECT id,contract_no,variety,direction,counterparty,total_volume,curve_json,price,start_date,end_date,status,source,region_code,version,deleted,created_at,updated_at FROM contract WHERE deleted=false AND (region_code = ? AND status IN (?,?))
2026-08-20 23:11:19.657 DEBUG 54479 --- [nio-9080-exec-2] c.p.m.m.M.selectPage_mpCount             : <==      Total: 1
2026-08-20 23:11:19.657 DEBUG 54479 --- [nio-9080-exec-3] c.p.t.mapper.ContractMapper.selectList   : ==> Parameters: CN-31(String), active(String), executing(String)
2026-08-20 23:11:19.658 DEBUG 54479 --- [nio-9080-exec-2] c.p.m.m.MessageRecordMapper.selectPage   : ==>  Preparing: SELECT id,msg_type,receiver_id,title,content,channel,read_status,biz_ref,version,deleted,created_at,updated_at FROM message_record WHERE deleted=false AND (receiver_id = ? AND read_status = ?) ORDER BY created_at DESC LIMIT ?
2026-08-20 23:11:19.658 DEBUG 54479 --- [nio-9080-exec-3] c.p.t.mapper.ContractMapper.selectList   : <==      Total: 0
2026-08-20 23:11:19.658 DEBUG 54479 --- [nio-9080-exec-2] c.p.m.m.MessageRecordMapper.selectPage   : ==> Parameters: 1(Long), unread(String), 10(Long)
2026-08-20 23:11:19.659 DEBUG 54479 --- [nio-9080-exec-2] c.p.m.m.MessageRecordMapper.selectPage   : <==      Total: 1
2026-08-20 23:11:20.647 DEBUG 54479 --- [nio-9080-exec-4] c.p.m.m.ModelRegistryMapper.selectList   : ==>  Preparing: SELECT id,model_code,model_name,model_version,framework,metrics,status,file_url,trained_at,version,deleted,created_at,updated_at FROM model_registry WHERE deleted=false ORDER BY model_code ASC,version DESC
2026-08-20 23:11:20.648 DEBUG 54479 --- [nio-9080-exec-4] c.p.m.m.ModelRegistryMapper.selectList   : ==> Parameters: 
2026-08-20 23:11:20.649 DEBUG 54479 --- [nio-9080-exec-4] c.p.m.m.ModelRegistryMapper.selectList   : <==      Total: 3
2026-08-20 23:11:22.161 DEBUG 54479 --- [nio-9080-exec-1] c.p.f.mapper.ForecastTaskMapper.insert   : ==>  Preparing: INSERT INTO forecast_task ( id, task_no, model_code, predict_date, input_version, region_code, status, version, deleted, created_at, updated_at ) VALUES ( ?, ?, ?, ?, ?, ?, ?, ?, ?, ?, ? )
2026-08-20 23:11:22.163 DEBUG 54479 --- [nio-9080-exec-1] c.p.f.mapper.ForecastTaskMapper.insert   : ==> Parameters: 216212521500151808(Long), FT-1787238682157(String), price(String), 2026-08-21 00:00:00.0(Timestamp), feat-20260820(String), CN-31(String), queued(String), 1(Integer), false(Boolean), 2026-08-20 23:11:22.16(Timestamp), 2026-08-20 23:11:22.16(Timestamp)
2026-08-20 23:11:22.166 DEBUG 54479 --- [nio-9080-exec-1] c.p.f.mapper.ForecastTaskMapper.insert   : <==    Updates: 1
2026-08-20 23:11:22.171 DEBUG 54479 --- [nio-9080-exec-1] c.p.f.m.ForecastTaskMapper.updateById    : ==>  Preparing: UPDATE forecast_task SET task_no=?, model_code=?, predict_date=?, input_version=?, region_code=?, status=?, start_time=?, version=?, created_at=?, updated_at=? WHERE id=? AND version=? AND deleted=false
2026-08-20 23:11:22.172 DEBUG 54479 --- [nio-9080-exec-1] c.p.f.m.ForecastTaskMapper.updateById    : ==> Parameters: FT-1787238682157(String), price(String), 2026-08-21 00:00:00.0(Timestamp), feat-20260820(String), CN-31(String), running(String), 2026-08-20 23:11:22.166(Timestamp), 2(Integer), 2026-08-20 23:11:22.16(Timestamp), 2026-08-20 23:11:22.16(Timestamp), 216212521500151808(Long), 1(Integer)
2026-08-20 23:11:22.175 DEBUG 54479 --- [nio-9080-exec-1] c.p.f.m.ForecastTaskMapper.updateById    : <==    Updates: 1
2026-08-20 23:11:22.178 DEBUG 54479 --- [nio-9080-exec-1] c.p.m.m.ModelRegistryMapper.selectList   : ==>  Preparing: SELECT id,model_code,model_name,model_version,framework,metrics,status,file_url,trained_at,version,deleted,created_at,updated_at FROM model_registry WHERE deleted=false AND (model_code = ? AND status = ?) ORDER BY trained_at DESC LIMIT 1
2026-08-20 23:11:22.178 DEBUG 54479 --- [nio-9080-exec-1] c.p.m.m.ModelRegistryMapper.selectList   : ==> Parameters: price(String), online(String)
2026-08-20 23:11:22.181 DEBUG 54479 --- [nio-9080-exec-1] c.p.m.m.ModelRegistryMapper.selectList   : <==      Total: 1
2026-08-20 23:11:22.185 DEBUG 54479 --- [nio-9080-exec-1] c.p.f.m.ForecastResultMapper.insert      : ==>  Preparing: INSERT INTO forecast_result ( id, task_id, model_version, predict_type, market_type, region_code, trade_date, value, lower_bound, upper_bound, confidence, version, deleted, created_at, updated_at ) VALUES ( ?, ?, ?, ?, ?, ?, ?, ?, ?, ?, ?, ?, ?, ?, ? )
2026-08-20 23:11:22.186 DEBUG 54479 --- [nio-9080-exec-1] c.p.f.m.ForecastResultMapper.insert      : ==> Parameters: 216212521600815104(Long), 216212521500151808(Long), v1.0.0(String), price(String), intra_province(String), CN-31(String), 2026-08-21 00:00:00.0(Timestamp), 257.22(BigDecimal), 231.50(BigDecimal), 282.94(BigDecimal), 0.90(BigDecimal), 1(Integer), false(Boolean), 2026-08-20 23:11:22.184(Timestamp), 2026-08-20 23:11:22.184(Timestamp)
2026-08-20 23:11:22.190 DEBUG 54479 --- [nio-9080-exec-1] c.p.f.m.ForecastResultMapper.insert      : <==    Updates: 1
2026-08-20 23:11:22.191 DEBUG 54479 --- [nio-9080-exec-1] c.p.f.m.ForecastResultMapper.insert      : ==>  Preparing: INSERT INTO forecast_result ( id, task_id, model_version, predict_type, market_type, region_code, trade_date, value, lower_bound, upper_bound, confidence, version, deleted, created_at, updated_at ) VALUES ( ?, ?, ?, ?, ?, ?, ?, ?, ?, ?, ?, ?, ?, ?, ? )
2026-08-20 23:11:22.192 DEBUG 54479 --- [nio-9080-exec-1] c.p.f.m.ForecastResultMapper.insert      : ==> Parameters: 216212521630175232(Long), 216212521500151808(Long), v1.0.0(String), price(String), intra_province(String), CN-31(String), 2026-08-21 00:15:00.0(Timestamp), 280.04(BigDecimal), 252.04(BigDecimal), 308.04(BigDecimal), 0.90(BigDecimal), 1(Integer), false(Boolean), 2026-08-20 23:11:22.191(Timestamp), 2026-08-20 23:11:22.191(Timestamp)
2026-08-20 23:11:22.194 DEBUG 54479 --- [nio-9080-exec-1] c.p.f.m.ForecastResultMapper.insert      : <==    Updates: 1
2026-08-20 23:11:22.195 DEBUG 54479 --- [nio-9080-exec-1] c.p.f.m.ForecastResultMapper.insert      : ==>  Preparing: INSERT INTO forecast_result ( id, task_id, model_version, predict_type, market_type, region_code, trade_date, value, lower_bound, upper_bound, confidence, version, deleted, created_at, updated_at ) VALUES ( ?, ?, ?, ?, ?, ?, ?, ?, ?, ?, ?, ?, ?, ?, ? )
2026-08-20 23:11:22.197 DEBUG 54479 --- [nio-9080-exec-1] c.p.f.m.ForecastResultMapper.insert      : ==> Parameters: 216212521646952448(Long), 216212521500151808(Long), v1.0.0(String), price(String), intra_province(String), CN-31(String), 2026-08-21 00:30:00.0(Timestamp), 353.40(BigDecimal), 318.06(BigDecimal), 388.74(BigDecimal), 0.90(BigDecimal), 1(Integer), false(Boolean), 2026-08-20 23:11:22.195(Timestamp), 2026-08-20 23:11:22.195(Timestamp)
2026-08-20 23:11:22.199 DEBUG 54479 --- [nio-9080-exec-1] c.p.f.m.ForecastResultMapper.insert      : <==    Updates: 1
2026-08-20 23:11:22.200 DEBUG 54479 --- [nio-9080-exec-1] c.p.f.m.ForecastResultMapper.insert      : ==>  Preparing: INSERT INTO forecast_result ( id, task_id, model_version, predict_type, market_type, region_code, trade_date, value, lower_bound, upper_bound, confidence, version, deleted, created_at, updated_at ) VALUES ( ?, ?, ?, ?, ?, ?, ?, ?, ?, ?, ?, ?, ?, ?, ? )
2026-08-20 23:11:22.201 DEBUG 54479 --- [nio-9080-exec-1] c.p.f.m.ForecastResultMapper.insert      : ==> Parameters: 216212521667923968(Long), 216212521500151808(Long), v1.0.0(String), price(String), intra_province(String), CN-31(String), 2026-08-21 00:45:00.0(Timestamp), 347.12(BigDecimal), 312.41(BigDecimal), 381.83(BigDecimal), 0.90(BigDecimal), 1(Integer), false(Boolean), 2026-08-20 23:11:22.2(Timestamp), 2026-08-20 23:11:22.2(Timestamp)
2026-08-20 23:11:22.203 DEBUG 54479 --- [nio-9080-exec-1] c.p.f.m.ForecastResultMapper.insert      : <==    Updates: 1
2026-08-20 23:11:22.205 DEBUG 54479 --- [nio-9080-exec-1] c.p.f.m.ForecastResultMapper.insert      : ==>  Preparing: INSERT INTO forecast_result ( id, task_id, model_version, predict_type, market_type, region_code, trade_date, value, lower_bound, upper_bound, confidence, version, deleted, created_at, updated_at ) VALUES ( ?, ?, ?, ?, ?, ?, ?, ?, ?, ?, ?, ?, ?, ?, ? )
2026-08-20 23:11:22.205 DEBUG 54479 --- [nio-9080-exec-1] c.p.f.m.ForecastResultMapper.insert      : ==> Parameters: 216212521684701184(Long), 216212521500151808(Long), v1.0.0(String), price(String), intra_province(String), CN-31(String), 2026-08-21 01:00:00.0(Timestamp), 376.78(BigDecimal), 339.10(BigDecimal), 414.46(BigDecimal), 0.90(BigDecimal), 1(Integer), false(Boolean), 2026-08-20 23:11:22.204(Timestamp), 2026-08-20 23:11:22.204(Timestamp)
2026-08-20 23:11:22.208 DEBUG 54479 --- [nio-9080-exec-1] c.p.f.m.ForecastResultMapper.insert      : <==    Updates: 1
2026-08-20 23:11:22.212 DEBUG 54479 --- [nio-9080-exec-1] c.p.f.m.ForecastResultMapper.insert      : ==>  Preparing: INSERT INTO forecast_result ( id, task_id, model_version, predict_type, market_type, region_code, trade_date, value, lower_bound, upper_bound, confidence, version, deleted, created_at, updated_at ) VALUES ( ?, ?, ?, ?, ?, ?, ?, ?, ?, ?, ?, ?, ?, ?, ? )
2026-08-20 23:11:22.213 DEBUG 54479 --- [nio-9080-exec-1] c.p.f.m.ForecastResultMapper.insert      : ==> Parameters: 216212521718255616(Long), 216212521500151808(Long), v1.0.0(String), price(String), intra_province(String), CN-31(String), 2026-08-21 01:15:00.0(Timestamp), 416.42(BigDecimal), 374.78(BigDecimal), 458.06(BigDecimal), 0.90(BigDecimal), 1(Integer), false(Boolean), 2026-08-20 23:11:22.212(Timestamp), 2026-08-20 23:11:22.212(Timestamp)
2026-08-20 23:11:22.215 DEBUG 54479 --- [nio-9080-exec-1] c.p.f.m.ForecastResultMapper.insert      : <==    Updates: 1
2026-08-20 23:11:22.216 DEBUG 54479 --- [nio-9080-exec-1] c.p.f.m.ForecastResultMapper.insert      : ==>  Preparing: INSERT INTO forecast_result ( id, task_id, model_version, predict_type, market_type, region_code, trade_date, value, lower_bound, upper_bound, confidence, version, deleted, created_at, updated_at ) VALUES ( ?, ?, ?, ?, ?, ?, ?, ?, ?, ?, ?, ?, ?, ?, ? )
2026-08-20 23:11:22.217 DEBUG 54479 --- [nio-9080-exec-1] c.p.f.m.ForecastResultMapper.insert      : ==> Parameters: 216212521735032832(Long), 216212521500151808(Long), v1.0.0(String), price(String), intra_province(String), CN-31(String), 2026-08-21 01:30:00.0(Timestamp), 385.21(BigDecimal), 346.69(BigDecimal), 423.73(BigDecimal), 0.90(BigDecimal), 1(Integer), false(Boolean), 2026-08-20 23:11:22.216(Timestamp), 2026-08-20 23:11:22.216(Timestamp)
2026-08-20 23:11:22.219 DEBUG 54479 --- [nio-9080-exec-1] c.p.f.m.ForecastResultMapper.insert      : <==    Updates: 1
2026-08-20 23:11:22.220 DEBUG 54479 --- [nio-9080-exec-1] c.p.f.m.ForecastResultMapper.insert      : ==>  Preparing: INSERT INTO forecast_result ( id, task_id, model_version, predict_type, market_type, region_code, trade_date, value, lower_bound, upper_bound, confidence, version, deleted, created_at, updated_at ) VALUES ( ?, ?, ?, ?, ?, ?, ?, ?, ?, ?, ?, ?, ?, ?, ? )
2026-08-20 23:11:22.222 DEBUG 54479 --- [nio-9080-exec-1] c.p.f.m.ForecastResultMapper.insert      : ==> Parameters: 216212521751810048(Long), 216212521500151808(Long), v1.0.0(String), price(String), intra_province(String), CN-31(String), 2026-08-21 01:45:00.0(Timestamp), 402.53(BigDecimal), 362.28(BigDecimal), 442.78(BigDecimal), 0.90(BigDecimal), 1(Integer), false(Boolean), 2026-08-20 23:11:22.22(Timestamp), 2026-08-20 23:11:22.22(Timestamp)
2026-08-20 23:11:22.224 DEBUG 54479 --- [nio-9080-exec-1] c.p.f.m.ForecastResultMapper.insert      : <==    Updates: 1
2026-08-20 23:11:22.225 DEBUG 54479 --- [nio-9080-exec-1] c.p.f.m.ForecastResultMapper.insert      : ==>  Preparing: INSERT INTO forecast_result ( id, task_id, model_version, predict_type, market_type, region_code, trade_date, value, lower_bound, upper_bound, confidence, version, deleted, created_at, updated_at ) VALUES ( ?, ?, ?, ?, ?, ?, ?, ?, ?, ?, ?, ?, ?, ?, ? )
2026-08-20 23:11:22.226 DEBUG 54479 --- [nio-9080-exec-1] c.p.f.m.ForecastResultMapper.insert      : ==> Parameters: 216212521768587264(Long), 216212521500151808(Long), v1.0.0(String), price(String), intra_province(String), CN-31(String), 2026-08-21 02:00:00.0(Timestamp), 374.04(BigDecimal), 336.64(BigDecimal), 411.44(BigDecimal), 0.90(BigDecimal), 1(Integer), false(Boolean), 2026-08-20 23:11:22.224(Timestamp), 2026-08-20 23:11:22.224(Timestamp)
2026-08-20 23:11:22.228 DEBUG 54479 --- [nio-9080-exec-1] c.p.f.m.ForecastResultMapper.insert      : <==    Updates: 1
2026-08-20 23:11:22.229 DEBUG 54479 --- [nio-9080-exec-1] c.p.f.m.ForecastResultMapper.insert      : ==>  Preparing: INSERT INTO forecast_result ( id, task_id, model_version, predict_type, market_type, region_code, trade_date, value, lower_bound, upper_bound, confidence, version, deleted, created_at, updated_at ) VALUES ( ?, ?, ?, ?, ?, ?, ?, ?, ?, ?, ?, ?, ?, ?, ? )
2026-08-20 23:11:22.230 DEBUG 54479 --- [nio-9080-exec-1] c.p.f.m.ForecastResultMapper.insert      : ==> Parameters: 216212521789558784(Long), 216212521500151808(Long), v1.0.0(String), price(String), intra_province(String), CN-31(String), 2026-08-21 02:15:00.0(Timestamp), 369.54(BigDecimal), 332.59(BigDecimal), 406.49(BigDecimal), 0.90(BigDecimal), 1(Integer), false(Boolean), 2026-08-20 23:11:22.229(Timestamp), 2026-08-20 23:11:22.229(Timestamp)
2026-08-20 23:11:22.232 DEBUG 54479 --- [nio-9080-exec-1] c.p.f.m.ForecastResultMapper.insert      : <==    Updates: 1
2026-08-20 23:11:22.232 DEBUG 54479 --- [nio-9080-exec-1] c.p.f.m.ForecastResultMapper.insert      : ==>  Preparing: INSERT INTO forecast_result ( id, task_id, model_version, predict_type, market_type, region_code, trade_date, value, lower_bound, upper_bound, confidence, version, deleted, created_at, updated_at ) VALUES ( ?, ?, ?, ?, ?, ?, ?, ?, ?, ?, ?, ?, ?, ?, ? )
2026-08-20 23:11:22.233 DEBUG 54479 --- [nio-9080-exec-1] c.p.f.m.ForecastResultMapper.insert      : ==> Parameters: 216212521802141696(Long), 216212521500151808(Long), v1.0.0(String), price(String), intra_province(String), CN-31(String), 2026-08-21 02:30:00.0(Timestamp), 329.57(BigDecimal), 296.61(BigDecimal), 362.53(BigDecimal), 0.90(BigDecimal), 1(Integer), false(Boolean), 2026-08-20 23:11:22.232(Timestamp), 2026-08-20 23:11:22.232(Timestamp)
2026-08-20 23:11:22.235 DEBUG 54479 --- [nio-9080-exec-1] c.p.f.m.ForecastResultMapper.insert      : <==    Updates: 1
2026-08-20 23:11:22.236 DEBUG 54479 --- [nio-9080-exec-1] c.p.f.m.ForecastResultMapper.insert      : ==>  Preparing: INSERT INTO forecast_result ( id, task_id, model_version, predict_type, market_type, region_code, trade_date, value, lower_bound, upper_bound, confidence, version, deleted, created_at, updated_at ) VALUES ( ?, ?, ?, ?, ?, ?, ?, ?, ?, ?, ?, ?, ?, ?, ? )
2026-08-20 23:11:22.236 DEBUG 54479 --- [nio-9080-exec-1] c.p.f.m.ForecastResultMapper.insert      : ==> Parameters: 216212521814724608(Long), 216212521500151808(Long), v1.0.0(String), price(String), intra_province(String), CN-31(String), 2026-08-21 02:45:00.0(Timestamp), 290.62(BigDecimal), 261.56(BigDecimal), 319.68(BigDecimal), 0.90(BigDecimal), 1(Integer), false(Boolean), 2026-08-20 23:11:22.235(Timestamp), 2026-08-20 23:11:22.235(Timestamp)
2026-08-20 23:11:22.238 DEBUG 54479 --- [nio-9080-exec-1] c.p.f.m.ForecastResultMapper.insert      : <==    Updates: 1
2026-08-20 23:11:22.239 DEBUG 54479 --- [nio-9080-exec-1] c.p.f.m.ForecastResultMapper.insert      : ==>  Preparing: INSERT INTO forecast_result ( id, task_id, model_version, predict_type, market_type, region_code, trade_date, value, lower_bound, upper_bound, confidence, version, deleted, created_at, updated_at ) VALUES ( ?, ?, ?, ?, ?, ?, ?, ?, ?, ?, ?, ?, ?, ?, ? )
2026-08-20 23:11:22.239 DEBUG 54479 --- [nio-9080-exec-1] c.p.f.m.ForecastResultMapper.insert      : ==> Parameters: 216212521827307520(Long), 216212521500151808(Long), v1.0.0(String), price(String), intra_province(String), CN-31(String), 2026-08-21 03:00:00.0(Timestamp), 238.76(BigDecimal), 214.88(BigDecimal), 262.64(BigDecimal), 0.90(BigDecimal), 1(Integer), false(Boolean), 2026-08-20 23:11:22.238(Timestamp), 2026-08-20 23:11:22.238(Timestamp)
2026-08-20 23:11:22.240 DEBUG 54479 --- [nio-9080-exec-1] c.p.f.m.ForecastResultMapper.insert      : <==    Updates: 1
2026-08-20 23:11:22.241 DEBUG 54479 --- [nio-9080-exec-1] c.p.f.m.ForecastResultMapper.insert      : ==>  Preparing: INSERT INTO forecast_result ( id, task_id, model_version, predict_type, market_type, region_code, trade_date, value, lower_bound, upper_bound, confidence, version, deleted, created_at, updated_at ) VALUES ( ?, ?, ?, ?, ?, ?, ?, ?, ?, ?, ?, ?, ?, ?, ? )
2026-08-20 23:11:22.242 DEBUG 54479 --- [nio-9080-exec-1] c.p.f.m.ForecastResultMapper.insert      : ==> Parameters: 216212521839890432(Long), 216212521500151808(Long), v1.0.0(String), price(String), intra_province(String), CN-31(String), 2026-08-21 03:15:00.0(Timestamp), 198.56(BigDecimal), 178.70(BigDecimal), 218.42(BigDecimal), 0.90(BigDecimal), 1(Integer), false(Boolean), 2026-08-20 23:11:22.241(Timestamp), 2026-08-20 23:11:22.241(Timestamp)
2026-08-20 23:11:22.243 DEBUG 54479 --- [nio-9080-exec-1] c.p.f.m.ForecastResultMapper.insert      : <==    Updates: 1
2026-08-20 23:11:22.244 DEBUG 54479 --- [nio-9080-exec-1] c.p.f.m.ForecastResultMapper.insert      : ==>  Preparing: INSERT INTO forecast_result ( id, task_id, model_version, predict_type, market_type, region_code, trade_date, value, lower_bound, upper_bound, confidence, version, deleted, created_at, updated_at ) VALUES ( ?, ?, ?, ?, ?, ?, ?, ?, ?, ?, ?, ?, ?, ?, ? )
2026-08-20 23:11:22.244 DEBUG 54479 --- [nio-9080-exec-1] c.p.f.m.ForecastResultMapper.insert      : ==> Parameters: 216212521852473344(Long), 216212521500151808(Long), v1.0.0(String), price(String), intra_province(String), CN-31(String), 2026-08-21 03:30:00.0(Timestamp), 169.42(BigDecimal), 152.48(BigDecimal), 186.36(BigDecimal), 0.90(BigDecimal), 1(Integer), false(Boolean), 2026-08-20 23:11:22.244(Timestamp), 2026-08-20 23:11:22.244(Timestamp)
2026-08-20 23:11:22.246 DEBUG 54479 --- [nio-9080-exec-1] c.p.f.m.ForecastResultMapper.insert      : <==    Updates: 1
2026-08-20 23:11:22.246 DEBUG 54479 --- [nio-9080-exec-1] c.p.f.m.ForecastResultMapper.insert      : ==>  Preparing: INSERT INTO forecast_result ( id, task_id, model_version, predict_type, market_type, region_code, trade_date, value, lower_bound, upper_bound, confidence, version, deleted, created_at, updated_at ) VALUES ( ?, ?, ?, ?, ?, ?, ?, ?, ?, ?, ?, ?, ?, ?, ? )
2026-08-20 23:11:22.247 DEBUG 54479 --- [nio-9080-exec-1] c.p.f.m.ForecastResultMapper.insert      : ==> Parameters: 216212521860861952(Long), 216212521500151808(Long), v1.0.0(String), price(String), intra_province(String), CN-31(String), 2026-08-21 03:45:00.0(Timestamp), 139.51(BigDecimal), 125.56(BigDecimal), 153.46(BigDecimal), 0.90(BigDecimal), 1(Integer), false(Boolean), 2026-08-20 23:11:22.246(Timestamp), 2026-08-20 23:11:22.246(Timestamp)
2026-08-20 23:11:22.248 DEBUG 54479 --- [nio-9080-exec-1] c.p.f.m.ForecastResultMapper.insert      : <==    Updates: 1
2026-08-20 23:11:22.248 DEBUG 54479 --- [nio-9080-exec-1] c.p.f.m.ForecastResultMapper.insert      : ==>  Preparing: INSERT INTO forecast_result ( id, task_id, model_version, predict_type, market_type, region_code, trade_date, value, lower_bound, upper_bound, confidence, version, deleted, created_at, updated_at ) VALUES ( ?, ?, ?, ?, ?, ?, ?, ?, ?, ?, ?, ?, ?, ?, ? )
2026-08-20 23:11:22.249 DEBUG 54479 --- [nio-9080-exec-1] c.p.f.m.ForecastResultMapper.insert      : ==> Parameters: 216212521869250560(Long), 216212521500151808(Long), v1.0.0(String), price(String), intra_province(String), CN-31(String), 2026-08-21 04:00:00.0(Timestamp), 111.78(BigDecimal), 100.60(BigDecimal), 122.96(BigDecimal), 0.90(BigDecimal), 1(Integer), false(Boolean), 2026-08-20 23:11:22.248(Timestamp), 2026-08-20 23:11:22.248(Timestamp)
2026-08-20 23:11:22.250 DEBUG 54479 --- [nio-9080-exec-1] c.p.f.m.ForecastResultMapper.insert      : <==    Updates: 1
2026-08-20 23:11:22.250 DEBUG 54479 --- [nio-9080-exec-1] c.p.f.m.ForecastResultMapper.insert      : ==>  Preparing: INSERT INTO forecast_result ( id, task_id, model_version, predict_type, market_type, region_code, trade_date, value, lower_bound, upper_bound, confidence, version, deleted, created_at, updated_at ) VALUES ( ?, ?, ?, ?, ?, ?, ?, ?, ?, ?, ?, ?, ?, ?, ? )
2026-08-20 23:11:22.251 DEBUG 54479 --- [nio-9080-exec-1] c.p.f.m.ForecastResultMapper.insert      : ==> Parameters: 216212521877639168(Long), 216212521500151808(Long), v1.0.0(String), price(String), intra_province(String), CN-31(String), 2026-08-21 04:15:00.0(Timestamp), 90.44(BigDecimal), 81.40(BigDecimal), 99.48(BigDecimal), 0.90(BigDecimal), 1(Integer), false(Boolean), 2026-08-20 23:11:22.25(Timestamp), 2026-08-20 23:11:22.25(Timestamp)
2026-08-20 23:11:22.252 DEBUG 54479 --- [nio-9080-exec-1] c.p.f.m.ForecastResultMapper.insert      : <==    Updates: 1
2026-08-20 23:11:22.252 DEBUG 54479 --- [nio-9080-exec-1] c.p.f.m.ForecastResultMapper.insert      : ==>  Preparing: INSERT INTO forecast_result ( id, task_id, model_version, predict_type, market_type, region_code, trade_date, value, lower_bound, upper_bound, confidence, version, deleted, created_at, updated_at ) VALUES ( ?, ?, ?, ?, ?, ?, ?, ?, ?, ?, ?, ?, ?, ?, ? )
2026-08-20 23:11:22.253 DEBUG 54479 --- [nio-9080-exec-1] c.p.f.m.ForecastResultMapper.insert      : ==> Parameters: 216212521886027776(Long), 216212521500151808(Long), v1.0.0(String), price(String), intra_province(String), CN-31(String), 2026-08-21 04:30:00.0(Timestamp), 85.73(BigDecimal), 77.16(BigDecimal), 94.30(BigDecimal), 0.90(BigDecimal), 1(Integer), false(Boolean), 2026-08-20 23:11:22.252(Timestamp), 2026-08-20 23:11:22.252(Timestamp)
2026-08-20 23:11:22.254 DEBUG 54479 --- [nio-9080-exec-1] c.p.f.m.ForecastResultMapper.insert      : <==    Updates: 1
2026-08-20 23:11:22.254 DEBUG 54479 --- [nio-9080-exec-1] c.p.f.m.ForecastResultMapper.insert      : ==>  Preparing: INSERT INTO forecast_result ( id, task_id, model_version, predict_type, market_type, region_code, trade_date, value, lower_bound, upper_bound, confidence, version, deleted, created_at, updated_at ) VALUES ( ?, ?, ?, ?, ?, ?, ?, ?, ?, ?, ?, ?, ?, ?, ? )
2026-08-20 23:11:22.254 DEBUG 54479 --- [nio-9080-exec-1] c.p.f.m.ForecastResultMapper.insert      : ==> Parameters: 216212521894416384(Long), 216212521500151808(Long), v1.0.0(String), price(String), intra_province(String), CN-31(String), 2026-08-21 04:45:00.0(Timestamp), 87.35(BigDecimal), 78.61(BigDecimal), 96.09(BigDecimal), 0.90(BigDecimal), 1(Integer), false(Boolean), 2026-08-20 23:11:22.254(Timestamp), 2026-08-20 23:11:22.254(Timestamp)
2026-08-20 23:11:22.256 DEBUG 54479 --- [nio-9080-exec-1] c.p.f.m.ForecastResultMapper.insert      : <==    Updates: 1
2026-08-20 23:11:22.256 DEBUG 54479 --- [nio-9080-exec-1] c.p.f.m.ForecastResultMapper.insert      : ==>  Preparing: INSERT INTO forecast_result ( id, task_id, model_version, predict_type, market_type, region_code, trade_date, value, lower_bound, upper_bound, confidence, version, deleted, created_at, updated_at ) VALUES ( ?, ?, ?, ?, ?, ?, ?, ?, ?, ?, ?, ?, ?, ?, ? )
2026-08-20 23:11:22.257 DEBUG 54479 --- [nio-9080-exec-1] c.p.f.m.ForecastResultMapper.insert      : ==> Parameters: 216212521902804992(Long), 216212521500151808(Long), v1.0.0(String), price(String), intra_province(String), CN-31(String), 2026-08-21 05:00:00.0(Timestamp), 91.05(BigDecimal), 81.94(BigDecimal), 100.16(BigDecimal), 0.90(BigDecimal), 1(Integer), false(Boolean), 2026-08-20 23:11:22.256(Timestamp), 2026-08-20 23:11:22.256(Timestamp)
2026-08-20 23:11:22.258 DEBUG 54479 --- [nio-9080-exec-1] c.p.f.m.ForecastResultMapper.insert      : <==    Updates: 1
2026-08-20 23:11:22.258 DEBUG 54479 --- [nio-9080-exec-1] c.p.f.m.ForecastResultMapper.insert      : ==>  Preparing: INSERT INTO forecast_result ( id, task_id, model_version, predict_type, market_type, region_code, trade_date, value, lower_bound, upper_bound, confidence, version, deleted, created_at, updated_at ) VALUES ( ?, ?, ?, ?, ?, ?, ?, ?, ?, ?, ?, ?, ?, ?, ? )
2026-08-20 23:11:22.259 DEBUG 54479 --- [nio-9080-exec-1] c.p.f.m.ForecastResultMapper.insert      : ==> Parameters: 216212521911193600(Long), 216212521500151808(Long), v1.0.0(String), price(String), intra_province(String), CN-31(String), 2026-08-21 05:15:00.0(Timestamp), 134.44(BigDecimal), 121.00(BigDecimal), 147.88(BigDecimal), 0.90(BigDecimal), 1(Integer), false(Boolean), 2026-08-20 23:11:22.258(Timestamp), 2026-08-20 23:11:22.258(Timestamp)
2026-08-20 23:11:22.260 DEBUG 54479 --- [nio-9080-exec-1] c.p.f.m.ForecastResultMapper.insert      : <==    Updates: 1
2026-08-20 23:11:22.260 DEBUG 54479 --- [nio-9080-exec-1] c.p.f.m.ForecastResultMapper.insert      : ==>  Preparing: INSERT INTO forecast_result ( id, task_id, model_version, predict_type, market_type, region_code, trade_date, value, lower_bound, upper_bound, confidence, version, deleted, created_at, updated_at ) VALUES ( ?, ?, ?, ?, ?, ?, ?, ?, ?, ?, ?, ?, ?, ?, ? )
2026-08-20 23:11:22.260 DEBUG 54479 --- [nio-9080-exec-1] c.p.f.m.ForecastResultMapper.insert      : ==> Parameters: 216212521919582208(Long), 216212521500151808(Long), v1.0.0(String), price(String), intra_province(String), CN-31(String), 2026-08-21 05:30:00.0(Timestamp), 164.36(BigDecimal), 147.92(BigDecimal), 180.80(BigDecimal), 0.90(BigDecimal), 1(Integer), false(Boolean), 2026-08-20 23:11:22.26(Timestamp), 2026-08-20 23:11:22.26(Timestamp)
2026-08-20 23:11:22.261 DEBUG 54479 --- [nio-9080-exec-1] c.p.f.m.ForecastResultMapper.insert      : <==    Updates: 1
2026-08-20 23:11:22.262 DEBUG 54479 --- [nio-9080-exec-1] c.p.f.m.ForecastResultMapper.insert      : ==>  Preparing: INSERT INTO forecast_result ( id, task_id, model_version, predict_type, market_type, region_code, trade_date, value, lower_bound, upper_bound, confidence, version, deleted, created_at, updated_at ) VALUES ( ?, ?, ?, ?, ?, ?, ?, ?, ?, ?, ?, ?, ?, ?, ? )
2026-08-20 23:11:22.262 DEBUG 54479 --- [nio-9080-exec-1] c.p.f.m.ForecastResultMapper.insert      : ==> Parameters: 216212521927970816(Long), 216212521500151808(Long), v1.0.0(String), price(String), intra_province(String), CN-31(String), 2026-08-21 05:45:00.0(Timestamp), 202.41(BigDecimal), 182.17(BigDecimal), 222.65(BigDecimal), 0.90(BigDecimal), 1(Integer), false(Boolean), 2026-08-20 23:11:22.262(Timestamp), 2026-08-20 23:11:22.262(Timestamp)
2026-08-20 23:11:22.263 DEBUG 54479 --- [nio-9080-exec-1] c.p.f.m.ForecastResultMapper.insert      : <==    Updates: 1
2026-08-20 23:11:22.264 DEBUG 54479 --- [nio-9080-exec-1] c.p.f.m.ForecastResultMapper.insert      : ==>  Preparing: INSERT INTO forecast_result ( id, task_id, model_version, predict_type, market_type, region_code, trade_date, value, lower_bound, upper_bound, confidence, version, deleted, created_at, updated_at ) VALUES ( ?, ?, ?, ?, ?, ?, ?, ?, ?, ?, ?, ?, ?, ?, ? )
2026-08-20 23:11:22.264 DEBUG 54479 --- [nio-9080-exec-1] c.p.f.m.ForecastResultMapper.insert      : ==> Parameters: 216212521932165120(Long), 216212521500151808(Long), v1.0.0(String), price(String), intra_province(String), CN-31(String), 2026-08-21 06:00:00.0(Timestamp), 215.22(BigDecimal), 193.70(BigDecimal), 236.74(BigDecimal), 0.90(BigDecimal), 1(Integer), false(Boolean), 2026-08-20 23:11:22.263(Timestamp), 2026-08-20 23:11:22.263(Timestamp)
2026-08-20 23:11:22.265 DEBUG 54479 --- [nio-9080-exec-1] c.p.f.m.ForecastResultMapper.insert      : <==    Updates: 1
2026-08-20 23:11:22.265 DEBUG 54479 --- [nio-9080-exec-1] c.p.f.m.ForecastResultMapper.insert      : ==>  Preparing: INSERT INTO forecast_result ( id, task_id, model_version, predict_type, market_type, region_code, trade_date, value, lower_bound, upper_bound, confidence, version, deleted, created_at, updated_at ) VALUES ( ?, ?, ?, ?, ?, ?, ?, ?, ?, ?, ?, ?, ?, ?, ? )
2026-08-20 23:11:22.265 DEBUG 54479 --- [nio-9080-exec-1] c.p.f.m.ForecastResultMapper.insert      : ==> Parameters: 216212521940553728(Long), 216212521500151808(Long), v1.0.0(String), price(String), intra_province(String), CN-31(String), 2026-08-21 06:15:00.0(Timestamp), 291.62(BigDecimal), 262.46(BigDecimal), 320.78(BigDecimal), 0.90(BigDecimal), 1(Integer), false(Boolean), 2026-08-20 23:11:22.265(Timestamp), 2026-08-20 23:11:22.265(Timestamp)
2026-08-20 23:11:22.267 DEBUG 54479 --- [nio-9080-exec-1] c.p.f.m.ForecastResultMapper.insert      : <==    Updates: 1
2026-08-20 23:11:22.267 DEBUG 54479 --- [nio-9080-exec-1] c.p.f.m.ForecastResultMapper.insert      : ==>  Preparing: INSERT INTO forecast_result ( id, task_id, model_version, predict_type, market_type, region_code, trade_date, value, lower_bound, upper_bound, confidence, version, deleted, created_at, updated_at ) VALUES ( ?, ?, ?, ?, ?, ?, ?, ?, ?, ?, ?, ?, ?, ?, ? )
2026-08-20 23:11:22.267 DEBUG 54479 --- [nio-9080-exec-1] c.p.f.m.ForecastResultMapper.insert      : ==> Parameters: 216212521948942336(Long), 216212521500151808(Long), v1.0.0(String), price(String), intra_province(String), CN-31(String), 2026-08-21 06:30:00.0(Timestamp), 323.72(BigDecimal), 291.35(BigDecimal), 356.09(BigDecimal), 0.90(BigDecimal), 1(Integer), false(Boolean), 2026-08-20 23:11:22.267(Timestamp), 2026-08-20 23:11:22.267(Timestamp)
2026-08-20 23:11:22.268 DEBUG 54479 --- [nio-9080-exec-1] c.p.f.m.ForecastResultMapper.insert      : <==    Updates: 1
2026-08-20 23:11:22.269 DEBUG 54479 --- [nio-9080-exec-1] c.p.f.m.ForecastResultMapper.insert      : ==>  Preparing: INSERT INTO forecast_result ( id, task_id, model_version, predict_type, market_type, region_code, trade_date, value, lower_bound, upper_bound, confidence, version, deleted, created_at, updated_at ) VALUES ( ?, ?, ?, ?, ?, ?, ?, ?, ?, ?, ?, ?, ?, ?, ? )
2026-08-20 23:11:22.269 DEBUG 54479 --- [nio-9080-exec-1] c.p.f.m.ForecastResultMapper.insert      : ==> Parameters: 216212521957330944(Long), 216212521500151808(Long), v1.0.0(String), price(String), intra_province(String), CN-31(String), 2026-08-21 06:45:00.0(Timestamp), 365.63(BigDecimal), 329.07(BigDecimal), 402.19(BigDecimal), 0.90(BigDecimal), 1(Integer), false(Boolean), 2026-08-20 23:11:22.269(Timestamp), 2026-08-20 23:11:22.269(Timestamp)
2026-08-20 23:11:22.270 DEBUG 54479 --- [nio-9080-exec-1] c.p.f.m.ForecastResultMapper.insert      : <==    Updates: 1
2026-08-20 23:11:22.271 DEBUG 54479 --- [nio-9080-exec-1] c.p.f.m.ForecastResultMapper.insert      : ==>  Preparing: INSERT INTO forecast_result ( id, task_id, model_version, predict_type, market_type, region_code, trade_date, value, lower_bound, upper_bound, confidence, version, deleted, created_at, updated_at ) VALUES ( ?, ?, ?, ?, ?, ?, ?, ?, ?, ?, ?, ?, ?, ?, ? )
2026-08-20 23:11:22.271 DEBUG 54479 --- [nio-9080-exec-1] c.p.f.m.ForecastResultMapper.insert      : ==> Parameters: 216212521965719552(Long), 216212521500151808(Long), v1.0.0(String), price(String), intra_province(String), CN-31(String), 2026-08-21 07:00:00.0(Timestamp), 386.03(BigDecimal), 347.43(BigDecimal), 424.63(BigDecimal), 0.90(BigDecimal), 1(Integer), false(Boolean), 2026-08-20 23:11:22.271(Timestamp), 2026-08-20 23:11:22.271(Timestamp)
2026-08-20 23:11:22.272 DEBUG 54479 --- [nio-9080-exec-1] c.p.f.m.ForecastResultMapper.insert      : <==    Updates: 1
2026-08-20 23:11:22.273 DEBUG 54479 --- [nio-9080-exec-1] c.p.f.m.ForecastResultMapper.insert      : ==>  Preparing: INSERT INTO forecast_result ( id, task_id, model_version, predict_type, market_type, region_code, trade_date, value, lower_bound, upper_bound, confidence, version, deleted, created_at, updated_at ) VALUES ( ?, ?, ?, ?, ?, ?, ?, ?, ?, ?, ?, ?, ?, ?, ? )
2026-08-20 23:11:22.273 DEBUG 54479 --- [nio-9080-exec-1] c.p.f.m.ForecastResultMapper.insert      : ==> Parameters: 216212521974108160(Long), 216212521500151808(Long), v1.0.0(String), price(String), intra_province(String), CN-31(String), 2026-08-21 07:15:00.0(Timestamp), 411.93(BigDecimal), 370.74(BigDecimal), 453.12(BigDecimal), 0.90(BigDecimal), 1(Integer), false(Boolean), 2026-08-20 23:11:22.273(Timestamp), 2026-08-20 23:11:22.273(Timestamp)
2026-08-20 23:11:22.274 DEBUG 54479 --- [nio-9080-exec-1] c.p.f.m.ForecastResultMapper.insert      : <==    Updates: 1
2026-08-20 23:11:22.275 DEBUG 54479 --- [nio-9080-exec-1] c.p.f.m.ForecastResultMapper.insert      : ==>  Preparing: INSERT INTO forecast_result ( id, task_id, model_version, predict_type, market_type, region_code, trade_date, value, lower_bound, upper_bound, confidence, version, deleted, created_at, updated_at ) VALUES ( ?, ?, ?, ?, ?, ?, ?, ?, ?, ?, ?, ?, ?, ?, ? )
2026-08-20 23:11:22.275 DEBUG 54479 --- [nio-9080-exec-1] c.p.f.m.ForecastResultMapper.insert      : ==> Parameters: 216212521982496768(Long), 216212521500151808(Long), v1.0.0(String), price(String), intra_province(String), CN-31(String), 2026-08-21 07:30:00.0(Timestamp), 413.17(BigDecimal), 371.85(BigDecimal), 454.49(BigDecimal), 0.90(BigDecimal), 1(Integer), false(Boolean), 2026-08-20 23:11:22.275(Timestamp), 2026-08-20 23:11:22.275(Timestamp)
2026-08-20 23:11:22.277 DEBUG 54479 --- [nio-9080-exec-1] c.p.f.m.ForecastResultMapper.insert      : <==    Updates: 1
2026-08-20 23:11:22.277 DEBUG 54479 --- [nio-9080-exec-1] c.p.f.m.ForecastResultMapper.insert      : ==>  Preparing: INSERT INTO forecast_result ( id, task_id, model_version, predict_type, market_type, region_code, trade_date, value, lower_bound, upper_bound, confidence, version, deleted, created_at, updated_at ) VALUES ( ?, ?, ?, ?, ?, ?, ?, ?, ?, ?, ?, ?, ?, ?, ? )
2026-08-20 23:11:22.277 DEBUG 54479 --- [nio-9080-exec-1] c.p.f.m.ForecastResultMapper.insert      : ==> Parameters: 216212521990885376(Long), 216212521500151808(Long), v1.0.0(String), price(String), intra_province(String), CN-31(String), 2026-08-21 07:45:00.0(Timestamp), 387.35(BigDecimal), 348.61(BigDecimal), 426.09(BigDecimal), 0.90(BigDecimal), 1(Integer), false(Boolean), 2026-08-20 23:11:22.277(Timestamp), 2026-08-20 23:11:22.277(Timestamp)
2026-08-20 23:11:22.278 DEBUG 54479 --- [nio-9080-exec-1] c.p.f.m.ForecastResultMapper.insert      : <==    Updates: 1
2026-08-20 23:11:22.279 DEBUG 54479 --- [nio-9080-exec-1] c.p.f.m.ForecastResultMapper.insert      : ==>  Preparing: INSERT INTO forecast_result ( id, task_id, model_version, predict_type, market_type, region_code, trade_date, value, lower_bound, upper_bound, confidence, version, deleted, created_at, updated_at ) VALUES ( ?, ?, ?, ?, ?, ?, ?, ?, ?, ?, ?, ?, ?, ?, ? )
2026-08-20 23:11:22.279 DEBUG 54479 --- [nio-9080-exec-1] c.p.f.m.ForecastResultMapper.insert      : ==> Parameters: 216212521999273984(Long), 216212521500151808(Long), v1.0.0(String), price(String), intra_province(String), CN-31(String), 2026-08-21 08:00:00.0(Timestamp), 385.28(BigDecimal), 346.75(BigDecimal), 423.81(BigDecimal), 0.90(BigDecimal), 1(Integer), false(Boolean), 2026-08-20 23:11:22.279(Timestamp), 2026-08-20 23:11:22.279(Timestamp)
2026-08-20 23:11:22.280 DEBUG 54479 --- [nio-9080-exec-1] c.p.f.m.ForecastResultMapper.insert      : <==    Updates: 1
2026-08-20 23:11:22.280 DEBUG 54479 --- [nio-9080-exec-1] c.p.f.m.ForecastResultMapper.insert      : ==>  Preparing: INSERT INTO forecast_result ( id, task_id, model_version, predict_type, market_type, region_code, trade_date, value, lower_bound, upper_bound, confidence, version, deleted, created_at, updated_at ) VALUES ( ?, ?, ?, ?, ?, ?, ?, ?, ?, ?, ?, ?, ?, ?, ? )
2026-08-20 23:11:22.280 DEBUG 54479 --- [nio-9080-exec-1] c.p.f.m.ForecastResultMapper.insert      : ==> Parameters: 216212522003468288(Long), 216212521500151808(Long), v1.0.0(String), price(String), intra_province(String), CN-31(String), 2026-08-21 08:15:00.0(Timestamp), 341.72(BigDecimal), 307.55(BigDecimal), 375.89(BigDecimal), 0.90(BigDecimal), 1(Integer), false(Boolean), 2026-08-20 23:11:22.28(Timestamp), 2026-08-20 23:11:22.28(Timestamp)
2026-08-20 23:11:22.282 DEBUG 54479 --- [nio-9080-exec-1] c.p.f.m.ForecastResultMapper.insert      : <==    Updates: 1
2026-08-20 23:11:22.282 DEBUG 54479 --- [nio-9080-exec-1] c.p.f.m.ForecastResultMapper.insert      : ==>  Preparing: INSERT INTO forecast_result ( id, task_id, model_version, predict_type, market_type, region_code, trade_date, value, lower_bound, upper_bound, confidence, version, deleted, created_at, updated_at ) VALUES ( ?, ?, ?, ?, ?, ?, ?, ?, ?, ?, ?, ?, ?, ?, ? )
2026-08-20 23:11:22.282 DEBUG 54479 --- [nio-9080-exec-1] c.p.f.m.ForecastResultMapper.insert      : ==> Parameters: 216212522011856896(Long), 216212521500151808(Long), v1.0.0(String), price(String), intra_province(String), CN-31(String), 2026-08-21 08:30:00.0(Timestamp), 302.73(BigDecimal), 272.46(BigDecimal), 333.00(BigDecimal), 0.90(BigDecimal), 1(Integer), false(Boolean), 2026-08-20 23:11:22.282(Timestamp), 2026-08-20 23:11:22.282(Timestamp)
2026-08-20 23:11:22.283 DEBUG 54479 --- [nio-9080-exec-1] c.p.f.m.ForecastResultMapper.insert      : <==    Updates: 1
2026-08-20 23:11:22.284 DEBUG 54479 --- [nio-9080-exec-1] c.p.f.m.ForecastResultMapper.insert      : ==>  Preparing: INSERT INTO forecast_result ( id, task_id, model_version, predict_type, market_type, region_code, trade_date, value, lower_bound, upper_bound, confidence, version, deleted, created_at, updated_at ) VALUES ( ?, ?, ?, ?, ?, ?, ?, ?, ?, ?, ?, ?, ?, ?, ? )
2026-08-20 23:11:22.284 DEBUG 54479 --- [nio-9080-exec-1] c.p.f.m.ForecastResultMapper.insert      : ==> Parameters: 216212522020245504(Long), 216212521500151808(Long), v1.0.0(String), price(String), intra_province(String), CN-31(String), 2026-08-21 08:45:00.0(Timestamp), 289.33(BigDecimal), 260.40(BigDecimal), 318.26(BigDecimal), 0.90(BigDecimal), 1(Integer), false(Boolean), 2026-08-20 23:11:22.284(Timestamp), 2026-08-20 23:11:22.284(Timestamp)
2026-08-20 23:11:22.285 DEBUG 54479 --- [nio-9080-exec-1] c.p.f.m.ForecastResultMapper.insert      : <==    Updates: 1
2026-08-20 23:11:22.286 DEBUG 54479 --- [nio-9080-exec-1] c.p.f.m.ForecastResultMapper.insert      : ==>  Preparing: INSERT INTO forecast_result ( id, task_id, model_version, predict_type, market_type, region_code, trade_date, value, lower_bound, upper_bound, confidence, version, deleted, created_at, updated_at ) VALUES ( ?, ?, ?, ?, ?, ?, ?, ?, ?, ?, ?, ?, ?, ?, ? )
2026-08-20 23:11:22.286 DEBUG 54479 --- [nio-9080-exec-1] c.p.f.m.ForecastResultMapper.insert      : ==> Parameters: 216212522024439808(Long), 216212521500151808(Long), v1.0.0(String), price(String), intra_province(String), CN-31(String), 2026-08-21 09:00:00.0(Timestamp), 238.74(BigDecimal), 214.87(BigDecimal), 262.61(BigDecimal), 0.90(BigDecimal), 1(Integer), false(Boolean), 2026-08-20 23:11:22.285(Timestamp), 2026-08-20 23:11:22.285(Timestamp)
2026-08-20 23:11:22.287 DEBUG 54479 --- [nio-9080-exec-1] c.p.f.m.ForecastResultMapper.insert      : <==    Updates: 1
2026-08-20 23:11:22.287 DEBUG 54479 --- [nio-9080-exec-1] c.p.f.m.ForecastResultMapper.insert      : ==>  Preparing: INSERT INTO forecast_result ( id, task_id, model_version, predict_type, market_type, region_code, trade_date, value, lower_bound, upper_bound, confidence, version, deleted, created_at, updated_at ) VALUES ( ?, ?, ?, ?, ?, ?, ?, ?, ?, ?, ?, ?, ?, ?, ? )
2026-08-20 23:11:22.288 DEBUG 54479 --- [nio-9080-exec-1] c.p.f.m.ForecastResultMapper.insert      : ==> Parameters: 216212522032828416(Long), 216212521500151808(Long), v1.0.0(String), price(String), intra_province(String), CN-31(String), 2026-08-21 09:15:00.0(Timestamp), 191.58(BigDecimal), 172.42(BigDecimal), 210.74(BigDecimal), 0.90(BigDecimal), 1(Integer), false(Boolean), 2026-08-20 23:11:22.287(Timestamp), 2026-08-20 23:11:22.287(Timestamp)
2026-08-20 23:11:22.289 DEBUG 54479 --- [nio-9080-exec-1] c.p.f.m.ForecastResultMapper.insert      : <==    Updates: 1
2026-08-20 23:11:22.290 DEBUG 54479 --- [nio-9080-exec-1] c.p.f.m.ForecastResultMapper.insert      : ==>  Preparing: INSERT INTO forecast_result ( id, task_id, model_version, predict_type, market_type, region_code, trade_date, value, lower_bound, upper_bound, confidence, version, deleted, created_at, updated_at ) VALUES ( ?, ?, ?, ?, ?, ?, ?, ?, ?, ?, ?, ?, ?, ?, ? )
2026-08-20 23:11:22.290 DEBUG 54479 --- [nio-9080-exec-1] c.p.f.m.ForecastResultMapper.insert      : ==> Parameters: 216212522041217024(Long), 216212521500151808(Long), v1.0.0(String), price(String), intra_province(String), CN-31(String), 2026-08-21 09:30:00.0(Timestamp), 165.85(BigDecimal), 149.26(BigDecimal), 182.44(BigDecimal), 0.90(BigDecimal), 1(Integer), false(Boolean), 2026-08-20 23:11:22.289(Timestamp), 2026-08-20 23:11:22.289(Timestamp)
2026-08-20 23:11:22.291 DEBUG 54479 --- [nio-9080-exec-1] c.p.f.m.ForecastResultMapper.insert      : <==    Updates: 1
2026-08-20 23:11:22.292 DEBUG 54479 --- [nio-9080-exec-1] c.p.f.m.ForecastResultMapper.insert      : ==>  Preparing: INSERT INTO forecast_result ( id, task_id, model_version, predict_type, market_type, region_code, trade_date, value, lower_bound, upper_bound, confidence, version, deleted, created_at, updated_at ) VALUES ( ?, ?, ?, ?, ?, ?, ?, ?, ?, ?, ?, ?, ?, ?, ? )
2026-08-20 23:11:22.292 DEBUG 54479 --- [nio-9080-exec-1] c.p.f.m.ForecastResultMapper.insert      : ==> Parameters: 216212522053799936(Long), 216212521500151808(Long), v1.0.0(String), price(String), intra_province(String), CN-31(String), 2026-08-21 09:45:00.0(Timestamp), 124.30(BigDecimal), 111.87(BigDecimal), 136.73(BigDecimal), 0.90(BigDecimal), 1(Integer), false(Boolean), 2026-08-20 23:11:22.292(Timestamp), 2026-08-20 23:11:22.292(Timestamp)
2026-08-20 23:11:22.293 DEBUG 54479 --- [nio-9080-exec-1] c.p.f.m.ForecastResultMapper.insert      : <==    Updates: 1
2026-08-20 23:11:22.294 DEBUG 54479 --- [nio-9080-exec-1] c.p.f.m.ForecastResultMapper.insert      : ==>  Preparing: INSERT INTO forecast_result ( id, task_id, model_version, predict_type, market_type, region_code, trade_date, value, lower_bound, upper_bound, confidence, version, deleted, created_at, updated_at ) VALUES ( ?, ?, ?, ?, ?, ?, ?, ?, ?, ?, ?, ?, ?, ?, ? )
2026-08-20 23:11:22.294 DEBUG 54479 --- [nio-9080-exec-1] c.p.f.m.ForecastResultMapper.insert      : ==> Parameters: 216212522062188544(Long), 216212521500151808(Long), v1.0.0(String), price(String), intra_province(String), CN-31(String), 2026-08-21 10:00:00.0(Timestamp), 109.43(BigDecimal), 98.49(BigDecimal), 120.37(BigDecimal), 0.90(BigDecimal), 1(Integer), false(Boolean), 2026-08-20 23:11:22.294(Timestamp), 2026-08-20 23:11:22.294(Timestamp)
2026-08-20 23:11:22.295 DEBUG 54479 --- [nio-9080-exec-1] c.p.f.m.ForecastResultMapper.insert      : <==    Updates: 1
2026-08-20 23:11:22.296 DEBUG 54479 --- [nio-9080-exec-1] c.p.f.m.ForecastResultMapper.insert      : ==>  Preparing: INSERT INTO forecast_result ( id, task_id, model_version, predict_type, market_type, region_code, trade_date, value, lower_bound, upper_bound, confidence, version, deleted, created_at, updated_at ) VALUES ( ?, ?, ?, ?, ?, ?, ?, ?, ?, ?, ?, ?, ?, ?, ? )
2026-08-20 23:11:22.296 DEBUG 54479 --- [nio-9080-exec-1] c.p.f.m.ForecastResultMapper.insert      : ==> Parameters: 216212522066382848(Long), 216212521500151808(Long), v1.0.0(String), price(String), intra_province(String), CN-31(String), 2026-08-21 10:15:00.0(Timestamp), 79.05(BigDecimal), 71.14(BigDecimal), 86.96(BigDecimal), 0.90(BigDecimal), 1(Integer), false(Boolean), 2026-08-20 23:11:22.295(Timestamp), 2026-08-20 23:11:22.295(Timestamp)
2026-08-20 23:11:22.297 DEBUG 54479 --- [nio-9080-exec-1] c.p.f.m.ForecastResultMapper.insert      : <==    Updates: 1
2026-08-20 23:11:22.298 DEBUG 54479 --- [nio-9080-exec-1] c.p.f.m.ForecastResultMapper.insert      : ==>  Preparing: INSERT INTO forecast_result ( id, task_id, model_version, predict_type, market_type, region_code, trade_date, value, lower_bound, upper_bound, confidence, version, deleted, created_at, updated_at ) VALUES ( ?, ?, ?, ?, ?, ?, ?, ?, ?, ?, ?, ?, ?, ?, ? )
2026-08-20 23:11:22.298 DEBUG 54479 --- [nio-9080-exec-1] c.p.f.m.ForecastResultMapper.insert      : ==> Parameters: 216212522078965760(Long), 216212521500151808(Long), v1.0.0(String), price(String), intra_province(String), CN-31(String), 2026-08-21 10:30:00.0(Timestamp), 80.87(BigDecimal), 72.78(BigDecimal), 88.96(BigDecimal), 0.90(BigDecimal), 1(Integer), false(Boolean), 2026-08-20 23:11:22.298(Timestamp), 2026-08-20 23:11:22.298(Timestamp)
2026-08-20 23:11:22.299 DEBUG 54479 --- [nio-9080-exec-1] c.p.f.m.ForecastResultMapper.insert      : <==    Updates: 1
2026-08-20 23:11:22.299 DEBUG 54479 --- [nio-9080-exec-1] c.p.f.m.ForecastResultMapper.insert      : ==>  Preparing: INSERT INTO forecast_result ( id, task_id, model_version, predict_type, market_type, region_code, trade_date, value, lower_bound, upper_bound, confidence, version, deleted, created_at, updated_at ) VALUES ( ?, ?, ?, ?, ?, ?, ?, ?, ?, ?, ?, ?, ?, ?, ? )
2026-08-20 23:11:22.300 DEBUG 54479 --- [nio-9080-exec-1] c.p.f.m.ForecastResultMapper.insert      : ==> Parameters: 216212522083160064(Long), 216212521500151808(Long), v1.0.0(String), price(String), intra_province(String), CN-31(String), 2026-08-21 10:45:00.0(Timestamp), 95.38(BigDecimal), 85.84(BigDecimal), 104.92(BigDecimal), 0.90(BigDecimal), 1(Integer), false(Boolean), 2026-08-20 23:11:22.299(Timestamp), 2026-08-20 23:11:22.299(Timestamp)
2026-08-20 23:11:22.301 DEBUG 54479 --- [nio-9080-exec-1] c.p.f.m.ForecastResultMapper.insert      : <==    Updates: 1
2026-08-20 23:11:22.301 DEBUG 54479 --- [nio-9080-exec-1] c.p.f.m.ForecastResultMapper.insert      : ==>  Preparing: INSERT INTO forecast_result ( id, task_id, model_version, predict_type, market_type, region_code, trade_date, value, lower_bound, upper_bound, confidence, version, deleted, created_at, updated_at ) VALUES ( ?, ?, ?, ?, ?, ?, ?, ?, ?, ?, ?, ?, ?, ?, ? )
2026-08-20 23:11:22.301 DEBUG 54479 --- [nio-9080-exec-1] c.p.f.m.ForecastResultMapper.insert      : ==> Parameters: 216212522091548672(Long), 216212521500151808(Long), v1.0.0(String), price(String), intra_province(String), CN-31(String), 2026-08-21 11:00:00.0(Timestamp), 97.50(BigDecimal), 87.75(BigDecimal), 107.25(BigDecimal), 0.90(BigDecimal), 1(Integer), false(Boolean), 2026-08-20 23:11:22.301(Timestamp), 2026-08-20 23:11:22.301(Timestamp)
2026-08-20 23:11:22.302 DEBUG 54479 --- [nio-9080-exec-1] c.p.f.m.ForecastResultMapper.insert      : <==    Updates: 1
2026-08-20 23:11:22.303 DEBUG 54479 --- [nio-9080-exec-1] c.p.f.m.ForecastResultMapper.insert      : ==>  Preparing: INSERT INTO forecast_result ( id, task_id, model_version, predict_type, market_type, region_code, trade_date, value, lower_bound, upper_bound, confidence, version, deleted, created_at, updated_at ) VALUES ( ?, ?, ?, ?, ?, ?, ?, ?, ?, ?, ?, ?, ?, ?, ? )
2026-08-20 23:11:22.303 DEBUG 54479 --- [nio-9080-exec-1] c.p.f.m.ForecastResultMapper.insert      : ==> Parameters: 216212522099937280(Long), 216212521500151808(Long), v1.0.0(String), price(String), intra_province(String), CN-31(String), 2026-08-21 11:15:00.0(Timestamp), 133.42(BigDecimal), 120.08(BigDecimal), 146.76(BigDecimal), 0.90(BigDecimal), 1(Integer), false(Boolean), 2026-08-20 23:11:22.303(Timestamp), 2026-08-20 23:11:22.303(Timestamp)
2026-08-20 23:11:22.304 DEBUG 54479 --- [nio-9080-exec-1] c.p.f.m.ForecastResultMapper.insert      : <==    Updates: 1
2026-08-20 23:11:22.305 DEBUG 54479 --- [nio-9080-exec-1] c.p.f.m.ForecastResultMapper.insert      : ==>  Preparing: INSERT INTO forecast_result ( id, task_id, model_version, predict_type, market_type, region_code, trade_date, value, lower_bound, upper_bound, confidence, version, deleted, created_at, updated_at ) VALUES ( ?, ?, ?, ?, ?, ?, ?, ?, ?, ?, ?, ?, ?, ?, ? )
2026-08-20 23:11:22.305 DEBUG 54479 --- [nio-9080-exec-1] c.p.f.m.ForecastResultMapper.insert      : ==> Parameters: 216212522108325888(Long), 216212521500151808(Long), v1.0.0(String), price(String), intra_province(String), CN-31(String), 2026-08-21 11:30:00.0(Timestamp), 165.98(BigDecimal), 149.38(BigDecimal), 182.58(BigDecimal), 0.90(BigDecimal), 1(Integer), false(Boolean), 2026-08-20 23:11:22.305(Timestamp), 2026-08-20 23:11:22.305(Timestamp)
2026-08-20 23:11:22.306 DEBUG 54479 --- [nio-9080-exec-1] c.p.f.m.ForecastResultMapper.insert      : <==    Updates: 1
2026-08-20 23:11:22.307 DEBUG 54479 --- [nio-9080-exec-1] c.p.f.m.ForecastResultMapper.insert      : ==>  Preparing: INSERT INTO forecast_result ( id, task_id, model_version, predict_type, market_type, region_code, trade_date, value, lower_bound, upper_bound, confidence, version, deleted, created_at, updated_at ) VALUES ( ?, ?, ?, ?, ?, ?, ?, ?, ?, ?, ?, ?, ?, ?, ? )
2026-08-20 23:11:22.307 DEBUG 54479 --- [nio-9080-exec-1] c.p.f.m.ForecastResultMapper.insert      : ==> Parameters: 216212522112520192(Long), 216212521500151808(Long), v1.0.0(String), price(String), intra_province(String), CN-31(String), 2026-08-21 11:45:00.0(Timestamp), 210.06(BigDecimal), 189.05(BigDecimal), 231.07(BigDecimal), 0.90(BigDecimal), 1(Integer), false(Boolean), 2026-08-20 23:11:22.306(Timestamp), 2026-08-20 23:11:22.306(Timestamp)
2026-08-20 23:11:22.308 DEBUG 54479 --- [nio-9080-exec-1] c.p.f.m.ForecastResultMapper.insert      : <==    Updates: 1
2026-08-20 23:11:22.308 DEBUG 54479 --- [nio-9080-exec-1] c.p.f.m.ForecastResultMapper.insert      : ==>  Preparing: INSERT INTO forecast_result ( id, task_id, model_version, predict_type, market_type, region_code, trade_date, value, lower_bound, upper_bound, confidence, version, deleted, created_at, updated_at ) VALUES ( ?, ?, ?, ?, ?, ?, ?, ?, ?, ?, ?, ?, ?, ?, ? )
2026-08-20 23:11:22.308 DEBUG 54479 --- [nio-9080-exec-1] c.p.f.m.ForecastResultMapper.insert      : ==> Parameters: 216212522120908800(Long), 216212521500151808(Long), v1.0.0(String), price(String), intra_province(String), CN-31(String), 2026-08-21 12:00:00.0(Timestamp), 253.91(BigDecimal), 228.52(BigDecimal), 279.30(BigDecimal), 0.90(BigDecimal), 1(Integer), false(Boolean), 2026-08-20 23:11:22.308(Timestamp), 2026-08-20 23:11:22.308(Timestamp)
2026-08-20 23:11:22.309 DEBUG 54479 --- [nio-9080-exec-1] c.p.f.m.ForecastResultMapper.insert      : <==    Updates: 1
2026-08-20 23:11:22.310 DEBUG 54479 --- [nio-9080-exec-1] c.p.f.m.ForecastResultMapper.insert      : ==>  Preparing: INSERT INTO forecast_result ( id, task_id, model_version, predict_type, market_type, region_code, trade_date, value, lower_bound, upper_bound, confidence, version, deleted, created_at, updated_at ) VALUES ( ?, ?, ?, ?, ?, ?, ?, ?, ?, ?, ?, ?, ?, ?, ? )
2026-08-20 23:11:22.310 DEBUG 54479 --- [nio-9080-exec-1] c.p.f.m.ForecastResultMapper.insert      : ==> Parameters: 216212522129297408(Long), 216212521500151808(Long), v1.0.0(String), price(String), intra_province(String), CN-31(String), 2026-08-21 12:15:00.0(Timestamp), 265.22(BigDecimal), 238.70(BigDecimal), 291.74(BigDecimal), 0.90(BigDecimal), 1(Integer), false(Boolean), 2026-08-20 23:11:22.31(Timestamp), 2026-08-20 23:11:22.31(Timestamp)
2026-08-20 23:11:22.311 DEBUG 54479 --- [nio-9080-exec-1] c.p.f.m.ForecastResultMapper.insert      : <==    Updates: 1
2026-08-20 23:11:22.312 DEBUG 54479 --- [nio-9080-exec-1] c.p.f.m.ForecastResultMapper.insert      : ==>  Preparing: INSERT INTO forecast_result ( id, task_id, model_version, predict_type, market_type, region_code, trade_date, value, lower_bound, upper_bound, confidence, version, deleted, created_at, updated_at ) VALUES ( ?, ?, ?, ?, ?, ?, ?, ?, ?, ?, ?, ?, ?, ?, ? )
2026-08-20 23:11:22.312 DEBUG 54479 --- [nio-9080-exec-1] c.p.f.m.ForecastResultMapper.insert      : ==> Parameters: 216212522133491712(Long), 216212521500151808(Long), v1.0.0(String), price(String), intra_province(String), CN-31(String), 2026-08-21 12:30:00.0(Timestamp), 307.18(BigDecimal), 276.46(BigDecimal), 337.90(BigDecimal), 0.90(BigDecimal), 1(Integer), false(Boolean), 2026-08-20 23:11:22.311(Timestamp), 2026-08-20 23:11:22.311(Timestamp)
2026-08-20 23:11:22.313 DEBUG 54479 --- [nio-9080-exec-1] c.p.f.m.ForecastResultMapper.insert      : <==    Updates: 1
2026-08-20 23:11:22.314 DEBUG 54479 --- [nio-9080-exec-1] c.p.f.m.ForecastResultMapper.insert      : ==>  Preparing: INSERT INTO forecast_result ( id, task_id, model_version, predict_type, market_type, region_code, trade_date, value, lower_bound, upper_bound, confidence, version, deleted, created_at, updated_at ) VALUES ( ?, ?, ?, ?, ?, ?, ?, ?, ?, ?, ?, ?, ?, ?, ? )
2026-08-20 23:11:22.314 DEBUG 54479 --- [nio-9080-exec-1] c.p.f.m.ForecastResultMapper.insert      : ==> Parameters: 216212522146074624(Long), 216212521500151808(Long), v1.0.0(String), price(String), intra_province(String), CN-31(String), 2026-08-21 12:45:00.0(Timestamp), 370.49(BigDecimal), 333.44(BigDecimal), 407.54(BigDecimal), 0.90(BigDecimal), 1(Integer), false(Boolean), 2026-08-20 23:11:22.314(Timestamp), 2026-08-20 23:11:22.314(Timestamp)
2026-08-20 23:11:22.315 DEBUG 54479 --- [nio-9080-exec-1] c.p.f.m.ForecastResultMapper.insert      : <==    Updates: 1
2026-08-20 23:11:22.316 DEBUG 54479 --- [nio-9080-exec-1] c.p.f.m.ForecastResultMapper.insert      : ==>  Preparing: INSERT INTO forecast_result ( id, task_id, model_version, predict_type, market_type, region_code, trade_date, value, lower_bound, upper_bound, confidence, version, deleted, created_at, updated_at ) VALUES ( ?, ?, ?, ?, ?, ?, ?, ?, ?, ?, ?, ?, ?, ?, ? )
2026-08-20 23:11:22.316 DEBUG 54479 --- [nio-9080-exec-1] c.p.f.m.ForecastResultMapper.insert      : ==> Parameters: 216212522154463232(Long), 216212521500151808(Long), v1.0.0(String), price(String), intra_province(String), CN-31(String), 2026-08-21 13:00:00.0(Timestamp), 379.03(BigDecimal), 341.13(BigDecimal), 416.93(BigDecimal), 0.90(BigDecimal), 1(Integer), false(Boolean), 2026-08-20 23:11:22.316(Timestamp), 2026-08-20 23:11:22.316(Timestamp)
2026-08-20 23:11:22.317 DEBUG 54479 --- [nio-9080-exec-1] c.p.f.m.ForecastResultMapper.insert      : <==    Updates: 1
2026-08-20 23:11:22.318 DEBUG 54479 --- [nio-9080-exec-1] c.p.f.m.ForecastResultMapper.insert      : ==>  Preparing: INSERT INTO forecast_result ( id, task_id, model_version, predict_type, market_type, region_code, trade_date, value, lower_bound, upper_bound, confidence, version, deleted, created_at, updated_at ) VALUES ( ?, ?, ?, ?, ?, ?, ?, ?, ?, ?, ?, ?, ?, ?, ? )
2026-08-20 23:11:22.318 DEBUG 54479 --- [nio-9080-exec-1] c.p.f.m.ForecastResultMapper.insert      : ==> Parameters: 216212522162851840(Long), 216212521500151808(Long), v1.0.0(String), price(String), intra_province(String), CN-31(String), 2026-08-21 13:15:00.0(Timestamp), 374.43(BigDecimal), 336.99(BigDecimal), 411.87(BigDecimal), 0.90(BigDecimal), 1(Integer), false(Boolean), 2026-08-20 23:11:22.318(Timestamp), 2026-08-20 23:11:22.318(Timestamp)
2026-08-20 23:11:22.319 DEBUG 54479 --- [nio-9080-exec-1] c.p.f.m.ForecastResultMapper.insert      : <==    Updates: 1
2026-08-20 23:11:22.320 DEBUG 54479 --- [nio-9080-exec-1] c.p.f.m.ForecastResultMapper.insert      : ==>  Preparing: INSERT INTO forecast_result ( id, task_id, model_version, predict_type, market_type, region_code, trade_date, value, lower_bound, upper_bound, confidence, version, deleted, created_at, updated_at ) VALUES ( ?, ?, ?, ?, ?, ?, ?, ?, ?, ?, ?, ?, ?, ?, ? )
2026-08-20 23:11:22.320 DEBUG 54479 --- [nio-9080-exec-1] c.p.f.m.ForecastResultMapper.insert      : ==> Parameters: 216212522171240448(Long), 216212521500151808(Long), v1.0.0(String), price(String), intra_province(String), CN-31(String), 2026-08-21 13:30:00.0(Timestamp), 399.79(BigDecimal), 359.81(BigDecimal), 439.77(BigDecimal), 0.90(BigDecimal), 1(Integer), false(Boolean), 2026-08-20 23:11:22.32(Timestamp), 2026-08-20 23:11:22.32(Timestamp)
2026-08-20 23:11:22.321 DEBUG 54479 --- [nio-9080-exec-1] c.p.f.m.ForecastResultMapper.insert      : <==    Updates: 1
2026-08-20 23:11:22.322 DEBUG 54479 --- [nio-9080-exec-1] c.p.f.m.ForecastResultMapper.insert      : ==>  Preparing: INSERT INTO forecast_result ( id, task_id, model_version, predict_type, market_type, region_code, trade_date, value, lower_bound, upper_bound, confidence, version, deleted, created_at, updated_at ) VALUES ( ?, ?, ?, ?, ?, ?, ?, ?, ?, ?, ?, ?, ?, ?, ? )
2026-08-20 23:11:22.322 DEBUG 54479 --- [nio-9080-exec-1] c.p.f.m.ForecastResultMapper.insert      : ==> Parameters: 216212522175434752(Long), 216212521500151808(Long), v1.0.0(String), price(String), intra_province(String), CN-31(String), 2026-08-21 13:45:00.0(Timestamp), 378.23(BigDecimal), 340.41(BigDecimal), 416.05(BigDecimal), 0.90(BigDecimal), 1(Integer), false(Boolean), 2026-08-20 23:11:22.321(Timestamp), 2026-08-20 23:11:22.321(Timestamp)
2026-08-20 23:11:22.323 DEBUG 54479 --- [nio-9080-exec-1] c.p.f.m.ForecastResultMapper.insert      : <==    Updates: 1
2026-08-20 23:11:22.323 DEBUG 54479 --- [nio-9080-exec-1] c.p.f.m.ForecastResultMapper.insert      : ==>  Preparing: INSERT INTO forecast_result ( id, task_id, model_version, predict_type, market_type, region_code, trade_date, value, lower_bound, upper_bound, confidence, version, deleted, created_at, updated_at ) VALUES ( ?, ?, ?, ?, ?, ?, ?, ?, ?, ?, ?, ?, ?, ?, ? )
2026-08-20 23:11:22.324 DEBUG 54479 --- [nio-9080-exec-1] c.p.f.m.ForecastResultMapper.insert      : ==> Parameters: 216212522183823360(Long), 216212521500151808(Long), v1.0.0(String), price(String), intra_province(String), CN-31(String), 2026-08-21 14:00:00.0(Timestamp), 386.64(BigDecimal), 347.98(BigDecimal), 425.30(BigDecimal), 0.90(BigDecimal), 1(Integer), false(Boolean), 2026-08-20 23:11:22.323(Timestamp), 2026-08-20 23:11:22.323(Timestamp)
2026-08-20 23:11:22.325 DEBUG 54479 --- [nio-9080-exec-1] c.p.f.m.ForecastResultMapper.insert      : <==    Updates: 1
2026-08-20 23:11:22.325 DEBUG 54479 --- [nio-9080-exec-1] c.p.f.m.ForecastResultMapper.insert      : ==>  Preparing: INSERT INTO forecast_result ( id, task_id, model_version, predict_type, market_type, region_code, trade_date, value, lower_bound, upper_bound, confidence, version, deleted, created_at, updated_at ) VALUES ( ?, ?, ?, ?, ?, ?, ?, ?, ?, ?, ?, ?, ?, ?, ? )
2026-08-20 23:11:22.325 DEBUG 54479 --- [nio-9080-exec-1] c.p.f.m.ForecastResultMapper.insert      : ==> Parameters: 216212522192211968(Long), 216212521500151808(Long), v1.0.0(String), price(String), intra_province(String), CN-31(String), 2026-08-21 14:15:00.0(Timestamp), 345.29(BigDecimal), 310.76(BigDecimal), 379.82(BigDecimal), 0.90(BigDecimal), 1(Integer), false(Boolean), 2026-08-20 23:11:22.325(Timestamp), 2026-08-20 23:11:22.325(Timestamp)
2026-08-20 23:11:22.326 DEBUG 54479 --- [nio-9080-exec-1] c.p.f.m.ForecastResultMapper.insert      : <==    Updates: 1
2026-08-20 23:11:22.327 DEBUG 54479 --- [nio-9080-exec-1] c.p.f.m.ForecastResultMapper.insert      : ==>  Preparing: INSERT INTO forecast_result ( id, task_id, model_version, predict_type, market_type, region_code, trade_date, value, lower_bound, upper_bound, confidence, version, deleted, created_at, updated_at ) VALUES ( ?, ?, ?, ?, ?, ?, ?, ?, ?, ?, ?, ?, ?, ?, ? )
2026-08-20 23:11:22.327 DEBUG 54479 --- [nio-9080-exec-1] c.p.f.m.ForecastResultMapper.insert      : ==> Parameters: 216212522200600576(Long), 216212521500151808(Long), v1.0.0(String), price(String), intra_province(String), CN-31(String), 2026-08-21 14:30:00.0(Timestamp), 333.39(BigDecimal), 300.05(BigDecimal), 366.73(BigDecimal), 0.90(BigDecimal), 1(Integer), false(Boolean), 2026-08-20 23:11:22.327(Timestamp), 2026-08-20 23:11:22.327(Timestamp)
2026-08-20 23:11:22.328 DEBUG 54479 --- [nio-9080-exec-1] c.p.f.m.ForecastResultMapper.insert      : <==    Updates: 1
2026-08-20 23:11:22.329 DEBUG 54479 --- [nio-9080-exec-1] c.p.f.m.ForecastResultMapper.insert      : ==>  Preparing: INSERT INTO forecast_result ( id, task_id, model_version, predict_type, market_type, region_code, trade_date, value, lower_bound, upper_bound, confidence, version, deleted, created_at, updated_at ) VALUES ( ?, ?, ?, ?, ?, ?, ?, ?, ?, ?, ?, ?, ?, ?, ? )
2026-08-20 23:11:22.329 DEBUG 54479 --- [nio-9080-exec-1] c.p.f.m.ForecastResultMapper.insert      : ==> Parameters: 216212522208989184(Long), 216212521500151808(Long), v1.0.0(String), price(String), intra_province(String), CN-31(String), 2026-08-21 14:45:00.0(Timestamp), 274.08(BigDecimal), 246.67(BigDecimal), 301.49(BigDecimal), 0.90(BigDecimal), 1(Integer), false(Boolean), 2026-08-20 23:11:22.329(Timestamp), 2026-08-20 23:11:22.329(Timestamp)
2026-08-20 23:11:22.330 DEBUG 54479 --- [nio-9080-exec-1] c.p.f.m.ForecastResultMapper.insert      : <==    Updates: 1
2026-08-20 23:11:22.330 DEBUG 54479 --- [nio-9080-exec-1] c.p.f.m.ForecastResultMapper.insert      : ==>  Preparing: INSERT INTO forecast_result ( id, task_id, model_version, predict_type, market_type, region_code, trade_date, value, lower_bound, upper_bound, confidence, version, deleted, created_at, updated_at ) VALUES ( ?, ?, ?, ?, ?, ?, ?, ?, ?, ?, ?, ?, ?, ?, ? )
2026-08-20 23:11:22.330 DEBUG 54479 --- [nio-9080-exec-1] c.p.f.m.ForecastResultMapper.insert      : ==> Parameters: 216212522213183488(Long), 216212521500151808(Long), v1.0.0(String), price(String), intra_province(String), CN-31(String), 2026-08-21 15:00:00.0(Timestamp), 228.68(BigDecimal), 205.81(BigDecimal), 251.55(BigDecimal), 0.90(BigDecimal), 1(Integer), false(Boolean), 2026-08-20 23:11:22.33(Timestamp), 2026-08-20 23:11:22.33(Timestamp)
2026-08-20 23:11:22.332 DEBUG 54479 --- [nio-9080-exec-1] c.p.f.m.ForecastResultMapper.insert      : <==    Updates: 1
2026-08-20 23:11:22.332 DEBUG 54479 --- [nio-9080-exec-1] c.p.f.m.ForecastResultMapper.insert      : ==>  Preparing: INSERT INTO forecast_result ( id, task_id, model_version, predict_type, market_type, region_code, trade_date, value, lower_bound, upper_bound, confidence, version, deleted, created_at, updated_at ) VALUES ( ?, ?, ?, ?, ?, ?, ?, ?, ?, ?, ?, ?, ?, ?, ? )
2026-08-20 23:11:22.332 DEBUG 54479 --- [nio-9080-exec-1] c.p.f.m.ForecastResultMapper.insert      : ==> Parameters: 216212522221572096(Long), 216212521500151808(Long), v1.0.0(String), price(String), intra_province(String), CN-31(String), 2026-08-21 15:15:00.0(Timestamp), 190.90(BigDecimal), 171.81(BigDecimal), 209.99(BigDecimal), 0.90(BigDecimal), 1(Integer), false(Boolean), 2026-08-20 23:11:22.332(Timestamp), 2026-08-20 23:11:22.332(Timestamp)
2026-08-20 23:11:22.333 DEBUG 54479 --- [nio-9080-exec-1] c.p.f.m.ForecastResultMapper.insert      : <==    Updates: 1
2026-08-20 23:11:22.334 DEBUG 54479 --- [nio-9080-exec-1] c.p.f.m.ForecastResultMapper.insert      : ==>  Preparing: INSERT INTO forecast_result ( id, task_id, model_version, predict_type, market_type, region_code, trade_date, value, lower_bound, upper_bound, confidence, version, deleted, created_at, updated_at ) VALUES ( ?, ?, ?, ?, ?, ?, ?, ?, ?, ?, ?, ?, ?, ?, ? )
2026-08-20 23:11:22.334 DEBUG 54479 --- [nio-9080-exec-1] c.p.f.m.ForecastResultMapper.insert      : ==> Parameters: 216212522229960704(Long), 216212521500151808(Long), v1.0.0(String), price(String), intra_province(String), CN-31(String), 2026-08-21 15:30:00.0(Timestamp), 169.88(BigDecimal), 152.89(BigDecimal), 186.87(BigDecimal), 0.90(BigDecimal), 1(Integer), false(Boolean), 2026-08-20 23:11:22.334(Timestamp), 2026-08-20 23:11:22.334(Timestamp)
2026-08-20 23:11:22.335 DEBUG 54479 --- [nio-9080-exec-1] c.p.f.m.ForecastResultMapper.insert      : <==    Updates: 1
2026-08-20 23:11:22.336 DEBUG 54479 --- [nio-9080-exec-1] c.p.f.m.ForecastResultMapper.insert      : ==>  Preparing: INSERT INTO forecast_result ( id, task_id, model_version, predict_type, market_type, region_code, trade_date, value, lower_bound, upper_bound, confidence, version, deleted, created_at, updated_at ) VALUES ( ?, ?, ?, ?, ?, ?, ?, ?, ?, ?, ?, ?, ?, ?, ? )
2026-08-20 23:11:22.336 DEBUG 54479 --- [nio-9080-exec-1] c.p.f.m.ForecastResultMapper.insert      : ==> Parameters: 216212522234155008(Long), 216212521500151808(Long), v1.0.0(String), price(String), intra_province(String), CN-31(String), 2026-08-21 15:45:00.0(Timestamp), 122.92(BigDecimal), 110.63(BigDecimal), 135.21(BigDecimal), 0.90(BigDecimal), 1(Integer), false(Boolean), 2026-08-20 23:11:22.335(Timestamp), 2026-08-20 23:11:22.335(Timestamp)
2026-08-20 23:11:22.337 DEBUG 54479 --- [nio-9080-exec-1] c.p.f.m.ForecastResultMapper.insert      : <==    Updates: 1
2026-08-20 23:11:22.338 DEBUG 54479 --- [nio-9080-exec-1] c.p.f.m.ForecastResultMapper.insert      : ==>  Preparing: INSERT INTO forecast_result ( id, task_id, model_version, predict_type, market_type, region_code, trade_date, value, lower_bound, upper_bound, confidence, version, deleted, created_at, updated_at ) VALUES ( ?, ?, ?, ?, ?, ?, ?, ?, ?, ?, ?, ?, ?, ?, ? )
2026-08-20 23:11:22.338 DEBUG 54479 --- [nio-9080-exec-1] c.p.f.m.ForecastResultMapper.insert      : ==> Parameters: 216212522246737920(Long), 216212521500151808(Long), v1.0.0(String), price(String), intra_province(String), CN-31(String), 2026-08-21 16:00:00.0(Timestamp), 109.07(BigDecimal), 98.16(BigDecimal), 119.98(BigDecimal), 0.90(BigDecimal), 1(Integer), false(Boolean), 2026-08-20 23:11:22.338(Timestamp), 2026-08-20 23:11:22.338(Timestamp)
2026-08-20 23:11:22.339 DEBUG 54479 --- [nio-9080-exec-1] c.p.f.m.ForecastResultMapper.insert      : <==    Updates: 1
2026-08-20 23:11:22.340 DEBUG 54479 --- [nio-9080-exec-1] c.p.f.m.ForecastResultMapper.insert      : ==>  Preparing: INSERT INTO forecast_result ( id, task_id, model_version, predict_type, market_type, region_code, trade_date, value, lower_bound, upper_bound, confidence, version, deleted, created_at, updated_at ) VALUES ( ?, ?, ?, ?, ?, ?, ?, ?, ?, ?, ?, ?, ?, ?, ? )
2026-08-20 23:11:22.340 DEBUG 54479 --- [nio-9080-exec-1] c.p.f.m.ForecastResultMapper.insert      : ==> Parameters: 216212522250932224(Long), 216212521500151808(Long), v1.0.0(String), price(String), intra_province(String), CN-31(String), 2026-08-21 16:15:00.0(Timestamp), 78.61(BigDecimal), 70.75(BigDecimal), 86.47(BigDecimal), 0.90(BigDecimal), 1(Integer), false(Boolean), 2026-08-20 23:11:22.339(Timestamp), 2026-08-20 23:11:22.339(Timestamp)
2026-08-20 23:11:22.341 DEBUG 54479 --- [nio-9080-exec-1] c.p.f.m.ForecastResultMapper.insert      : <==    Updates: 1
2026-08-20 23:11:22.341 DEBUG 54479 --- [nio-9080-exec-1] c.p.f.m.ForecastResultMapper.insert      : ==>  Preparing: INSERT INTO forecast_result ( id, task_id, model_version, predict_type, market_type, region_code, trade_date, value, lower_bound, upper_bound, confidence, version, deleted, created_at, updated_at ) VALUES ( ?, ?, ?, ?, ?, ?, ?, ?, ?, ?, ?, ?, ?, ?, ? )
2026-08-20 23:11:22.341 DEBUG 54479 --- [nio-9080-exec-1] c.p.f.m.ForecastResultMapper.insert      : ==> Parameters: 216212522259320832(Long), 216212521500151808(Long), v1.0.0(String), price(String), intra_province(String), CN-31(String), 2026-08-21 16:30:00.0(Timestamp), 97.18(BigDecimal), 87.46(BigDecimal), 106.90(BigDecimal), 0.90(BigDecimal), 1(Integer), false(Boolean), 2026-08-20 23:11:22.341(Timestamp), 2026-08-20 23:11:22.341(Timestamp)
2026-08-20 23:11:22.342 DEBUG 54479 --- [nio-9080-exec-1] c.p.f.m.ForecastResultMapper.insert      : <==    Updates: 1
2026-08-20 23:11:22.343 DEBUG 54479 --- [nio-9080-exec-1] c.p.f.m.ForecastResultMapper.insert      : ==>  Preparing: INSERT INTO forecast_result ( id, task_id, model_version, predict_type, market_type, region_code, trade_date, value, lower_bound, upper_bound, confidence, version, deleted, created_at, updated_at ) VALUES ( ?, ?, ?, ?, ?, ?, ?, ?, ?, ?, ?, ?, ?, ?, ? )
2026-08-20 23:11:22.343 DEBUG 54479 --- [nio-9080-exec-1] c.p.f.m.ForecastResultMapper.insert      : ==> Parameters: 216212522267709440(Long), 216212521500151808(Long), v1.0.0(String), price(String), intra_province(String), CN-31(String), 2026-08-21 16:45:00.0(Timestamp), 71.56(BigDecimal), 64.40(BigDecimal), 78.72(BigDecimal), 0.90(BigDecimal), 1(Integer), false(Boolean), 2026-08-20 23:11:22.343(Timestamp), 2026-08-20 23:11:22.343(Timestamp)
2026-08-20 23:11:22.344 DEBUG 54479 --- [nio-9080-exec-1] c.p.f.m.ForecastResultMapper.insert      : <==    Updates: 1
2026-08-20 23:11:22.345 DEBUG 54479 --- [nio-9080-exec-1] c.p.f.m.ForecastResultMapper.insert      : ==>  Preparing: INSERT INTO forecast_result ( id, task_id, model_version, predict_type, market_type, region_code, trade_date, value, lower_bound, upper_bound, confidence, version, deleted, created_at, updated_at ) VALUES ( ?, ?, ?, ?, ?, ?, ?, ?, ?, ?, ?, ?, ?, ?, ? )
2026-08-20 23:11:22.345 DEBUG 54479 --- [nio-9080-exec-1] c.p.f.m.ForecastResultMapper.insert      : ==> Parameters: 216212522276098048(Long), 216212521500151808(Long), v1.0.0(String), price(String), intra_province(String), CN-31(String), 2026-08-21 17:00:00.0(Timestamp), 90.32(BigDecimal), 81.29(BigDecimal), 99.35(BigDecimal), 0.90(BigDecimal), 1(Integer), false(Boolean), 2026-08-20 23:11:22.345(Timestamp), 2026-08-20 23:11:22.345(Timestamp)
2026-08-20 23:11:22.346 DEBUG 54479 --- [nio-9080-exec-1] c.p.f.m.ForecastResultMapper.insert      : <==    Updates: 1
2026-08-20 23:11:22.347 DEBUG 54479 --- [nio-9080-exec-1] c.p.f.m.ForecastResultMapper.insert      : ==>  Preparing: INSERT INTO forecast_result ( id, task_id, model_version, predict_type, market_type, region_code, trade_date, value, lower_bound, upper_bound, confidence, version, deleted, created_at, updated_at ) VALUES ( ?, ?, ?, ?, ?, ?, ?, ?, ?, ?, ?, ?, ?, ?, ? )
2026-08-20 23:11:22.347 DEBUG 54479 --- [nio-9080-exec-1] c.p.f.m.ForecastResultMapper.insert      : ==> Parameters: 216212522284486656(Long), 216212521500151808(Long), v1.0.0(String), price(String), intra_province(String), CN-31(String), 2026-08-21 17:15:00.0(Timestamp), 126.58(BigDecimal), 113.92(BigDecimal), 139.24(BigDecimal), 0.90(BigDecimal), 1(Integer), false(Boolean), 2026-08-20 23:11:22.347(Timestamp), 2026-08-20 23:11:22.347(Timestamp)
2026-08-20 23:11:22.348 DEBUG 54479 --- [nio-9080-exec-1] c.p.f.m.ForecastResultMapper.insert      : <==    Updates: 1
2026-08-20 23:11:22.349 DEBUG 54479 --- [nio-9080-exec-1] c.p.f.m.ForecastResultMapper.insert      : ==>  Preparing: INSERT INTO forecast_result ( id, task_id, model_version, predict_type, market_type, region_code, trade_date, value, lower_bound, upper_bound, confidence, version, deleted, created_at, updated_at ) VALUES ( ?, ?, ?, ?, ?, ?, ?, ?, ?, ?, ?, ?, ?, ?, ? )
2026-08-20 23:11:22.349 DEBUG 54479 --- [nio-9080-exec-1] c.p.f.m.ForecastResultMapper.insert      : ==> Parameters: 216212522288680960(Long), 216212521500151808(Long), v1.0.0(String), price(String), intra_province(String), CN-31(String), 2026-08-21 17:30:00.0(Timestamp), 152.71(BigDecimal), 137.44(BigDecimal), 167.98(BigDecimal), 0.90(BigDecimal), 1(Integer), false(Boolean), 2026-08-20 23:11:22.348(Timestamp), 2026-08-20 23:11:22.348(Timestamp)
2026-08-20 23:11:22.350 DEBUG 54479 --- [nio-9080-exec-1] c.p.f.m.ForecastResultMapper.insert      : <==    Updates: 1
2026-08-20 23:11:22.350 DEBUG 54479 --- [nio-9080-exec-1] c.p.f.m.ForecastResultMapper.insert      : ==>  Preparing: INSERT INTO forecast_result ( id, task_id, model_version, predict_type, market_type, region_code, trade_date, value, lower_bound, upper_bound, confidence, version, deleted, created_at, updated_at ) VALUES ( ?, ?, ?, ?, ?, ?, ?, ?, ?, ?, ?, ?, ?, ?, ? )
2026-08-20 23:11:22.350 DEBUG 54479 --- [nio-9080-exec-1] c.p.f.m.ForecastResultMapper.insert      : ==> Parameters: 216212522297069568(Long), 216212521500151808(Long), v1.0.0(String), price(String), intra_province(String), CN-31(String), 2026-08-21 17:45:00.0(Timestamp), 206.51(BigDecimal), 185.86(BigDecimal), 227.16(BigDecimal), 0.90(BigDecimal), 1(Integer), false(Boolean), 2026-08-20 23:11:22.35(Timestamp), 2026-08-20 23:11:22.35(Timestamp)
2026-08-20 23:11:22.351 DEBUG 54479 --- [nio-9080-exec-1] c.p.f.m.ForecastResultMapper.insert      : <==    Updates: 1
2026-08-20 23:11:22.352 DEBUG 54479 --- [nio-9080-exec-1] c.p.f.m.ForecastResultMapper.insert      : ==>  Preparing: INSERT INTO forecast_result ( id, task_id, model_version, predict_type, market_type, region_code, trade_date, value, lower_bound, upper_bound, confidence, version, deleted, created_at, updated_at ) VALUES ( ?, ?, ?, ?, ?, ?, ?, ?, ?, ?, ?, ?, ?, ?, ? )
2026-08-20 23:11:22.352 DEBUG 54479 --- [nio-9080-exec-1] c.p.f.m.ForecastResultMapper.insert      : ==> Parameters: 216212522305458176(Long), 216212521500151808(Long), v1.0.0(String), price(String), intra_province(String), CN-31(String), 2026-08-21 18:00:00.0(Timestamp), 248.45(BigDecimal), 223.60(BigDecimal), 273.30(BigDecimal), 0.90(BigDecimal), 1(Integer), false(Boolean), 2026-08-20 23:11:22.352(Timestamp), 2026-08-20 23:11:22.352(Timestamp)
2026-08-20 23:11:22.353 DEBUG 54479 --- [nio-9080-exec-1] c.p.f.m.ForecastResultMapper.insert      : <==    Updates: 1
2026-08-20 23:11:22.353 DEBUG 54479 --- [nio-9080-exec-1] c.p.f.m.ForecastResultMapper.insert      : ==>  Preparing: INSERT INTO forecast_result ( id, task_id, model_version, predict_type, market_type, region_code, trade_date, value, lower_bound, upper_bound, confidence, version, deleted, created_at, updated_at ) VALUES ( ?, ?, ?, ?, ?, ?, ?, ?, ?, ?, ?, ?, ?, ?, ? )
2026-08-20 23:11:22.353 DEBUG 54479 --- [nio-9080-exec-1] c.p.f.m.ForecastResultMapper.insert      : ==> Parameters: 216212522309652480(Long), 216212521500151808(Long), v1.0.0(String), price(String), intra_province(String), CN-31(String), 2026-08-21 18:15:00.0(Timestamp), 289.09(BigDecimal), 260.18(BigDecimal), 318.00(BigDecimal), 0.90(BigDecimal), 1(Integer), false(Boolean), 2026-08-20 23:11:22.353(Timestamp), 2026-08-20 23:11:22.353(Timestamp)
2026-08-20 23:11:22.355 DEBUG 54479 --- [nio-9080-exec-1] c.p.f.m.ForecastResultMapper.insert      : <==    Updates: 1
2026-08-20 23:11:22.355 DEBUG 54479 --- [nio-9080-exec-1] c.p.f.m.ForecastResultMapper.insert      : ==>  Preparing: INSERT INTO forecast_result ( id, task_id, model_version, predict_type, market_type, region_code, trade_date, value, lower_bound, upper_bound, confidence, version, deleted, created_at, updated_at ) VALUES ( ?, ?, ?, ?, ?, ?, ?, ?, ?, ?, ?, ?, ?, ?, ? )
2026-08-20 23:11:22.355 DEBUG 54479 --- [nio-9080-exec-1] c.p.f.m.ForecastResultMapper.insert      : ==> Parameters: 216212522318041088(Long), 216212521500151808(Long), v1.0.0(String), price(String), intra_province(String), CN-31(String), 2026-08-21 18:30:00.0(Timestamp), 328.97(BigDecimal), 296.07(BigDecimal), 361.87(BigDecimal), 0.90(BigDecimal), 1(Integer), false(Boolean), 2026-08-20 23:11:22.355(Timestamp), 2026-08-20 23:11:22.355(Timestamp)
2026-08-20 23:11:22.357 DEBUG 54479 --- [nio-9080-exec-1] c.p.f.m.ForecastResultMapper.insert      : <==    Updates: 1
2026-08-20 23:11:22.357 DEBUG 54479 --- [nio-9080-exec-1] c.p.f.m.ForecastResultMapper.insert      : ==>  Preparing: INSERT INTO forecast_result ( id, task_id, model_version, predict_type, market_type, region_code, trade_date, value, lower_bound, upper_bound, confidence, version, deleted, created_at, updated_at ) VALUES ( ?, ?, ?, ?, ?, ?, ?, ?, ?, ?, ?, ?, ?, ?, ? )
2026-08-20 23:11:22.357 DEBUG 54479 --- [nio-9080-exec-1] c.p.f.m.ForecastResultMapper.insert      : ==> Parameters: 216212522326429696(Long), 216212521500151808(Long), v1.0.0(String), price(String), intra_province(String), CN-31(String), 2026-08-21 18:45:00.0(Timestamp), 363.95(BigDecimal), 327.55(BigDecimal), 400.35(BigDecimal), 0.90(BigDecimal), 1(Integer), false(Boolean), 2026-08-20 23:11:22.357(Timestamp), 2026-08-20 23:11:22.357(Timestamp)
2026-08-20 23:11:22.359 DEBUG 54479 --- [nio-9080-exec-1] c.p.f.m.ForecastResultMapper.insert      : <==    Updates: 1
2026-08-20 23:11:22.359 DEBUG 54479 --- [nio-9080-exec-1] c.p.f.m.ForecastResultMapper.insert      : ==>  Preparing: INSERT INTO forecast_result ( id, task_id, model_version, predict_type, market_type, region_code, trade_date, value, lower_bound, upper_bound, confidence, version, deleted, created_at, updated_at ) VALUES ( ?, ?, ?, ?, ?, ?, ?, ?, ?, ?, ?, ?, ?, ?, ? )
2026-08-20 23:11:22.359 DEBUG 54479 --- [nio-9080-exec-1] c.p.f.m.ForecastResultMapper.insert      : ==> Parameters: 216212522334818304(Long), 216212521500151808(Long), v1.0.0(String), price(String), intra_province(String), CN-31(String), 2026-08-21 19:00:00.0(Timestamp), 374.93(BigDecimal), 337.44(BigDecimal), 412.42(BigDecimal), 0.90(BigDecimal), 1(Integer), false(Boolean), 2026-08-20 23:11:22.359(Timestamp), 2026-08-20 23:11:22.359(Timestamp)
2026-08-20 23:11:22.360 DEBUG 54479 --- [nio-9080-exec-1] c.p.f.m.ForecastResultMapper.insert      : <==    Updates: 1
2026-08-20 23:11:22.361 DEBUG 54479 --- [nio-9080-exec-1] c.p.f.m.ForecastResultMapper.insert      : ==>  Preparing: INSERT INTO forecast_result ( id, task_id, model_version, predict_type, market_type, region_code, trade_date, value, lower_bound, upper_bound, confidence, version, deleted, created_at, updated_at ) VALUES ( ?, ?, ?, ?, ?, ?, ?, ?, ?, ?, ?, ?, ?, ?, ? )
2026-08-20 23:11:22.361 DEBUG 54479 --- [nio-9080-exec-1] c.p.f.m.ForecastResultMapper.insert      : ==> Parameters: 216212522343206912(Long), 216212521500151808(Long), v1.0.0(String), price(String), intra_province(String), CN-31(String), 2026-08-21 19:15:00.0(Timestamp), 372.60(BigDecimal), 335.34(BigDecimal), 409.86(BigDecimal), 0.90(BigDecimal), 1(Integer), false(Boolean), 2026-08-20 23:11:22.361(Timestamp), 2026-08-20 23:11:22.361(Timestamp)
2026-08-20 23:11:22.363 DEBUG 54479 --- [nio-9080-exec-1] c.p.f.m.ForecastResultMapper.insert      : <==    Updates: 1
2026-08-20 23:11:22.363 DEBUG 54479 --- [nio-9080-exec-1] c.p.f.m.ForecastResultMapper.insert      : ==>  Preparing: INSERT INTO forecast_result ( id, task_id, model_version, predict_type, market_type, region_code, trade_date, value, lower_bound, upper_bound, confidence, version, deleted, created_at, updated_at ) VALUES ( ?, ?, ?, ?, ?, ?, ?, ?, ?, ?, ?, ?, ?, ?, ? )
2026-08-20 23:11:22.363 DEBUG 54479 --- [nio-9080-exec-1] c.p.f.m.ForecastResultMapper.insert      : ==> Parameters: 216212522351595520(Long), 216212521500151808(Long), v1.0.0(String), price(String), intra_province(String), CN-31(String), 2026-08-21 19:30:00.0(Timestamp), 391.30(BigDecimal), 352.17(BigDecimal), 430.43(BigDecimal), 0.90(BigDecimal), 1(Integer), false(Boolean), 2026-08-20 23:11:22.363(Timestamp), 2026-08-20 23:11:22.363(Timestamp)
2026-08-20 23:11:22.364 DEBUG 54479 --- [nio-9080-exec-1] c.p.f.m.ForecastResultMapper.insert      : <==    Updates: 1
2026-08-20 23:11:22.364 DEBUG 54479 --- [nio-9080-exec-1] c.p.f.m.ForecastResultMapper.insert      : ==>  Preparing: INSERT INTO forecast_result ( id, task_id, model_version, predict_type, market_type, region_code, trade_date, value, lower_bound, upper_bound, confidence, version, deleted, created_at, updated_at ) VALUES ( ?, ?, ?, ?, ?, ?, ?, ?, ?, ?, ?, ?, ?, ?, ? )
2026-08-20 23:11:22.365 DEBUG 54479 --- [nio-9080-exec-1] c.p.f.m.ForecastResultMapper.insert      : ==> Parameters: 216212522355789824(Long), 216212521500151808(Long), v1.0.0(String), price(String), intra_province(String), CN-31(String), 2026-08-21 19:45:00.0(Timestamp), 405.06(BigDecimal), 364.55(BigDecimal), 445.57(BigDecimal), 0.90(BigDecimal), 1(Integer), false(Boolean), 2026-08-20 23:11:22.364(Timestamp), 2026-08-20 23:11:22.364(Timestamp)
2026-08-20 23:11:22.366 DEBUG 54479 --- [nio-9080-exec-1] c.p.f.m.ForecastResultMapper.insert      : <==    Updates: 1
2026-08-20 23:11:22.366 DEBUG 54479 --- [nio-9080-exec-1] c.p.f.m.ForecastResultMapper.insert      : ==>  Preparing: INSERT INTO forecast_result ( id, task_id, model_version, predict_type, market_type, region_code, trade_date, value, lower_bound, upper_bound, confidence, version, deleted, created_at, updated_at ) VALUES ( ?, ?, ?, ?, ?, ?, ?, ?, ?, ?, ?, ?, ?, ?, ? )
2026-08-20 23:11:22.366 DEBUG 54479 --- [nio-9080-exec-1] c.p.f.m.ForecastResultMapper.insert      : ==> Parameters: 216212522364178432(Long), 216212521500151808(Long), v1.0.0(String), price(String), intra_province(String), CN-31(String), 2026-08-21 20:00:00.0(Timestamp), 380.82(BigDecimal), 342.74(BigDecimal), 418.90(BigDecimal), 0.90(BigDecimal), 1(Integer), false(Boolean), 2026-08-20 23:11:22.366(Timestamp), 2026-08-20 23:11:22.366(Timestamp)
2026-08-20 23:11:22.367 DEBUG 54479 --- [nio-9080-exec-1] c.p.f.m.ForecastResultMapper.insert      : <==    Updates: 1
2026-08-20 23:11:22.367 DEBUG 54479 --- [nio-9080-exec-1] c.p.f.m.ForecastResultMapper.insert      : ==>  Preparing: INSERT INTO forecast_result ( id, task_id, model_version, predict_type, market_type, region_code, trade_date, value, lower_bound, upper_bound, confidence, version, deleted, created_at, updated_at ) VALUES ( ?, ?, ?, ?, ?, ?, ?, ?, ?, ?, ?, ?, ?, ?, ? )
2026-08-20 23:11:22.368 DEBUG 54479 --- [nio-9080-exec-1] c.p.f.m.ForecastResultMapper.insert      : ==> Parameters: 216212522368372736(Long), 216212521500151808(Long), v1.0.0(String), price(String), intra_province(String), CN-31(String), 2026-08-21 20:15:00.0(Timestamp), 345.03(BigDecimal), 310.53(BigDecimal), 379.53(BigDecimal), 0.90(BigDecimal), 1(Integer), false(Boolean), 2026-08-20 23:11:22.367(Timestamp), 2026-08-20 23:11:22.367(Timestamp)
2026-08-20 23:11:22.369 DEBUG 54479 --- [nio-9080-exec-1] c.p.f.m.ForecastResultMapper.insert      : <==    Updates: 1
2026-08-20 23:11:22.369 DEBUG 54479 --- [nio-9080-exec-1] c.p.f.m.ForecastResultMapper.insert      : ==>  Preparing: INSERT INTO forecast_result ( id, task_id, model_version, predict_type, market_type, region_code, trade_date, value, lower_bound, upper_bound, confidence, version, deleted, created_at, updated_at ) VALUES ( ?, ?, ?, ?, ?, ?, ?, ?, ?, ?, ?, ?, ?, ?, ? )
2026-08-20 23:11:22.369 DEBUG 54479 --- [nio-9080-exec-1] c.p.f.m.ForecastResultMapper.insert      : ==> Parameters: 216212522376761344(Long), 216212521500151808(Long), v1.0.0(String), price(String), intra_province(String), CN-31(String), 2026-08-21 20:30:00.0(Timestamp), 323.27(BigDecimal), 290.94(BigDecimal), 355.60(BigDecimal), 0.90(BigDecimal), 1(Integer), false(Boolean), 2026-08-20 23:11:22.369(Timestamp), 2026-08-20 23:11:22.369(Timestamp)
2026-08-20 23:11:22.371 DEBUG 54479 --- [nio-9080-exec-1] c.p.f.m.ForecastResultMapper.insert      : <==    Updates: 1
2026-08-20 23:11:22.371 DEBUG 54479 --- [nio-9080-exec-1] c.p.f.m.ForecastResultMapper.insert      : ==>  Preparing: INSERT INTO forecast_result ( id, task_id, model_version, predict_type, market_type, region_code, trade_date, value, lower_bound, upper_bound, confidence, version, deleted, created_at, updated_at ) VALUES ( ?, ?, ?, ?, ?, ?, ?, ?, ?, ?, ?, ?, ?, ?, ? )
2026-08-20 23:11:22.371 DEBUG 54479 --- [nio-9080-exec-1] c.p.f.m.ForecastResultMapper.insert      : ==> Parameters: 216212522385149952(Long), 216212521500151808(Long), v1.0.0(String), price(String), intra_province(String), CN-31(String), 2026-08-21 20:45:00.0(Timestamp), 303.93(BigDecimal), 273.54(BigDecimal), 334.32(BigDecimal), 0.90(BigDecimal), 1(Integer), false(Boolean), 2026-08-20 23:11:22.371(Timestamp), 2026-08-20 23:11:22.371(Timestamp)
2026-08-20 23:11:22.372 DEBUG 54479 --- [nio-9080-exec-1] c.p.f.m.ForecastResultMapper.insert      : <==    Updates: 1
2026-08-20 23:11:22.372 DEBUG 54479 --- [nio-9080-exec-1] c.p.f.m.ForecastResultMapper.insert      : ==>  Preparing: INSERT INTO forecast_result ( id, task_id, model_version, predict_type, market_type, region_code, trade_date, value, lower_bound, upper_bound, confidence, version, deleted, created_at, updated_at ) VALUES ( ?, ?, ?, ?, ?, ?, ?, ?, ?, ?, ?, ?, ?, ?, ? )
2026-08-20 23:11:22.373 DEBUG 54479 --- [nio-9080-exec-1] c.p.f.m.ForecastResultMapper.insert      : ==> Parameters: 216212522389344256(Long), 216212521500151808(Long), v1.0.0(String), price(String), intra_province(String), CN-31(String), 2026-08-21 21:00:00.0(Timestamp), 242.60(BigDecimal), 218.34(BigDecimal), 266.86(BigDecimal), 0.90(BigDecimal), 1(Integer), false(Boolean), 2026-08-20 23:11:22.372(Timestamp), 2026-08-20 23:11:22.372(Timestamp)
2026-08-20 23:11:22.374 DEBUG 54479 --- [nio-9080-exec-1] c.p.f.m.ForecastResultMapper.insert      : <==    Updates: 1
2026-08-20 23:11:22.374 DEBUG 54479 --- [nio-9080-exec-1] c.p.f.m.ForecastResultMapper.insert      : ==>  Preparing: INSERT INTO forecast_result ( id, task_id, model_version, predict_type, market_type, region_code, trade_date, value, lower_bound, upper_bound, confidence, version, deleted, created_at, updated_at ) VALUES ( ?, ?, ?, ?, ?, ?, ?, ?, ?, ?, ?, ?, ?, ?, ? )
2026-08-20 23:11:22.374 DEBUG 54479 --- [nio-9080-exec-1] c.p.f.m.ForecastResultMapper.insert      : ==> Parameters: 216212522397732864(Long), 216212521500151808(Long), v1.0.0(String), price(String), intra_province(String), CN-31(String), 2026-08-21 21:15:00.0(Timestamp), 206.02(BigDecimal), 185.42(BigDecimal), 226.62(BigDecimal), 0.90(BigDecimal), 1(Integer), false(Boolean), 2026-08-20 23:11:22.374(Timestamp), 2026-08-20 23:11:22.374(Timestamp)
2026-08-20 23:11:22.376 DEBUG 54479 --- [nio-9080-exec-1] c.p.f.m.ForecastResultMapper.insert      : <==    Updates: 1
2026-08-20 23:11:22.376 DEBUG 54479 --- [nio-9080-exec-1] c.p.f.m.ForecastResultMapper.insert      : ==>  Preparing: INSERT INTO forecast_result ( id, task_id, model_version, predict_type, market_type, region_code, trade_date, value, lower_bound, upper_bound, confidence, version, deleted, created_at, updated_at ) VALUES ( ?, ?, ?, ?, ?, ?, ?, ?, ?, ?, ?, ?, ?, ?, ? )
2026-08-20 23:11:22.376 DEBUG 54479 --- [nio-9080-exec-1] c.p.f.m.ForecastResultMapper.insert      : ==> Parameters: 216212522406121472(Long), 216212521500151808(Long), v1.0.0(String), price(String), intra_province(String), CN-31(String), 2026-08-21 21:30:00.0(Timestamp), 166.63(BigDecimal), 149.97(BigDecimal), 183.29(BigDecimal), 0.90(BigDecimal), 1(Integer), false(Boolean), 2026-08-20 23:11:22.376(Timestamp), 2026-08-20 23:11:22.376(Timestamp)
2026-08-20 23:11:22.377 DEBUG 54479 --- [nio-9080-exec-1] c.p.f.m.ForecastResultMapper.insert      : <==    Updates: 1
2026-08-20 23:11:22.378 DEBUG 54479 --- [nio-9080-exec-1] c.p.f.m.ForecastResultMapper.insert      : ==>  Preparing: INSERT INTO forecast_result ( id, task_id, model_version, predict_type, market_type, region_code, trade_date, value, lower_bound, upper_bound, confidence, version, deleted, created_at, updated_at ) VALUES ( ?, ?, ?, ?, ?, ?, ?, ?, ?, ?, ?, ?, ?, ?, ? )
2026-08-20 23:11:22.378 DEBUG 54479 --- [nio-9080-exec-1] c.p.f.m.ForecastResultMapper.insert      : ==> Parameters: 216212522414510080(Long), 216212521500151808(Long), v1.0.0(String), price(String), intra_province(String), CN-31(String), 2026-08-21 21:45:00.0(Timestamp), 114.63(BigDecimal), 103.17(BigDecimal), 126.09(BigDecimal), 0.90(BigDecimal), 1(Integer), false(Boolean), 2026-08-20 23:11:22.378(Timestamp), 2026-08-20 23:11:22.378(Timestamp)
2026-08-20 23:11:22.380 DEBUG 54479 --- [nio-9080-exec-1] c.p.f.m.ForecastResultMapper.insert      : <==    Updates: 1
2026-08-20 23:11:22.380 DEBUG 54479 --- [nio-9080-exec-1] c.p.f.m.ForecastResultMapper.insert      : ==>  Preparing: INSERT INTO forecast_result ( id, task_id, model_version, predict_type, market_type, region_code, trade_date, value, lower_bound, upper_bound, confidence, version, deleted, created_at, updated_at ) VALUES ( ?, ?, ?, ?, ?, ?, ?, ?, ?, ?, ?, ?, ?, ?, ? )
2026-08-20 23:11:22.380 DEBUG 54479 --- [nio-9080-exec-1] c.p.f.m.ForecastResultMapper.insert      : ==> Parameters: 216212522422898688(Long), 216212521500151808(Long), v1.0.0(String), price(String), intra_province(String), CN-31(String), 2026-08-21 22:00:00.0(Timestamp), 77.89(BigDecimal), 70.10(BigDecimal), 85.68(BigDecimal), 0.90(BigDecimal), 1(Integer), false(Boolean), 2026-08-20 23:11:22.38(Timestamp), 2026-08-20 23:11:22.38(Timestamp)
2026-08-20 23:11:22.381 DEBUG 54479 --- [nio-9080-exec-1] c.p.f.m.ForecastResultMapper.insert      : <==    Updates: 1
2026-08-20 23:11:22.382 DEBUG 54479 --- [nio-9080-exec-1] c.p.f.m.ForecastResultMapper.insert      : ==>  Preparing: INSERT INTO forecast_result ( id, task_id, model_version, predict_type, market_type, region_code, trade_date, value, lower_bound, upper_bound, confidence, version, deleted, created_at, updated_at ) VALUES ( ?, ?, ?, ?, ?, ?, ?, ?, ?, ?, ?, ?, ?, ?, ? )
2026-08-20 23:11:22.382 DEBUG 54479 --- [nio-9080-exec-1] c.p.f.m.ForecastResultMapper.insert      : ==> Parameters: 216212522431287296(Long), 216212521500151808(Long), v1.0.0(String), price(String), intra_province(String), CN-31(String), 2026-08-21 22:15:00.0(Timestamp), 76.35(BigDecimal), 68.71(BigDecimal), 83.99(BigDecimal), 0.90(BigDecimal), 1(Integer), false(Boolean), 2026-08-20 23:11:22.382(Timestamp), 2026-08-20 23:11:22.382(Timestamp)
2026-08-20 23:11:22.384 DEBUG 54479 --- [nio-9080-exec-1] c.p.f.m.ForecastResultMapper.insert      : <==    Updates: 1
2026-08-20 23:11:22.384 DEBUG 54479 --- [nio-9080-exec-1] c.p.f.m.ForecastResultMapper.insert      : ==>  Preparing: INSERT INTO forecast_result ( id, task_id, model_version, predict_type, market_type, region_code, trade_date, value, lower_bound, upper_bound, confidence, version, deleted, created_at, updated_at ) VALUES ( ?, ?, ?, ?, ?, ?, ?, ?, ?, ?, ?, ?, ?, ?, ? )
2026-08-20 23:11:22.384 DEBUG 54479 --- [nio-9080-exec-1] c.p.f.m.ForecastResultMapper.insert      : ==> Parameters: 216212522439675904(Long), 216212521500151808(Long), v1.0.0(String), price(String), intra_province(String), CN-31(String), 2026-08-21 22:30:00.0(Timestamp), 80.06(BigDecimal), 72.05(BigDecimal), 88.07(BigDecimal), 0.90(BigDecimal), 1(Integer), false(Boolean), 2026-08-20 23:11:22.384(Timestamp), 2026-08-20 23:11:22.384(Timestamp)
2026-08-20 23:11:22.385 DEBUG 54479 --- [nio-9080-exec-1] c.p.f.m.ForecastResultMapper.insert      : <==    Updates: 1
2026-08-20 23:11:22.386 DEBUG 54479 --- [nio-9080-exec-1] c.p.f.m.ForecastResultMapper.insert      : ==>  Preparing: INSERT INTO forecast_result ( id, task_id, model_version, predict_type, market_type, region_code, trade_date, value, lower_bound, upper_bound, confidence, version, deleted, created_at, updated_at ) VALUES ( ?, ?, ?, ?, ?, ?, ?, ?, ?, ?, ?, ?, ?, ?, ? )
2026-08-20 23:11:22.386 DEBUG 54479 --- [nio-9080-exec-1] c.p.f.m.ForecastResultMapper.insert      : ==> Parameters: 216212522448064512(Long), 216212521500151808(Long), v1.0.0(String), price(String), intra_province(String), CN-31(String), 2026-08-21 22:45:00.0(Timestamp), 84.59(BigDecimal), 76.13(BigDecimal), 93.05(BigDecimal), 0.90(BigDecimal), 1(Integer), false(Boolean), 2026-08-20 23:11:22.386(Timestamp), 2026-08-20 23:11:22.386(Timestamp)
2026-08-20 23:11:22.387 DEBUG 54479 --- [nio-9080-exec-1] c.p.f.m.ForecastResultMapper.insert      : <==    Updates: 1
2026-08-20 23:11:22.388 DEBUG 54479 --- [nio-9080-exec-1] c.p.f.m.ForecastResultMapper.insert      : ==>  Preparing: INSERT INTO forecast_result ( id, task_id, model_version, predict_type, market_type, region_code, trade_date, value, lower_bound, upper_bound, confidence, version, deleted, created_at, updated_at ) VALUES ( ?, ?, ?, ?, ?, ?, ?, ?, ?, ?, ?, ?, ?, ?, ? )
2026-08-20 23:11:22.388 DEBUG 54479 --- [nio-9080-exec-1] c.p.f.m.ForecastResultMapper.insert      : ==> Parameters: 216212522456453120(Long), 216212521500151808(Long), v1.0.0(String), price(String), intra_province(String), CN-31(String), 2026-08-21 23:00:00.0(Timestamp), 82.45(BigDecimal), 74.20(BigDecimal), 90.70(BigDecimal), 0.90(BigDecimal), 1(Integer), false(Boolean), 2026-08-20 23:11:22.388(Timestamp), 2026-08-20 23:11:22.388(Timestamp)
2026-08-20 23:11:22.389 DEBUG 54479 --- [nio-9080-exec-1] c.p.f.m.ForecastResultMapper.insert      : <==    Updates: 1
2026-08-20 23:11:22.389 DEBUG 54479 --- [nio-9080-exec-1] c.p.f.m.ForecastResultMapper.insert      : ==>  Preparing: INSERT INTO forecast_result ( id, task_id, model_version, predict_type, market_type, region_code, trade_date, value, lower_bound, upper_bound, confidence, version, deleted, created_at, updated_at ) VALUES ( ?, ?, ?, ?, ?, ?, ?, ?, ?, ?, ?, ?, ?, ?, ? )
2026-08-20 23:11:22.390 DEBUG 54479 --- [nio-9080-exec-1] c.p.f.m.ForecastResultMapper.insert      : ==> Parameters: 216212522460647424(Long), 216212521500151808(Long), v1.0.0(String), price(String), intra_province(String), CN-31(String), 2026-08-21 23:15:00.0(Timestamp), 131.45(BigDecimal), 118.30(BigDecimal), 144.60(BigDecimal), 0.90(BigDecimal), 1(Integer), false(Boolean), 2026-08-20 23:11:22.389(Timestamp), 2026-08-20 23:11:22.389(Timestamp)
2026-08-20 23:11:22.391 DEBUG 54479 --- [nio-9080-exec-1] c.p.f.m.ForecastResultMapper.insert      : <==    Updates: 1
2026-08-20 23:11:22.391 DEBUG 54479 --- [nio-9080-exec-1] c.p.f.m.ForecastResultMapper.insert      : ==>  Preparing: INSERT INTO forecast_result ( id, task_id, model_version, predict_type, market_type, region_code, trade_date, value, lower_bound, upper_bound, confidence, version, deleted, created_at, updated_at ) VALUES ( ?, ?, ?, ?, ?, ?, ?, ?, ?, ?, ?, ?, ?, ?, ? )
2026-08-20 23:11:22.392 DEBUG 54479 --- [nio-9080-exec-1] c.p.f.m.ForecastResultMapper.insert      : ==> Parameters: 216212522469036032(Long), 216212521500151808(Long), v1.0.0(String), price(String), intra_province(String), CN-31(String), 2026-08-21 23:30:00.0(Timestamp), 156.96(BigDecimal), 141.26(BigDecimal), 172.66(BigDecimal), 0.90(BigDecimal), 1(Integer), false(Boolean), 2026-08-20 23:11:22.391(Timestamp), 2026-08-20 23:11:22.391(Timestamp)
2026-08-20 23:11:22.393 DEBUG 54479 --- [nio-9080-exec-1] c.p.f.m.ForecastResultMapper.insert      : <==    Updates: 1
2026-08-20 23:11:22.393 DEBUG 54479 --- [nio-9080-exec-1] c.p.f.m.ForecastResultMapper.insert      : ==>  Preparing: INSERT INTO forecast_result ( id, task_id, model_version, predict_type, market_type, region_code, trade_date, value, lower_bound, upper_bound, confidence, version, deleted, created_at, updated_at ) VALUES ( ?, ?, ?, ?, ?, ?, ?, ?, ?, ?, ?, ?, ?, ?, ? )
2026-08-20 23:11:22.393 DEBUG 54479 --- [nio-9080-exec-1] c.p.f.m.ForecastResultMapper.insert      : ==> Parameters: 216212522477424640(Long), 216212521500151808(Long), v1.0.0(String), price(String), intra_province(String), CN-31(String), 2026-08-21 23:45:00.0(Timestamp), 192.33(BigDecimal), 173.10(BigDecimal), 211.56(BigDecimal), 0.90(BigDecimal), 1(Integer), false(Boolean), 2026-08-20 23:11:22.393(Timestamp), 2026-08-20 23:11:22.393(Timestamp)
2026-08-20 23:11:22.394 DEBUG 54479 --- [nio-9080-exec-1] c.p.f.m.ForecastResultMapper.insert      : <==    Updates: 1
2026-08-20 23:11:22.395 DEBUG 54479 --- [nio-9080-exec-1] c.p.f.m.ForecastTaskMapper.updateById    : ==>  Preparing: UPDATE forecast_task SET task_no=?, model_code=?, predict_date=?, input_version=?, region_code=?, status=?, start_time=?, end_time=?, version=?, created_at=?, updated_at=? WHERE id=? AND version=? AND deleted=false
2026-08-20 23:11:22.395 DEBUG 54479 --- [nio-9080-exec-1] c.p.f.m.ForecastTaskMapper.updateById    : ==> Parameters: FT-1787238682157(String), price(String), 2026-08-21 00:00:00.0(Timestamp), feat-20260820(String), CN-31(String), success(String), 2026-08-20 23:11:22.166(Timestamp), 2026-08-20 23:11:22.394(Timestamp), 3(Integer), 2026-08-20 23:11:22.16(Timestamp), 2026-08-20 23:11:22.16(Timestamp), 216212521500151808(Long), 2(Integer)
2026-08-20 23:11:22.396 DEBUG 54479 --- [nio-9080-exec-1] c.p.f.m.ForecastTaskMapper.updateById    : <==    Updates: 1
2026-08-20 23:11:22.406 DEBUG 54479 --- [nio-9080-exec-7] c.p.f.m.ForecastTaskMapper.selectById    : ==>  Preparing: SELECT id,task_no,model_code,predict_date,input_version,region_code,status,start_time,end_time,error_msg,degrade_reason,version,deleted,created_at,updated_at FROM forecast_task WHERE id=? AND deleted=false
2026-08-20 23:11:22.406 DEBUG 54479 --- [nio-9080-exec-7] c.p.f.m.ForecastTaskMapper.selectById    : ==> Parameters: 216212521500151808(Long)
2026-08-20 23:11:22.407 DEBUG 54479 --- [nio-9080-exec-7] c.p.f.m.ForecastTaskMapper.selectById    : <==      Total: 1
2026-08-20 23:11:22.417 DEBUG 54479 --- [nio-9080-exec-6] c.p.f.m.ForecastResultMapper.selectList  : ==>  Preparing: SELECT id,task_id,model_version,predict_type,market_type,region_code,trade_date,value,lower_bound,upper_bound,confidence,version,deleted,created_at,updated_at FROM forecast_result WHERE deleted=false AND (predict_type = ? AND trade_date = ?) ORDER BY trade_date ASC
2026-08-20 23:11:22.417 DEBUG 54479 --- [nio-9080-exec-6] c.p.f.m.ForecastResultMapper.selectList  : ==> Parameters: price(String), 2026-08-21 00:00:00.0(Timestamp)
2026-08-20 23:11:22.441 DEBUG 54479 --- [nio-9080-exec-6] c.p.f.m.ForecastResultMapper.selectList  : <==      Total: 768
2026-08-20 23:11:24.206 DEBUG 54479 --- [nio-9080-exec-8] c.p.f.mapper.ForecastTaskMapper.insert   : ==>  Preparing: INSERT INTO forecast_task ( id, task_no, model_code, predict_date, input_version, region_code, status, version, deleted, created_at, updated_at ) VALUES ( ?, ?, ?, ?, ?, ?, ?, ?, ?, ?, ? )
2026-08-20 23:11:24.207 DEBUG 54479 --- [nio-9080-exec-8] c.p.f.mapper.ForecastTaskMapper.insert   : ==> Parameters: 216212530077503488(Long), FT-1787238684205(String), price(String), 2026-08-21 00:00:00.0(Timestamp), feat-20260820(String), CN-31(String), queued(String), 1(Integer), false(Boolean), 2026-08-20 23:11:24.205(Timestamp), 2026-08-20 23:11:24.205(Timestamp)
2026-08-20 23:11:24.212 DEBUG 54479 --- [nio-9080-exec-8] c.p.f.mapper.ForecastTaskMapper.insert   : <==    Updates: 1
2026-08-20 23:11:24.214 DEBUG 54479 --- [nio-9080-exec-8] c.p.f.m.ForecastTaskMapper.updateById    : ==>  Preparing: UPDATE forecast_task SET task_no=?, model_code=?, predict_date=?, input_version=?, region_code=?, status=?, start_time=?, version=?, created_at=?, updated_at=? WHERE id=? AND version=? AND deleted=false
2026-08-20 23:11:24.215 DEBUG 54479 --- [nio-9080-exec-8] c.p.f.m.ForecastTaskMapper.updateById    : ==> Parameters: FT-1787238684205(String), price(String), 2026-08-21 00:00:00.0(Timestamp), feat-20260820(String), CN-31(String), running(String), 2026-08-20 23:11:24.212(Timestamp), 2(Integer), 2026-08-20 23:11:24.205(Timestamp), 2026-08-20 23:11:24.205(Timestamp), 216212530077503488(Long), 1(Integer)
2026-08-20 23:11:24.218 DEBUG 54479 --- [nio-9080-exec-8] c.p.f.m.ForecastTaskMapper.updateById    : <==    Updates: 1
2026-08-20 23:11:24.219 DEBUG 54479 --- [nio-9080-exec-8] c.p.m.m.ModelRegistryMapper.selectList   : ==>  Preparing: SELECT id,model_code,model_name,model_version,framework,metrics,status,file_url,trained_at,version,deleted,created_at,updated_at FROM model_registry WHERE deleted=false AND (model_code = ? AND status = ?) ORDER BY trained_at DESC LIMIT 1
2026-08-20 23:11:24.219 DEBUG 54479 --- [nio-9080-exec-8] c.p.m.m.ModelRegistryMapper.selectList   : ==> Parameters: price(String), online(String)
2026-08-20 23:11:24.221 DEBUG 54479 --- [nio-9080-exec-8] c.p.m.m.ModelRegistryMapper.selectList   : <==      Total: 1
2026-08-20 23:11:24.222 DEBUG 54479 --- [nio-9080-exec-8] c.p.f.m.ForecastResultMapper.insert      : ==>  Preparing: INSERT INTO forecast_result ( id, task_id, model_version, predict_type, market_type, region_code, trade_date, value, lower_bound, upper_bound, confidence, version, deleted, created_at, updated_at ) VALUES ( ?, ?, ?, ?, ?, ?, ?, ?, ?, ?, ?, ?, ?, ?, ? )
2026-08-20 23:11:24.223 DEBUG 54479 --- [nio-9080-exec-8] c.p.f.m.ForecastResultMapper.insert      : ==> Parameters: 216212530148806656(Long), 216212530077503488(Long), v1.0.0(String), price(String), intra_province(String), CN-31(String), 2026-08-21 00:00:00.0(Timestamp), 257.22(BigDecimal), 231.50(BigDecimal), 282.94(BigDecimal), 0.90(BigDecimal), 1(Integer), false(Boolean), 2026-08-20 23:11:24.222(Timestamp), 2026-08-20 23:11:24.222(Timestamp)
2026-08-20 23:11:24.227 DEBUG 54479 --- [nio-9080-exec-8] c.p.f.m.ForecastResultMapper.insert      : <==    Updates: 1
2026-08-20 23:11:24.228 DEBUG 54479 --- [nio-9080-exec-8] c.p.f.m.ForecastResultMapper.insert      : ==>  Preparing: INSERT INTO forecast_result ( id, task_id, model_version, predict_type, market_type, region_code, trade_date, value, lower_bound, upper_bound, confidence, version, deleted, created_at, updated_at ) VALUES ( ?, ?, ?, ?, ?, ?, ?, ?, ?, ?, ?, ?, ?, ?, ? )
2026-08-20 23:11:24.228 DEBUG 54479 --- [nio-9080-exec-8] c.p.f.m.ForecastResultMapper.insert      : ==> Parameters: 216212530173972480(Long), 216212530077503488(Long), v1.0.0(String), price(String), intra_province(String), CN-31(String), 2026-08-21 00:15:00.0(Timestamp), 280.04(BigDecimal), 252.04(BigDecimal), 308.04(BigDecimal), 0.90(BigDecimal), 1(Integer), false(Boolean), 2026-08-20 23:11:24.228(Timestamp), 2026-08-20 23:11:24.228(Timestamp)
2026-08-20 23:11:24.231 DEBUG 54479 --- [nio-9080-exec-8] c.p.f.m.ForecastResultMapper.insert      : <==    Updates: 1
2026-08-20 23:11:24.232 DEBUG 54479 --- [nio-9080-exec-8] c.p.f.m.ForecastResultMapper.insert      : ==>  Preparing: INSERT INTO forecast_result ( id, task_id, model_version, predict_type, market_type, region_code, trade_date, value, lower_bound, upper_bound, confidence, version, deleted, created_at, updated_at ) VALUES ( ?, ?, ?, ?, ?, ?, ?, ?, ?, ?, ?, ?, ?, ?, ? )
2026-08-20 23:11:24.232 DEBUG 54479 --- [nio-9080-exec-8] c.p.f.m.ForecastResultMapper.insert      : ==> Parameters: 216212530190749696(Long), 216212530077503488(Long), v1.0.0(String), price(String), intra_province(String), CN-31(String), 2026-08-21 00:30:00.0(Timestamp), 353.40(BigDecimal), 318.06(BigDecimal), 388.74(BigDecimal), 0.90(BigDecimal), 1(Integer), false(Boolean), 2026-08-20 23:11:24.232(Timestamp), 2026-08-20 23:11:24.232(Timestamp)
2026-08-20 23:11:24.235 DEBUG 54479 --- [nio-9080-exec-8] c.p.f.m.ForecastResultMapper.insert      : <==    Updates: 1
2026-08-20 23:11:24.236 DEBUG 54479 --- [nio-9080-exec-8] c.p.f.m.ForecastResultMapper.insert      : ==>  Preparing: INSERT INTO forecast_result ( id, task_id, model_version, predict_type, market_type, region_code, trade_date, value, lower_bound, upper_bound, confidence, version, deleted, created_at, updated_at ) VALUES ( ?, ?, ?, ?, ?, ?, ?, ?, ?, ?, ?, ?, ?, ?, ? )
2026-08-20 23:11:24.237 DEBUG 54479 --- [nio-9080-exec-8] c.p.f.m.ForecastResultMapper.insert      : ==> Parameters: 216212530203332608(Long), 216212530077503488(Long), v1.0.0(String), price(String), intra_province(String), CN-31(String), 2026-08-21 00:45:00.0(Timestamp), 347.12(BigDecimal), 312.41(BigDecimal), 381.83(BigDecimal), 0.90(BigDecimal), 1(Integer), false(Boolean), 2026-08-20 23:11:24.235(Timestamp), 2026-08-20 23:11:24.235(Timestamp)
2026-08-20 23:11:24.239 DEBUG 54479 --- [nio-9080-exec-8] c.p.f.m.ForecastResultMapper.insert      : <==    Updates: 1
2026-08-20 23:11:24.240 DEBUG 54479 --- [nio-9080-exec-8] c.p.f.m.ForecastResultMapper.insert      : ==>  Preparing: INSERT INTO forecast_result ( id, task_id, model_version, predict_type, market_type, region_code, trade_date, value, lower_bound, upper_bound, confidence, version, deleted, created_at, updated_at ) VALUES ( ?, ?, ?, ?, ?, ?, ?, ?, ?, ?, ?, ?, ?, ?, ? )
2026-08-20 23:11:24.241 DEBUG 54479 --- [nio-9080-exec-8] c.p.f.m.ForecastResultMapper.insert      : ==> Parameters: 216212530224304128(Long), 216212530077503488(Long), v1.0.0(String), price(String), intra_province(String), CN-31(String), 2026-08-21 01:00:00.0(Timestamp), 376.78(BigDecimal), 339.10(BigDecimal), 414.46(BigDecimal), 0.90(BigDecimal), 1(Integer), false(Boolean), 2026-08-20 23:11:24.24(Timestamp), 2026-08-20 23:11:24.24(Timestamp)
2026-08-20 23:11:24.243 DEBUG 54479 --- [nio-9080-exec-8] c.p.f.m.ForecastResultMapper.insert      : <==    Updates: 1
2026-08-20 23:11:24.244 DEBUG 54479 --- [nio-9080-exec-8] c.p.f.m.ForecastResultMapper.insert      : ==>  Preparing: INSERT INTO forecast_result ( id, task_id, model_version, predict_type, market_type, region_code, trade_date, value, lower_bound, upper_bound, confidence, version, deleted, created_at, updated_at ) VALUES ( ?, ?, ?, ?, ?, ?, ?, ?, ?, ?, ?, ?, ?, ?, ? )
2026-08-20 23:11:24.245 DEBUG 54479 --- [nio-9080-exec-8] c.p.f.m.ForecastResultMapper.insert      : ==> Parameters: 216212530241081344(Long), 216212530077503488(Long), v1.0.0(String), price(String), intra_province(String), CN-31(String), 2026-08-21 01:15:00.0(Timestamp), 416.42(BigDecimal), 374.78(BigDecimal), 458.06(BigDecimal), 0.90(BigDecimal), 1(Integer), false(Boolean), 2026-08-20 23:11:24.244(Timestamp), 2026-08-20 23:11:24.244(Timestamp)
2026-08-20 23:11:24.247 DEBUG 54479 --- [nio-9080-exec-8] c.p.f.m.ForecastResultMapper.insert      : <==    Updates: 1
2026-08-20 23:11:24.248 DEBUG 54479 --- [nio-9080-exec-8] c.p.f.m.ForecastResultMapper.insert      : ==>  Preparing: INSERT INTO forecast_result ( id, task_id, model_version, predict_type, market_type, region_code, trade_date, value, lower_bound, upper_bound, confidence, version, deleted, created_at, updated_at ) VALUES ( ?, ?, ?, ?, ?, ?, ?, ?, ?, ?, ?, ?, ?, ?, ? )
2026-08-20 23:11:24.248 DEBUG 54479 --- [nio-9080-exec-8] c.p.f.m.ForecastResultMapper.insert      : ==> Parameters: 216212530253664256(Long), 216212530077503488(Long), v1.0.0(String), price(String), intra_province(String), CN-31(String), 2026-08-21 01:30:00.0(Timestamp), 385.21(BigDecimal), 346.69(BigDecimal), 423.73(BigDecimal), 0.90(BigDecimal), 1(Integer), false(Boolean), 2026-08-20 23:11:24.247(Timestamp), 2026-08-20 23:11:24.247(Timestamp)
2026-08-20 23:11:24.250 DEBUG 54479 --- [nio-9080-exec-8] c.p.f.m.ForecastResultMapper.insert      : <==    Updates: 1
2026-08-20 23:11:24.250 DEBUG 54479 --- [nio-9080-exec-8] c.p.f.m.ForecastResultMapper.insert      : ==>  Preparing: INSERT INTO forecast_result ( id, task_id, model_version, predict_type, market_type, region_code, trade_date, value, lower_bound, upper_bound, confidence, version, deleted, created_at, updated_at ) VALUES ( ?, ?, ?, ?, ?, ?, ?, ?, ?, ?, ?, ?, ?, ?, ? )
2026-08-20 23:11:24.251 DEBUG 54479 --- [nio-9080-exec-8] c.p.f.m.ForecastResultMapper.insert      : ==> Parameters: 216212530266247168(Long), 216212530077503488(Long), v1.0.0(String), price(String), intra_province(String), CN-31(String), 2026-08-21 01:45:00.0(Timestamp), 402.53(BigDecimal), 362.28(BigDecimal), 442.78(BigDecimal), 0.90(BigDecimal), 1(Integer), false(Boolean), 2026-08-20 23:11:24.25(Timestamp), 2026-08-20 23:11:24.25(Timestamp)
2026-08-20 23:11:24.252 DEBUG 54479 --- [nio-9080-exec-8] c.p.f.m.ForecastResultMapper.insert      : <==    Updates: 1
2026-08-20 23:11:24.253 DEBUG 54479 --- [nio-9080-exec-8] c.p.f.m.ForecastResultMapper.insert      : ==>  Preparing: INSERT INTO forecast_result ( id, task_id, model_version, predict_type, market_type, region_code, trade_date, value, lower_bound, upper_bound, confidence, version, deleted, created_at, updated_at ) VALUES ( ?, ?, ?, ?, ?, ?, ?, ?, ?, ?, ?, ?, ?, ?, ? )
2026-08-20 23:11:24.253 DEBUG 54479 --- [nio-9080-exec-8] c.p.f.m.ForecastResultMapper.insert      : ==> Parameters: 216212530278830080(Long), 216212530077503488(Long), v1.0.0(String), price(String), intra_province(String), CN-31(String), 2026-08-21 02:00:00.0(Timestamp), 374.04(BigDecimal), 336.64(BigDecimal), 411.44(BigDecimal), 0.90(BigDecimal), 1(Integer), false(Boolean), 2026-08-20 23:11:24.253(Timestamp), 2026-08-20 23:11:24.253(Timestamp)
2026-08-20 23:11:24.255 DEBUG 54479 --- [nio-9080-exec-8] c.p.f.m.ForecastResultMapper.insert      : <==    Updates: 1
2026-08-20 23:11:24.255 DEBUG 54479 --- [nio-9080-exec-8] c.p.f.m.ForecastResultMapper.insert      : ==>  Preparing: INSERT INTO forecast_result ( id, task_id, model_version, predict_type, market_type, region_code, trade_date, value, lower_bound, upper_bound, confidence, version, deleted, created_at, updated_at ) VALUES ( ?, ?, ?, ?, ?, ?, ?, ?, ?, ?, ?, ?, ?, ?, ? )
2026-08-20 23:11:24.256 DEBUG 54479 --- [nio-9080-exec-8] c.p.f.m.ForecastResultMapper.insert      : ==> Parameters: 216212530287218688(Long), 216212530077503488(Long), v1.0.0(String), price(String), intra_province(String), CN-31(String), 2026-08-21 02:15:00.0(Timestamp), 369.54(BigDecimal), 332.59(BigDecimal), 406.49(BigDecimal), 0.90(BigDecimal), 1(Integer), false(Boolean), 2026-08-20 23:11:24.255(Timestamp), 2026-08-20 23:11:24.255(Timestamp)
2026-08-20 23:11:24.257 DEBUG 54479 --- [nio-9080-exec-8] c.p.f.m.ForecastResultMapper.insert      : <==    Updates: 1
2026-08-20 23:11:24.258 DEBUG 54479 --- [nio-9080-exec-8] c.p.f.m.ForecastResultMapper.insert      : ==>  Preparing: INSERT INTO forecast_result ( id, task_id, model_version, predict_type, market_type, region_code, trade_date, value, lower_bound, upper_bound, confidence, version, deleted, created_at, updated_at ) VALUES ( ?, ?, ?, ?, ?, ?, ?, ?, ?, ?, ?, ?, ?, ?, ? )
2026-08-20 23:11:24.258 DEBUG 54479 --- [nio-9080-exec-8] c.p.f.m.ForecastResultMapper.insert      : ==> Parameters: 216212530299801600(Long), 216212530077503488(Long), v1.0.0(String), price(String), intra_province(String), CN-31(String), 2026-08-21 02:30:00.0(Timestamp), 329.57(BigDecimal), 296.61(BigDecimal), 362.53(BigDecimal), 0.90(BigDecimal), 1(Integer), false(Boolean), 2026-08-20 23:11:24.258(Timestamp), 2026-08-20 23:11:24.258(Timestamp)
2026-08-20 23:11:24.259 DEBUG 54479 --- [nio-9080-exec-8] c.p.f.m.ForecastResultMapper.insert      : <==    Updates: 1
2026-08-20 23:11:24.260 DEBUG 54479 --- [nio-9080-exec-8] c.p.f.m.ForecastResultMapper.insert      : ==>  Preparing: INSERT INTO forecast_result ( id, task_id, model_version, predict_type, market_type, region_code, trade_date, value, lower_bound, upper_bound, confidence, version, deleted, created_at, updated_at ) VALUES ( ?, ?, ?, ?, ?, ?, ?, ?, ?, ?, ?, ?, ?, ?, ? )
2026-08-20 23:11:24.260 DEBUG 54479 --- [nio-9080-exec-8] c.p.f.m.ForecastResultMapper.insert      : ==> Parameters: 216212530308190208(Long), 216212530077503488(Long), v1.0.0(String), price(String), intra_province(String), CN-31(String), 2026-08-21 02:45:00.0(Timestamp), 290.62(BigDecimal), 261.56(BigDecimal), 319.68(BigDecimal), 0.90(BigDecimal), 1(Integer), false(Boolean), 2026-08-20 23:11:24.26(Timestamp), 2026-08-20 23:11:24.26(Timestamp)
2026-08-20 23:11:24.261 DEBUG 54479 --- [nio-9080-exec-8] c.p.f.m.ForecastResultMapper.insert      : <==    Updates: 1
2026-08-20 23:11:24.262 DEBUG 54479 --- [nio-9080-exec-8] c.p.f.m.ForecastResultMapper.insert      : ==>  Preparing: INSERT INTO forecast_result ( id, task_id, model_version, predict_type, market_type, region_code, trade_date, value, lower_bound, upper_bound, confidence, version, deleted, created_at, updated_at ) VALUES ( ?, ?, ?, ?, ?, ?, ?, ?, ?, ?, ?, ?, ?, ?, ? )
2026-08-20 23:11:24.262 DEBUG 54479 --- [nio-9080-exec-8] c.p.f.m.ForecastResultMapper.insert      : ==> Parameters: 216212530316578816(Long), 216212530077503488(Long), v1.0.0(String), price(String), intra_province(String), CN-31(String), 2026-08-21 03:00:00.0(Timestamp), 238.76(BigDecimal), 214.88(BigDecimal), 262.64(BigDecimal), 0.90(BigDecimal), 1(Integer), false(Boolean), 2026-08-20 23:11:24.262(Timestamp), 2026-08-20 23:11:24.262(Timestamp)
2026-08-20 23:11:24.263 DEBUG 54479 --- [nio-9080-exec-8] c.p.f.m.ForecastResultMapper.insert      : <==    Updates: 1
2026-08-20 23:11:24.264 DEBUG 54479 --- [nio-9080-exec-8] c.p.f.m.ForecastResultMapper.insert      : ==>  Preparing: INSERT INTO forecast_result ( id, task_id, model_version, predict_type, market_type, region_code, trade_date, value, lower_bound, upper_bound, confidence, version, deleted, created_at, updated_at ) VALUES ( ?, ?, ?, ?, ?, ?, ?, ?, ?, ?, ?, ?, ?, ?, ? )
2026-08-20 23:11:24.264 DEBUG 54479 --- [nio-9080-exec-8] c.p.f.m.ForecastResultMapper.insert      : ==> Parameters: 216212530324967424(Long), 216212530077503488(Long), v1.0.0(String), price(String), intra_province(String), CN-31(String), 2026-08-21 03:15:00.0(Timestamp), 198.56(BigDecimal), 178.70(BigDecimal), 218.42(BigDecimal), 0.90(BigDecimal), 1(Integer), false(Boolean), 2026-08-20 23:11:24.264(Timestamp), 2026-08-20 23:11:24.264(Timestamp)
2026-08-20 23:11:24.265 DEBUG 54479 --- [nio-9080-exec-8] c.p.f.m.ForecastResultMapper.insert      : <==    Updates: 1
2026-08-20 23:11:24.266 DEBUG 54479 --- [nio-9080-exec-8] c.p.f.m.ForecastResultMapper.insert      : ==>  Preparing: INSERT INTO forecast_result ( id, task_id, model_version, predict_type, market_type, region_code, trade_date, value, lower_bound, upper_bound, confidence, version, deleted, created_at, updated_at ) VALUES ( ?, ?, ?, ?, ?, ?, ?, ?, ?, ?, ?, ?, ?, ?, ? )
2026-08-20 23:11:24.266 DEBUG 54479 --- [nio-9080-exec-8] c.p.f.m.ForecastResultMapper.insert      : ==> Parameters: 216212530333356032(Long), 216212530077503488(Long), v1.0.0(String), price(String), intra_province(String), CN-31(String), 2026-08-21 03:30:00.0(Timestamp), 169.42(BigDecimal), 152.48(BigDecimal), 186.36(BigDecimal), 0.90(BigDecimal), 1(Integer), false(Boolean), 2026-08-20 23:11:24.266(Timestamp), 2026-08-20 23:11:24.266(Timestamp)
2026-08-20 23:11:24.267 DEBUG 54479 --- [nio-9080-exec-8] c.p.f.m.ForecastResultMapper.insert      : <==    Updates: 1
2026-08-20 23:11:24.268 DEBUG 54479 --- [nio-9080-exec-8] c.p.f.m.ForecastResultMapper.insert      : ==>  Preparing: INSERT INTO forecast_result ( id, task_id, model_version, predict_type, market_type, region_code, trade_date, value, lower_bound, upper_bound, confidence, version, deleted, created_at, updated_at ) VALUES ( ?, ?, ?, ?, ?, ?, ?, ?, ?, ?, ?, ?, ?, ?, ? )
2026-08-20 23:11:24.268 DEBUG 54479 --- [nio-9080-exec-8] c.p.f.m.ForecastResultMapper.insert      : ==> Parameters: 216212530341744640(Long), 216212530077503488(Long), v1.0.0(String), price(String), intra_province(String), CN-31(String), 2026-08-21 03:45:00.0(Timestamp), 139.51(BigDecimal), 125.56(BigDecimal), 153.46(BigDecimal), 0.90(BigDecimal), 1(Integer), false(Boolean), 2026-08-20 23:11:24.268(Timestamp), 2026-08-20 23:11:24.268(Timestamp)
2026-08-20 23:11:24.269 DEBUG 54479 --- [nio-9080-exec-8] c.p.f.m.ForecastResultMapper.insert      : <==    Updates: 1
2026-08-20 23:11:24.270 DEBUG 54479 --- [nio-9080-exec-8] c.p.f.m.ForecastResultMapper.insert      : ==>  Preparing: INSERT INTO forecast_result ( id, task_id, model_version, predict_type, market_type, region_code, trade_date, value, lower_bound, upper_bound, confidence, version, deleted, created_at, updated_at ) VALUES ( ?, ?, ?, ?, ?, ?, ?, ?, ?, ?, ?, ?, ?, ?, ? )
2026-08-20 23:11:24.270 DEBUG 54479 --- [nio-9080-exec-8] c.p.f.m.ForecastResultMapper.insert      : ==> Parameters: 216212530350133248(Long), 216212530077503488(Long), v1.0.0(String), price(String), intra_province(String), CN-31(String), 2026-08-21 04:00:00.0(Timestamp), 111.78(BigDecimal), 100.60(BigDecimal), 122.96(BigDecimal), 0.90(BigDecimal), 1(Integer), false(Boolean), 2026-08-20 23:11:24.27(Timestamp), 2026-08-20 23:11:24.27(Timestamp)
2026-08-20 23:11:24.271 DEBUG 54479 --- [nio-9080-exec-8] c.p.f.m.ForecastResultMapper.insert      : <==    Updates: 1
2026-08-20 23:11:24.272 DEBUG 54479 --- [nio-9080-exec-8] c.p.f.m.ForecastResultMapper.insert      : ==>  Preparing: INSERT INTO forecast_result ( id, task_id, model_version, predict_type, market_type, region_code, trade_date, value, lower_bound, upper_bound, confidence, version, deleted, created_at, updated_at ) VALUES ( ?, ?, ?, ?, ?, ?, ?, ?, ?, ?, ?, ?, ?, ?, ? )
2026-08-20 23:11:24.272 DEBUG 54479 --- [nio-9080-exec-8] c.p.f.m.ForecastResultMapper.insert      : ==> Parameters: 216212530358521856(Long), 216212530077503488(Long), v1.0.0(String), price(String), intra_province(String), CN-31(String), 2026-08-21 04:15:00.0(Timestamp), 90.44(BigDecimal), 81.40(BigDecimal), 99.48(BigDecimal), 0.90(BigDecimal), 1(Integer), false(Boolean), 2026-08-20 23:11:24.272(Timestamp), 2026-08-20 23:11:24.272(Timestamp)
2026-08-20 23:11:24.273 DEBUG 54479 --- [nio-9080-exec-8] c.p.f.m.ForecastResultMapper.insert      : <==    Updates: 1
2026-08-20 23:11:24.274 DEBUG 54479 --- [nio-9080-exec-8] c.p.f.m.ForecastResultMapper.insert      : ==>  Preparing: INSERT INTO forecast_result ( id, task_id, model_version, predict_type, market_type, region_code, trade_date, value, lower_bound, upper_bound, confidence, version, deleted, created_at, updated_at ) VALUES ( ?, ?, ?, ?, ?, ?, ?, ?, ?, ?, ?, ?, ?, ?, ? )
2026-08-20 23:11:24.274 DEBUG 54479 --- [nio-9080-exec-8] c.p.f.m.ForecastResultMapper.insert      : ==> Parameters: 216212530366910464(Long), 216212530077503488(Long), v1.0.0(String), price(String), intra_province(String), CN-31(String), 2026-08-21 04:30:00.0(Timestamp), 85.73(BigDecimal), 77.16(BigDecimal), 94.30(BigDecimal), 0.90(BigDecimal), 1(Integer), false(Boolean), 2026-08-20 23:11:24.274(Timestamp), 2026-08-20 23:11:24.274(Timestamp)
2026-08-20 23:11:24.275 DEBUG 54479 --- [nio-9080-exec-8] c.p.f.m.ForecastResultMapper.insert      : <==    Updates: 1
2026-08-20 23:11:24.276 DEBUG 54479 --- [nio-9080-exec-8] c.p.f.m.ForecastResultMapper.insert      : ==>  Preparing: INSERT INTO forecast_result ( id, task_id, model_version, predict_type, market_type, region_code, trade_date, value, lower_bound, upper_bound, confidence, version, deleted, created_at, updated_at ) VALUES ( ?, ?, ?, ?, ?, ?, ?, ?, ?, ?, ?, ?, ?, ?, ? )
2026-08-20 23:11:24.276 DEBUG 54479 --- [nio-9080-exec-8] c.p.f.m.ForecastResultMapper.insert      : ==> Parameters: 216212530375299072(Long), 216212530077503488(Long), v1.0.0(String), price(String), intra_province(String), CN-31(String), 2026-08-21 04:45:00.0(Timestamp), 87.35(BigDecimal), 78.61(BigDecimal), 96.09(BigDecimal), 0.90(BigDecimal), 1(Integer), false(Boolean), 2026-08-20 23:11:24.276(Timestamp), 2026-08-20 23:11:24.276(Timestamp)
2026-08-20 23:11:24.278 DEBUG 54479 --- [nio-9080-exec-8] c.p.f.m.ForecastResultMapper.insert      : <==    Updates: 1
2026-08-20 23:11:24.278 DEBUG 54479 --- [nio-9080-exec-8] c.p.f.m.ForecastResultMapper.insert      : ==>  Preparing: INSERT INTO forecast_result ( id, task_id, model_version, predict_type, market_type, region_code, trade_date, value, lower_bound, upper_bound, confidence, version, deleted, created_at, updated_at ) VALUES ( ?, ?, ?, ?, ?, ?, ?, ?, ?, ?, ?, ?, ?, ?, ? )
2026-08-20 23:11:24.278 DEBUG 54479 --- [nio-9080-exec-8] c.p.f.m.ForecastResultMapper.insert      : ==> Parameters: 216212530383687680(Long), 216212530077503488(Long), v1.0.0(String), price(String), intra_province(String), CN-31(String), 2026-08-21 05:00:00.0(Timestamp), 91.05(BigDecimal), 81.94(BigDecimal), 100.16(BigDecimal), 0.90(BigDecimal), 1(Integer), false(Boolean), 2026-08-20 23:11:24.278(Timestamp), 2026-08-20 23:11:24.278(Timestamp)
2026-08-20 23:11:24.280 DEBUG 54479 --- [nio-9080-exec-8] c.p.f.m.ForecastResultMapper.insert      : <==    Updates: 1
2026-08-20 23:11:24.280 DEBUG 54479 --- [nio-9080-exec-8] c.p.f.m.ForecastResultMapper.insert      : ==>  Preparing: INSERT INTO forecast_result ( id, task_id, model_version, predict_type, market_type, region_code, trade_date, value, lower_bound, upper_bound, confidence, version, deleted, created_at, updated_at ) VALUES ( ?, ?, ?, ?, ?, ?, ?, ?, ?, ?, ?, ?, ?, ?, ? )
2026-08-20 23:11:24.280 DEBUG 54479 --- [nio-9080-exec-8] c.p.f.m.ForecastResultMapper.insert      : ==> Parameters: 216212530392076288(Long), 216212530077503488(Long), v1.0.0(String), price(String), intra_province(String), CN-31(String), 2026-08-21 05:15:00.0(Timestamp), 134.44(BigDecimal), 121.00(BigDecimal), 147.88(BigDecimal), 0.90(BigDecimal), 1(Integer), false(Boolean), 2026-08-20 23:11:24.28(Timestamp), 2026-08-20 23:11:24.28(Timestamp)
2026-08-20 23:11:24.281 DEBUG 54479 --- [nio-9080-exec-8] c.p.f.m.ForecastResultMapper.insert      : <==    Updates: 1
2026-08-20 23:11:24.282 DEBUG 54479 --- [nio-9080-exec-8] c.p.f.m.ForecastResultMapper.insert      : ==>  Preparing: INSERT INTO forecast_result ( id, task_id, model_version, predict_type, market_type, region_code, trade_date, value, lower_bound, upper_bound, confidence, version, deleted, created_at, updated_at ) VALUES ( ?, ?, ?, ?, ?, ?, ?, ?, ?, ?, ?, ?, ?, ?, ? )
2026-08-20 23:11:24.282 DEBUG 54479 --- [nio-9080-exec-8] c.p.f.m.ForecastResultMapper.insert      : ==> Parameters: 216212530400464896(Long), 216212530077503488(Long), v1.0.0(String), price(String), intra_province(String), CN-31(String), 2026-08-21 05:30:00.0(Timestamp), 164.36(BigDecimal), 147.92(BigDecimal), 180.80(BigDecimal), 0.90(BigDecimal), 1(Integer), false(Boolean), 2026-08-20 23:11:24.282(Timestamp), 2026-08-20 23:11:24.282(Timestamp)
2026-08-20 23:11:24.283 DEBUG 54479 --- [nio-9080-exec-8] c.p.f.m.ForecastResultMapper.insert      : <==    Updates: 1
2026-08-20 23:11:24.283 DEBUG 54479 --- [nio-9080-exec-8] c.p.f.m.ForecastResultMapper.insert      : ==>  Preparing: INSERT INTO forecast_result ( id, task_id, model_version, predict_type, market_type, region_code, trade_date, value, lower_bound, upper_bound, confidence, version, deleted, created_at, updated_at ) VALUES ( ?, ?, ?, ?, ?, ?, ?, ?, ?, ?, ?, ?, ?, ?, ? )
2026-08-20 23:11:24.283 DEBUG 54479 --- [nio-9080-exec-8] c.p.f.m.ForecastResultMapper.insert      : ==> Parameters: 216212530404659200(Long), 216212530077503488(Long), v1.0.0(String), price(String), intra_province(String), CN-31(String), 2026-08-21 05:45:00.0(Timestamp), 202.41(BigDecimal), 182.17(BigDecimal), 222.65(BigDecimal), 0.90(BigDecimal), 1(Integer), false(Boolean), 2026-08-20 23:11:24.283(Timestamp), 2026-08-20 23:11:24.283(Timestamp)
2026-08-20 23:11:24.285 DEBUG 54479 --- [nio-9080-exec-8] c.p.f.m.ForecastResultMapper.insert      : <==    Updates: 1
2026-08-20 23:11:24.285 DEBUG 54479 --- [nio-9080-exec-8] c.p.f.m.ForecastResultMapper.insert      : ==>  Preparing: INSERT INTO forecast_result ( id, task_id, model_version, predict_type, market_type, region_code, trade_date, value, lower_bound, upper_bound, confidence, version, deleted, created_at, updated_at ) VALUES ( ?, ?, ?, ?, ?, ?, ?, ?, ?, ?, ?, ?, ?, ?, ? )
2026-08-20 23:11:24.285 DEBUG 54479 --- [nio-9080-exec-8] c.p.f.m.ForecastResultMapper.insert      : ==> Parameters: 216212530413047808(Long), 216212530077503488(Long), v1.0.0(String), price(String), intra_province(String), CN-31(String), 2026-08-21 06:00:00.0(Timestamp), 215.22(BigDecimal), 193.70(BigDecimal), 236.74(BigDecimal), 0.90(BigDecimal), 1(Integer), false(Boolean), 2026-08-20 23:11:24.285(Timestamp), 2026-08-20 23:11:24.285(Timestamp)
2026-08-20 23:11:24.286 DEBUG 54479 --- [nio-9080-exec-8] c.p.f.m.ForecastResultMapper.insert      : <==    Updates: 1
2026-08-20 23:11:24.287 DEBUG 54479 --- [nio-9080-exec-8] c.p.f.m.ForecastResultMapper.insert      : ==>  Preparing: INSERT INTO forecast_result ( id, task_id, model_version, predict_type, market_type, region_code, trade_date, value, lower_bound, upper_bound, confidence, version, deleted, created_at, updated_at ) VALUES ( ?, ?, ?, ?, ?, ?, ?, ?, ?, ?, ?, ?, ?, ?, ? )
2026-08-20 23:11:24.287 DEBUG 54479 --- [nio-9080-exec-8] c.p.f.m.ForecastResultMapper.insert      : ==> Parameters: 216212530421436416(Long), 216212530077503488(Long), v1.0.0(String), price(String), intra_province(String), CN-31(String), 2026-08-21 06:15:00.0(Timestamp), 291.62(BigDecimal), 262.46(BigDecimal), 320.78(BigDecimal), 0.90(BigDecimal), 1(Integer), false(Boolean), 2026-08-20 23:11:24.287(Timestamp), 2026-08-20 23:11:24.287(Timestamp)
2026-08-20 23:11:24.288 DEBUG 54479 --- [nio-9080-exec-8] c.p.f.m.ForecastResultMapper.insert      : <==    Updates: 1
2026-08-20 23:11:24.288 DEBUG 54479 --- [nio-9080-exec-8] c.p.f.m.ForecastResultMapper.insert      : ==>  Preparing: INSERT INTO forecast_result ( id, task_id, model_version, predict_type, market_type, region_code, trade_date, value, lower_bound, upper_bound, confidence, version, deleted, created_at, updated_at ) VALUES ( ?, ?, ?, ?, ?, ?, ?, ?, ?, ?, ?, ?, ?, ?, ? )
2026-08-20 23:11:24.289 DEBUG 54479 --- [nio-9080-exec-8] c.p.f.m.ForecastResultMapper.insert      : ==> Parameters: 216212530425630720(Long), 216212530077503488(Long), v1.0.0(String), price(String), intra_province(String), CN-31(String), 2026-08-21 06:30:00.0(Timestamp), 323.72(BigDecimal), 291.35(BigDecimal), 356.09(BigDecimal), 0.90(BigDecimal), 1(Integer), false(Boolean), 2026-08-20 23:11:24.288(Timestamp), 2026-08-20 23:11:24.288(Timestamp)
2026-08-20 23:11:24.290 DEBUG 54479 --- [nio-9080-exec-8] c.p.f.m.ForecastResultMapper.insert      : <==    Updates: 1
2026-08-20 23:11:24.291 DEBUG 54479 --- [nio-9080-exec-8] c.p.f.m.ForecastResultMapper.insert      : ==>  Preparing: INSERT INTO forecast_result ( id, task_id, model_version, predict_type, market_type, region_code, trade_date, value, lower_bound, upper_bound, confidence, version, deleted, created_at, updated_at ) VALUES ( ?, ?, ?, ?, ?, ?, ?, ?, ?, ?, ?, ?, ?, ?, ? )
2026-08-20 23:11:24.291 DEBUG 54479 --- [nio-9080-exec-8] c.p.f.m.ForecastResultMapper.insert      : ==> Parameters: 216212530434019328(Long), 216212530077503488(Long), v1.0.0(String), price(String), intra_province(String), CN-31(String), 2026-08-21 06:45:00.0(Timestamp), 365.63(BigDecimal), 329.07(BigDecimal), 402.19(BigDecimal), 0.90(BigDecimal), 1(Integer), false(Boolean), 2026-08-20 23:11:24.29(Timestamp), 2026-08-20 23:11:24.29(Timestamp)
2026-08-20 23:11:24.292 DEBUG 54479 --- [nio-9080-exec-8] c.p.f.m.ForecastResultMapper.insert      : <==    Updates: 1
2026-08-20 23:11:24.293 DEBUG 54479 --- [nio-9080-exec-8] c.p.f.m.ForecastResultMapper.insert      : ==>  Preparing: INSERT INTO forecast_result ( id, task_id, model_version, predict_type, market_type, region_code, trade_date, value, lower_bound, upper_bound, confidence, version, deleted, created_at, updated_at ) VALUES ( ?, ?, ?, ?, ?, ?, ?, ?, ?, ?, ?, ?, ?, ?, ? )
2026-08-20 23:11:24.293 DEBUG 54479 --- [nio-9080-exec-8] c.p.f.m.ForecastResultMapper.insert      : ==> Parameters: 216212530446602240(Long), 216212530077503488(Long), v1.0.0(String), price(String), intra_province(String), CN-31(String), 2026-08-21 07:00:00.0(Timestamp), 386.03(BigDecimal), 347.43(BigDecimal), 424.63(BigDecimal), 0.90(BigDecimal), 1(Integer), false(Boolean), 2026-08-20 23:11:24.293(Timestamp), 2026-08-20 23:11:24.293(Timestamp)
2026-08-20 23:11:24.295 DEBUG 54479 --- [nio-9080-exec-8] c.p.f.m.ForecastResultMapper.insert      : <==    Updates: 1
2026-08-20 23:11:24.295 DEBUG 54479 --- [nio-9080-exec-8] c.p.f.m.ForecastResultMapper.insert      : ==>  Preparing: INSERT INTO forecast_result ( id, task_id, model_version, predict_type, market_type, region_code, trade_date, value, lower_bound, upper_bound, confidence, version, deleted, created_at, updated_at ) VALUES ( ?, ?, ?, ?, ?, ?, ?, ?, ?, ?, ?, ?, ?, ?, ? )
2026-08-20 23:11:24.295 DEBUG 54479 --- [nio-9080-exec-8] c.p.f.m.ForecastResultMapper.insert      : ==> Parameters: 216212530454990848(Long), 216212530077503488(Long), v1.0.0(String), price(String), intra_province(String), CN-31(String), 2026-08-21 07:15:00.0(Timestamp), 411.93(BigDecimal), 370.74(BigDecimal), 453.12(BigDecimal), 0.90(BigDecimal), 1(Integer), false(Boolean), 2026-08-20 23:11:24.295(Timestamp), 2026-08-20 23:11:24.295(Timestamp)
2026-08-20 23:11:24.297 DEBUG 54479 --- [nio-9080-exec-8] c.p.f.m.ForecastResultMapper.insert      : <==    Updates: 1
2026-08-20 23:11:24.297 DEBUG 54479 --- [nio-9080-exec-8] c.p.f.m.ForecastResultMapper.insert      : ==>  Preparing: INSERT INTO forecast_result ( id, task_id, model_version, predict_type, market_type, region_code, trade_date, value, lower_bound, upper_bound, confidence, version, deleted, created_at, updated_at ) VALUES ( ?, ?, ?, ?, ?, ?, ?, ?, ?, ?, ?, ?, ?, ?, ? )
2026-08-20 23:11:24.297 DEBUG 54479 --- [nio-9080-exec-8] c.p.f.m.ForecastResultMapper.insert      : ==> Parameters: 216212530463379456(Long), 216212530077503488(Long), v1.0.0(String), price(String), intra_province(String), CN-31(String), 2026-08-21 07:30:00.0(Timestamp), 413.17(BigDecimal), 371.85(BigDecimal), 454.49(BigDecimal), 0.90(BigDecimal), 1(Integer), false(Boolean), 2026-08-20 23:11:24.297(Timestamp), 2026-08-20 23:11:24.297(Timestamp)
2026-08-20 23:11:24.298 DEBUG 54479 --- [nio-9080-exec-8] c.p.f.m.ForecastResultMapper.insert      : <==    Updates: 1
2026-08-20 23:11:24.299 DEBUG 54479 --- [nio-9080-exec-8] c.p.f.m.ForecastResultMapper.insert      : ==>  Preparing: INSERT INTO forecast_result ( id, task_id, model_version, predict_type, market_type, region_code, trade_date, value, lower_bound, upper_bound, confidence, version, deleted, created_at, updated_at ) VALUES ( ?, ?, ?, ?, ?, ?, ?, ?, ?, ?, ?, ?, ?, ?, ? )
2026-08-20 23:11:24.299 DEBUG 54479 --- [nio-9080-exec-8] c.p.f.m.ForecastResultMapper.insert      : ==> Parameters: 216212530471768064(Long), 216212530077503488(Long), v1.0.0(String), price(String), intra_province(String), CN-31(String), 2026-08-21 07:45:00.0(Timestamp), 387.35(BigDecimal), 348.61(BigDecimal), 426.09(BigDecimal), 0.90(BigDecimal), 1(Integer), false(Boolean), 2026-08-20 23:11:24.299(Timestamp), 2026-08-20 23:11:24.299(Timestamp)
2026-08-20 23:11:24.300 DEBUG 54479 --- [nio-9080-exec-8] c.p.f.m.ForecastResultMapper.insert      : <==    Updates: 1
2026-08-20 23:11:24.300 DEBUG 54479 --- [nio-9080-exec-8] c.p.f.m.ForecastResultMapper.insert      : ==>  Preparing: INSERT INTO forecast_result ( id, task_id, model_version, predict_type, market_type, region_code, trade_date, value, lower_bound, upper_bound, confidence, version, deleted, created_at, updated_at ) VALUES ( ?, ?, ?, ?, ?, ?, ?, ?, ?, ?, ?, ?, ?, ?, ? )
2026-08-20 23:11:24.300 DEBUG 54479 --- [nio-9080-exec-8] c.p.f.m.ForecastResultMapper.insert      : ==> Parameters: 216212530475962368(Long), 216212530077503488(Long), v1.0.0(String), price(String), intra_province(String), CN-31(String), 2026-08-21 08:00:00.0(Timestamp), 385.28(BigDecimal), 346.75(BigDecimal), 423.81(BigDecimal), 0.90(BigDecimal), 1(Integer), false(Boolean), 2026-08-20 23:11:24.3(Timestamp), 2026-08-20 23:11:24.3(Timestamp)
2026-08-20 23:11:24.302 DEBUG 54479 --- [nio-9080-exec-8] c.p.f.m.ForecastResultMapper.insert      : <==    Updates: 1
2026-08-20 23:11:24.302 DEBUG 54479 --- [nio-9080-exec-8] c.p.f.m.ForecastResultMapper.insert      : ==>  Preparing: INSERT INTO forecast_result ( id, task_id, model_version, predict_type, market_type, region_code, trade_date, value, lower_bound, upper_bound, confidence, version, deleted, created_at, updated_at ) VALUES ( ?, ?, ?, ?, ?, ?, ?, ?, ?, ?, ?, ?, ?, ?, ? )
2026-08-20 23:11:24.302 DEBUG 54479 --- [nio-9080-exec-8] c.p.f.m.ForecastResultMapper.insert      : ==> Parameters: 216212530484350976(Long), 216212530077503488(Long), v1.0.0(String), price(String), intra_province(String), CN-31(String), 2026-08-21 08:15:00.0(Timestamp), 341.72(BigDecimal), 307.55(BigDecimal), 375.89(BigDecimal), 0.90(BigDecimal), 1(Integer), false(Boolean), 2026-08-20 23:11:24.302(Timestamp), 2026-08-20 23:11:24.302(Timestamp)
2026-08-20 23:11:24.303 DEBUG 54479 --- [nio-9080-exec-8] c.p.f.m.ForecastResultMapper.insert      : <==    Updates: 1
2026-08-20 23:11:24.304 DEBUG 54479 --- [nio-9080-exec-8] c.p.f.m.ForecastResultMapper.insert      : ==>  Preparing: INSERT INTO forecast_result ( id, task_id, model_version, predict_type, market_type, region_code, trade_date, value, lower_bound, upper_bound, confidence, version, deleted, created_at, updated_at ) VALUES ( ?, ?, ?, ?, ?, ?, ?, ?, ?, ?, ?, ?, ?, ?, ? )
2026-08-20 23:11:24.304 DEBUG 54479 --- [nio-9080-exec-8] c.p.f.m.ForecastResultMapper.insert      : ==> Parameters: 216212530492739584(Long), 216212530077503488(Long), v1.0.0(String), price(String), intra_province(String), CN-31(String), 2026-08-21 08:30:00.0(Timestamp), 302.73(BigDecimal), 272.46(BigDecimal), 333.00(BigDecimal), 0.90(BigDecimal), 1(Integer), false(Boolean), 2026-08-20 23:11:24.304(Timestamp), 2026-08-20 23:11:24.304(Timestamp)
2026-08-20 23:11:24.305 DEBUG 54479 --- [nio-9080-exec-8] c.p.f.m.ForecastResultMapper.insert      : <==    Updates: 1
2026-08-20 23:11:24.305 DEBUG 54479 --- [nio-9080-exec-8] c.p.f.m.ForecastResultMapper.insert      : ==>  Preparing: INSERT INTO forecast_result ( id, task_id, model_version, predict_type, market_type, region_code, trade_date, value, lower_bound, upper_bound, confidence, version, deleted, created_at, updated_at ) VALUES ( ?, ?, ?, ?, ?, ?, ?, ?, ?, ?, ?, ?, ?, ?, ? )
2026-08-20 23:11:24.306 DEBUG 54479 --- [nio-9080-exec-8] c.p.f.m.ForecastResultMapper.insert      : ==> Parameters: 216212530496933888(Long), 216212530077503488(Long), v1.0.0(String), price(String), intra_province(String), CN-31(String), 2026-08-21 08:45:00.0(Timestamp), 289.33(BigDecimal), 260.40(BigDecimal), 318.26(BigDecimal), 0.90(BigDecimal), 1(Integer), false(Boolean), 2026-08-20 23:11:24.305(Timestamp), 2026-08-20 23:11:24.305(Timestamp)
2026-08-20 23:11:24.307 DEBUG 54479 --- [nio-9080-exec-8] c.p.f.m.ForecastResultMapper.insert      : <==    Updates: 1
2026-08-20 23:11:24.307 DEBUG 54479 --- [nio-9080-exec-8] c.p.f.m.ForecastResultMapper.insert      : ==>  Preparing: INSERT INTO forecast_result ( id, task_id, model_version, predict_type, market_type, region_code, trade_date, value, lower_bound, upper_bound, confidence, version, deleted, created_at, updated_at ) VALUES ( ?, ?, ?, ?, ?, ?, ?, ?, ?, ?, ?, ?, ?, ?, ? )
2026-08-20 23:11:24.307 DEBUG 54479 --- [nio-9080-exec-8] c.p.f.m.ForecastResultMapper.insert      : ==> Parameters: 216212530505322496(Long), 216212530077503488(Long), v1.0.0(String), price(String), intra_province(String), CN-31(String), 2026-08-21 09:00:00.0(Timestamp), 238.74(BigDecimal), 214.87(BigDecimal), 262.61(BigDecimal), 0.90(BigDecimal), 1(Integer), false(Boolean), 2026-08-20 23:11:24.307(Timestamp), 2026-08-20 23:11:24.307(Timestamp)
2026-08-20 23:11:24.308 DEBUG 54479 --- [nio-9080-exec-8] c.p.f.m.ForecastResultMapper.insert      : <==    Updates: 1
2026-08-20 23:11:24.309 DEBUG 54479 --- [nio-9080-exec-8] c.p.f.m.ForecastResultMapper.insert      : ==>  Preparing: INSERT INTO forecast_result ( id, task_id, model_version, predict_type, market_type, region_code, trade_date, value, lower_bound, upper_bound, confidence, version, deleted, created_at, updated_at ) VALUES ( ?, ?, ?, ?, ?, ?, ?, ?, ?, ?, ?, ?, ?, ?, ? )
2026-08-20 23:11:24.309 DEBUG 54479 --- [nio-9080-exec-8] c.p.f.m.ForecastResultMapper.insert      : ==> Parameters: 216212530513711104(Long), 216212530077503488(Long), v1.0.0(String), price(String), intra_province(String), CN-31(String), 2026-08-21 09:15:00.0(Timestamp), 191.58(BigDecimal), 172.42(BigDecimal), 210.74(BigDecimal), 0.90(BigDecimal), 1(Integer), false(Boolean), 2026-08-20 23:11:24.309(Timestamp), 2026-08-20 23:11:24.309(Timestamp)
2026-08-20 23:11:24.310 DEBUG 54479 --- [nio-9080-exec-8] c.p.f.m.ForecastResultMapper.insert      : <==    Updates: 1
2026-08-20 23:11:24.310 DEBUG 54479 --- [nio-9080-exec-8] c.p.f.m.ForecastResultMapper.insert      : ==>  Preparing: INSERT INTO forecast_result ( id, task_id, model_version, predict_type, market_type, region_code, trade_date, value, lower_bound, upper_bound, confidence, version, deleted, created_at, updated_at ) VALUES ( ?, ?, ?, ?, ?, ?, ?, ?, ?, ?, ?, ?, ?, ?, ? )
2026-08-20 23:11:24.311 DEBUG 54479 --- [nio-9080-exec-8] c.p.f.m.ForecastResultMapper.insert      : ==> Parameters: 216212530517905408(Long), 216212530077503488(Long), v1.0.0(String), price(String), intra_province(String), CN-31(String), 2026-08-21 09:30:00.0(Timestamp), 165.85(BigDecimal), 149.26(BigDecimal), 182.44(BigDecimal), 0.90(BigDecimal), 1(Integer), false(Boolean), 2026-08-20 23:11:24.31(Timestamp), 2026-08-20 23:11:24.31(Timestamp)
2026-08-20 23:11:24.312 DEBUG 54479 --- [nio-9080-exec-8] c.p.f.m.ForecastResultMapper.insert      : <==    Updates: 1
2026-08-20 23:11:24.312 DEBUG 54479 --- [nio-9080-exec-8] c.p.f.m.ForecastResultMapper.insert      : ==>  Preparing: INSERT INTO forecast_result ( id, task_id, model_version, predict_type, market_type, region_code, trade_date, value, lower_bound, upper_bound, confidence, version, deleted, created_at, updated_at ) VALUES ( ?, ?, ?, ?, ?, ?, ?, ?, ?, ?, ?, ?, ?, ?, ? )
2026-08-20 23:11:24.312 DEBUG 54479 --- [nio-9080-exec-8] c.p.f.m.ForecastResultMapper.insert      : ==> Parameters: 216212530526294016(Long), 216212530077503488(Long), v1.0.0(String), price(String), intra_province(String), CN-31(String), 2026-08-21 09:45:00.0(Timestamp), 124.30(BigDecimal), 111.87(BigDecimal), 136.73(BigDecimal), 0.90(BigDecimal), 1(Integer), false(Boolean), 2026-08-20 23:11:24.312(Timestamp), 2026-08-20 23:11:24.312(Timestamp)
2026-08-20 23:11:24.313 DEBUG 54479 --- [nio-9080-exec-8] c.p.f.m.ForecastResultMapper.insert      : <==    Updates: 1
2026-08-20 23:11:24.314 DEBUG 54479 --- [nio-9080-exec-8] c.p.f.m.ForecastResultMapper.insert      : ==>  Preparing: INSERT INTO forecast_result ( id, task_id, model_version, predict_type, market_type, region_code, trade_date, value, lower_bound, upper_bound, confidence, version, deleted, created_at, updated_at ) VALUES ( ?, ?, ?, ?, ?, ?, ?, ?, ?, ?, ?, ?, ?, ?, ? )
2026-08-20 23:11:24.314 DEBUG 54479 --- [nio-9080-exec-8] c.p.f.m.ForecastResultMapper.insert      : ==> Parameters: 216212530530488320(Long), 216212530077503488(Long), v1.0.0(String), price(String), intra_province(String), CN-31(String), 2026-08-21 10:00:00.0(Timestamp), 109.43(BigDecimal), 98.49(BigDecimal), 120.37(BigDecimal), 0.90(BigDecimal), 1(Integer), false(Boolean), 2026-08-20 23:11:24.313(Timestamp), 2026-08-20 23:11:24.313(Timestamp)
2026-08-20 23:11:24.315 DEBUG 54479 --- [nio-9080-exec-8] c.p.f.m.ForecastResultMapper.insert      : <==    Updates: 1
2026-08-20 23:11:24.315 DEBUG 54479 --- [nio-9080-exec-8] c.p.f.m.ForecastResultMapper.insert      : ==>  Preparing: INSERT INTO forecast_result ( id, task_id, model_version, predict_type, market_type, region_code, trade_date, value, lower_bound, upper_bound, confidence, version, deleted, created_at, updated_at ) VALUES ( ?, ?, ?, ?, ?, ?, ?, ?, ?, ?, ?, ?, ?, ?, ? )
2026-08-20 23:11:24.315 DEBUG 54479 --- [nio-9080-exec-8] c.p.f.m.ForecastResultMapper.insert      : ==> Parameters: 216212530538876928(Long), 216212530077503488(Long), v1.0.0(String), price(String), intra_province(String), CN-31(String), 2026-08-21 10:15:00.0(Timestamp), 79.05(BigDecimal), 71.14(BigDecimal), 86.96(BigDecimal), 0.90(BigDecimal), 1(Integer), false(Boolean), 2026-08-20 23:11:24.315(Timestamp), 2026-08-20 23:11:24.315(Timestamp)
2026-08-20 23:11:24.317 DEBUG 54479 --- [nio-9080-exec-8] c.p.f.m.ForecastResultMapper.insert      : <==    Updates: 1
2026-08-20 23:11:24.317 DEBUG 54479 --- [nio-9080-exec-8] c.p.f.m.ForecastResultMapper.insert      : ==>  Preparing: INSERT INTO forecast_result ( id, task_id, model_version, predict_type, market_type, region_code, trade_date, value, lower_bound, upper_bound, confidence, version, deleted, created_at, updated_at ) VALUES ( ?, ?, ?, ?, ?, ?, ?, ?, ?, ?, ?, ?, ?, ?, ? )
2026-08-20 23:11:24.317 DEBUG 54479 --- [nio-9080-exec-8] c.p.f.m.ForecastResultMapper.insert      : ==> Parameters: 216212530547265536(Long), 216212530077503488(Long), v1.0.0(String), price(String), intra_province(String), CN-31(String), 2026-08-21 10:30:00.0(Timestamp), 80.87(BigDecimal), 72.78(BigDecimal), 88.96(BigDecimal), 0.90(BigDecimal), 1(Integer), false(Boolean), 2026-08-20 23:11:24.317(Timestamp), 2026-08-20 23:11:24.317(Timestamp)
2026-08-20 23:11:24.318 DEBUG 54479 --- [nio-9080-exec-8] c.p.f.m.ForecastResultMapper.insert      : <==    Updates: 1
2026-08-20 23:11:24.319 DEBUG 54479 --- [nio-9080-exec-8] c.p.f.m.ForecastResultMapper.insert      : ==>  Preparing: INSERT INTO forecast_result ( id, task_id, model_version, predict_type, market_type, region_code, trade_date, value, lower_bound, upper_bound, confidence, version, deleted, created_at, updated_at ) VALUES ( ?, ?, ?, ?, ?, ?, ?, ?, ?, ?, ?, ?, ?, ?, ? )
2026-08-20 23:11:24.319 DEBUG 54479 --- [nio-9080-exec-8] c.p.f.m.ForecastResultMapper.insert      : ==> Parameters: 216212530555654144(Long), 216212530077503488(Long), v1.0.0(String), price(String), intra_province(String), CN-31(String), 2026-08-21 10:45:00.0(Timestamp), 95.38(BigDecimal), 85.84(BigDecimal), 104.92(BigDecimal), 0.90(BigDecimal), 1(Integer), false(Boolean), 2026-08-20 23:11:24.319(Timestamp), 2026-08-20 23:11:24.319(Timestamp)
2026-08-20 23:11:24.320 DEBUG 54479 --- [nio-9080-exec-8] c.p.f.m.ForecastResultMapper.insert      : <==    Updates: 1
2026-08-20 23:11:24.321 DEBUG 54479 --- [nio-9080-exec-8] c.p.f.m.ForecastResultMapper.insert      : ==>  Preparing: INSERT INTO forecast_result ( id, task_id, model_version, predict_type, market_type, region_code, trade_date, value, lower_bound, upper_bound, confidence, version, deleted, created_at, updated_at ) VALUES ( ?, ?, ?, ?, ?, ?, ?, ?, ?, ?, ?, ?, ?, ?, ? )
2026-08-20 23:11:24.321 DEBUG 54479 --- [nio-9080-exec-8] c.p.f.m.ForecastResultMapper.insert      : ==> Parameters: 216212530559848448(Long), 216212530077503488(Long), v1.0.0(String), price(String), intra_province(String), CN-31(String), 2026-08-21 11:00:00.0(Timestamp), 97.50(BigDecimal), 87.75(BigDecimal), 107.25(BigDecimal), 0.90(BigDecimal), 1(Integer), false(Boolean), 2026-08-20 23:11:24.32(Timestamp), 2026-08-20 23:11:24.32(Timestamp)
2026-08-20 23:11:24.322 DEBUG 54479 --- [nio-9080-exec-8] c.p.f.m.ForecastResultMapper.insert      : <==    Updates: 1
2026-08-20 23:11:24.323 DEBUG 54479 --- [nio-9080-exec-8] c.p.f.m.ForecastResultMapper.insert      : ==>  Preparing: INSERT INTO forecast_result ( id, task_id, model_version, predict_type, market_type, region_code, trade_date, value, lower_bound, upper_bound, confidence, version, deleted, created_at, updated_at ) VALUES ( ?, ?, ?, ?, ?, ?, ?, ?, ?, ?, ?, ?, ?, ?, ? )
2026-08-20 23:11:24.323 DEBUG 54479 --- [nio-9080-exec-8] c.p.f.m.ForecastResultMapper.insert      : ==> Parameters: 216212530568237056(Long), 216212530077503488(Long), v1.0.0(String), price(String), intra_province(String), CN-31(String), 2026-08-21 11:15:00.0(Timestamp), 133.42(BigDecimal), 120.08(BigDecimal), 146.76(BigDecimal), 0.90(BigDecimal), 1(Integer), false(Boolean), 2026-08-20 23:11:24.322(Timestamp), 2026-08-20 23:11:24.322(Timestamp)
2026-08-20 23:11:24.324 DEBUG 54479 --- [nio-9080-exec-8] c.p.f.m.ForecastResultMapper.insert      : <==    Updates: 1
2026-08-20 23:11:24.325 DEBUG 54479 --- [nio-9080-exec-8] c.p.f.m.ForecastResultMapper.insert      : ==>  Preparing: INSERT INTO forecast_result ( id, task_id, model_version, predict_type, market_type, region_code, trade_date, value, lower_bound, upper_bound, confidence, version, deleted, created_at, updated_at ) VALUES ( ?, ?, ?, ?, ?, ?, ?, ?, ?, ?, ?, ?, ?, ?, ? )
2026-08-20 23:11:24.325 DEBUG 54479 --- [nio-9080-exec-8] c.p.f.m.ForecastResultMapper.insert      : ==> Parameters: 216212530576625664(Long), 216212530077503488(Long), v1.0.0(String), price(String), intra_province(String), CN-31(String), 2026-08-21 11:30:00.0(Timestamp), 165.98(BigDecimal), 149.38(BigDecimal), 182.58(BigDecimal), 0.90(BigDecimal), 1(Integer), false(Boolean), 2026-08-20 23:11:24.324(Timestamp), 2026-08-20 23:11:24.324(Timestamp)
2026-08-20 23:11:24.326 DEBUG 54479 --- [nio-9080-exec-8] c.p.f.m.ForecastResultMapper.insert      : <==    Updates: 1
2026-08-20 23:11:24.326 DEBUG 54479 --- [nio-9080-exec-8] c.p.f.m.ForecastResultMapper.insert      : ==>  Preparing: INSERT INTO forecast_result ( id, task_id, model_version, predict_type, market_type, region_code, trade_date, value, lower_bound, upper_bound, confidence, version, deleted, created_at, updated_at ) VALUES ( ?, ?, ?, ?, ?, ?, ?, ?, ?, ?, ?, ?, ?, ?, ? )
2026-08-20 23:11:24.327 DEBUG 54479 --- [nio-9080-exec-8] c.p.f.m.ForecastResultMapper.insert      : ==> Parameters: 216212530585014272(Long), 216212530077503488(Long), v1.0.0(String), price(String), intra_province(String), CN-31(String), 2026-08-21 11:45:00.0(Timestamp), 210.06(BigDecimal), 189.05(BigDecimal), 231.07(BigDecimal), 0.90(BigDecimal), 1(Integer), false(Boolean), 2026-08-20 23:11:24.326(Timestamp), 2026-08-20 23:11:24.326(Timestamp)
2026-08-20 23:11:24.328 DEBUG 54479 --- [nio-9080-exec-8] c.p.f.m.ForecastResultMapper.insert      : <==    Updates: 1
2026-08-20 23:11:24.328 DEBUG 54479 --- [nio-9080-exec-8] c.p.f.m.ForecastResultMapper.insert      : ==>  Preparing: INSERT INTO forecast_result ( id, task_id, model_version, predict_type, market_type, region_code, trade_date, value, lower_bound, upper_bound, confidence, version, deleted, created_at, updated_at ) VALUES ( ?, ?, ?, ?, ?, ?, ?, ?, ?, ?, ?, ?, ?, ?, ? )
2026-08-20 23:11:24.328 DEBUG 54479 --- [nio-9080-exec-8] c.p.f.m.ForecastResultMapper.insert      : ==> Parameters: 216212530593402880(Long), 216212530077503488(Long), v1.0.0(String), price(String), intra_province(String), CN-31(String), 2026-08-21 12:00:00.0(Timestamp), 253.91(BigDecimal), 228.52(BigDecimal), 279.30(BigDecimal), 0.90(BigDecimal), 1(Integer), false(Boolean), 2026-08-20 23:11:24.328(Timestamp), 2026-08-20 23:11:24.328(Timestamp)
2026-08-20 23:11:24.330 DEBUG 54479 --- [nio-9080-exec-8] c.p.f.m.ForecastResultMapper.insert      : <==    Updates: 1
2026-08-20 23:11:24.330 DEBUG 54479 --- [nio-9080-exec-8] c.p.f.m.ForecastResultMapper.insert      : ==>  Preparing: INSERT INTO forecast_result ( id, task_id, model_version, predict_type, market_type, region_code, trade_date, value, lower_bound, upper_bound, confidence, version, deleted, created_at, updated_at ) VALUES ( ?, ?, ?, ?, ?, ?, ?, ?, ?, ?, ?, ?, ?, ?, ? )
2026-08-20 23:11:24.330 DEBUG 54479 --- [nio-9080-exec-8] c.p.f.m.ForecastResultMapper.insert      : ==> Parameters: 216212530601791488(Long), 216212530077503488(Long), v1.0.0(String), price(String), intra_province(String), CN-31(String), 2026-08-21 12:15:00.0(Timestamp), 265.22(BigDecimal), 238.70(BigDecimal), 291.74(BigDecimal), 0.90(BigDecimal), 1(Integer), false(Boolean), 2026-08-20 23:11:24.33(Timestamp), 2026-08-20 23:11:24.33(Timestamp)
2026-08-20 23:11:24.332 DEBUG 54479 --- [nio-9080-exec-8] c.p.f.m.ForecastResultMapper.insert      : <==    Updates: 1
2026-08-20 23:11:24.332 DEBUG 54479 --- [nio-9080-exec-8] c.p.f.m.ForecastResultMapper.insert      : ==>  Preparing: INSERT INTO forecast_result ( id, task_id, model_version, predict_type, market_type, region_code, trade_date, value, lower_bound, upper_bound, confidence, version, deleted, created_at, updated_at ) VALUES ( ?, ?, ?, ?, ?, ?, ?, ?, ?, ?, ?, ?, ?, ?, ? )
2026-08-20 23:11:24.332 DEBUG 54479 --- [nio-9080-exec-8] c.p.f.m.ForecastResultMapper.insert      : ==> Parameters: 216212530610180096(Long), 216212530077503488(Long), v1.0.0(String), price(String), intra_province(String), CN-31(String), 2026-08-21 12:30:00.0(Timestamp), 307.18(BigDecimal), 276.46(BigDecimal), 337.90(BigDecimal), 0.90(BigDecimal), 1(Integer), false(Boolean), 2026-08-20 23:11:24.332(Timestamp), 2026-08-20 23:11:24.332(Timestamp)
2026-08-20 23:11:24.333 DEBUG 54479 --- [nio-9080-exec-8] c.p.f.m.ForecastResultMapper.insert      : <==    Updates: 1
2026-08-20 23:11:24.333 DEBUG 54479 --- [nio-9080-exec-8] c.p.f.m.ForecastResultMapper.insert      : ==>  Preparing: INSERT INTO forecast_result ( id, task_id, model_version, predict_type, market_type, region_code, trade_date, value, lower_bound, upper_bound, confidence, version, deleted, created_at, updated_at ) VALUES ( ?, ?, ?, ?, ?, ?, ?, ?, ?, ?, ?, ?, ?, ?, ? )
2026-08-20 23:11:24.334 DEBUG 54479 --- [nio-9080-exec-8] c.p.f.m.ForecastResultMapper.insert      : ==> Parameters: 216212530614374400(Long), 216212530077503488(Long), v1.0.0(String), price(String), intra_province(String), CN-31(String), 2026-08-21 12:45:00.0(Timestamp), 370.49(BigDecimal), 333.44(BigDecimal), 407.54(BigDecimal), 0.90(BigDecimal), 1(Integer), false(Boolean), 2026-08-20 23:11:24.333(Timestamp), 2026-08-20 23:11:24.333(Timestamp)
2026-08-20 23:11:24.335 DEBUG 54479 --- [nio-9080-exec-8] c.p.f.m.ForecastResultMapper.insert      : <==    Updates: 1
2026-08-20 23:11:24.335 DEBUG 54479 --- [nio-9080-exec-8] c.p.f.m.ForecastResultMapper.insert      : ==>  Preparing: INSERT INTO forecast_result ( id, task_id, model_version, predict_type, market_type, region_code, trade_date, value, lower_bound, upper_bound, confidence, version, deleted, created_at, updated_at ) VALUES ( ?, ?, ?, ?, ?, ?, ?, ?, ?, ?, ?, ?, ?, ?, ? )
2026-08-20 23:11:24.335 DEBUG 54479 --- [nio-9080-exec-8] c.p.f.m.ForecastResultMapper.insert      : ==> Parameters: 216212530622763008(Long), 216212530077503488(Long), v1.0.0(String), price(String), intra_province(String), CN-31(String), 2026-08-21 13:00:00.0(Timestamp), 379.03(BigDecimal), 341.13(BigDecimal), 416.93(BigDecimal), 0.90(BigDecimal), 1(Integer), false(Boolean), 2026-08-20 23:11:24.335(Timestamp), 2026-08-20 23:11:24.335(Timestamp)
2026-08-20 23:11:24.337 DEBUG 54479 --- [nio-9080-exec-8] c.p.f.m.ForecastResultMapper.insert      : <==    Updates: 1
2026-08-20 23:11:24.337 DEBUG 54479 --- [nio-9080-exec-8] c.p.f.m.ForecastResultMapper.insert      : ==>  Preparing: INSERT INTO forecast_result ( id, task_id, model_version, predict_type, market_type, region_code, trade_date, value, lower_bound, upper_bound, confidence, version, deleted, created_at, updated_at ) VALUES ( ?, ?, ?, ?, ?, ?, ?, ?, ?, ?, ?, ?, ?, ?, ? )
2026-08-20 23:11:24.337 DEBUG 54479 --- [nio-9080-exec-8] c.p.f.m.ForecastResultMapper.insert      : ==> Parameters: 216212530631151616(Long), 216212530077503488(Long), v1.0.0(String), price(String), intra_province(String), CN-31(String), 2026-08-21 13:15:00.0(Timestamp), 374.43(BigDecimal), 336.99(BigDecimal), 411.87(BigDecimal), 0.90(BigDecimal), 1(Integer), false(Boolean), 2026-08-20 23:11:24.337(Timestamp), 2026-08-20 23:11:24.337(Timestamp)
2026-08-20 23:11:24.338 DEBUG 54479 --- [nio-9080-exec-8] c.p.f.m.ForecastResultMapper.insert      : <==    Updates: 1
2026-08-20 23:11:24.339 DEBUG 54479 --- [nio-9080-exec-8] c.p.f.m.ForecastResultMapper.insert      : ==>  Preparing: INSERT INTO forecast_result ( id, task_id, model_version, predict_type, market_type, region_code, trade_date, value, lower_bound, upper_bound, confidence, version, deleted, created_at, updated_at ) VALUES ( ?, ?, ?, ?, ?, ?, ?, ?, ?, ?, ?, ?, ?, ?, ? )
2026-08-20 23:11:24.339 DEBUG 54479 --- [nio-9080-exec-8] c.p.f.m.ForecastResultMapper.insert      : ==> Parameters: 216212530639540224(Long), 216212530077503488(Long), v1.0.0(String), price(String), intra_province(String), CN-31(String), 2026-08-21 13:30:00.0(Timestamp), 399.79(BigDecimal), 359.81(BigDecimal), 439.77(BigDecimal), 0.90(BigDecimal), 1(Integer), false(Boolean), 2026-08-20 23:11:24.339(Timestamp), 2026-08-20 23:11:24.339(Timestamp)
2026-08-20 23:11:24.340 DEBUG 54479 --- [nio-9080-exec-8] c.p.f.m.ForecastResultMapper.insert      : <==    Updates: 1
2026-08-20 23:11:24.341 DEBUG 54479 --- [nio-9080-exec-8] c.p.f.m.ForecastResultMapper.insert      : ==>  Preparing: INSERT INTO forecast_result ( id, task_id, model_version, predict_type, market_type, region_code, trade_date, value, lower_bound, upper_bound, confidence, version, deleted, created_at, updated_at ) VALUES ( ?, ?, ?, ?, ?, ?, ?, ?, ?, ?, ?, ?, ?, ?, ? )
2026-08-20 23:11:24.341 DEBUG 54479 --- [nio-9080-exec-8] c.p.f.m.ForecastResultMapper.insert      : ==> Parameters: 216212530643734528(Long), 216212530077503488(Long), v1.0.0(String), price(String), intra_province(String), CN-31(String), 2026-08-21 13:45:00.0(Timestamp), 378.23(BigDecimal), 340.41(BigDecimal), 416.05(BigDecimal), 0.90(BigDecimal), 1(Integer), false(Boolean), 2026-08-20 23:11:24.34(Timestamp), 2026-08-20 23:11:24.34(Timestamp)
2026-08-20 23:11:24.342 DEBUG 54479 --- [nio-9080-exec-8] c.p.f.m.ForecastResultMapper.insert      : <==    Updates: 1
2026-08-20 23:11:24.343 DEBUG 54479 --- [nio-9080-exec-8] c.p.f.m.ForecastResultMapper.insert      : ==>  Preparing: INSERT INTO forecast_result ( id, task_id, model_version, predict_type, market_type, region_code, trade_date, value, lower_bound, upper_bound, confidence, version, deleted, created_at, updated_at ) VALUES ( ?, ?, ?, ?, ?, ?, ?, ?, ?, ?, ?, ?, ?, ?, ? )
2026-08-20 23:11:24.343 DEBUG 54479 --- [nio-9080-exec-8] c.p.f.m.ForecastResultMapper.insert      : ==> Parameters: 216212530656317440(Long), 216212530077503488(Long), v1.0.0(String), price(String), intra_province(String), CN-31(String), 2026-08-21 14:00:00.0(Timestamp), 386.64(BigDecimal), 347.98(BigDecimal), 425.30(BigDecimal), 0.90(BigDecimal), 1(Integer), false(Boolean), 2026-08-20 23:11:24.343(Timestamp), 2026-08-20 23:11:24.343(Timestamp)
2026-08-20 23:11:24.344 DEBUG 54479 --- [nio-9080-exec-8] c.p.f.m.ForecastResultMapper.insert      : <==    Updates: 1
2026-08-20 23:11:24.345 DEBUG 54479 --- [nio-9080-exec-8] c.p.f.m.ForecastResultMapper.insert      : ==>  Preparing: INSERT INTO forecast_result ( id, task_id, model_version, predict_type, market_type, region_code, trade_date, value, lower_bound, upper_bound, confidence, version, deleted, created_at, updated_at ) VALUES ( ?, ?, ?, ?, ?, ?, ?, ?, ?, ?, ?, ?, ?, ?, ? )
2026-08-20 23:11:24.345 DEBUG 54479 --- [nio-9080-exec-8] c.p.f.m.ForecastResultMapper.insert      : ==> Parameters: 216212530664706048(Long), 216212530077503488(Long), v1.0.0(String), price(String), intra_province(String), CN-31(String), 2026-08-21 14:15:00.0(Timestamp), 345.29(BigDecimal), 310.76(BigDecimal), 379.82(BigDecimal), 0.90(BigDecimal), 1(Integer), false(Boolean), 2026-08-20 23:11:24.345(Timestamp), 2026-08-20 23:11:24.345(Timestamp)
2026-08-20 23:11:24.346 DEBUG 54479 --- [nio-9080-exec-8] c.p.f.m.ForecastResultMapper.insert      : <==    Updates: 1
2026-08-20 23:11:24.346 DEBUG 54479 --- [nio-9080-exec-8] c.p.f.m.ForecastResultMapper.insert      : ==>  Preparing: INSERT INTO forecast_result ( id, task_id, model_version, predict_type, market_type, region_code, trade_date, value, lower_bound, upper_bound, confidence, version, deleted, created_at, updated_at ) VALUES ( ?, ?, ?, ?, ?, ?, ?, ?, ?, ?, ?, ?, ?, ?, ? )
2026-08-20 23:11:24.346 DEBUG 54479 --- [nio-9080-exec-8] c.p.f.m.ForecastResultMapper.insert      : ==> Parameters: 216212530668900352(Long), 216212530077503488(Long), v1.0.0(String), price(String), intra_province(String), CN-31(String), 2026-08-21 14:30:00.0(Timestamp), 333.39(BigDecimal), 300.05(BigDecimal), 366.73(BigDecimal), 0.90(BigDecimal), 1(Integer), false(Boolean), 2026-08-20 23:11:24.346(Timestamp), 2026-08-20 23:11:24.346(Timestamp)
2026-08-20 23:11:24.348 DEBUG 54479 --- [nio-9080-exec-8] c.p.f.m.ForecastResultMapper.insert      : <==    Updates: 1
2026-08-20 23:11:24.348 DEBUG 54479 --- [nio-9080-exec-8] c.p.f.m.ForecastResultMapper.insert      : ==>  Preparing: INSERT INTO forecast_result ( id, task_id, model_version, predict_type, market_type, region_code, trade_date, value, lower_bound, upper_bound, confidence, version, deleted, created_at, updated_at ) VALUES ( ?, ?, ?, ?, ?, ?, ?, ?, ?, ?, ?, ?, ?, ?, ? )
2026-08-20 23:11:24.348 DEBUG 54479 --- [nio-9080-exec-8] c.p.f.m.ForecastResultMapper.insert      : ==> Parameters: 216212530677288960(Long), 216212530077503488(Long), v1.0.0(String), price(String), intra_province(String), CN-31(String), 2026-08-21 14:45:00.0(Timestamp), 274.08(BigDecimal), 246.67(BigDecimal), 301.49(BigDecimal), 0.90(BigDecimal), 1(Integer), false(Boolean), 2026-08-20 23:11:24.348(Timestamp), 2026-08-20 23:11:24.348(Timestamp)
2026-08-20 23:11:24.350 DEBUG 54479 --- [nio-9080-exec-8] c.p.f.m.ForecastResultMapper.insert      : <==    Updates: 1
2026-08-20 23:11:24.350 DEBUG 54479 --- [nio-9080-exec-8] c.p.f.m.ForecastResultMapper.insert      : ==>  Preparing: INSERT INTO forecast_result ( id, task_id, model_version, predict_type, market_type, region_code, trade_date, value, lower_bound, upper_bound, confidence, version, deleted, created_at, updated_at ) VALUES ( ?, ?, ?, ?, ?, ?, ?, ?, ?, ?, ?, ?, ?, ?, ? )
2026-08-20 23:11:24.350 DEBUG 54479 --- [nio-9080-exec-8] c.p.f.m.ForecastResultMapper.insert      : ==> Parameters: 216212530685677568(Long), 216212530077503488(Long), v1.0.0(String), price(String), intra_province(String), CN-31(String), 2026-08-21 15:00:00.0(Timestamp), 228.68(BigDecimal), 205.81(BigDecimal), 251.55(BigDecimal), 0.90(BigDecimal), 1(Integer), false(Boolean), 2026-08-20 23:11:24.35(Timestamp), 2026-08-20 23:11:24.35(Timestamp)
2026-08-20 23:11:24.351 DEBUG 54479 --- [nio-9080-exec-8] c.p.f.m.ForecastResultMapper.insert      : <==    Updates: 1
2026-08-20 23:11:24.352 DEBUG 54479 --- [nio-9080-exec-8] c.p.f.m.ForecastResultMapper.insert      : ==>  Preparing: INSERT INTO forecast_result ( id, task_id, model_version, predict_type, market_type, region_code, trade_date, value, lower_bound, upper_bound, confidence, version, deleted, created_at, updated_at ) VALUES ( ?, ?, ?, ?, ?, ?, ?, ?, ?, ?, ?, ?, ?, ?, ? )
2026-08-20 23:11:24.352 DEBUG 54479 --- [nio-9080-exec-8] c.p.f.m.ForecastResultMapper.insert      : ==> Parameters: 216212530694066176(Long), 216212530077503488(Long), v1.0.0(String), price(String), intra_province(String), CN-31(String), 2026-08-21 15:15:00.0(Timestamp), 190.90(BigDecimal), 171.81(BigDecimal), 209.99(BigDecimal), 0.90(BigDecimal), 1(Integer), false(Boolean), 2026-08-20 23:11:24.352(Timestamp), 2026-08-20 23:11:24.352(Timestamp)
2026-08-20 23:11:24.353 DEBUG 54479 --- [nio-9080-exec-8] c.p.f.m.ForecastResultMapper.insert      : <==    Updates: 1
2026-08-20 23:11:24.354 DEBUG 54479 --- [nio-9080-exec-8] c.p.f.m.ForecastResultMapper.insert      : ==>  Preparing: INSERT INTO forecast_result ( id, task_id, model_version, predict_type, market_type, region_code, trade_date, value, lower_bound, upper_bound, confidence, version, deleted, created_at, updated_at ) VALUES ( ?, ?, ?, ?, ?, ?, ?, ?, ?, ?, ?, ?, ?, ?, ? )
2026-08-20 23:11:24.354 DEBUG 54479 --- [nio-9080-exec-8] c.p.f.m.ForecastResultMapper.insert      : ==> Parameters: 216212530698260480(Long), 216212530077503488(Long), v1.0.0(String), price(String), intra_province(String), CN-31(String), 2026-08-21 15:30:00.0(Timestamp), 169.88(BigDecimal), 152.89(BigDecimal), 186.87(BigDecimal), 0.90(BigDecimal), 1(Integer), false(Boolean), 2026-08-20 23:11:24.353(Timestamp), 2026-08-20 23:11:24.353(Timestamp)
2026-08-20 23:11:24.355 DEBUG 54479 --- [nio-9080-exec-8] c.p.f.m.ForecastResultMapper.insert      : <==    Updates: 1
2026-08-20 23:11:24.356 DEBUG 54479 --- [nio-9080-exec-8] c.p.f.m.ForecastResultMapper.insert      : ==>  Preparing: INSERT INTO forecast_result ( id, task_id, model_version, predict_type, market_type, region_code, trade_date, value, lower_bound, upper_bound, confidence, version, deleted, created_at, updated_at ) VALUES ( ?, ?, ?, ?, ?, ?, ?, ?, ?, ?, ?, ?, ?, ?, ? )
2026-08-20 23:11:24.356 DEBUG 54479 --- [nio-9080-exec-8] c.p.f.m.ForecastResultMapper.insert      : ==> Parameters: 216212530706649088(Long), 216212530077503488(Long), v1.0.0(String), price(String), intra_province(String), CN-31(String), 2026-08-21 15:45:00.0(Timestamp), 122.92(BigDecimal), 110.63(BigDecimal), 135.21(BigDecimal), 0.90(BigDecimal), 1(Integer), false(Boolean), 2026-08-20 23:11:24.355(Timestamp), 2026-08-20 23:11:24.355(Timestamp)
2026-08-20 23:11:24.357 DEBUG 54479 --- [nio-9080-exec-8] c.p.f.m.ForecastResultMapper.insert      : <==    Updates: 1
2026-08-20 23:11:24.357 DEBUG 54479 --- [nio-9080-exec-8] c.p.f.m.ForecastResultMapper.insert      : ==>  Preparing: INSERT INTO forecast_result ( id, task_id, model_version, predict_type, market_type, region_code, trade_date, value, lower_bound, upper_bound, confidence, version, deleted, created_at, updated_at ) VALUES ( ?, ?, ?, ?, ?, ?, ?, ?, ?, ?, ?, ?, ?, ?, ? )
2026-08-20 23:11:24.357 DEBUG 54479 --- [nio-9080-exec-8] c.p.f.m.ForecastResultMapper.insert      : ==> Parameters: 216212530715037696(Long), 216212530077503488(Long), v1.0.0(String), price(String), intra_province(String), CN-31(String), 2026-08-21 16:00:00.0(Timestamp), 109.07(BigDecimal), 98.16(BigDecimal), 119.98(BigDecimal), 0.90(BigDecimal), 1(Integer), false(Boolean), 2026-08-20 23:11:24.357(Timestamp), 2026-08-20 23:11:24.357(Timestamp)
2026-08-20 23:11:24.359 DEBUG 54479 --- [nio-9080-exec-8] c.p.f.m.ForecastResultMapper.insert      : <==    Updates: 1
2026-08-20 23:11:24.359 DEBUG 54479 --- [nio-9080-exec-8] c.p.f.m.ForecastResultMapper.insert      : ==>  Preparing: INSERT INTO forecast_result ( id, task_id, model_version, predict_type, market_type, region_code, trade_date, value, lower_bound, upper_bound, confidence, version, deleted, created_at, updated_at ) VALUES ( ?, ?, ?, ?, ?, ?, ?, ?, ?, ?, ?, ?, ?, ?, ? )
2026-08-20 23:11:24.359 DEBUG 54479 --- [nio-9080-exec-8] c.p.f.m.ForecastResultMapper.insert      : ==> Parameters: 216212530723426304(Long), 216212530077503488(Long), v1.0.0(String), price(String), intra_province(String), CN-31(String), 2026-08-21 16:15:00.0(Timestamp), 78.61(BigDecimal), 70.75(BigDecimal), 86.47(BigDecimal), 0.90(BigDecimal), 1(Integer), false(Boolean), 2026-08-20 23:11:24.359(Timestamp), 2026-08-20 23:11:24.359(Timestamp)
2026-08-20 23:11:24.360 DEBUG 54479 --- [nio-9080-exec-8] c.p.f.m.ForecastResultMapper.insert      : <==    Updates: 1
2026-08-20 23:11:24.361 DEBUG 54479 --- [nio-9080-exec-8] c.p.f.m.ForecastResultMapper.insert      : ==>  Preparing: INSERT INTO forecast_result ( id, task_id, model_version, predict_type, market_type, region_code, trade_date, value, lower_bound, upper_bound, confidence, version, deleted, created_at, updated_at ) VALUES ( ?, ?, ?, ?, ?, ?, ?, ?, ?, ?, ?, ?, ?, ?, ? )
2026-08-20 23:11:24.361 DEBUG 54479 --- [nio-9080-exec-8] c.p.f.m.ForecastResultMapper.insert      : ==> Parameters: 216212530731814912(Long), 216212530077503488(Long), v1.0.0(String), price(String), intra_province(String), CN-31(String), 2026-08-21 16:30:00.0(Timestamp), 97.18(BigDecimal), 87.46(BigDecimal), 106.90(BigDecimal), 0.90(BigDecimal), 1(Integer), false(Boolean), 2026-08-20 23:11:24.361(Timestamp), 2026-08-20 23:11:24.361(Timestamp)
2026-08-20 23:11:24.362 DEBUG 54479 --- [nio-9080-exec-8] c.p.f.m.ForecastResultMapper.insert      : <==    Updates: 1
2026-08-20 23:11:24.363 DEBUG 54479 --- [nio-9080-exec-8] c.p.f.m.ForecastResultMapper.insert      : ==>  Preparing: INSERT INTO forecast_result ( id, task_id, model_version, predict_type, market_type, region_code, trade_date, value, lower_bound, upper_bound, confidence, version, deleted, created_at, updated_at ) VALUES ( ?, ?, ?, ?, ?, ?, ?, ?, ?, ?, ?, ?, ?, ?, ? )
2026-08-20 23:11:24.363 DEBUG 54479 --- [nio-9080-exec-8] c.p.f.m.ForecastResultMapper.insert      : ==> Parameters: 216212530740203520(Long), 216212530077503488(Long), v1.0.0(String), price(String), intra_province(String), CN-31(String), 2026-08-21 16:45:00.0(Timestamp), 71.56(BigDecimal), 64.40(BigDecimal), 78.72(BigDecimal), 0.90(BigDecimal), 1(Integer), false(Boolean), 2026-08-20 23:11:24.363(Timestamp), 2026-08-20 23:11:24.363(Timestamp)
2026-08-20 23:11:24.364 DEBUG 54479 --- [nio-9080-exec-8] c.p.f.m.ForecastResultMapper.insert      : <==    Updates: 1
2026-08-20 23:11:24.364 DEBUG 54479 --- [nio-9080-exec-8] c.p.f.m.ForecastResultMapper.insert      : ==>  Preparing: INSERT INTO forecast_result ( id, task_id, model_version, predict_type, market_type, region_code, trade_date, value, lower_bound, upper_bound, confidence, version, deleted, created_at, updated_at ) VALUES ( ?, ?, ?, ?, ?, ?, ?, ?, ?, ?, ?, ?, ?, ?, ? )
2026-08-20 23:11:24.365 DEBUG 54479 --- [nio-9080-exec-8] c.p.f.m.ForecastResultMapper.insert      : ==> Parameters: 216212530744397824(Long), 216212530077503488(Long), v1.0.0(String), price(String), intra_province(String), CN-31(String), 2026-08-21 17:00:00.0(Timestamp), 90.32(BigDecimal), 81.29(BigDecimal), 99.35(BigDecimal), 0.90(BigDecimal), 1(Integer), false(Boolean), 2026-08-20 23:11:24.364(Timestamp), 2026-08-20 23:11:24.364(Timestamp)
2026-08-20 23:11:24.366 DEBUG 54479 --- [nio-9080-exec-8] c.p.f.m.ForecastResultMapper.insert      : <==    Updates: 1
2026-08-20 23:11:24.366 DEBUG 54479 --- [nio-9080-exec-8] c.p.f.m.ForecastResultMapper.insert      : ==>  Preparing: INSERT INTO forecast_result ( id, task_id, model_version, predict_type, market_type, region_code, trade_date, value, lower_bound, upper_bound, confidence, version, deleted, created_at, updated_at ) VALUES ( ?, ?, ?, ?, ?, ?, ?, ?, ?, ?, ?, ?, ?, ?, ? )
2026-08-20 23:11:24.366 DEBUG 54479 --- [nio-9080-exec-8] c.p.f.m.ForecastResultMapper.insert      : ==> Parameters: 216212530752786432(Long), 216212530077503488(Long), v1.0.0(String), price(String), intra_province(String), CN-31(String), 2026-08-21 17:15:00.0(Timestamp), 126.58(BigDecimal), 113.92(BigDecimal), 139.24(BigDecimal), 0.90(BigDecimal), 1(Integer), false(Boolean), 2026-08-20 23:11:24.366(Timestamp), 2026-08-20 23:11:24.366(Timestamp)
2026-08-20 23:11:24.368 DEBUG 54479 --- [nio-9080-exec-8] c.p.f.m.ForecastResultMapper.insert      : <==    Updates: 1
2026-08-20 23:11:24.368 DEBUG 54479 --- [nio-9080-exec-8] c.p.f.m.ForecastResultMapper.insert      : ==>  Preparing: INSERT INTO forecast_result ( id, task_id, model_version, predict_type, market_type, region_code, trade_date, value, lower_bound, upper_bound, confidence, version, deleted, created_at, updated_at ) VALUES ( ?, ?, ?, ?, ?, ?, ?, ?, ?, ?, ?, ?, ?, ?, ? )
2026-08-20 23:11:24.368 DEBUG 54479 --- [nio-9080-exec-8] c.p.f.m.ForecastResultMapper.insert      : ==> Parameters: 216212530761175040(Long), 216212530077503488(Long), v1.0.0(String), price(String), intra_province(String), CN-31(String), 2026-08-21 17:30:00.0(Timestamp), 152.71(BigDecimal), 137.44(BigDecimal), 167.98(BigDecimal), 0.90(BigDecimal), 1(Integer), false(Boolean), 2026-08-20 23:11:24.368(Timestamp), 2026-08-20 23:11:24.368(Timestamp)
2026-08-20 23:11:24.369 DEBUG 54479 --- [nio-9080-exec-8] c.p.f.m.ForecastResultMapper.insert      : <==    Updates: 1
2026-08-20 23:11:24.369 DEBUG 54479 --- [nio-9080-exec-8] c.p.f.m.ForecastResultMapper.insert      : ==>  Preparing: INSERT INTO forecast_result ( id, task_id, model_version, predict_type, market_type, region_code, trade_date, value, lower_bound, upper_bound, confidence, version, deleted, created_at, updated_at ) VALUES ( ?, ?, ?, ?, ?, ?, ?, ?, ?, ?, ?, ?, ?, ?, ? )
2026-08-20 23:11:24.370 DEBUG 54479 --- [nio-9080-exec-8] c.p.f.m.ForecastResultMapper.insert      : ==> Parameters: 216212530765369344(Long), 216212530077503488(Long), v1.0.0(String), price(String), intra_province(String), CN-31(String), 2026-08-21 17:45:00.0(Timestamp), 206.51(BigDecimal), 185.86(BigDecimal), 227.16(BigDecimal), 0.90(BigDecimal), 1(Integer), false(Boolean), 2026-08-20 23:11:24.369(Timestamp), 2026-08-20 23:11:24.369(Timestamp)
2026-08-20 23:11:24.371 DEBUG 54479 --- [nio-9080-exec-8] c.p.f.m.ForecastResultMapper.insert      : <==    Updates: 1
2026-08-20 23:11:24.371 DEBUG 54479 --- [nio-9080-exec-8] c.p.f.m.ForecastResultMapper.insert      : ==>  Preparing: INSERT INTO forecast_result ( id, task_id, model_version, predict_type, market_type, region_code, trade_date, value, lower_bound, upper_bound, confidence, version, deleted, created_at, updated_at ) VALUES ( ?, ?, ?, ?, ?, ?, ?, ?, ?, ?, ?, ?, ?, ?, ? )
2026-08-20 23:11:24.371 DEBUG 54479 --- [nio-9080-exec-8] c.p.f.m.ForecastResultMapper.insert      : ==> Parameters: 216212530773757952(Long), 216212530077503488(Long), v1.0.0(String), price(String), intra_province(String), CN-31(String), 2026-08-21 18:00:00.0(Timestamp), 248.45(BigDecimal), 223.60(BigDecimal), 273.30(BigDecimal), 0.90(BigDecimal), 1(Integer), false(Boolean), 2026-08-20 23:11:24.371(Timestamp), 2026-08-20 23:11:24.371(Timestamp)
2026-08-20 23:11:24.372 DEBUG 54479 --- [nio-9080-exec-8] c.p.f.m.ForecastResultMapper.insert      : <==    Updates: 1
2026-08-20 23:11:24.373 DEBUG 54479 --- [nio-9080-exec-8] c.p.f.m.ForecastResultMapper.insert      : ==>  Preparing: INSERT INTO forecast_result ( id, task_id, model_version, predict_type, market_type, region_code, trade_date, value, lower_bound, upper_bound, confidence, version, deleted, created_at, updated_at ) VALUES ( ?, ?, ?, ?, ?, ?, ?, ?, ?, ?, ?, ?, ?, ?, ? )
2026-08-20 23:11:24.373 DEBUG 54479 --- [nio-9080-exec-8] c.p.f.m.ForecastResultMapper.insert      : ==> Parameters: 216212530782146560(Long), 216212530077503488(Long), v1.0.0(String), price(String), intra_province(String), CN-31(String), 2026-08-21 18:15:00.0(Timestamp), 289.09(BigDecimal), 260.18(BigDecimal), 318.00(BigDecimal), 0.90(BigDecimal), 1(Integer), false(Boolean), 2026-08-20 23:11:24.373(Timestamp), 2026-08-20 23:11:24.373(Timestamp)
2026-08-20 23:11:24.374 DEBUG 54479 --- [nio-9080-exec-8] c.p.f.m.ForecastResultMapper.insert      : <==    Updates: 1
2026-08-20 23:11:24.374 DEBUG 54479 --- [nio-9080-exec-8] c.p.f.m.ForecastResultMapper.insert      : ==>  Preparing: INSERT INTO forecast_result ( id, task_id, model_version, predict_type, market_type, region_code, trade_date, value, lower_bound, upper_bound, confidence, version, deleted, created_at, updated_at ) VALUES ( ?, ?, ?, ?, ?, ?, ?, ?, ?, ?, ?, ?, ?, ?, ? )
2026-08-20 23:11:24.374 DEBUG 54479 --- [nio-9080-exec-8] c.p.f.m.ForecastResultMapper.insert      : ==> Parameters: 216212530786340864(Long), 216212530077503488(Long), v1.0.0(String), price(String), intra_province(String), CN-31(String), 2026-08-21 18:30:00.0(Timestamp), 328.97(BigDecimal), 296.07(BigDecimal), 361.87(BigDecimal), 0.90(BigDecimal), 1(Integer), false(Boolean), 2026-08-20 23:11:24.374(Timestamp), 2026-08-20 23:11:24.374(Timestamp)
2026-08-20 23:11:24.376 DEBUG 54479 --- [nio-9080-exec-8] c.p.f.m.ForecastResultMapper.insert      : <==    Updates: 1
2026-08-20 23:11:24.376 DEBUG 54479 --- [nio-9080-exec-8] c.p.f.m.ForecastResultMapper.insert      : ==>  Preparing: INSERT INTO forecast_result ( id, task_id, model_version, predict_type, market_type, region_code, trade_date, value, lower_bound, upper_bound, confidence, version, deleted, created_at, updated_at ) VALUES ( ?, ?, ?, ?, ?, ?, ?, ?, ?, ?, ?, ?, ?, ?, ? )
2026-08-20 23:11:24.376 DEBUG 54479 --- [nio-9080-exec-8] c.p.f.m.ForecastResultMapper.insert      : ==> Parameters: 216212530794729472(Long), 216212530077503488(Long), v1.0.0(String), price(String), intra_province(String), CN-31(String), 2026-08-21 18:45:00.0(Timestamp), 363.95(BigDecimal), 327.55(BigDecimal), 400.35(BigDecimal), 0.90(BigDecimal), 1(Integer), false(Boolean), 2026-08-20 23:11:24.376(Timestamp), 2026-08-20 23:11:24.376(Timestamp)
2026-08-20 23:11:24.378 DEBUG 54479 --- [nio-9080-exec-8] c.p.f.m.ForecastResultMapper.insert      : <==    Updates: 1
2026-08-20 23:11:24.378 DEBUG 54479 --- [nio-9080-exec-8] c.p.f.m.ForecastResultMapper.insert      : ==>  Preparing: INSERT INTO forecast_result ( id, task_id, model_version, predict_type, market_type, region_code, trade_date, value, lower_bound, upper_bound, confidence, version, deleted, created_at, updated_at ) VALUES ( ?, ?, ?, ?, ?, ?, ?, ?, ?, ?, ?, ?, ?, ?, ? )
2026-08-20 23:11:24.378 DEBUG 54479 --- [nio-9080-exec-8] c.p.f.m.ForecastResultMapper.insert      : ==> Parameters: 216212530803118080(Long), 216212530077503488(Long), v1.0.0(String), price(String), intra_province(String), CN-31(String), 2026-08-21 19:00:00.0(Timestamp), 374.93(BigDecimal), 337.44(BigDecimal), 412.42(BigDecimal), 0.90(BigDecimal), 1(Integer), false(Boolean), 2026-08-20 23:11:24.378(Timestamp), 2026-08-20 23:11:24.378(Timestamp)
2026-08-20 23:11:24.380 DEBUG 54479 --- [nio-9080-exec-8] c.p.f.m.ForecastResultMapper.insert      : <==    Updates: 1
2026-08-20 23:11:24.380 DEBUG 54479 --- [nio-9080-exec-8] c.p.f.m.ForecastResultMapper.insert      : ==>  Preparing: INSERT INTO forecast_result ( id, task_id, model_version, predict_type, market_type, region_code, trade_date, value, lower_bound, upper_bound, confidence, version, deleted, created_at, updated_at ) VALUES ( ?, ?, ?, ?, ?, ?, ?, ?, ?, ?, ?, ?, ?, ?, ? )
2026-08-20 23:11:24.380 DEBUG 54479 --- [nio-9080-exec-8] c.p.f.m.ForecastResultMapper.insert      : ==> Parameters: 216212530811506688(Long), 216212530077503488(Long), v1.0.0(String), price(String), intra_province(String), CN-31(String), 2026-08-21 19:15:00.0(Timestamp), 372.60(BigDecimal), 335.34(BigDecimal), 409.86(BigDecimal), 0.90(BigDecimal), 1(Integer), false(Boolean), 2026-08-20 23:11:24.38(Timestamp), 2026-08-20 23:11:24.38(Timestamp)
2026-08-20 23:11:24.381 DEBUG 54479 --- [nio-9080-exec-8] c.p.f.m.ForecastResultMapper.insert      : <==    Updates: 1
2026-08-20 23:11:24.382 DEBUG 54479 --- [nio-9080-exec-8] c.p.f.m.ForecastResultMapper.insert      : ==>  Preparing: INSERT INTO forecast_result ( id, task_id, model_version, predict_type, market_type, region_code, trade_date, value, lower_bound, upper_bound, confidence, version, deleted, created_at, updated_at ) VALUES ( ?, ?, ?, ?, ?, ?, ?, ?, ?, ?, ?, ?, ?, ?, ? )
2026-08-20 23:11:24.382 DEBUG 54479 --- [nio-9080-exec-8] c.p.f.m.ForecastResultMapper.insert      : ==> Parameters: 216212530819895296(Long), 216212530077503488(Long), v1.0.0(String), price(String), intra_province(String), CN-31(String), 2026-08-21 19:30:00.0(Timestamp), 391.30(BigDecimal), 352.17(BigDecimal), 430.43(BigDecimal), 0.90(BigDecimal), 1(Integer), false(Boolean), 2026-08-20 23:11:24.382(Timestamp), 2026-08-20 23:11:24.382(Timestamp)
2026-08-20 23:11:24.383 DEBUG 54479 --- [nio-9080-exec-8] c.p.f.m.ForecastResultMapper.insert      : <==    Updates: 1
2026-08-20 23:11:24.383 DEBUG 54479 --- [nio-9080-exec-8] c.p.f.m.ForecastResultMapper.insert      : ==>  Preparing: INSERT INTO forecast_result ( id, task_id, model_version, predict_type, market_type, region_code, trade_date, value, lower_bound, upper_bound, confidence, version, deleted, created_at, updated_at ) VALUES ( ?, ?, ?, ?, ?, ?, ?, ?, ?, ?, ?, ?, ?, ?, ? )
2026-08-20 23:11:24.383 DEBUG 54479 --- [nio-9080-exec-8] c.p.f.m.ForecastResultMapper.insert      : ==> Parameters: 216212530824089600(Long), 216212530077503488(Long), v1.0.0(String), price(String), intra_province(String), CN-31(String), 2026-08-21 19:45:00.0(Timestamp), 405.06(BigDecimal), 364.55(BigDecimal), 445.57(BigDecimal), 0.90(BigDecimal), 1(Integer), false(Boolean), 2026-08-20 23:11:24.383(Timestamp), 2026-08-20 23:11:24.383(Timestamp)
2026-08-20 23:11:24.384 DEBUG 54479 --- [nio-9080-exec-8] c.p.f.m.ForecastResultMapper.insert      : <==    Updates: 1
2026-08-20 23:11:24.384 DEBUG 54479 --- [nio-9080-exec-8] c.p.f.m.ForecastResultMapper.insert      : ==>  Preparing: INSERT INTO forecast_result ( id, task_id, model_version, predict_type, market_type, region_code, trade_date, value, lower_bound, upper_bound, confidence, version, deleted, created_at, updated_at ) VALUES ( ?, ?, ?, ?, ?, ?, ?, ?, ?, ?, ?, ?, ?, ?, ? )
2026-08-20 23:11:24.385 DEBUG 54479 --- [nio-9080-exec-8] c.p.f.m.ForecastResultMapper.insert      : ==> Parameters: 216212530828283904(Long), 216212530077503488(Long), v1.0.0(String), price(String), intra_province(String), CN-31(String), 2026-08-21 20:00:00.0(Timestamp), 380.82(BigDecimal), 342.74(BigDecimal), 418.90(BigDecimal), 0.90(BigDecimal), 1(Integer), false(Boolean), 2026-08-20 23:11:24.384(Timestamp), 2026-08-20 23:11:24.384(Timestamp)
2026-08-20 23:11:24.386 DEBUG 54479 --- [nio-9080-exec-8] c.p.f.m.ForecastResultMapper.insert      : <==    Updates: 1
2026-08-20 23:11:24.386 DEBUG 54479 --- [nio-9080-exec-8] c.p.f.m.ForecastResultMapper.insert      : ==>  Preparing: INSERT INTO forecast_result ( id, task_id, model_version, predict_type, market_type, region_code, trade_date, value, lower_bound, upper_bound, confidence, version, deleted, created_at, updated_at ) VALUES ( ?, ?, ?, ?, ?, ?, ?, ?, ?, ?, ?, ?, ?, ?, ? )
2026-08-20 23:11:24.386 DEBUG 54479 --- [nio-9080-exec-8] c.p.f.m.ForecastResultMapper.insert      : ==> Parameters: 216212530836672512(Long), 216212530077503488(Long), v1.0.0(String), price(String), intra_province(String), CN-31(String), 2026-08-21 20:15:00.0(Timestamp), 345.03(BigDecimal), 310.53(BigDecimal), 379.53(BigDecimal), 0.90(BigDecimal), 1(Integer), false(Boolean), 2026-08-20 23:11:24.386(Timestamp), 2026-08-20 23:11:24.386(Timestamp)
2026-08-20 23:11:24.387 DEBUG 54479 --- [nio-9080-exec-8] c.p.f.m.ForecastResultMapper.insert      : <==    Updates: 1
2026-08-20 23:11:24.387 DEBUG 54479 --- [nio-9080-exec-8] c.p.f.m.ForecastResultMapper.insert      : ==>  Preparing: INSERT INTO forecast_result ( id, task_id, model_version, predict_type, market_type, region_code, trade_date, value, lower_bound, upper_bound, confidence, version, deleted, created_at, updated_at ) VALUES ( ?, ?, ?, ?, ?, ?, ?, ?, ?, ?, ?, ?, ?, ?, ? )
2026-08-20 23:11:24.388 DEBUG 54479 --- [nio-9080-exec-8] c.p.f.m.ForecastResultMapper.insert      : ==> Parameters: 216212530840866816(Long), 216212530077503488(Long), v1.0.0(String), price(String), intra_province(String), CN-31(String), 2026-08-21 20:30:00.0(Timestamp), 323.27(BigDecimal), 290.94(BigDecimal), 355.60(BigDecimal), 0.90(BigDecimal), 1(Integer), false(Boolean), 2026-08-20 23:11:24.387(Timestamp), 2026-08-20 23:11:24.387(Timestamp)
2026-08-20 23:11:24.389 DEBUG 54479 --- [nio-9080-exec-8] c.p.f.m.ForecastResultMapper.insert      : <==    Updates: 1
2026-08-20 23:11:24.389 DEBUG 54479 --- [nio-9080-exec-8] c.p.f.m.ForecastResultMapper.insert      : ==>  Preparing: INSERT INTO forecast_result ( id, task_id, model_version, predict_type, market_type, region_code, trade_date, value, lower_bound, upper_bound, confidence, version, deleted, created_at, updated_at ) VALUES ( ?, ?, ?, ?, ?, ?, ?, ?, ?, ?, ?, ?, ?, ?, ? )
2026-08-20 23:11:24.389 DEBUG 54479 --- [nio-9080-exec-8] c.p.f.m.ForecastResultMapper.insert      : ==> Parameters: 216212530849255424(Long), 216212530077503488(Long), v1.0.0(String), price(String), intra_province(String), CN-31(String), 2026-08-21 20:45:00.0(Timestamp), 303.93(BigDecimal), 273.54(BigDecimal), 334.32(BigDecimal), 0.90(BigDecimal), 1(Integer), false(Boolean), 2026-08-20 23:11:24.389(Timestamp), 2026-08-20 23:11:24.389(Timestamp)
2026-08-20 23:11:24.390 DEBUG 54479 --- [nio-9080-exec-8] c.p.f.m.ForecastResultMapper.insert      : <==    Updates: 1
2026-08-20 23:11:24.391 DEBUG 54479 --- [nio-9080-exec-8] c.p.f.m.ForecastResultMapper.insert      : ==>  Preparing: INSERT INTO forecast_result ( id, task_id, model_version, predict_type, market_type, region_code, trade_date, value, lower_bound, upper_bound, confidence, version, deleted, created_at, updated_at ) VALUES ( ?, ?, ?, ?, ?, ?, ?, ?, ?, ?, ?, ?, ?, ?, ? )
2026-08-20 23:11:24.391 DEBUG 54479 --- [nio-9080-exec-8] c.p.f.m.ForecastResultMapper.insert      : ==> Parameters: 216212530857644032(Long), 216212530077503488(Long), v1.0.0(String), price(String), intra_province(String), CN-31(String), 2026-08-21 21:00:00.0(Timestamp), 242.60(BigDecimal), 218.34(BigDecimal), 266.86(BigDecimal), 0.90(BigDecimal), 1(Integer), false(Boolean), 2026-08-20 23:11:24.391(Timestamp), 2026-08-20 23:11:24.391(Timestamp)
2026-08-20 23:11:24.392 DEBUG 54479 --- [nio-9080-exec-8] c.p.f.m.ForecastResultMapper.insert      : <==    Updates: 1
2026-08-20 23:11:24.393 DEBUG 54479 --- [nio-9080-exec-8] c.p.f.m.ForecastResultMapper.insert      : ==>  Preparing: INSERT INTO forecast_result ( id, task_id, model_version, predict_type, market_type, region_code, trade_date, value, lower_bound, upper_bound, confidence, version, deleted, created_at, updated_at ) VALUES ( ?, ?, ?, ?, ?, ?, ?, ?, ?, ?, ?, ?, ?, ?, ? )
2026-08-20 23:11:24.393 DEBUG 54479 --- [nio-9080-exec-8] c.p.f.m.ForecastResultMapper.insert      : ==> Parameters: 216212530861838336(Long), 216212530077503488(Long), v1.0.0(String), price(String), intra_province(String), CN-31(String), 2026-08-21 21:15:00.0(Timestamp), 206.02(BigDecimal), 185.42(BigDecimal), 226.62(BigDecimal), 0.90(BigDecimal), 1(Integer), false(Boolean), 2026-08-20 23:11:24.392(Timestamp), 2026-08-20 23:11:24.392(Timestamp)
2026-08-20 23:11:24.394 DEBUG 54479 --- [nio-9080-exec-8] c.p.f.m.ForecastResultMapper.insert      : <==    Updates: 1
2026-08-20 23:11:24.395 DEBUG 54479 --- [nio-9080-exec-8] c.p.f.m.ForecastResultMapper.insert      : ==>  Preparing: INSERT INTO forecast_result ( id, task_id, model_version, predict_type, market_type, region_code, trade_date, value, lower_bound, upper_bound, confidence, version, deleted, created_at, updated_at ) VALUES ( ?, ?, ?, ?, ?, ?, ?, ?, ?, ?, ?, ?, ?, ?, ? )
2026-08-20 23:11:24.395 DEBUG 54479 --- [nio-9080-exec-8] c.p.f.m.ForecastResultMapper.insert      : ==> Parameters: 216212530874421248(Long), 216212530077503488(Long), v1.0.0(String), price(String), intra_province(String), CN-31(String), 2026-08-21 21:30:00.0(Timestamp), 166.63(BigDecimal), 149.97(BigDecimal), 183.29(BigDecimal), 0.90(BigDecimal), 1(Integer), false(Boolean), 2026-08-20 23:11:24.395(Timestamp), 2026-08-20 23:11:24.395(Timestamp)
2026-08-20 23:11:24.396 DEBUG 54479 --- [nio-9080-exec-8] c.p.f.m.ForecastResultMapper.insert      : <==    Updates: 1
2026-08-20 23:11:24.397 DEBUG 54479 --- [nio-9080-exec-8] c.p.f.m.ForecastResultMapper.insert      : ==>  Preparing: INSERT INTO forecast_result ( id, task_id, model_version, predict_type, market_type, region_code, trade_date, value, lower_bound, upper_bound, confidence, version, deleted, created_at, updated_at ) VALUES ( ?, ?, ?, ?, ?, ?, ?, ?, ?, ?, ?, ?, ?, ?, ? )
2026-08-20 23:11:24.397 DEBUG 54479 --- [nio-9080-exec-8] c.p.f.m.ForecastResultMapper.insert      : ==> Parameters: 216212530882809856(Long), 216212530077503488(Long), v1.0.0(String), price(String), intra_province(String), CN-31(String), 2026-08-21 21:45:00.0(Timestamp), 114.63(BigDecimal), 103.17(BigDecimal), 126.09(BigDecimal), 0.90(BigDecimal), 1(Integer), false(Boolean), 2026-08-20 23:11:24.397(Timestamp), 2026-08-20 23:11:24.397(Timestamp)
2026-08-20 23:11:24.398 DEBUG 54479 --- [nio-9080-exec-8] c.p.f.m.ForecastResultMapper.insert      : <==    Updates: 1
2026-08-20 23:11:24.399 DEBUG 54479 --- [nio-9080-exec-8] c.p.f.m.ForecastResultMapper.insert      : ==>  Preparing: INSERT INTO forecast_result ( id, task_id, model_version, predict_type, market_type, region_code, trade_date, value, lower_bound, upper_bound, confidence, version, deleted, created_at, updated_at ) VALUES ( ?, ?, ?, ?, ?, ?, ?, ?, ?, ?, ?, ?, ?, ?, ? )
2026-08-20 23:11:24.399 DEBUG 54479 --- [nio-9080-exec-8] c.p.f.m.ForecastResultMapper.insert      : ==> Parameters: 216212530891198464(Long), 216212530077503488(Long), v1.0.0(String), price(String), intra_province(String), CN-31(String), 2026-08-21 22:00:00.0(Timestamp), 77.89(BigDecimal), 70.10(BigDecimal), 85.68(BigDecimal), 0.90(BigDecimal), 1(Integer), false(Boolean), 2026-08-20 23:11:24.399(Timestamp), 2026-08-20 23:11:24.399(Timestamp)
2026-08-20 23:11:24.400 DEBUG 54479 --- [nio-9080-exec-8] c.p.f.m.ForecastResultMapper.insert      : <==    Updates: 1
2026-08-20 23:11:24.401 DEBUG 54479 --- [nio-9080-exec-8] c.p.f.m.ForecastResultMapper.insert      : ==>  Preparing: INSERT INTO forecast_result ( id, task_id, model_version, predict_type, market_type, region_code, trade_date, value, lower_bound, upper_bound, confidence, version, deleted, created_at, updated_at ) VALUES ( ?, ?, ?, ?, ?, ?, ?, ?, ?, ?, ?, ?, ?, ?, ? )
2026-08-20 23:11:24.401 DEBUG 54479 --- [nio-9080-exec-8] c.p.f.m.ForecastResultMapper.insert      : ==> Parameters: 216212530899587072(Long), 216212530077503488(Long), v1.0.0(String), price(String), intra_province(String), CN-31(String), 2026-08-21 22:15:00.0(Timestamp), 76.35(BigDecimal), 68.71(BigDecimal), 83.99(BigDecimal), 0.90(BigDecimal), 1(Integer), false(Boolean), 2026-08-20 23:11:24.401(Timestamp), 2026-08-20 23:11:24.401(Timestamp)
2026-08-20 23:11:24.402 DEBUG 54479 --- [nio-9080-exec-8] c.p.f.m.ForecastResultMapper.insert      : <==    Updates: 1
2026-08-20 23:11:24.403 DEBUG 54479 --- [nio-9080-exec-8] c.p.f.m.ForecastResultMapper.insert      : ==>  Preparing: INSERT INTO forecast_result ( id, task_id, model_version, predict_type, market_type, region_code, trade_date, value, lower_bound, upper_bound, confidence, version, deleted, created_at, updated_at ) VALUES ( ?, ?, ?, ?, ?, ?, ?, ?, ?, ?, ?, ?, ?, ?, ? )
2026-08-20 23:11:24.403 DEBUG 54479 --- [nio-9080-exec-8] c.p.f.m.ForecastResultMapper.insert      : ==> Parameters: 216212530903781376(Long), 216212530077503488(Long), v1.0.0(String), price(String), intra_province(String), CN-31(String), 2026-08-21 22:30:00.0(Timestamp), 80.06(BigDecimal), 72.05(BigDecimal), 88.07(BigDecimal), 0.90(BigDecimal), 1(Integer), false(Boolean), 2026-08-20 23:11:24.403(Timestamp), 2026-08-20 23:11:24.403(Timestamp)
2026-08-20 23:11:24.404 DEBUG 54479 --- [nio-9080-exec-8] c.p.f.m.ForecastResultMapper.insert      : <==    Updates: 1
2026-08-20 23:11:24.404 DEBUG 54479 --- [nio-9080-exec-8] c.p.f.m.ForecastResultMapper.insert      : ==>  Preparing: INSERT INTO forecast_result ( id, task_id, model_version, predict_type, market_type, region_code, trade_date, value, lower_bound, upper_bound, confidence, version, deleted, created_at, updated_at ) VALUES ( ?, ?, ?, ?, ?, ?, ?, ?, ?, ?, ?, ?, ?, ?, ? )
2026-08-20 23:11:24.404 DEBUG 54479 --- [nio-9080-exec-8] c.p.f.m.ForecastResultMapper.insert      : ==> Parameters: 216212530912169984(Long), 216212530077503488(Long), v1.0.0(String), price(String), intra_province(String), CN-31(String), 2026-08-21 22:45:00.0(Timestamp), 84.59(BigDecimal), 76.13(BigDecimal), 93.05(BigDecimal), 0.90(BigDecimal), 1(Integer), false(Boolean), 2026-08-20 23:11:24.404(Timestamp), 2026-08-20 23:11:24.404(Timestamp)
2026-08-20 23:11:24.406 DEBUG 54479 --- [nio-9080-exec-8] c.p.f.m.ForecastResultMapper.insert      : <==    Updates: 1
2026-08-20 23:11:24.406 DEBUG 54479 --- [nio-9080-exec-8] c.p.f.m.ForecastResultMapper.insert      : ==>  Preparing: INSERT INTO forecast_result ( id, task_id, model_version, predict_type, market_type, region_code, trade_date, value, lower_bound, upper_bound, confidence, version, deleted, created_at, updated_at ) VALUES ( ?, ?, ?, ?, ?, ?, ?, ?, ?, ?, ?, ?, ?, ?, ? )
2026-08-20 23:11:24.406 DEBUG 54479 --- [nio-9080-exec-8] c.p.f.m.ForecastResultMapper.insert      : ==> Parameters: 216212530920558592(Long), 216212530077503488(Long), v1.0.0(String), price(String), intra_province(String), CN-31(String), 2026-08-21 23:00:00.0(Timestamp), 82.45(BigDecimal), 74.20(BigDecimal), 90.70(BigDecimal), 0.90(BigDecimal), 1(Integer), false(Boolean), 2026-08-20 23:11:24.406(Timestamp), 2026-08-20 23:11:24.406(Timestamp)
2026-08-20 23:11:24.407 DEBUG 54479 --- [nio-9080-exec-8] c.p.f.m.ForecastResultMapper.insert      : <==    Updates: 1
2026-08-20 23:11:24.408 DEBUG 54479 --- [nio-9080-exec-8] c.p.f.m.ForecastResultMapper.insert      : ==>  Preparing: INSERT INTO forecast_result ( id, task_id, model_version, predict_type, market_type, region_code, trade_date, value, lower_bound, upper_bound, confidence, version, deleted, created_at, updated_at ) VALUES ( ?, ?, ?, ?, ?, ?, ?, ?, ?, ?, ?, ?, ?, ?, ? )
2026-08-20 23:11:24.408 DEBUG 54479 --- [nio-9080-exec-8] c.p.f.m.ForecastResultMapper.insert      : ==> Parameters: 216212530928947200(Long), 216212530077503488(Long), v1.0.0(String), price(String), intra_province(String), CN-31(String), 2026-08-21 23:15:00.0(Timestamp), 131.45(BigDecimal), 118.30(BigDecimal), 144.60(BigDecimal), 0.90(BigDecimal), 1(Integer), false(Boolean), 2026-08-20 23:11:24.408(Timestamp), 2026-08-20 23:11:24.408(Timestamp)
2026-08-20 23:11:24.409 DEBUG 54479 --- [nio-9080-exec-8] c.p.f.m.ForecastResultMapper.insert      : <==    Updates: 1
2026-08-20 23:11:24.410 DEBUG 54479 --- [nio-9080-exec-8] c.p.f.m.ForecastResultMapper.insert      : ==>  Preparing: INSERT INTO forecast_result ( id, task_id, model_version, predict_type, market_type, region_code, trade_date, value, lower_bound, upper_bound, confidence, version, deleted, created_at, updated_at ) VALUES ( ?, ?, ?, ?, ?, ?, ?, ?, ?, ?, ?, ?, ?, ?, ? )
2026-08-20 23:11:24.410 DEBUG 54479 --- [nio-9080-exec-8] c.p.f.m.ForecastResultMapper.insert      : ==> Parameters: 216212530937335808(Long), 216212530077503488(Long), v1.0.0(String), price(String), intra_province(String), CN-31(String), 2026-08-21 23:30:00.0(Timestamp), 156.96(BigDecimal), 141.26(BigDecimal), 172.66(BigDecimal), 0.90(BigDecimal), 1(Integer), false(Boolean), 2026-08-20 23:11:24.41(Timestamp), 2026-08-20 23:11:24.41(Timestamp)
2026-08-20 23:11:24.411 DEBUG 54479 --- [nio-9080-exec-8] c.p.f.m.ForecastResultMapper.insert      : <==    Updates: 1
2026-08-20 23:11:24.412 DEBUG 54479 --- [nio-9080-exec-8] c.p.f.m.ForecastResultMapper.insert      : ==>  Preparing: INSERT INTO forecast_result ( id, task_id, model_version, predict_type, market_type, region_code, trade_date, value, lower_bound, upper_bound, confidence, version, deleted, created_at, updated_at ) VALUES ( ?, ?, ?, ?, ?, ?, ?, ?, ?, ?, ?, ?, ?, ?, ? )
2026-08-20 23:11:24.412 DEBUG 54479 --- [nio-9080-exec-8] c.p.f.m.ForecastResultMapper.insert      : ==> Parameters: 216212530945724416(Long), 216212530077503488(Long), v1.0.0(String), price(String), intra_province(String), CN-31(String), 2026-08-21 23:45:00.0(Timestamp), 192.33(BigDecimal), 173.10(BigDecimal), 211.56(BigDecimal), 0.90(BigDecimal), 1(Integer), false(Boolean), 2026-08-20 23:11:24.412(Timestamp), 2026-08-20 23:11:24.412(Timestamp)
2026-08-20 23:11:24.413 DEBUG 54479 --- [nio-9080-exec-8] c.p.f.m.ForecastResultMapper.insert      : <==    Updates: 1
2026-08-20 23:11:24.414 DEBUG 54479 --- [nio-9080-exec-8] c.p.f.m.ForecastTaskMapper.updateById    : ==>  Preparing: UPDATE forecast_task SET task_no=?, model_code=?, predict_date=?, input_version=?, region_code=?, status=?, start_time=?, end_time=?, version=?, created_at=?, updated_at=? WHERE id=? AND version=? AND deleted=false
2026-08-20 23:11:24.414 DEBUG 54479 --- [nio-9080-exec-8] c.p.f.m.ForecastTaskMapper.updateById    : ==> Parameters: FT-1787238684205(String), price(String), 2026-08-21 00:00:00.0(Timestamp), feat-20260820(String), CN-31(String), success(String), 2026-08-20 23:11:24.212(Timestamp), 2026-08-20 23:11:24.413(Timestamp), 3(Integer), 2026-08-20 23:11:24.205(Timestamp), 2026-08-20 23:11:24.205(Timestamp), 216212530077503488(Long), 2(Integer)
2026-08-20 23:11:24.415 DEBUG 54479 --- [nio-9080-exec-8] c.p.f.m.ForecastTaskMapper.updateById    : <==    Updates: 1
2026-08-20 23:11:24.425 DEBUG 54479 --- [nio-9080-exec-2] c.p.f.m.ForecastTaskMapper.selectById    : ==>  Preparing: SELECT id,task_no,model_code,predict_date,input_version,region_code,status,start_time,end_time,error_msg,degrade_reason,version,deleted,created_at,updated_at FROM forecast_task WHERE id=? AND deleted=false
2026-08-20 23:11:24.425 DEBUG 54479 --- [nio-9080-exec-2] c.p.f.m.ForecastTaskMapper.selectById    : ==> Parameters: 216212530077503488(Long)
2026-08-20 23:11:24.426 DEBUG 54479 --- [nio-9080-exec-2] c.p.f.m.ForecastTaskMapper.selectById    : <==      Total: 1
2026-08-20 23:11:24.433 DEBUG 54479 --- [nio-9080-exec-4] c.p.f.m.ForecastResultMapper.selectList  : ==>  Preparing: SELECT id,task_id,model_version,predict_type,market_type,region_code,trade_date,value,lower_bound,upper_bound,confidence,version,deleted,created_at,updated_at FROM forecast_result WHERE deleted=false AND (predict_type = ? AND trade_date = ?) ORDER BY trade_date ASC
2026-08-20 23:11:24.433 DEBUG 54479 --- [nio-9080-exec-4] c.p.f.m.ForecastResultMapper.selectList  : ==> Parameters: price(String), 2026-08-21 00:00:00.0(Timestamp)
2026-08-20 23:11:24.449 DEBUG 54479 --- [nio-9080-exec-4] c.p.f.m.ForecastResultMapper.selectList  : <==      Total: 864
2026-08-20 23:11:32.268 DEBUG 54479 --- [   scheduling-1] c.p.i.m.IntelPushRuleMapper.selectList   : ==>  Preparing: SELECT id,rule_name,tags_filter,importance_filter,target_roles,channel,silent_period,status,version,deleted,created_at,updated_at FROM intel_push_rule WHERE deleted=false AND (status = ?)
2026-08-20 23:11:32.268 DEBUG 54479 --- [   scheduling-1] c.p.i.m.IntelPushRuleMapper.selectList   : ==> Parameters: active(String)
2026-08-20 23:11:32.269 DEBUG 54479 --- [   scheduling-1] c.p.i.m.IntelPushRuleMapper.selectList   : <==      Total: 3
2026-08-20 23:11:32.270 DEBUG 54479 --- [   scheduling-1] c.p.i.mapper.IntelNewsMapper.selectList  : ==>  Preparing: SELECT id,source_code,title,content,region_code,normalized_tags,importance,published_at,push_status,version,deleted,created_at,updated_at FROM intel_news WHERE deleted=false AND (push_status = ? AND importance = ?)
2026-08-20 23:11:32.270 DEBUG 54479 --- [   scheduling-1] c.p.i.mapper.IntelNewsMapper.selectList  : ==> Parameters: none(String), high(String)
2026-08-20 23:11:32.271 DEBUG 54479 --- [   scheduling-1] c.p.i.mapper.IntelNewsMapper.selectList  : <==      Total: 0
2026-08-20 23:11:32.272 DEBUG 54479 --- [   scheduling-1] c.p.i.mapper.IntelNewsMapper.selectList  : ==>  Preparing: SELECT id,source_code,title,content,region_code,normalized_tags,importance,published_at,push_status,version,deleted,created_at,updated_at FROM intel_news WHERE deleted=false AND (push_status = ? AND importance = ?)
2026-08-20 23:11:32.272 DEBUG 54479 --- [   scheduling-1] c.p.i.mapper.IntelNewsMapper.selectList  : ==> Parameters: none(String), medium(String)
2026-08-20 23:11:32.273 DEBUG 54479 --- [   scheduling-1] c.p.i.mapper.IntelNewsMapper.selectList  : <==      Total: 6
2026-08-20 23:11:32.274 DEBUG 54479 --- [   scheduling-1] c.p.i.mapper.IntelNewsMapper.selectList  : ==>  Preparing: SELECT id,source_code,title,content,region_code,normalized_tags,importance,published_at,push_status,version,deleted,created_at,updated_at FROM intel_news WHERE deleted=false AND (push_status = ? AND importance = ?)
2026-08-20 23:11:32.274 DEBUG 54479 --- [   scheduling-1] c.p.i.mapper.IntelNewsMapper.selectList  : ==> Parameters: none(String), high(String)
2026-08-20 23:11:32.275 DEBUG 54479 --- [   scheduling-1] c.p.i.mapper.IntelNewsMapper.selectList  : <==      Total: 0
2026-08-20 23:11:32.275  INFO 54479 --- [   scheduling-1] com.ptidss.intel.service.IntelService    : 情报推送执行完成：匹配情报 0 条，派发消息 0 条
2026-08-20 23:11:34.973 DEBUG 54479 --- [nio-9080-exec-1] c.p.m.m.ModelRegistryMapper.selectList   : ==>  Preparing: SELECT id,model_code,model_name,model_version,framework,metrics,status,file_url,trained_at,version,deleted,created_at,updated_at FROM model_registry WHERE deleted=false ORDER BY model_code ASC,version DESC
2026-08-20 23:11:34.973 DEBUG 54479 --- [nio-9080-exec-1] c.p.m.m.ModelRegistryMapper.selectList   : ==> Parameters: 
2026-08-20 23:11:34.973 DEBUG 54479 --- [io-9080-exec-10] c.p.t.m.RollingPlanMapper.selectList     : ==>  Preparing: SELECT id,trade_date,scenario,plan_type,adjustments,expected_revenue,risk_metrics,evidence_chain_ref,status,created_by,region_code,version,deleted,created_at,updated_at FROM rolling_plan WHERE deleted=false AND (region_code = ?) ORDER BY trade_date DESC
2026-08-20 23:11:34.973 DEBUG 54479 --- [io-9080-exec-10] c.p.t.m.RollingPlanMapper.selectList     : ==> Parameters: CN-31(String)
2026-08-20 23:11:34.974 DEBUG 54479 --- [io-9080-exec-10] c.p.t.m.RollingPlanMapper.selectList     : <==      Total: 0
2026-08-20 23:11:34.974 DEBUG 54479 --- [nio-9080-exec-1] c.p.m.m.ModelRegistryMapper.selectList   : <==      Total: 3
2026-08-20 23:11:34.976 DEBUG 54479 --- [nio-9080-exec-7] c.p.m.m.MessageRecordMapper.selectCount  : ==>  Preparing: SELECT COUNT( * ) FROM message_record WHERE deleted=false AND (receiver_id = ?)
2026-08-20 23:11:34.976 DEBUG 54479 --- [nio-9080-exec-7] c.p.m.m.MessageRecordMapper.selectCount  : ==> Parameters: 1(Long)
2026-08-20 23:11:34.976 DEBUG 54479 --- [nio-9080-exec-7] c.p.m.m.MessageRecordMapper.selectCount  : <==      Total: 1
2026-08-20 23:11:34.977 DEBUG 54479 --- [nio-9080-exec-9] c.p.t.mapper.ContractMapper.selectList   : ==>  Preparing: SELECT id,contract_no,variety,direction,counterparty,total_volume,curve_json,price,start_date,end_date,status,source,region_code,version,deleted,created_at,updated_at FROM contract WHERE deleted=false AND (region_code = ? AND status IN (?,?))
2026-08-20 23:11:34.978 DEBUG 54479 --- [nio-9080-exec-9] c.p.t.mapper.ContractMapper.selectList   : ==> Parameters: CN-31(String), active(String), executing(String)
2026-08-20 23:11:34.978 DEBUG 54479 --- [nio-9080-exec-9] c.p.t.mapper.ContractMapper.selectList   : <==      Total: 0
2026-08-20 23:11:34.979 DEBUG 54479 --- [nio-9080-exec-7] c.p.m.m.M.selectPage_mpCount             : ==>  Preparing: SELECT COUNT(*) AS total FROM message_record WHERE deleted = false AND (receiver_id = ? AND read_status = ?)
2026-08-20 23:11:34.979 DEBUG 54479 --- [nio-9080-exec-7] c.p.m.m.M.selectPage_mpCount             : ==> Parameters: 1(Long), unread(String)
2026-08-20 23:11:34.980 DEBUG 54479 --- [nio-9080-exec-7] c.p.m.m.M.selectPage_mpCount             : <==      Total: 1
2026-08-20 23:11:34.980 DEBUG 54479 --- [nio-9080-exec-7] c.p.m.m.MessageRecordMapper.selectPage   : ==>  Preparing: SELECT id,msg_type,receiver_id,title,content,channel,read_status,biz_ref,version,deleted,created_at,updated_at FROM message_record WHERE deleted=false AND (receiver_id = ? AND read_status = ?) ORDER BY created_at DESC LIMIT ?
2026-08-20 23:11:34.980 DEBUG 54479 --- [nio-9080-exec-7] c.p.m.m.MessageRecordMapper.selectPage   : ==> Parameters: 1(Long), unread(String), 10(Long)
2026-08-20 23:11:34.982 DEBUG 54479 --- [nio-9080-exec-7] c.p.m.m.MessageRecordMapper.selectPage   : <==      Total: 1
2026-08-20 23:11:35.919 DEBUG 54479 --- [nio-9080-exec-8] c.p.i.m.IntelSourceMapper.selectCount    : ==>  Preparing: SELECT COUNT( * ) FROM intel_source WHERE deleted=false
2026-08-20 23:11:35.919 DEBUG 54479 --- [nio-9080-exec-6] c.p.i.m.IntelNewsMapper.selectCount      : ==>  Preparing: SELECT COUNT( * ) FROM intel_news WHERE deleted=false
2026-08-20 23:11:35.919 DEBUG 54479 --- [nio-9080-exec-3] c.p.i.m.IntelPushRuleMapper.selectList   : ==>  Preparing: SELECT id,rule_name,tags_filter,importance_filter,target_roles,channel,silent_period,status,version,deleted,created_at,updated_at FROM intel_push_rule WHERE deleted=false ORDER BY created_at DESC
2026-08-20 23:11:35.919 DEBUG 54479 --- [nio-9080-exec-8] c.p.i.m.IntelSourceMapper.selectCount    : ==> Parameters: 
2026-08-20 23:11:35.919 DEBUG 54479 --- [nio-9080-exec-6] c.p.i.m.IntelNewsMapper.selectCount      : ==> Parameters: 
2026-08-20 23:11:35.919 DEBUG 54479 --- [nio-9080-exec-3] c.p.i.m.IntelPushRuleMapper.selectList   : ==> Parameters: 
2026-08-20 23:11:35.919 DEBUG 54479 --- [nio-9080-exec-8] c.p.i.m.IntelSourceMapper.selectCount    : <==      Total: 1
2026-08-20 23:11:35.920 DEBUG 54479 --- [nio-9080-exec-3] c.p.i.m.IntelPushRuleMapper.selectList   : <==      Total: 3
2026-08-20 23:11:35.920 DEBUG 54479 --- [nio-9080-exec-8] c.p.i.m.IntelSourceMapper.selectList     : ==>  Preparing: SELECT id,source_code,source_name,intel_type,fetch_mode,frequency,status,version,deleted,created_at,updated_at FROM intel_source WHERE deleted=false ORDER BY intel_type ASC,source_code ASC
2026-08-20 23:11:35.920 DEBUG 54479 --- [nio-9080-exec-8] c.p.i.m.IntelSourceMapper.selectList     : ==> Parameters: 
2026-08-20 23:11:35.921 DEBUG 54479 --- [nio-9080-exec-6] c.p.i.m.IntelNewsMapper.selectCount      : <==      Total: 1
2026-08-20 23:11:35.921 DEBUG 54479 --- [nio-9080-exec-8] c.p.i.m.IntelSourceMapper.selectList     : <==      Total: 10
2026-08-20 23:11:35.924 DEBUG 54479 --- [nio-9080-exec-6] c.p.i.m.I.selectPage_mpCount             : ==>  Preparing: SELECT COUNT(*) AS total FROM intel_news WHERE deleted = false AND ((region_code = ? OR region_code IS NULL))
2026-08-20 23:11:35.924 DEBUG 54479 --- [nio-9080-exec-6] c.p.i.m.I.selectPage_mpCount             : ==> Parameters: CN-31(String)
2026-08-20 23:11:35.925 DEBUG 54479 --- [nio-9080-exec-6] c.p.i.m.I.selectPage_mpCount             : <==      Total: 1
2026-08-20 23:11:35.926 DEBUG 54479 --- [nio-9080-exec-6] c.p.i.mapper.IntelNewsMapper.selectPage  : ==>  Preparing: SELECT id,source_code,title,content,region_code,normalized_tags,importance,published_at,push_status,version,deleted,created_at,updated_at FROM intel_news WHERE deleted=false AND ((region_code = ? OR region_code IS NULL)) ORDER BY published_at DESC LIMIT ?
2026-08-20 23:11:35.926 DEBUG 54479 --- [nio-9080-exec-6] c.p.i.mapper.IntelNewsMapper.selectPage  : ==> Parameters: CN-31(String), 20(Long)
2026-08-20 23:11:35.928 DEBUG 54479 --- [nio-9080-exec-6] c.p.i.mapper.IntelNewsMapper.selectPage  : <==      Total: 15
2026-08-20 23:12:02.277 DEBUG 54479 --- [   scheduling-1] c.p.i.m.IntelPushRuleMapper.selectList   : ==>  Preparing: SELECT id,rule_name,tags_filter,importance_filter,target_roles,channel,silent_period,status,version,deleted,created_at,updated_at FROM intel_push_rule WHERE deleted=false AND (status = ?)
2026-08-20 23:12:02.277 DEBUG 54479 --- [   scheduling-1] c.p.i.m.IntelPushRuleMapper.selectList   : ==> Parameters: active(String)
2026-08-20 23:12:02.278 DEBUG 54479 --- [   scheduling-1] c.p.i.m.IntelPushRuleMapper.selectList   : <==      Total: 3
2026-08-20 23:12:02.279 DEBUG 54479 --- [   scheduling-1] c.p.i.mapper.IntelNewsMapper.selectList  : ==>  Preparing: SELECT id,source_code,title,content,region_code,normalized_tags,importance,published_at,push_status,version,deleted,created_at,updated_at FROM intel_news WHERE deleted=false AND (push_status = ? AND importance = ?)
2026-08-20 23:12:02.279 DEBUG 54479 --- [   scheduling-1] c.p.i.mapper.IntelNewsMapper.selectList  : ==> Parameters: none(String), high(String)
2026-08-20 23:12:02.280 DEBUG 54479 --- [   scheduling-1] c.p.i.mapper.IntelNewsMapper.selectList  : <==      Total: 0
2026-08-20 23:12:02.281 DEBUG 54479 --- [   scheduling-1] c.p.i.mapper.IntelNewsMapper.selectList  : ==>  Preparing: SELECT id,source_code,title,content,region_code,normalized_tags,importance,published_at,push_status,version,deleted,created_at,updated_at FROM intel_news WHERE deleted=false AND (push_status = ? AND importance = ?)
2026-08-20 23:12:02.281 DEBUG 54479 --- [   scheduling-1] c.p.i.mapper.IntelNewsMapper.selectList  : ==> Parameters: none(String), medium(String)
2026-08-20 23:12:02.282 DEBUG 54479 --- [   scheduling-1] c.p.i.mapper.IntelNewsMapper.selectList  : <==      Total: 6
2026-08-20 23:12:02.283 DEBUG 54479 --- [   scheduling-1] c.p.i.mapper.IntelNewsMapper.selectList  : ==>  Preparing: SELECT id,source_code,title,content,region_code,normalized_tags,importance,published_at,push_status,version,deleted,created_at,updated_at FROM intel_news WHERE deleted=false AND (push_status = ? AND importance = ?)
2026-08-20 23:12:02.283 DEBUG 54479 --- [   scheduling-1] c.p.i.mapper.IntelNewsMapper.selectList  : ==> Parameters: none(String), high(String)
2026-08-20 23:12:02.283 DEBUG 54479 --- [   scheduling-1] c.p.i.mapper.IntelNewsMapper.selectList  : <==      Total: 0
2026-08-20 23:12:02.284  INFO 54479 --- [   scheduling-1] com.ptidss.intel.service.IntelService    : 情报推送执行完成：匹配情报 0 条，派发消息 0 条
2026-08-20 23:12:10.031 DEBUG 54479 --- [nio-9080-exec-4] c.p.m.m.ModelRegistryMapper.selectList   : ==>  Preparing: SELECT id,model_code,model_name,model_version,framework,metrics,status,file_url,trained_at,version,deleted,created_at,updated_at FROM model_registry WHERE deleted=false ORDER BY model_code ASC,version DESC
2026-08-20 23:12:10.032 DEBUG 54479 --- [nio-9080-exec-4] c.p.m.m.ModelRegistryMapper.selectList   : ==> Parameters: 
2026-08-20 23:12:10.032 DEBUG 54479 --- [nio-9080-exec-5] c.p.t.m.RollingPlanMapper.selectList     : ==>  Preparing: SELECT id,trade_date,scenario,plan_type,adjustments,expected_revenue,risk_metrics,evidence_chain_ref,status,created_by,region_code,version,deleted,created_at,updated_at FROM rolling_plan WHERE deleted=false AND (region_code = ?) ORDER BY trade_date DESC
2026-08-20 23:12:10.032 DEBUG 54479 --- [io-9080-exec-10] c.p.m.m.MessageRecordMapper.selectCount  : ==>  Preparing: SELECT COUNT( * ) FROM message_record WHERE deleted=false AND (receiver_id = ?)
2026-08-20 23:12:10.032 DEBUG 54479 --- [nio-9080-exec-5] c.p.t.m.RollingPlanMapper.selectList     : ==> Parameters: CN-31(String)
2026-08-20 23:12:10.032 DEBUG 54479 --- [io-9080-exec-10] c.p.m.m.MessageRecordMapper.selectCount  : ==> Parameters: 1(Long)
2026-08-20 23:12:10.033 DEBUG 54479 --- [nio-9080-exec-4] c.p.m.m.ModelRegistryMapper.selectList   : <==      Total: 3
2026-08-20 23:12:10.033 DEBUG 54479 --- [nio-9080-exec-5] c.p.t.m.RollingPlanMapper.selectList     : <==      Total: 0
2026-08-20 23:12:10.033 DEBUG 54479 --- [io-9080-exec-10] c.p.m.m.MessageRecordMapper.selectCount  : <==      Total: 1
2026-08-20 23:12:10.036 DEBUG 54479 --- [io-9080-exec-10] c.p.m.m.M.selectPage_mpCount             : ==>  Preparing: SELECT COUNT(*) AS total FROM message_record WHERE deleted = false AND (receiver_id = ? AND read_status = ?)
2026-08-20 23:12:10.036 DEBUG 54479 --- [io-9080-exec-10] c.p.m.m.M.selectPage_mpCount             : ==> Parameters: 1(Long), unread(String)
2026-08-20 23:12:10.036 DEBUG 54479 --- [io-9080-exec-10] c.p.m.m.M.selectPage_mpCount             : <==      Total: 1
2026-08-20 23:12:10.037 DEBUG 54479 --- [nio-9080-exec-1] c.p.t.mapper.ContractMapper.selectList   : ==>  Preparing: SELECT id,contract_no,variety,direction,counterparty,total_volume,curve_json,price,start_date,end_date,status,source,region_code,version,deleted,created_at,updated_at FROM contract WHERE deleted=false AND (region_code = ? AND status IN (?,?))
2026-08-20 23:12:10.037 DEBUG 54479 --- [io-9080-exec-10] c.p.m.m.MessageRecordMapper.selectPage   : ==>  Preparing: SELECT id,msg_type,receiver_id,title,content,channel,read_status,biz_ref,version,deleted,created_at,updated_at FROM message_record WHERE deleted=false AND (receiver_id = ? AND read_status = ?) ORDER BY created_at DESC LIMIT ?
2026-08-20 23:12:10.037 DEBUG 54479 --- [nio-9080-exec-1] c.p.t.mapper.ContractMapper.selectList   : ==> Parameters: CN-31(String), active(String), executing(String)
2026-08-20 23:12:10.037 DEBUG 54479 --- [io-9080-exec-10] c.p.m.m.MessageRecordMapper.selectPage   : ==> Parameters: 1(Long), unread(String), 10(Long)
2026-08-20 23:12:10.038 DEBUG 54479 --- [nio-9080-exec-1] c.p.t.mapper.ContractMapper.selectList   : <==      Total: 0
2026-08-20 23:12:10.038 DEBUG 54479 --- [io-9080-exec-10] c.p.m.m.MessageRecordMapper.selectPage   : <==      Total: 1
2026-08-20 23:12:11.802 DEBUG 54479 --- [   scheduling-1] c.p.d.m.CollectTaskMapper.selectList     : ==>  Preparing: SELECT id,source_id,task_type,cron_expr,last_run_time,last_status,records_count,error_log,version,deleted,created_at,updated_at FROM collect_task WHERE deleted=false AND (cron_expr IS NOT NULL)
2026-08-20 23:12:11.802 DEBUG 54479 --- [   scheduling-1] c.p.d.m.CollectTaskMapper.selectList     : ==> Parameters: 
2026-08-20 23:12:11.803 DEBUG 54479 --- [   scheduling-1] c.p.d.m.CollectTaskMapper.selectList     : <==      Total: 3
2026-08-20 23:12:14.989 DEBUG 54479 --- [nio-9080-exec-9] c.p.t.m.D.selectPage_mpCount             : ==>  Preparing: SELECT COUNT(*) AS total FROM declaration WHERE deleted = false AND (region_code = ?)
2026-08-20 23:12:14.990 DEBUG 54479 --- [nio-9080-exec-9] c.p.t.m.D.selectPage_mpCount             : ==> Parameters: CN-31(String)
2026-08-20 23:12:14.996 DEBUG 54479 --- [nio-9080-exec-9] c.p.t.m.D.selectPage_mpCount             : <==      Total: 1
2026-08-20 23:12:16.991 DEBUG 54479 --- [nio-9080-exec-3] c.p.m.m.ModelRegistryMapper.selectList   : ==>  Preparing: SELECT id,model_code,model_name,model_version,framework,metrics,status,file_url,trained_at,version,deleted,created_at,updated_at FROM model_registry WHERE deleted=false ORDER BY model_code ASC,version DESC
2026-08-20 23:12:16.991 DEBUG 54479 --- [nio-9080-exec-3] c.p.m.m.ModelRegistryMapper.selectList   : ==> Parameters: 
2026-08-20 23:12:16.993 DEBUG 54479 --- [nio-9080-exec-3] c.p.m.m.ModelRegistryMapper.selectList   : <==      Total: 3
2026-08-20 23:12:16.995 DEBUG 54479 --- [nio-9080-exec-6] c.p.m.m.MessageRecordMapper.selectCount  : ==>  Preparing: SELECT COUNT( * ) FROM message_record WHERE deleted=false AND (receiver_id = ?)
2026-08-20 23:12:16.995 DEBUG 54479 --- [nio-9080-exec-8] c.p.t.m.RollingPlanMapper.selectList     : ==>  Preparing: SELECT id,trade_date,scenario,plan_type,adjustments,expected_revenue,risk_metrics,evidence_chain_ref,status,created_by,region_code,version,deleted,created_at,updated_at FROM rolling_plan WHERE deleted=false AND (region_code = ?) ORDER BY trade_date DESC
2026-08-20 23:12:16.996 DEBUG 54479 --- [nio-9080-exec-6] c.p.m.m.MessageRecordMapper.selectCount  : ==> Parameters: 1(Long)
2026-08-20 23:12:16.996 DEBUG 54479 --- [nio-9080-exec-8] c.p.t.m.RollingPlanMapper.selectList     : ==> Parameters: CN-31(String)
2026-08-20 23:12:16.996 DEBUG 54479 --- [nio-9080-exec-6] c.p.m.m.MessageRecordMapper.selectCount  : <==      Total: 1
2026-08-20 23:12:16.997 DEBUG 54479 --- [nio-9080-exec-8] c.p.t.m.RollingPlanMapper.selectList     : <==      Total: 0
2026-08-20 23:12:17.000 DEBUG 54479 --- [nio-9080-exec-6] c.p.m.m.M.selectPage_mpCount             : ==>  Preparing: SELECT COUNT(*) AS total FROM message_record WHERE deleted = false AND (receiver_id = ? AND read_status = ?)
2026-08-20 23:12:17.000 DEBUG 54479 --- [nio-9080-exec-6] c.p.m.m.M.selectPage_mpCount             : ==> Parameters: 1(Long), unread(String)
2026-08-20 23:12:17.001 DEBUG 54479 --- [nio-9080-exec-6] c.p.m.m.M.selectPage_mpCount             : <==      Total: 1
2026-08-20 23:12:17.001 DEBUG 54479 --- [nio-9080-exec-6] c.p.m.m.MessageRecordMapper.selectPage   : ==>  Preparing: SELECT id,msg_type,receiver_id,title,content,channel,read_status,biz_ref,version,deleted,created_at,updated_at FROM message_record WHERE deleted=false AND (receiver_id = ? AND read_status = ?) ORDER BY created_at DESC LIMIT ?
2026-08-20 23:12:17.002 DEBUG 54479 --- [nio-9080-exec-6] c.p.m.m.MessageRecordMapper.selectPage   : ==> Parameters: 1(Long), unread(String), 10(Long)
2026-08-20 23:12:17.003 DEBUG 54479 --- [nio-9080-exec-6] c.p.m.m.MessageRecordMapper.selectPage   : <==      Total: 1
2026-08-20 23:12:17.005 DEBUG 54479 --- [nio-9080-exec-2] c.p.t.mapper.ContractMapper.selectList   : ==>  Preparing: SELECT id,contract_no,variety,direction,counterparty,total_volume,curve_json,price,start_date,end_date,status,source,region_code,version,deleted,created_at,updated_at FROM contract WHERE deleted=false AND (region_code = ? AND status IN (?,?))
2026-08-20 23:12:17.006 DEBUG 54479 --- [nio-9080-exec-2] c.p.t.mapper.ContractMapper.selectList   : ==> Parameters: CN-31(String), active(String), executing(String)
2026-08-20 23:12:17.007 DEBUG 54479 --- [nio-9080-exec-2] c.p.t.mapper.ContractMapper.selectList   : <==      Total: 0
2026-08-20 23:12:19.213 DEBUG 54479 --- [nio-9080-exec-5] c.p.m.m.MessageRecordMapper.selectCount  : ==>  Preparing: SELECT COUNT( * ) FROM message_record WHERE deleted=false AND (receiver_id = ?)
2026-08-20 23:12:19.213 DEBUG 54479 --- [nio-9080-exec-5] c.p.m.m.MessageRecordMapper.selectCount  : ==> Parameters: 1(Long)
2026-08-20 23:12:19.214 DEBUG 54479 --- [nio-9080-exec-5] c.p.m.m.MessageRecordMapper.selectCount  : <==      Total: 1
2026-08-20 23:12:19.216 DEBUG 54479 --- [nio-9080-exec-5] c.p.m.m.M.selectPage_mpCount             : ==>  Preparing: SELECT COUNT(*) AS total FROM message_record WHERE deleted = false AND (receiver_id = ?)
2026-08-20 23:12:19.217 DEBUG 54479 --- [nio-9080-exec-5] c.p.m.m.M.selectPage_mpCount             : ==> Parameters: 1(Long)
2026-08-20 23:12:19.217 DEBUG 54479 --- [nio-9080-exec-5] c.p.m.m.M.selectPage_mpCount             : <==      Total: 1
2026-08-20 23:12:19.218 DEBUG 54479 --- [nio-9080-exec-5] c.p.m.m.MessageRecordMapper.selectPage   : ==>  Preparing: SELECT id,msg_type,receiver_id,title,content,channel,read_status,biz_ref,version,deleted,created_at,updated_at FROM message_record WHERE deleted=false AND (receiver_id = ?) ORDER BY created_at DESC LIMIT ?
2026-08-20 23:12:19.218 DEBUG 54479 --- [nio-9080-exec-5] c.p.m.m.MessageRecordMapper.selectPage   : ==> Parameters: 1(Long), 10(Long)
2026-08-20 23:12:19.220 DEBUG 54479 --- [nio-9080-exec-5] c.p.m.m.MessageRecordMapper.selectPage   : <==      Total: 5
2026-08-20 23:12:32.285 DEBUG 54479 --- [   scheduling-1] c.p.i.m.IntelPushRuleMapper.selectList   : ==>  Preparing: SELECT id,rule_name,tags_filter,importance_filter,target_roles,channel,silent_period,status,version,deleted,created_at,updated_at FROM intel_push_rule WHERE deleted=false AND (status = ?)
2026-08-20 23:12:32.286 DEBUG 54479 --- [   scheduling-1] c.p.i.m.IntelPushRuleMapper.selectList   : ==> Parameters: active(String)
2026-08-20 23:12:32.287 DEBUG 54479 --- [   scheduling-1] c.p.i.m.IntelPushRuleMapper.selectList   : <==      Total: 3
2026-08-20 23:12:32.288 DEBUG 54479 --- [   scheduling-1] c.p.i.mapper.IntelNewsMapper.selectList  : ==>  Preparing: SELECT id,source_code,title,content,region_code,normalized_tags,importance,published_at,push_status,version,deleted,created_at,updated_at FROM intel_news WHERE deleted=false AND (push_status = ? AND importance = ?)
2026-08-20 23:12:32.288 DEBUG 54479 --- [   scheduling-1] c.p.i.mapper.IntelNewsMapper.selectList  : ==> Parameters: none(String), high(String)
2026-08-20 23:12:32.288 DEBUG 54479 --- [   scheduling-1] c.p.i.mapper.IntelNewsMapper.selectList  : <==      Total: 0
2026-08-20 23:12:32.289 DEBUG 54479 --- [   scheduling-1] c.p.i.mapper.IntelNewsMapper.selectList  : ==>  Preparing: SELECT id,source_code,title,content,region_code,normalized_tags,importance,published_at,push_status,version,deleted,created_at,updated_at FROM intel_news WHERE deleted=false AND (push_status = ? AND importance = ?)
2026-08-20 23:12:32.289 DEBUG 54479 --- [   scheduling-1] c.p.i.mapper.IntelNewsMapper.selectList  : ==> Parameters: none(String), medium(String)
2026-08-20 23:12:32.290 DEBUG 54479 --- [   scheduling-1] c.p.i.mapper.IntelNewsMapper.selectList  : <==      Total: 6
2026-08-20 23:12:32.291 DEBUG 54479 --- [   scheduling-1] c.p.i.mapper.IntelNewsMapper.selectList  : ==>  Preparing: SELECT id,source_code,title,content,region_code,normalized_tags,importance,published_at,push_status,version,deleted,created_at,updated_at FROM intel_news WHERE deleted=false AND (push_status = ? AND importance = ?)
2026-08-20 23:12:32.292 DEBUG 54479 --- [   scheduling-1] c.p.i.mapper.IntelNewsMapper.selectList  : ==> Parameters: none(String), high(String)
2026-08-20 23:12:32.292 DEBUG 54479 --- [   scheduling-1] c.p.i.mapper.IntelNewsMapper.selectList  : <==      Total: 0
2026-08-20 23:12:32.292  INFO 54479 --- [   scheduling-1] com.ptidss.intel.service.IntelService    : 情报推送执行完成：匹配情报 0 条，派发消息 0 条
2026-08-20 23:12:33.285 DEBUG 54479 --- [nio-9080-exec-1] c.p.o.m.JointOptimTaskMapper.insert      : ==>  Preparing: INSERT INTO joint_optim_task ( id, task_no, task_type, horizon_days, scenarios, objective_weights, constraints, status, solver, created_by, version, deleted, created_at, updated_at ) VALUES ( ?, ?, ?, ?, ?, ?, ?, ?, ?, ?, ?, ?, ?, ? )
2026-08-20 23:12:33.286 DEBUG 54479 --- [nio-9080-exec-1] c.p.o.m.JointOptimTaskMapper.insert      : ==> Parameters: 216212819820023808(Long), OPT-1787238753280(String), daily(String), 7(Integer), {"scenarioCount":100}(String), {"revenue":1}(String), {}(String), queued(String), HiGHS(String), admin(String), 1(Integer), false(Boolean), 2026-08-20 23:12:33.285(Timestamp), 2026-08-20 23:12:33.285(Timestamp)
2026-08-20 23:12:33.288 DEBUG 54479 --- [nio-9080-exec-1] c.p.o.m.JointOptimTaskMapper.insert      : <==    Updates: 1
2026-08-20 23:12:33.292 DEBUG 54479 --- [nio-9080-exec-1] c.p.o.m.JointOptimTaskMapper.updateById  : ==>  Preparing: UPDATE joint_optim_task SET task_no=?, task_type=?, horizon_days=?, scenarios=?, objective_weights=?, constraints=?, status=?, solver=?, created_by=?, version=?, created_at=?, updated_at=? WHERE id=? AND version=? AND deleted=false
2026-08-20 23:12:33.293 DEBUG 54479 --- [nio-9080-exec-1] c.p.o.m.JointOptimTaskMapper.updateById  : ==> Parameters: OPT-1787238753280(String), daily(String), 7(Integer), {"scenarioCount":100}(String), {"revenue":1}(String), {}(String), running(String), HiGHS(String), admin(String), 2(Integer), 2026-08-20 23:12:33.285(Timestamp), 2026-08-20 23:12:33.285(Timestamp), 216212819820023808(Long), 1(Integer)
2026-08-20 23:12:33.295 DEBUG 54479 --- [nio-9080-exec-1] c.p.o.m.JointOptimTaskMapper.updateById  : <==    Updates: 1
2026-08-20 23:12:33.347 DEBUG 54479 --- [nio-9080-exec-1] c.p.o.m.JointOptimTaskMapper.updateById  : ==>  Preparing: UPDATE joint_optim_task SET task_no=?, task_type=?, horizon_days=?, scenarios=?, objective_weights=?, constraints=?, status=?, elapsed_ms=?, solver=?, created_by=?, version=?, created_at=?, updated_at=? WHERE id=? AND version=? AND deleted=false
2026-08-20 23:12:33.347 DEBUG 54479 --- [nio-9080-exec-1] c.p.o.m.JointOptimTaskMapper.updateById  : ==> Parameters: OPT-1787238753280(String), daily(String), 7(Integer), {"scenarioCount":100}(String), {"revenue":1}(String), {}(String), success(String), 501(Integer), HiGHS(String), admin(String), 3(Integer), 2026-08-20 23:12:33.285(Timestamp), 2026-08-20 23:12:33.285(Timestamp), 216212819820023808(Long), 2(Integer)
2026-08-20 23:12:33.350 DEBUG 54479 --- [nio-9080-exec-1] c.p.o.m.JointOptimTaskMapper.updateById  : <==    Updates: 1
2026-08-20 23:12:44.076 DEBUG 54479 --- [nio-9080-exec-9] c.p.f.m.FlowInstanceMapper.selectList    : ==>  Preparing: SELECT id,instance_no,process_key,biz_type,biz_id,variables,status,current_node,current_assignee,start_by,start_time,end_time,version,deleted,created_at,updated_at FROM flow_instance WHERE deleted=false AND (process_key = ? AND biz_id = ? AND status = ?) LIMIT 1
2026-08-20 23:12:44.076 DEBUG 54479 --- [nio-9080-exec-9] c.p.f.m.FlowInstanceMapper.selectList    : ==> Parameters: declaration_approve(String), taskId=216212819820023808(String), running(String)
2026-08-20 23:12:44.078 DEBUG 54479 --- [nio-9080-exec-9] c.p.f.m.FlowInstanceMapper.selectList    : <==      Total: 0
2026-08-20 23:12:44.082 DEBUG 54479 --- [nio-9080-exec-9] c.p.f.mapper.FlowInstanceMapper.insert   : ==>  Preparing: INSERT INTO flow_instance ( id, instance_no, process_key, biz_type, biz_id, variables, status, current_node, current_assignee, start_by, start_time, version, deleted, created_at, updated_at ) VALUES ( ?, ?, ?, ?, ?, ?, ?, ?, ?, ?, ?, ?, ?, ?, ? )
2026-08-20 23:12:44.083 DEBUG 54479 --- [nio-9080-exec-9] c.p.f.mapper.FlowInstanceMapper.insert   : ==> Parameters: 216212865105924096(Long), FLOW-1787238764078(String), declaration_approve(String), declaration(String), taskId=216212819820023808(String), {"source":"web"}(String), running(String), review(String), analyst(String), admin(String), 2026-08-20 23:12:44.079(Timestamp), 1(Integer), false(Boolean), 2026-08-20 23:12:44.082(Timestamp), 2026-08-20 23:12:44.082(Timestamp)
2026-08-20 23:12:44.085 DEBUG 54479 --- [nio-9080-exec-9] c.p.f.mapper.FlowInstanceMapper.insert   : <==    Updates: 1
2026-08-20 23:12:46.843 DEBUG 54479 --- [nio-9080-exec-3] c.p.f.m.FlowInstanceMapper.selectById    : ==>  Preparing: SELECT id,instance_no,process_key,biz_type,biz_id,variables,status,current_node,current_assignee,start_by,start_time,end_time,version,deleted,created_at,updated_at FROM flow_instance WHERE id=? AND deleted=false
2026-08-20 23:12:46.843 DEBUG 54479 --- [nio-9080-exec-3] c.p.f.m.FlowInstanceMapper.selectById    : ==> Parameters: 216212865105924096(Long)
2026-08-20 23:12:46.844 DEBUG 54479 --- [nio-9080-exec-3] c.p.f.m.FlowInstanceMapper.selectById    : <==      Total: 1
2026-08-20 23:13:02.143 DEBUG 54479 --- [nio-9080-exec-8] c.p.f.m.FlowInstanceMapper.selectList    : ==>  Preparing: SELECT id,instance_no,process_key,biz_type,biz_id,variables,status,current_node,current_assignee,start_by,start_time,end_time,version,deleted,created_at,updated_at FROM flow_instance WHERE deleted=false AND (process_key = ? AND biz_id = ? AND status = ?) LIMIT 1
2026-08-20 23:13:02.143 DEBUG 54479 --- [nio-9080-exec-8] c.p.f.m.FlowInstanceMapper.selectList    : ==> Parameters: appeal_review(String), taskId=216212819820023808(String), running(String)
2026-08-20 23:13:02.145 DEBUG 54479 --- [nio-9080-exec-8] c.p.f.m.FlowInstanceMapper.selectList    : <==      Total: 0
2026-08-20 23:13:02.146 DEBUG 54479 --- [nio-9080-exec-8] c.p.f.mapper.FlowInstanceMapper.insert   : ==>  Preparing: INSERT INTO flow_instance ( id, instance_no, process_key, biz_type, biz_id, variables, status, current_node, current_assignee, start_by, start_time, version, deleted, created_at, updated_at ) VALUES ( ?, ?, ?, ?, ?, ?, ?, ?, ?, ?, ?, ?, ?, ?, ? )
2026-08-20 23:13:02.147 DEBUG 54479 --- [nio-9080-exec-8] c.p.f.mapper.FlowInstanceMapper.insert   : ==> Parameters: 216212940871831552(Long), FLOW-1787238782145(String), appeal_review(String), appeal(String), taskId=216212819820023808(String), {"source":"web"}(String), running(String), review(String), compliance(String), admin(String), 2026-08-20 23:13:02.146(Timestamp), 1(Integer), false(Boolean), 2026-08-20 23:13:02.146(Timestamp), 2026-08-20 23:13:02.146(Timestamp)
2026-08-20 23:13:02.150 DEBUG 54479 --- [nio-9080-exec-8] c.p.f.mapper.FlowInstanceMapper.insert   : <==    Updates: 1
2026-08-20 23:13:02.294 DEBUG 54479 --- [   scheduling-1] c.p.i.m.IntelPushRuleMapper.selectList   : ==>  Preparing: SELECT id,rule_name,tags_filter,importance_filter,target_roles,channel,silent_period,status,version,deleted,created_at,updated_at FROM intel_push_rule WHERE deleted=false AND (status = ?)
2026-08-20 23:13:02.294 DEBUG 54479 --- [   scheduling-1] c.p.i.m.IntelPushRuleMapper.selectList   : ==> Parameters: active(String)
2026-08-20 23:13:02.295 DEBUG 54479 --- [   scheduling-1] c.p.i.m.IntelPushRuleMapper.selectList   : <==      Total: 3
2026-08-20 23:13:02.296 DEBUG 54479 --- [   scheduling-1] c.p.i.mapper.IntelNewsMapper.selectList  : ==>  Preparing: SELECT id,source_code,title,content,region_code,normalized_tags,importance,published_at,push_status,version,deleted,created_at,updated_at FROM intel_news WHERE deleted=false AND (push_status = ? AND importance = ?)
2026-08-20 23:13:02.296 DEBUG 54479 --- [   scheduling-1] c.p.i.mapper.IntelNewsMapper.selectList  : ==> Parameters: none(String), high(String)
2026-08-20 23:13:02.297 DEBUG 54479 --- [   scheduling-1] c.p.i.mapper.IntelNewsMapper.selectList  : <==      Total: 0
2026-08-20 23:13:02.298 DEBUG 54479 --- [   scheduling-1] c.p.i.mapper.IntelNewsMapper.selectList  : ==>  Preparing: SELECT id,source_code,title,content,region_code,normalized_tags,importance,published_at,push_status,version,deleted,created_at,updated_at FROM intel_news WHERE deleted=false AND (push_status = ? AND importance = ?)
2026-08-20 23:13:02.298 DEBUG 54479 --- [   scheduling-1] c.p.i.mapper.IntelNewsMapper.selectList  : ==> Parameters: none(String), medium(String)
2026-08-20 23:13:02.299 DEBUG 54479 --- [   scheduling-1] c.p.i.mapper.IntelNewsMapper.selectList  : <==      Total: 6
2026-08-20 23:13:02.300 DEBUG 54479 --- [   scheduling-1] c.p.i.mapper.IntelNewsMapper.selectList  : ==>  Preparing: SELECT id,source_code,title,content,region_code,normalized_tags,importance,published_at,push_status,version,deleted,created_at,updated_at FROM intel_news WHERE deleted=false AND (push_status = ? AND importance = ?)
2026-08-20 23:13:02.300 DEBUG 54479 --- [   scheduling-1] c.p.i.mapper.IntelNewsMapper.selectList  : ==> Parameters: none(String), high(String)
2026-08-20 23:13:02.301 DEBUG 54479 --- [   scheduling-1] c.p.i.mapper.IntelNewsMapper.selectList  : <==      Total: 0
2026-08-20 23:13:02.301  INFO 54479 --- [   scheduling-1] com.ptidss.intel.service.IntelService    : 情报推送执行完成：匹配情报 0 条，派发消息 0 条
2026-08-20 23:13:03.935 DEBUG 54479 --- [nio-9080-exec-2] c.p.f.m.FlowInstanceMapper.selectById    : ==>  Preparing: SELECT id,instance_no,process_key,biz_type,biz_id,variables,status,current_node,current_assignee,start_by,start_time,end_time,version,deleted,created_at,updated_at FROM flow_instance WHERE id=? AND deleted=false
2026-08-20 23:13:03.935 DEBUG 54479 --- [nio-9080-exec-2] c.p.f.m.FlowInstanceMapper.selectById    : ==> Parameters: 216212940871831552(Long)
2026-08-20 23:13:03.936 DEBUG 54479 --- [nio-9080-exec-2] c.p.f.m.FlowInstanceMapper.selectById    : <==      Total: 1
2026-08-20 23:13:11.388 DEBUG 54479 --- [nio-9080-exec-5] c.p.i.m.IntelNewsMapper.selectCount      : ==>  Preparing: SELECT COUNT( * ) FROM intel_news WHERE deleted=false
2026-08-20 23:13:11.388 DEBUG 54479 --- [nio-9080-exec-5] c.p.i.m.IntelNewsMapper.selectCount      : ==> Parameters: 
2026-08-20 23:13:11.388 DEBUG 54479 --- [nio-9080-exec-4] c.p.i.m.IntelSourceMapper.selectCount    : ==>  Preparing: SELECT COUNT( * ) FROM intel_source WHERE deleted=false
2026-08-20 23:13:11.388 DEBUG 54479 --- [nio-9080-exec-5] c.p.i.m.IntelNewsMapper.selectCount      : <==      Total: 1
2026-08-20 23:13:11.388 DEBUG 54479 --- [nio-9080-exec-4] c.p.i.m.IntelSourceMapper.selectCount    : ==> Parameters: 
2026-08-20 23:13:11.389 DEBUG 54479 --- [nio-9080-exec-4] c.p.i.m.IntelSourceMapper.selectCount    : <==      Total: 1
2026-08-20 23:13:11.389 DEBUG 54479 --- [io-9080-exec-10] c.p.i.m.IntelPushRuleMapper.selectList   : ==>  Preparing: SELECT id,rule_name,tags_filter,importance_filter,target_roles,channel,silent_period,status,version,deleted,created_at,updated_at FROM intel_push_rule WHERE deleted=false ORDER BY created_at DESC
2026-08-20 23:13:11.389 DEBUG 54479 --- [io-9080-exec-10] c.p.i.m.IntelPushRuleMapper.selectList   : ==> Parameters: 
2026-08-20 23:13:11.390 DEBUG 54479 --- [nio-9080-exec-4] c.p.i.m.IntelSourceMapper.selectList     : ==>  Preparing: SELECT id,source_code,source_name,intel_type,fetch_mode,frequency,status,version,deleted,created_at,updated_at FROM intel_source WHERE deleted=false ORDER BY intel_type ASC,source_code ASC
2026-08-20 23:13:11.390 DEBUG 54479 --- [nio-9080-exec-4] c.p.i.m.IntelSourceMapper.selectList     : ==> Parameters: 
2026-08-20 23:13:11.390 DEBUG 54479 --- [io-9080-exec-10] c.p.i.m.IntelPushRuleMapper.selectList   : <==      Total: 3
2026-08-20 23:13:11.391 DEBUG 54479 --- [nio-9080-exec-4] c.p.i.m.IntelSourceMapper.selectList     : <==      Total: 10
2026-08-20 23:13:11.393 DEBUG 54479 --- [nio-9080-exec-5] c.p.i.m.I.selectPage_mpCount             : ==>  Preparing: SELECT COUNT(*) AS total FROM intel_news WHERE deleted = false AND ((region_code = ? OR region_code IS NULL))
2026-08-20 23:13:11.393 DEBUG 54479 --- [nio-9080-exec-5] c.p.i.m.I.selectPage_mpCount             : ==> Parameters: CN-31(String)
2026-08-20 23:13:11.394 DEBUG 54479 --- [nio-9080-exec-5] c.p.i.m.I.selectPage_mpCount             : <==      Total: 1
2026-08-20 23:13:11.394 DEBUG 54479 --- [nio-9080-exec-5] c.p.i.mapper.IntelNewsMapper.selectPage  : ==>  Preparing: SELECT id,source_code,title,content,region_code,normalized_tags,importance,published_at,push_status,version,deleted,created_at,updated_at FROM intel_news WHERE deleted=false AND ((region_code = ? OR region_code IS NULL)) ORDER BY published_at DESC LIMIT ?
2026-08-20 23:13:11.395 DEBUG 54479 --- [nio-9080-exec-5] c.p.i.mapper.IntelNewsMapper.selectPage  : ==> Parameters: CN-31(String), 20(Long)
2026-08-20 23:13:11.397 DEBUG 54479 --- [nio-9080-exec-5] c.p.i.mapper.IntelNewsMapper.selectPage  : <==      Total: 15
2026-08-20 23:13:11.805 DEBUG 54479 --- [   scheduling-1] c.p.d.m.CollectTaskMapper.selectList     : ==>  Preparing: SELECT id,source_id,task_type,cron_expr,last_run_time,last_status,records_count,error_log,version,deleted,created_at,updated_at FROM collect_task WHERE deleted=false AND (cron_expr IS NOT NULL)
2026-08-20 23:13:11.805 DEBUG 54479 --- [   scheduling-1] c.p.d.m.CollectTaskMapper.selectList     : ==> Parameters: 
2026-08-20 23:13:11.806 DEBUG 54479 --- [   scheduling-1] c.p.d.m.CollectTaskMapper.selectList     : <==      Total: 3
2026-08-20 23:13:14.622 DEBUG 54479 --- [nio-9080-exec-1] c.p.r.m.R.selectCount                    : ==>  Preparing: SELECT COUNT( * ) FROM report_template WHERE deleted=false
2026-08-20 23:13:14.622 DEBUG 54479 --- [nio-9080-exec-1] c.p.r.m.R.selectCount                    : ==> Parameters: 
2026-08-20 23:13:14.624 DEBUG 54479 --- [nio-9080-exec-1] c.p.r.m.R.selectCount                    : <==      Total: 1
2026-08-20 23:13:14.624 DEBUG 54479 --- [nio-9080-exec-9] c.p.r.m.ReportInstanceMapper.selectList  : ==>  Preparing: SELECT id,template_id,period,region_code,data_snapshot,file_url,generate_status,push_status,generated_at,version,deleted,created_at,updated_at FROM report_instance WHERE deleted=false AND (region_code = ?) ORDER BY created_at DESC
2026-08-20 23:13:14.624 DEBUG 54479 --- [nio-9080-exec-9] c.p.r.m.ReportInstanceMapper.selectList  : ==> Parameters: CN-31(String)
2026-08-20 23:13:14.625 DEBUG 54479 --- [nio-9080-exec-1] c.p.r.m.ReportTemplateMapper.selectList  : ==>  Preparing: SELECT id,code,name,type,period_type,datasource_config,layout,header_config,status,version,deleted,created_at,updated_at FROM report_template WHERE deleted=false AND (status = ?) ORDER BY code ASC
2026-08-20 23:13:14.625 DEBUG 54479 --- [nio-9080-exec-1] c.p.r.m.ReportTemplateMapper.selectList  : ==> Parameters: active(String)
2026-08-20 23:13:14.625 DEBUG 54479 --- [nio-9080-exec-9] c.p.r.m.ReportInstanceMapper.selectList  : <==      Total: 0
2026-08-20 23:13:14.626 DEBUG 54479 --- [nio-9080-exec-1] c.p.r.m.ReportTemplateMapper.selectList  : <==      Total: 5
2026-08-20 23:13:14.627 DEBUG 54479 --- [nio-9080-exec-7] c.p.s.m.O.selectPage_mpCount             : ==>  Preparing: SELECT COUNT(*) AS total FROM ocr_task WHERE deleted = false
2026-08-20 23:13:14.627 DEBUG 54479 --- [nio-9080-exec-7] c.p.s.m.O.selectPage_mpCount             : ==> Parameters: 
2026-08-20 23:13:14.628 DEBUG 54479 --- [nio-9080-exec-7] c.p.s.m.O.selectPage_mpCount             : <==      Total: 1
2026-08-20 23:13:14.629 DEBUG 54479 --- [nio-9080-exec-7] c.p.s.mapper.OcrTaskMapper.selectPage    : ==>  Preparing: SELECT id,file_id,template_id,status,confidence,fields,review_status,reviewer,reviewed_at,version,deleted,created_at,updated_at FROM ocr_task WHERE deleted=false ORDER BY created_at DESC LIMIT ?
2026-08-20 23:13:14.629 DEBUG 54479 --- [nio-9080-exec-7] c.p.s.mapper.OcrTaskMapper.selectPage    : ==> Parameters: 20(Long)
2026-08-20 23:13:14.630 DEBUG 54479 --- [nio-9080-exec-7] c.p.s.mapper.OcrTaskMapper.selectPage    : <==      Total: 7
2026-08-20 23:13:18.716 DEBUG 54479 --- [nio-9080-exec-2] c.p.i.m.IntelSourceMapper.selectCount    : ==>  Preparing: SELECT COUNT( * ) FROM intel_source WHERE deleted=false
2026-08-20 23:13:18.716 DEBUG 54479 --- [nio-9080-exec-2] c.p.i.m.IntelSourceMapper.selectCount    : ==> Parameters: 
2026-08-20 23:13:18.717 DEBUG 54479 --- [nio-9080-exec-6] c.p.i.m.IntelNewsMapper.selectCount      : ==>  Preparing: SELECT COUNT( * ) FROM intel_news WHERE deleted=false
2026-08-20 23:13:18.717 DEBUG 54479 --- [nio-9080-exec-6] c.p.i.m.IntelNewsMapper.selectCount      : ==> Parameters: 
2026-08-20 23:13:18.718 DEBUG 54479 --- [nio-9080-exec-6] c.p.i.m.IntelNewsMapper.selectCount      : <==      Total: 1
2026-08-20 23:13:18.719 DEBUG 54479 --- [nio-9080-exec-2] c.p.i.m.IntelSourceMapper.selectCount    : <==      Total: 1
2026-08-20 23:13:18.719 DEBUG 54479 --- [nio-9080-exec-4] c.p.i.m.IntelPushRuleMapper.selectList   : ==>  Preparing: SELECT id,rule_name,tags_filter,importance_filter,target_roles,channel,silent_period,status,version,deleted,created_at,updated_at FROM intel_push_rule WHERE deleted=false ORDER BY created_at DESC
2026-08-20 23:13:18.719 DEBUG 54479 --- [nio-9080-exec-4] c.p.i.m.IntelPushRuleMapper.selectList   : ==> Parameters: 
2026-08-20 23:13:18.720 DEBUG 54479 --- [nio-9080-exec-2] c.p.i.m.IntelSourceMapper.selectList     : ==>  Preparing: SELECT id,source_code,source_name,intel_type,fetch_mode,frequency,status,version,deleted,created_at,updated_at FROM intel_source WHERE deleted=false ORDER BY intel_type ASC,source_code ASC
2026-08-20 23:13:18.721 DEBUG 54479 --- [nio-9080-exec-2] c.p.i.m.IntelSourceMapper.selectList     : ==> Parameters: 
2026-08-20 23:13:18.721 DEBUG 54479 --- [nio-9080-exec-4] c.p.i.m.IntelPushRuleMapper.selectList   : <==      Total: 3
2026-08-20 23:13:18.722 DEBUG 54479 --- [nio-9080-exec-2] c.p.i.m.IntelSourceMapper.selectList     : <==      Total: 10
2026-08-20 23:13:18.722 DEBUG 54479 --- [nio-9080-exec-6] c.p.i.m.I.selectPage_mpCount             : ==>  Preparing: SELECT COUNT(*) AS total FROM intel_news WHERE deleted = false AND ((region_code = ? OR region_code IS NULL))
2026-08-20 23:13:18.722 DEBUG 54479 --- [nio-9080-exec-6] c.p.i.m.I.selectPage_mpCount             : ==> Parameters: CN-31(String)
2026-08-20 23:13:18.723 DEBUG 54479 --- [nio-9080-exec-6] c.p.i.m.I.selectPage_mpCount             : <==      Total: 1
2026-08-20 23:13:18.724 DEBUG 54479 --- [nio-9080-exec-6] c.p.i.mapper.IntelNewsMapper.selectPage  : ==>  Preparing: SELECT id,source_code,title,content,region_code,normalized_tags,importance,published_at,push_status,version,deleted,created_at,updated_at FROM intel_news WHERE deleted=false AND ((region_code = ? OR region_code IS NULL)) ORDER BY published_at DESC LIMIT ?
2026-08-20 23:13:18.724 DEBUG 54479 --- [nio-9080-exec-6] c.p.i.mapper.IntelNewsMapper.selectPage  : ==> Parameters: CN-31(String), 20(Long)
2026-08-20 23:13:18.726 DEBUG 54479 --- [nio-9080-exec-6] c.p.i.mapper.IntelNewsMapper.selectPage  : <==      Total: 15
2026-08-20 23:13:25.809 DEBUG 54479 --- [io-9080-exec-10] c.p.i.m.IntelNewsMapper.selectCount      : ==>  Preparing: SELECT COUNT( * ) FROM intel_news WHERE deleted=false
2026-08-20 23:13:25.809 DEBUG 54479 --- [io-9080-exec-10] c.p.i.m.IntelNewsMapper.selectCount      : ==> Parameters: 
2026-08-20 23:13:25.810 DEBUG 54479 --- [io-9080-exec-10] c.p.i.m.IntelNewsMapper.selectCount      : <==      Total: 1
2026-08-20 23:13:25.815 DEBUG 54479 --- [io-9080-exec-10] c.p.i.m.I.selectPage_mpCount             : ==>  Preparing: SELECT COUNT(*) AS total FROM intel_news WHERE deleted = false AND ((region_code = ? OR region_code IS NULL))
2026-08-20 23:13:25.815 DEBUG 54479 --- [io-9080-exec-10] c.p.i.m.I.selectPage_mpCount             : ==> Parameters: CN-31(String)
2026-08-20 23:13:25.816 DEBUG 54479 --- [io-9080-exec-10] c.p.i.m.I.selectPage_mpCount             : <==      Total: 1
2026-08-20 23:13:25.816 DEBUG 54479 --- [io-9080-exec-10] c.p.i.mapper.IntelNewsMapper.selectPage  : ==>  Preparing: SELECT id,source_code,title,content,region_code,normalized_tags,importance,published_at,push_status,version,deleted,created_at,updated_at FROM intel_news WHERE deleted=false AND ((region_code = ? OR region_code IS NULL)) ORDER BY published_at DESC LIMIT ?
2026-08-20 23:13:25.817 DEBUG 54479 --- [io-9080-exec-10] c.p.i.mapper.IntelNewsMapper.selectPage  : ==> Parameters: CN-31(String), 20(Long)
2026-08-20 23:13:25.819 DEBUG 54479 --- [io-9080-exec-10] c.p.i.mapper.IntelNewsMapper.selectPage  : <==      Total: 15
2026-08-20 23:13:32.302 DEBUG 54479 --- [   scheduling-1] c.p.i.m.IntelPushRuleMapper.selectList   : ==>  Preparing: SELECT id,rule_name,tags_filter,importance_filter,target_roles,channel,silent_period,status,version,deleted,created_at,updated_at FROM intel_push_rule WHERE deleted=false AND (status = ?)
2026-08-20 23:13:32.303 DEBUG 54479 --- [   scheduling-1] c.p.i.m.IntelPushRuleMapper.selectList   : ==> Parameters: active(String)
2026-08-20 23:13:32.304 DEBUG 54479 --- [   scheduling-1] c.p.i.m.IntelPushRuleMapper.selectList   : <==      Total: 3
2026-08-20 23:13:32.305 DEBUG 54479 --- [   scheduling-1] c.p.i.mapper.IntelNewsMapper.selectList  : ==>  Preparing: SELECT id,source_code,title,content,region_code,normalized_tags,importance,published_at,push_status,version,deleted,created_at,updated_at FROM intel_news WHERE deleted=false AND (push_status = ? AND importance = ?)
2026-08-20 23:13:32.305 DEBUG 54479 --- [   scheduling-1] c.p.i.mapper.IntelNewsMapper.selectList  : ==> Parameters: none(String), high(String)
2026-08-20 23:13:32.306 DEBUG 54479 --- [   scheduling-1] c.p.i.mapper.IntelNewsMapper.selectList  : <==      Total: 0
2026-08-20 23:13:32.307 DEBUG 54479 --- [   scheduling-1] c.p.i.mapper.IntelNewsMapper.selectList  : ==>  Preparing: SELECT id,source_code,title,content,region_code,normalized_tags,importance,published_at,push_status,version,deleted,created_at,updated_at FROM intel_news WHERE deleted=false AND (push_status = ? AND importance = ?)
2026-08-20 23:13:32.307 DEBUG 54479 --- [   scheduling-1] c.p.i.mapper.IntelNewsMapper.selectList  : ==> Parameters: none(String), medium(String)
2026-08-20 23:13:32.308 DEBUG 54479 --- [   scheduling-1] c.p.i.mapper.IntelNewsMapper.selectList  : <==      Total: 6
2026-08-20 23:13:32.309 DEBUG 54479 --- [   scheduling-1] c.p.i.mapper.IntelNewsMapper.selectList  : ==>  Preparing: SELECT id,source_code,title,content,region_code,normalized_tags,importance,published_at,push_status,version,deleted,created_at,updated_at FROM intel_news WHERE deleted=false AND (push_status = ? AND importance = ?)
2026-08-20 23:13:32.309 DEBUG 54479 --- [   scheduling-1] c.p.i.mapper.IntelNewsMapper.selectList  : ==> Parameters: none(String), high(String)
2026-08-20 23:13:32.310 DEBUG 54479 --- [   scheduling-1] c.p.i.mapper.IntelNewsMapper.selectList  : <==      Total: 0
2026-08-20 23:13:32.310  INFO 54479 --- [   scheduling-1] com.ptidss.intel.service.IntelService    : 情报推送执行完成：匹配情报 0 条，派发消息 0 条
2026-08-20 23:13:40.997 DEBUG 54479 --- [nio-9080-exec-1] c.p.d.m.DataLineageMapper.selectCount    : ==>  Preparing: SELECT COUNT( * ) FROM data_lineage WHERE deleted=false
2026-08-20 23:13:40.997 DEBUG 54479 --- [nio-9080-exec-1] c.p.d.m.DataLineageMapper.selectCount    : ==> Parameters: 
2026-08-20 23:13:40.997 DEBUG 54479 --- [nio-9080-exec-5] c.p.d.m.DataSourceMapper.selectList      : ==>  Preparing: SELECT id,source_code,source_type,connect_config,sync_mode,frequency,status,version,deleted,created_at,updated_at FROM data_source WHERE deleted=false ORDER BY source_code ASC
2026-08-20 23:13:40.997 DEBUG 54479 --- [nio-9080-exec-5] c.p.d.m.DataSourceMapper.selectList      : ==> Parameters: 
2026-08-20 23:13:40.997 DEBUG 54479 --- [nio-9080-exec-9] c.p.d.m.D.selectList                     : ==>  Preparing: SELECT id,rule_code,rule_type,target_table,target_field,condition,threshold,severity,status,version,deleted,created_at,updated_at FROM data_quality_rule WHERE deleted=false AND (status = ?)
2026-08-20 23:13:40.997 DEBUG 54479 --- [nio-9080-exec-9] c.p.d.m.D.selectList                     : ==> Parameters: active(String)
2026-08-20 23:13:40.997 DEBUG 54479 --- [nio-9080-exec-1] c.p.d.m.DataLineageMapper.selectCount    : <==      Total: 1
2026-08-20 23:13:40.997 DEBUG 54479 --- [nio-9080-exec-1] c.p.d.m.DataLineageMapper.selectList     : ==>  Preparing: SELECT id,node_id,node_type,upstream,downstream,field_mapping,version,deleted,created_at,updated_at FROM data_lineage WHERE deleted=false
2026-08-20 23:13:40.998 DEBUG 54479 --- [nio-9080-exec-1] c.p.d.m.DataLineageMapper.selectList     : ==> Parameters: 
2026-08-20 23:13:40.998 DEBUG 54479 --- [nio-9080-exec-1] c.p.d.m.DataLineageMapper.selectList     : <==      Total: 7
2026-08-20 23:13:41.000 DEBUG 54479 --- [nio-9080-exec-9] c.p.d.m.D.selectList                     : <==      Total: 2
2026-08-20 23:13:41.000 DEBUG 54479 --- [nio-9080-exec-5] c.p.d.m.DataSourceMapper.selectList      : <==      Total: 3
2026-08-20 23:13:41.001 DEBUG 54479 --- [nio-9080-exec-5] c.p.d.m.CollectTaskMapper.selectList     : ==>  Preparing: SELECT id,source_id,task_type,cron_expr,last_run_time,last_status,records_count,error_log,version,deleted,created_at,updated_at FROM collect_task WHERE deleted=false AND (source_id = ?) ORDER BY last_run_time DESC LIMIT 1
2026-08-20 23:13:41.001 DEBUG 54479 --- [nio-9080-exec-5] c.p.d.m.CollectTaskMapper.selectList     : ==> Parameters: 2(Long)
2026-08-20 23:13:41.002 DEBUG 54479 --- [nio-9080-exec-5] c.p.d.m.CollectTaskMapper.selectList     : <==      Total: 1
2026-08-20 23:13:41.003 DEBUG 54479 --- [nio-9080-exec-5] c.p.d.m.CollectTaskMapper.selectList     : ==>  Preparing: SELECT id,source_id,task_type,cron_expr,last_run_time,last_status,records_count,error_log,version,deleted,created_at,updated_at FROM collect_task WHERE deleted=false AND (source_id = ?) ORDER BY last_run_time DESC LIMIT 1
2026-08-20 23:13:41.004 DEBUG 54479 --- [nio-9080-exec-5] c.p.d.m.CollectTaskMapper.selectList     : ==> Parameters: 1(Long)
2026-08-20 23:13:41.004 DEBUG 54479 --- [nio-9080-exec-5] c.p.d.m.CollectTaskMapper.selectList     : <==      Total: 0
2026-08-20 23:13:41.005 DEBUG 54479 --- [nio-9080-exec-5] c.p.d.m.CollectTaskMapper.selectList     : ==>  Preparing: SELECT id,source_id,task_type,cron_expr,last_run_time,last_status,records_count,error_log,version,deleted,created_at,updated_at FROM collect_task WHERE deleted=false AND (source_id = ?) ORDER BY last_run_time DESC LIMIT 1
2026-08-20 23:13:41.005 DEBUG 54479 --- [nio-9080-exec-5] c.p.d.m.CollectTaskMapper.selectList     : ==> Parameters: 3(Long)
2026-08-20 23:13:41.006 DEBUG 54479 --- [nio-9080-exec-5] c.p.d.m.CollectTaskMapper.selectList     : <==      Total: 1
2026-08-20 23:13:49.903 DEBUG 54479 --- [nio-9080-exec-8] c.p.d.m.DataLineageMapper.selectCount    : ==>  Preparing: SELECT COUNT( * ) FROM data_lineage WHERE deleted=false
2026-08-20 23:13:49.904 DEBUG 54479 --- [nio-9080-exec-8] c.p.d.m.DataLineageMapper.selectCount    : ==> Parameters: 
2026-08-20 23:13:49.904 DEBUG 54479 --- [nio-9080-exec-3] c.p.d.m.D.selectList                     : ==>  Preparing: SELECT id,rule_code,rule_type,target_table,target_field,condition,threshold,severity,status,version,deleted,created_at,updated_at FROM data_quality_rule WHERE deleted=false AND (status = ?)
2026-08-20 23:13:49.904 DEBUG 54479 --- [nio-9080-exec-7] c.p.d.m.DataSourceMapper.selectList      : ==>  Preparing: SELECT id,source_code,source_type,connect_config,sync_mode,frequency,status,version,deleted,created_at,updated_at FROM data_source WHERE deleted=false ORDER BY source_code ASC
2026-08-20 23:13:49.904 DEBUG 54479 --- [nio-9080-exec-7] c.p.d.m.DataSourceMapper.selectList      : ==> Parameters: 
2026-08-20 23:13:49.904 DEBUG 54479 --- [nio-9080-exec-3] c.p.d.m.D.selectList                     : ==> Parameters: active(String)
2026-08-20 23:13:49.905 DEBUG 54479 --- [nio-9080-exec-8] c.p.d.m.DataLineageMapper.selectCount    : <==      Total: 1
2026-08-20 23:13:49.905 DEBUG 54479 --- [nio-9080-exec-8] c.p.d.m.DataLineageMapper.selectList     : ==>  Preparing: SELECT id,node_id,node_type,upstream,downstream,field_mapping,version,deleted,created_at,updated_at FROM data_lineage WHERE deleted=false
2026-08-20 23:13:49.905 DEBUG 54479 --- [nio-9080-exec-8] c.p.d.m.DataLineageMapper.selectList     : ==> Parameters: 
2026-08-20 23:13:49.906 DEBUG 54479 --- [nio-9080-exec-3] c.p.d.m.D.selectList                     : <==      Total: 2
2026-08-20 23:13:49.906 DEBUG 54479 --- [nio-9080-exec-7] c.p.d.m.DataSourceMapper.selectList      : <==      Total: 3
2026-08-20 23:13:49.907 DEBUG 54479 --- [nio-9080-exec-8] c.p.d.m.DataLineageMapper.selectList     : <==      Total: 7
2026-08-20 23:13:49.908 DEBUG 54479 --- [nio-9080-exec-7] c.p.d.m.CollectTaskMapper.selectList     : ==>  Preparing: SELECT id,source_id,task_type,cron_expr,last_run_time,last_status,records_count,error_log,version,deleted,created_at,updated_at FROM collect_task WHERE deleted=false AND (source_id = ?) ORDER BY last_run_time DESC LIMIT 1
2026-08-20 23:13:49.909 DEBUG 54479 --- [nio-9080-exec-7] c.p.d.m.CollectTaskMapper.selectList     : ==> Parameters: 2(Long)
2026-08-20 23:13:49.911 DEBUG 54479 --- [nio-9080-exec-7] c.p.d.m.CollectTaskMapper.selectList     : <==      Total: 1
2026-08-20 23:13:49.913 DEBUG 54479 --- [nio-9080-exec-7] c.p.d.m.CollectTaskMapper.selectList     : ==>  Preparing: SELECT id,source_id,task_type,cron_expr,last_run_time,last_status,records_count,error_log,version,deleted,created_at,updated_at FROM collect_task WHERE deleted=false AND (source_id = ?) ORDER BY last_run_time DESC LIMIT 1
2026-08-20 23:13:49.913 DEBUG 54479 --- [nio-9080-exec-7] c.p.d.m.CollectTaskMapper.selectList     : ==> Parameters: 1(Long)
2026-08-20 23:13:49.914 DEBUG 54479 --- [nio-9080-exec-7] c.p.d.m.CollectTaskMapper.selectList     : <==      Total: 0
2026-08-20 23:13:49.916 DEBUG 54479 --- [nio-9080-exec-7] c.p.d.m.CollectTaskMapper.selectList     : ==>  Preparing: SELECT id,source_id,task_type,cron_expr,last_run_time,last_status,records_count,error_log,version,deleted,created_at,updated_at FROM collect_task WHERE deleted=false AND (source_id = ?) ORDER BY last_run_time DESC LIMIT 1
2026-08-20 23:13:49.916 DEBUG 54479 --- [nio-9080-exec-7] c.p.d.m.CollectTaskMapper.selectList     : ==> Parameters: 3(Long)
2026-08-20 23:13:49.917 DEBUG 54479 --- [nio-9080-exec-7] c.p.d.m.CollectTaskMapper.selectList     : <==      Total: 1
2026-08-20 23:13:54.330 DEBUG 54479 --- [nio-9080-exec-4] c.p.m.m.ModelRegistryMapper.selectList   : ==>  Preparing: SELECT id,model_code,model_name,model_version,framework,metrics,status,file_url,trained_at,version,deleted,created_at,updated_at FROM model_registry WHERE deleted=false ORDER BY model_code ASC,version DESC
2026-08-20 23:13:54.330 DEBUG 54479 --- [nio-9080-exec-4] c.p.m.m.ModelRegistryMapper.selectList   : ==> Parameters: 
2026-08-20 23:13:54.331 DEBUG 54479 --- [nio-9080-exec-4] c.p.m.m.ModelRegistryMapper.selectList   : <==      Total: 3
2026-08-20 23:13:56.771 DEBUG 54479 --- [nio-9080-exec-2] c.p.o.m.S.selectCount                    : ==>  Preparing: SELECT COUNT( * ) FROM strategy_library WHERE deleted=false
2026-08-20 23:13:56.771 DEBUG 54479 --- [nio-9080-exec-2] c.p.o.m.S.selectCount                    : ==> Parameters: 
2026-08-20 23:13:56.772 DEBUG 54479 --- [nio-9080-exec-2] c.p.o.m.S.selectCount                    : <==      Total: 1
2026-08-20 23:13:56.773 DEBUG 54479 --- [nio-9080-exec-2] c.p.o.m.S.selectList                     : ==>  Preparing: SELECT id,strategy_code,strategy_name,params,performance,status,source,version,deleted,created_at,updated_at FROM strategy_library WHERE deleted=false ORDER BY performance DESC
2026-08-20 23:13:56.773 DEBUG 54479 --- [nio-9080-exec-2] c.p.o.m.S.selectList                     : ==> Parameters: 
2026-08-20 23:13:56.774 DEBUG 54479 --- [nio-9080-exec-2] c.p.o.m.S.selectList                     : <==      Total: 3
2026-08-20 23:14:02.312 DEBUG 54479 --- [   scheduling-1] c.p.i.m.IntelPushRuleMapper.selectList   : ==>  Preparing: SELECT id,rule_name,tags_filter,importance_filter,target_roles,channel,silent_period,status,version,deleted,created_at,updated_at FROM intel_push_rule WHERE deleted=false AND (status = ?)
2026-08-20 23:14:02.312 DEBUG 54479 --- [   scheduling-1] c.p.i.m.IntelPushRuleMapper.selectList   : ==> Parameters: active(String)
2026-08-20 23:14:02.313 DEBUG 54479 --- [   scheduling-1] c.p.i.m.IntelPushRuleMapper.selectList   : <==      Total: 3
2026-08-20 23:14:02.315 DEBUG 54479 --- [   scheduling-1] c.p.i.mapper.IntelNewsMapper.selectList  : ==>  Preparing: SELECT id,source_code,title,content,region_code,normalized_tags,importance,published_at,push_status,version,deleted,created_at,updated_at FROM intel_news WHERE deleted=false AND (push_status = ? AND importance = ?)
2026-08-20 23:14:02.315 DEBUG 54479 --- [   scheduling-1] c.p.i.mapper.IntelNewsMapper.selectList  : ==> Parameters: none(String), high(String)
2026-08-20 23:14:02.315 DEBUG 54479 --- [   scheduling-1] c.p.i.mapper.IntelNewsMapper.selectList  : <==      Total: 0
2026-08-20 23:14:02.316 DEBUG 54479 --- [   scheduling-1] c.p.i.mapper.IntelNewsMapper.selectList  : ==>  Preparing: SELECT id,source_code,title,content,region_code,normalized_tags,importance,published_at,push_status,version,deleted,created_at,updated_at FROM intel_news WHERE deleted=false AND (push_status = ? AND importance = ?)
2026-08-20 23:14:02.317 DEBUG 54479 --- [   scheduling-1] c.p.i.mapper.IntelNewsMapper.selectList  : ==> Parameters: none(String), medium(String)
2026-08-20 23:14:02.318 DEBUG 54479 --- [   scheduling-1] c.p.i.mapper.IntelNewsMapper.selectList  : <==      Total: 6
2026-08-20 23:14:02.319 DEBUG 54479 --- [   scheduling-1] c.p.i.mapper.IntelNewsMapper.selectList  : ==>  Preparing: SELECT id,source_code,title,content,region_code,normalized_tags,importance,published_at,push_status,version,deleted,created_at,updated_at FROM intel_news WHERE deleted=false AND (push_status = ? AND importance = ?)
2026-08-20 23:14:02.319 DEBUG 54479 --- [   scheduling-1] c.p.i.mapper.IntelNewsMapper.selectList  : ==> Parameters: none(String), high(String)
2026-08-20 23:14:02.319 DEBUG 54479 --- [   scheduling-1] c.p.i.mapper.IntelNewsMapper.selectList  : <==      Total: 0
2026-08-20 23:14:02.319  INFO 54479 --- [   scheduling-1] com.ptidss.intel.service.IntelService    : 情报推送执行完成：匹配情报 0 条，派发消息 0 条
2026-08-20 23:14:06.826 DEBUG 54479 --- [io-9080-exec-10] c.p.s.mapper.SysRoleMapper.selectList    : ==>  Preparing: SELECT id,role_code,role_name,description,status,version,deleted,created_at,updated_at FROM sys_role WHERE deleted=false ORDER BY id ASC
2026-08-20 23:14:06.826 DEBUG 54479 --- [io-9080-exec-10] c.p.s.mapper.SysRoleMapper.selectList    : ==> Parameters: 
2026-08-20 23:14:06.827 DEBUG 54479 --- [nio-9080-exec-1] c.p.s.mapper.SysRegionMapper.selectList  : ==>  Preparing: SELECT id,region_code,region_name,market_support,exchange_channel,settlement_period,status,launch_order,version,deleted,created_at,updated_at FROM sys_region WHERE deleted=false ORDER BY launch_order ASC
2026-08-20 23:14:06.827 DEBUG 54479 --- [nio-9080-exec-1] c.p.s.mapper.SysRegionMapper.selectList  : ==> Parameters: 
2026-08-20 23:14:06.828 DEBUG 54479 --- [io-9080-exec-10] c.p.s.mapper.SysRoleMapper.selectList    : <==      Total: 7
2026-08-20 23:14:06.828 DEBUG 54479 --- [nio-9080-exec-1] c.p.s.mapper.SysRegionMapper.selectList  : <==      Total: 8
2026-08-20 23:14:06.828 DEBUG 54479 --- [nio-9080-exec-6] c.p.s.m.S.selectPage_mpCount             : ==>  Preparing: SELECT COUNT(*) AS total FROM sys_user WHERE deleted = false
2026-08-20 23:14:06.828 DEBUG 54479 --- [nio-9080-exec-6] c.p.s.m.S.selectPage_mpCount             : ==> Parameters: 
2026-08-20 23:14:06.831 DEBUG 54479 --- [nio-9080-exec-6] c.p.s.m.S.selectPage_mpCount             : <==      Total: 1
2026-08-20 23:14:06.831 DEBUG 54479 --- [nio-9080-exec-6] c.p.s.mapper.SysUserMapper.selectPage    : ==>  Preparing: SELECT id,username,display_name,password_hash,role_ids,org_code,phone,email,status,last_login_at,version,deleted,created_at,updated_at FROM sys_user WHERE deleted=false ORDER BY id ASC LIMIT ?
2026-08-20 23:14:06.831 DEBUG 54479 --- [nio-9080-exec-6] c.p.s.mapper.SysUserMapper.selectPage    : ==> Parameters: 10(Long)
2026-08-20 23:14:06.832 DEBUG 54479 --- [nio-9080-exec-6] c.p.s.mapper.SysUserMapper.selectPage    : <==      Total: 4
2026-08-20 23:14:09.148 DEBUG 54479 --- [nio-9080-exec-9] c.p.s.mapper.SysRoleMapper.selectList    : ==>  Preparing: SELECT id,role_code,role_name,description,status,version,deleted,created_at,updated_at FROM sys_role WHERE deleted=false ORDER BY id ASC
2026-08-20 23:14:09.148 DEBUG 54479 --- [nio-9080-exec-9] c.p.s.mapper.SysRoleMapper.selectList    : ==> Parameters: 
2026-08-20 23:14:09.148 DEBUG 54479 --- [nio-9080-exec-5] c.p.s.m.SysPermissionMapper.selectList   : ==>  Preparing: SELECT id,perm_code,perm_name,resource_type,resource_pattern,status,version,deleted,created_at,updated_at FROM sys_permission WHERE deleted=false ORDER BY id ASC
2026-08-20 23:14:09.148 DEBUG 54479 --- [nio-9080-exec-5] c.p.s.m.SysPermissionMapper.selectList   : ==> Parameters: 
2026-08-20 23:14:09.149 DEBUG 54479 --- [nio-9080-exec-9] c.p.s.mapper.SysRoleMapper.selectList    : <==      Total: 7
2026-08-20 23:14:09.151 DEBUG 54479 --- [nio-9080-exec-5] c.p.s.m.SysPermissionMapper.selectList   : <==      Total: 18
2026-08-20 23:14:11.808 DEBUG 54479 --- [   scheduling-1] c.p.d.m.CollectTaskMapper.selectList     : ==>  Preparing: SELECT id,source_id,task_type,cron_expr,last_run_time,last_status,records_count,error_log,version,deleted,created_at,updated_at FROM collect_task WHERE deleted=false AND (cron_expr IS NOT NULL)
2026-08-20 23:14:11.809 DEBUG 54479 --- [   scheduling-1] c.p.d.m.CollectTaskMapper.selectList     : ==> Parameters: 
2026-08-20 23:14:11.810 DEBUG 54479 --- [   scheduling-1] c.p.d.m.CollectTaskMapper.selectList     : <==      Total: 3
2026-08-20 23:14:12.602 DEBUG 54479 --- [nio-9080-exec-8] c.p.s.m.SysPermissionMapper.selectList   : ==>  Preparing: SELECT id,perm_code,perm_name,resource_type,resource_pattern,status,version,deleted,created_at,updated_at FROM sys_permission WHERE deleted=false ORDER BY id ASC
2026-08-20 23:14:12.602 DEBUG 54479 --- [nio-9080-exec-8] c.p.s.m.SysPermissionMapper.selectList   : ==> Parameters: 
2026-08-20 23:14:12.605 DEBUG 54479 --- [nio-9080-exec-8] c.p.s.m.SysPermissionMapper.selectList   : <==      Total: 18
2026-08-20 23:14:13.767 DEBUG 54479 --- [nio-9080-exec-3] c.p.s.m.S.selectPage_mpCount             : ==>  Preparing: SELECT COUNT(*) AS total FROM sys_user WHERE deleted = false
2026-08-20 23:14:13.767 DEBUG 54479 --- [nio-9080-exec-3] c.p.s.m.S.selectPage_mpCount             : ==> Parameters: 
2026-08-20 23:14:13.769 DEBUG 54479 --- [nio-9080-exec-3] c.p.s.m.S.selectPage_mpCount             : <==      Total: 1
2026-08-20 23:14:13.770 DEBUG 54479 --- [nio-9080-exec-3] c.p.s.mapper.SysUserMapper.selectPage    : ==>  Preparing: SELECT id,username,display_name,password_hash,role_ids,org_code,phone,email,status,last_login_at,version,deleted,created_at,updated_at FROM sys_user WHERE deleted=false ORDER BY id ASC LIMIT ?
2026-08-20 23:14:13.770 DEBUG 54479 --- [nio-9080-exec-3] c.p.s.mapper.SysUserMapper.selectPage    : ==> Parameters: 10(Long)
2026-08-20 23:14:13.772 DEBUG 54479 --- [nio-9080-exec-3] c.p.s.mapper.SysUserMapper.selectPage    : <==      Total: 4
2026-08-20 23:14:16.182 DEBUG 54479 --- [nio-9080-exec-7] c.p.s.mapper.SysRegionMapper.selectList  : ==>  Preparing: SELECT id,region_code,region_name,market_support,exchange_channel,settlement_period,status,launch_order,version,deleted,created_at,updated_at FROM sys_region WHERE deleted=false ORDER BY launch_order ASC
2026-08-20 23:14:16.183 DEBUG 54479 --- [nio-9080-exec-7] c.p.s.mapper.SysRegionMapper.selectList  : ==> Parameters: 
2026-08-20 23:14:16.185 DEBUG 54479 --- [nio-9080-exec-7] c.p.s.mapper.SysRegionMapper.selectList  : <==      Total: 8
2026-08-20 23:14:18.678 DEBUG 54479 --- [nio-9080-exec-4] c.p.s.m.A.selectPage_mpCount             : ==>  Preparing: SELECT COUNT(*) AS total FROM audit_log
2026-08-20 23:14:18.678 DEBUG 54479 --- [nio-9080-exec-4] c.p.s.m.A.selectPage_mpCount             : ==> Parameters: 
2026-08-20 23:14:18.680 DEBUG 54479 --- [nio-9080-exec-4] c.p.s.m.A.selectPage_mpCount             : <==      Total: 1
2026-08-20 23:14:18.680 DEBUG 54479 --- [nio-9080-exec-4] c.p.s.mapper.AuditLogMapper.selectPage   : ==>  Preparing: SELECT id,trace_id,user_id,username,action,target_type,target_id,before_snapshot,after_snapshot,ip,user_agent,result,region_code,created_at FROM audit_log ORDER BY created_at DESC LIMIT ?
2026-08-20 23:14:18.680 DEBUG 54479 --- [nio-9080-exec-4] c.p.s.mapper.AuditLogMapper.selectPage   : ==> Parameters: 10(Long)
2026-08-20 23:14:18.683 DEBUG 54479 --- [nio-9080-exec-4] c.p.s.mapper.AuditLogMapper.selectPage   : <==      Total: 10
2026-08-20 23:14:18.684 DEBUG 54479 --- [nio-9080-exec-4] c.p.s.mapper.SysUserMapper.selectList    : ==>  Preparing: SELECT id,username,display_name,password_hash,role_ids,org_code,phone,email,status,last_login_at,version,deleted,created_at,updated_at FROM sys_user WHERE deleted=false
2026-08-20 23:14:18.684 DEBUG 54479 --- [nio-9080-exec-4] c.p.s.mapper.SysUserMapper.selectList    : ==> Parameters: 
2026-08-20 23:14:18.684 DEBUG 54479 --- [nio-9080-exec-4] c.p.s.mapper.SysUserMapper.selectList    : <==      Total: 4
2026-08-20 23:14:32.321 DEBUG 54479 --- [   scheduling-1] c.p.i.m.IntelPushRuleMapper.selectList   : ==>  Preparing: SELECT id,rule_name,tags_filter,importance_filter,target_roles,channel,silent_period,status,version,deleted,created_at,updated_at FROM intel_push_rule WHERE deleted=false AND (status = ?)
2026-08-20 23:14:32.321 DEBUG 54479 --- [   scheduling-1] c.p.i.m.IntelPushRuleMapper.selectList   : ==> Parameters: active(String)
2026-08-20 23:14:32.321 DEBUG 54479 --- [   scheduling-1] c.p.i.m.IntelPushRuleMapper.selectList   : <==      Total: 3
2026-08-20 23:14:32.322 DEBUG 54479 --- [   scheduling-1] c.p.i.mapper.IntelNewsMapper.selectList  : ==>  Preparing: SELECT id,source_code,title,content,region_code,normalized_tags,importance,published_at,push_status,version,deleted,created_at,updated_at FROM intel_news WHERE deleted=false AND (push_status = ? AND importance = ?)
2026-08-20 23:14:32.322 DEBUG 54479 --- [   scheduling-1] c.p.i.mapper.IntelNewsMapper.selectList  : ==> Parameters: none(String), high(String)
2026-08-20 23:14:32.322 DEBUG 54479 --- [   scheduling-1] c.p.i.mapper.IntelNewsMapper.selectList  : <==      Total: 0
2026-08-20 23:14:32.323 DEBUG 54479 --- [   scheduling-1] c.p.i.mapper.IntelNewsMapper.selectList  : ==>  Preparing: SELECT id,source_code,title,content,region_code,normalized_tags,importance,published_at,push_status,version,deleted,created_at,updated_at FROM intel_news WHERE deleted=false AND (push_status = ? AND importance = ?)
2026-08-20 23:14:32.323 DEBUG 54479 --- [   scheduling-1] c.p.i.mapper.IntelNewsMapper.selectList  : ==> Parameters: none(String), medium(String)
2026-08-20 23:14:32.324 DEBUG 54479 --- [   scheduling-1] c.p.i.mapper.IntelNewsMapper.selectList  : <==      Total: 6
2026-08-20 23:14:32.325 DEBUG 54479 --- [   scheduling-1] c.p.i.mapper.IntelNewsMapper.selectList  : ==>  Preparing: SELECT id,source_code,title,content,region_code,normalized_tags,importance,published_at,push_status,version,deleted,created_at,updated_at FROM intel_news WHERE deleted=false AND (push_status = ? AND importance = ?)
2026-08-20 23:14:32.325 DEBUG 54479 --- [   scheduling-1] c.p.i.mapper.IntelNewsMapper.selectList  : ==> Parameters: none(String), high(String)
2026-08-20 23:14:32.325 DEBUG 54479 --- [   scheduling-1] c.p.i.mapper.IntelNewsMapper.selectList  : <==      Total: 0
2026-08-20 23:14:32.325  INFO 54479 --- [   scheduling-1] com.ptidss.intel.service.IntelService    : 情报推送执行完成：匹配情报 0 条，派发消息 0 条
2026-08-20 23:14:43.377 DEBUG 54479 --- [nio-9080-exec-1] c.p.s.mapper.SysUserMapper.selectList    : ==>  Preparing: SELECT id,username,display_name,password_hash,role_ids,org_code,phone,email,status,last_login_at,version,deleted,created_at,updated_at FROM sys_user WHERE deleted=false AND (username = ?)
2026-08-20 23:14:43.378 DEBUG 54479 --- [nio-9080-exec-1] c.p.s.mapper.SysUserMapper.selectList    : ==> Parameters: admin(String)
2026-08-20 23:14:43.378 DEBUG 54479 --- [nio-9080-exec-1] c.p.s.mapper.SysUserMapper.selectList    : <==      Total: 1
2026-08-20 23:14:43.476 DEBUG 54479 --- [nio-9080-exec-1] c.p.s.m.SysRoleMapper.selectBatchIds     : ==>  Preparing: SELECT id,role_code,role_name,description,status,version,deleted,created_at,updated_at FROM sys_role WHERE id IN ( ? ) AND deleted=false
2026-08-20 23:14:43.476 DEBUG 54479 --- [nio-9080-exec-1] c.p.s.m.SysRoleMapper.selectBatchIds     : ==> Parameters: 4(Long)
2026-08-20 23:14:43.477 DEBUG 54479 --- [nio-9080-exec-1] c.p.s.m.SysRoleMapper.selectBatchIds     : <==      Total: 1
2026-08-20 23:14:43.477 DEBUG 54479 --- [nio-9080-exec-1] c.p.s.m.SysPermissionMapper.selectList   : ==>  Preparing: SELECT id,perm_code,perm_name,resource_type,resource_pattern,status,version,deleted,created_at,updated_at FROM sys_permission WHERE deleted=false AND (status = ? AND EXISTS (SELECT 1 FROM sys_role_permission rp WHERE rp.permission_id = sys_permission.id AND rp.role_id = ?))
2026-08-20 23:14:43.477 DEBUG 54479 --- [nio-9080-exec-1] c.p.s.m.SysPermissionMapper.selectList   : ==> Parameters: active(String), 4(Long)
2026-08-20 23:14:43.478 DEBUG 54479 --- [nio-9080-exec-1] c.p.s.m.SysPermissionMapper.selectList   : <==      Total: 18
2026-08-20 23:14:43.479 DEBUG 54479 --- [nio-9080-exec-1] c.p.s.m.SysUserRegionMapper.selectList   : ==>  Preparing: SELECT user_id,region_code FROM sys_user_region WHERE (user_id = ?)
2026-08-20 23:14:43.479 DEBUG 54479 --- [nio-9080-exec-1] c.p.s.m.SysUserRegionMapper.selectList   : ==> Parameters: 1(Long)
2026-08-20 23:14:43.479 DEBUG 54479 --- [nio-9080-exec-1] c.p.s.m.SysUserRegionMapper.selectList   : <==      Total: 4
2026-08-20 23:14:43.480 DEBUG 54479 --- [nio-9080-exec-1] c.p.s.mapper.SysRegionMapper.selectList  : ==>  Preparing: SELECT id,region_code,region_name,market_support,exchange_channel,settlement_period,status,launch_order,version,deleted,created_at,updated_at FROM sys_region WHERE deleted=false AND (region_code = ? AND status = ?)
2026-08-20 23:14:43.480 DEBUG 54479 --- [nio-9080-exec-1] c.p.s.mapper.SysRegionMapper.selectList  : ==> Parameters: CN-31(String), enabled(String)
2026-08-20 23:14:43.480 DEBUG 54479 --- [nio-9080-exec-1] c.p.s.mapper.SysRegionMapper.selectList  : <==      Total: 1
2026-08-20 23:14:43.481 DEBUG 54479 --- [nio-9080-exec-1] c.p.s.mapper.SysUserMapper.updateById    : ==>  Preparing: UPDATE sys_user SET last_login_at=?, updated_at=? WHERE id=? AND deleted=false
2026-08-20 23:14:43.481 DEBUG 54479 --- [nio-9080-exec-1] c.p.s.mapper.SysUserMapper.updateById    : ==> Parameters: 2026-08-20 23:14:43.481(Timestamp), 2026-08-20 23:14:43.481(Timestamp), 1(Long)
2026-08-20 23:14:43.483 DEBUG 54479 --- [nio-9080-exec-1] c.p.s.mapper.SysUserMapper.updateById    : <==    Updates: 1
2026-08-20 23:14:43.484 DEBUG 54479 --- [nio-9080-exec-1] c.p.system.mapper.AuditLogMapper.insert  : ==>  Preparing: INSERT INTO audit_log ( id, trace_id, user_id, username, action, target_type, target_id, ip, user_agent, result, created_at ) VALUES ( ?, ?, ?, ?, ?, ?, ?, ?, ?, ?, ? )
2026-08-20 23:14:43.484 DEBUG 54479 --- [nio-9080-exec-1] c.p.system.mapper.AuditLogMapper.insert  : ==> Parameters: 216213365910016000(Long), 24f5e69b378b4ad8(String), 0(Long), admin(String), login(String), auth(String), LoginBody(username=admin, password=Ptidss@2026, captchaKey=x, ca(String), 0:0:0:0:0:0:0:1(String), curl/8.5.0(String), success(String), 2026-08-20 23:14:43.483(Timestamp)
2026-08-20 23:14:43.485 DEBUG 54479 --- [nio-9080-exec-1] c.p.system.mapper.AuditLogMapper.insert  : <==    Updates: 1
2026-08-20 23:15:02.326 DEBUG 54479 --- [   scheduling-1] c.p.i.m.IntelPushRuleMapper.selectList   : ==>  Preparing: SELECT id,rule_name,tags_filter,importance_filter,target_roles,channel,silent_period,status,version,deleted,created_at,updated_at FROM intel_push_rule WHERE deleted=false AND (status = ?)
2026-08-20 23:15:02.326 DEBUG 54479 --- [   scheduling-1] c.p.i.m.IntelPushRuleMapper.selectList   : ==> Parameters: active(String)
2026-08-20 23:15:02.327 DEBUG 54479 --- [   scheduling-1] c.p.i.m.IntelPushRuleMapper.selectList   : <==      Total: 3
2026-08-20 23:15:02.327 DEBUG 54479 --- [   scheduling-1] c.p.i.mapper.IntelNewsMapper.selectList  : ==>  Preparing: SELECT id,source_code,title,content,region_code,normalized_tags,importance,published_at,push_status,version,deleted,created_at,updated_at FROM intel_news WHERE deleted=false AND (push_status = ? AND importance = ?)
2026-08-20 23:15:02.327 DEBUG 54479 --- [   scheduling-1] c.p.i.mapper.IntelNewsMapper.selectList  : ==> Parameters: none(String), high(String)
2026-08-20 23:15:02.327 DEBUG 54479 --- [   scheduling-1] c.p.i.mapper.IntelNewsMapper.selectList  : <==      Total: 0
2026-08-20 23:15:02.328 DEBUG 54479 --- [   scheduling-1] c.p.i.mapper.IntelNewsMapper.selectList  : ==>  Preparing: SELECT id,source_code,title,content,region_code,normalized_tags,importance,published_at,push_status,version,deleted,created_at,updated_at FROM intel_news WHERE deleted=false AND (push_status = ? AND importance = ?)
2026-08-20 23:15:02.328 DEBUG 54479 --- [   scheduling-1] c.p.i.mapper.IntelNewsMapper.selectList  : ==> Parameters: none(String), medium(String)
2026-08-20 23:15:02.328 DEBUG 54479 --- [   scheduling-1] c.p.i.mapper.IntelNewsMapper.selectList  : <==      Total: 6
2026-08-20 23:15:02.328 DEBUG 54479 --- [   scheduling-1] c.p.i.mapper.IntelNewsMapper.selectList  : ==>  Preparing: SELECT id,source_code,title,content,region_code,normalized_tags,importance,published_at,push_status,version,deleted,created_at,updated_at FROM intel_news WHERE deleted=false AND (push_status = ? AND importance = ?)
2026-08-20 23:15:02.328 DEBUG 54479 --- [   scheduling-1] c.p.i.mapper.IntelNewsMapper.selectList  : ==> Parameters: none(String), high(String)
2026-08-20 23:15:02.328 DEBUG 54479 --- [   scheduling-1] c.p.i.mapper.IntelNewsMapper.selectList  : <==      Total: 0
2026-08-20 23:15:02.328  INFO 54479 --- [   scheduling-1] com.ptidss.intel.service.IntelService    : 情报推送执行完成：匹配情报 0 条，派发消息 0 条
2026-08-20 23:15:11.811 DEBUG 54479 --- [   scheduling-1] c.p.d.m.CollectTaskMapper.selectList     : ==>  Preparing: SELECT id,source_id,task_type,cron_expr,last_run_time,last_status,records_count,error_log,version,deleted,created_at,updated_at FROM collect_task WHERE deleted=false AND (cron_expr IS NOT NULL)
2026-08-20 23:15:11.811 DEBUG 54479 --- [   scheduling-1] c.p.d.m.CollectTaskMapper.selectList     : ==> Parameters: 
2026-08-20 23:15:11.811 DEBUG 54479 --- [   scheduling-1] c.p.d.m.CollectTaskMapper.selectList     : <==      Total: 3
2026-08-20 23:15:32.330 DEBUG 54479 --- [   scheduling-1] c.p.i.m.IntelPushRuleMapper.selectList   : ==>  Preparing: SELECT id,rule_name,tags_filter,importance_filter,target_roles,channel,silent_period,status,version,deleted,created_at,updated_at FROM intel_push_rule WHERE deleted=false AND (status = ?)
2026-08-20 23:15:32.330 DEBUG 54479 --- [   scheduling-1] c.p.i.m.IntelPushRuleMapper.selectList   : ==> Parameters: active(String)
2026-08-20 23:15:32.331 DEBUG 54479 --- [   scheduling-1] c.p.i.m.IntelPushRuleMapper.selectList   : <==      Total: 3
2026-08-20 23:15:32.332 DEBUG 54479 --- [   scheduling-1] c.p.i.mapper.IntelNewsMapper.selectList  : ==>  Preparing: SELECT id,source_code,title,content,region_code,normalized_tags,importance,published_at,push_status,version,deleted,created_at,updated_at FROM intel_news WHERE deleted=false AND (push_status = ? AND importance = ?)
2026-08-20 23:15:32.332 DEBUG 54479 --- [   scheduling-1] c.p.i.mapper.IntelNewsMapper.selectList  : ==> Parameters: none(String), high(String)
2026-08-20 23:15:32.333 DEBUG 54479 --- [   scheduling-1] c.p.i.mapper.IntelNewsMapper.selectList  : <==      Total: 0
2026-08-20 23:15:32.334 DEBUG 54479 --- [   scheduling-1] c.p.i.mapper.IntelNewsMapper.selectList  : ==>  Preparing: SELECT id,source_code,title,content,region_code,normalized_tags,importance,published_at,push_status,version,deleted,created_at,updated_at FROM intel_news WHERE deleted=false AND (push_status = ? AND importance = ?)
2026-08-20 23:15:32.334 DEBUG 54479 --- [   scheduling-1] c.p.i.mapper.IntelNewsMapper.selectList  : ==> Parameters: none(String), medium(String)
2026-08-20 23:15:32.335 DEBUG 54479 --- [   scheduling-1] c.p.i.mapper.IntelNewsMapper.selectList  : <==      Total: 6
2026-08-20 23:15:32.337 DEBUG 54479 --- [   scheduling-1] c.p.i.mapper.IntelNewsMapper.selectList  : ==>  Preparing: SELECT id,source_code,title,content,region_code,normalized_tags,importance,published_at,push_status,version,deleted,created_at,updated_at FROM intel_news WHERE deleted=false AND (push_status = ? AND importance = ?)
2026-08-20 23:15:32.337 DEBUG 54479 --- [   scheduling-1] c.p.i.mapper.IntelNewsMapper.selectList  : ==> Parameters: none(String), high(String)
2026-08-20 23:15:32.337 DEBUG 54479 --- [   scheduling-1] c.p.i.mapper.IntelNewsMapper.selectList  : <==      Total: 0
2026-08-20 23:15:32.337  INFO 54479 --- [   scheduling-1] com.ptidss.intel.service.IntelService    : 情报推送执行完成：匹配情报 0 条，派发消息 0 条
2026-08-20 23:16:02.338 DEBUG 54479 --- [   scheduling-1] c.p.i.m.IntelPushRuleMapper.selectList   : ==>  Preparing: SELECT id,rule_name,tags_filter,importance_filter,target_roles,channel,silent_period,status,version,deleted,created_at,updated_at FROM intel_push_rule WHERE deleted=false AND (status = ?)
2026-08-20 23:16:02.338 DEBUG 54479 --- [   scheduling-1] c.p.i.m.IntelPushRuleMapper.selectList   : ==> Parameters: active(String)
2026-08-20 23:16:02.338 DEBUG 54479 --- [   scheduling-1] c.p.i.m.IntelPushRuleMapper.selectList   : <==      Total: 3
2026-08-20 23:16:02.339 DEBUG 54479 --- [   scheduling-1] c.p.i.mapper.IntelNewsMapper.selectList  : ==>  Preparing: SELECT id,source_code,title,content,region_code,normalized_tags,importance,published_at,push_status,version,deleted,created_at,updated_at FROM intel_news WHERE deleted=false AND (push_status = ? AND importance = ?)
2026-08-20 23:16:02.339 DEBUG 54479 --- [   scheduling-1] c.p.i.mapper.IntelNewsMapper.selectList  : ==> Parameters: none(String), high(String)
2026-08-20 23:16:02.339 DEBUG 54479 --- [   scheduling-1] c.p.i.mapper.IntelNewsMapper.selectList  : <==      Total: 0
2026-08-20 23:16:02.339 DEBUG 54479 --- [   scheduling-1] c.p.i.mapper.IntelNewsMapper.selectList  : ==>  Preparing: SELECT id,source_code,title,content,region_code,normalized_tags,importance,published_at,push_status,version,deleted,created_at,updated_at FROM intel_news WHERE deleted=false AND (push_status = ? AND importance = ?)
2026-08-20 23:16:02.339 DEBUG 54479 --- [   scheduling-1] c.p.i.mapper.IntelNewsMapper.selectList  : ==> Parameters: none(String), medium(String)
2026-08-20 23:16:02.340 DEBUG 54479 --- [   scheduling-1] c.p.i.mapper.IntelNewsMapper.selectList  : <==      Total: 6
2026-08-20 23:16:02.340 DEBUG 54479 --- [   scheduling-1] c.p.i.mapper.IntelNewsMapper.selectList  : ==>  Preparing: SELECT id,source_code,title,content,region_code,normalized_tags,importance,published_at,push_status,version,deleted,created_at,updated_at FROM intel_news WHERE deleted=false AND (push_status = ? AND importance = ?)
2026-08-20 23:16:02.340 DEBUG 54479 --- [   scheduling-1] c.p.i.mapper.IntelNewsMapper.selectList  : ==> Parameters: none(String), high(String)
2026-08-20 23:16:02.340 DEBUG 54479 --- [   scheduling-1] c.p.i.mapper.IntelNewsMapper.selectList  : <==      Total: 0
2026-08-20 23:16:02.340  INFO 54479 --- [   scheduling-1] com.ptidss.intel.service.IntelService    : 情报推送执行完成：匹配情报 0 条，派发消息 0 条
2026-08-20 23:16:11.812 DEBUG 54479 --- [   scheduling-1] c.p.d.m.CollectTaskMapper.selectList     : ==>  Preparing: SELECT id,source_id,task_type,cron_expr,last_run_time,last_status,records_count,error_log,version,deleted,created_at,updated_at FROM collect_task WHERE deleted=false AND (cron_expr IS NOT NULL)
2026-08-20 23:16:11.812 DEBUG 54479 --- [   scheduling-1] c.p.d.m.CollectTaskMapper.selectList     : ==> Parameters: 
2026-08-20 23:16:11.813 DEBUG 54479 --- [   scheduling-1] c.p.d.m.CollectTaskMapper.selectList     : <==      Total: 3
2026-08-20 23:16:32.341 DEBUG 54479 --- [   scheduling-1] c.p.i.m.IntelPushRuleMapper.selectList   : ==>  Preparing: SELECT id,rule_name,tags_filter,importance_filter,target_roles,channel,silent_period,status,version,deleted,created_at,updated_at FROM intel_push_rule WHERE deleted=false AND (status = ?)
2026-08-20 23:16:32.341 DEBUG 54479 --- [   scheduling-1] c.p.i.m.IntelPushRuleMapper.selectList   : ==> Parameters: active(String)
2026-08-20 23:16:32.342 DEBUG 54479 --- [   scheduling-1] c.p.i.m.IntelPushRuleMapper.selectList   : <==      Total: 3
2026-08-20 23:16:32.342 DEBUG 54479 --- [   scheduling-1] c.p.i.mapper.IntelNewsMapper.selectList  : ==>  Preparing: SELECT id,source_code,title,content,region_code,normalized_tags,importance,published_at,push_status,version,deleted,created_at,updated_at FROM intel_news WHERE deleted=false AND (push_status = ? AND importance = ?)
2026-08-20 23:16:32.342 DEBUG 54479 --- [   scheduling-1] c.p.i.mapper.IntelNewsMapper.selectList  : ==> Parameters: none(String), high(String)
2026-08-20 23:16:32.342 DEBUG 54479 --- [   scheduling-1] c.p.i.mapper.IntelNewsMapper.selectList  : <==      Total: 0
2026-08-20 23:16:32.342 DEBUG 54479 --- [   scheduling-1] c.p.i.mapper.IntelNewsMapper.selectList  : ==>  Preparing: SELECT id,source_code,title,content,region_code,normalized_tags,importance,published_at,push_status,version,deleted,created_at,updated_at FROM intel_news WHERE deleted=false AND (push_status = ? AND importance = ?)
2026-08-20 23:16:32.342 DEBUG 54479 --- [   scheduling-1] c.p.i.mapper.IntelNewsMapper.selectList  : ==> Parameters: none(String), medium(String)
2026-08-20 23:16:32.343 DEBUG 54479 --- [   scheduling-1] c.p.i.mapper.IntelNewsMapper.selectList  : <==      Total: 6
2026-08-20 23:16:32.343 DEBUG 54479 --- [   scheduling-1] c.p.i.mapper.IntelNewsMapper.selectList  : ==>  Preparing: SELECT id,source_code,title,content,region_code,normalized_tags,importance,published_at,push_status,version,deleted,created_at,updated_at FROM intel_news WHERE deleted=false AND (push_status = ? AND importance = ?)
2026-08-20 23:16:32.343 DEBUG 54479 --- [   scheduling-1] c.p.i.mapper.IntelNewsMapper.selectList  : ==> Parameters: none(String), high(String)
2026-08-20 23:16:32.343 DEBUG 54479 --- [   scheduling-1] c.p.i.mapper.IntelNewsMapper.selectList  : <==      Total: 0
2026-08-20 23:16:32.343  INFO 54479 --- [   scheduling-1] com.ptidss.intel.service.IntelService    : 情报推送执行完成：匹配情报 0 条，派发消息 0 条
2026-08-20 23:17:02.345 DEBUG 54479 --- [   scheduling-1] c.p.i.m.IntelPushRuleMapper.selectList   : ==>  Preparing: SELECT id,rule_name,tags_filter,importance_filter,target_roles,channel,silent_period,status,version,deleted,created_at,updated_at FROM intel_push_rule WHERE deleted=false AND (status = ?)
2026-08-20 23:17:02.345 DEBUG 54479 --- [   scheduling-1] c.p.i.m.IntelPushRuleMapper.selectList   : ==> Parameters: active(String)
2026-08-20 23:17:02.346 DEBUG 54479 --- [   scheduling-1] c.p.i.m.IntelPushRuleMapper.selectList   : <==      Total: 3
2026-08-20 23:17:02.348 DEBUG 54479 --- [   scheduling-1] c.p.i.mapper.IntelNewsMapper.selectList  : ==>  Preparing: SELECT id,source_code,title,content,region_code,normalized_tags,importance,published_at,push_status,version,deleted,created_at,updated_at FROM intel_news WHERE deleted=false AND (push_status = ? AND importance = ?)
2026-08-20 23:17:02.348 DEBUG 54479 --- [   scheduling-1] c.p.i.mapper.IntelNewsMapper.selectList  : ==> Parameters: none(String), high(String)
2026-08-20 23:17:02.348 DEBUG 54479 --- [   scheduling-1] c.p.i.mapper.IntelNewsMapper.selectList  : <==      Total: 0
2026-08-20 23:17:02.349 DEBUG 54479 --- [   scheduling-1] c.p.i.mapper.IntelNewsMapper.selectList  : ==>  Preparing: SELECT id,source_code,title,content,region_code,normalized_tags,importance,published_at,push_status,version,deleted,created_at,updated_at FROM intel_news WHERE deleted=false AND (push_status = ? AND importance = ?)
2026-08-20 23:17:02.349 DEBUG 54479 --- [   scheduling-1] c.p.i.mapper.IntelNewsMapper.selectList  : ==> Parameters: none(String), medium(String)
2026-08-20 23:17:02.351 DEBUG 54479 --- [   scheduling-1] c.p.i.mapper.IntelNewsMapper.selectList  : <==      Total: 6
2026-08-20 23:17:02.352 DEBUG 54479 --- [   scheduling-1] c.p.i.mapper.IntelNewsMapper.selectList  : ==>  Preparing: SELECT id,source_code,title,content,region_code,normalized_tags,importance,published_at,push_status,version,deleted,created_at,updated_at FROM intel_news WHERE deleted=false AND (push_status = ? AND importance = ?)
2026-08-20 23:17:02.352 DEBUG 54479 --- [   scheduling-1] c.p.i.mapper.IntelNewsMapper.selectList  : ==> Parameters: none(String), high(String)
2026-08-20 23:17:02.353 DEBUG 54479 --- [   scheduling-1] c.p.i.mapper.IntelNewsMapper.selectList  : <==      Total: 0
2026-08-20 23:17:02.353  INFO 54479 --- [   scheduling-1] com.ptidss.intel.service.IntelService    : 情报推送执行完成：匹配情报 0 条，派发消息 0 条
2026-08-20 23:17:11.814 DEBUG 54479 --- [   scheduling-1] c.p.d.m.CollectTaskMapper.selectList     : ==>  Preparing: SELECT id,source_id,task_type,cron_expr,last_run_time,last_status,records_count,error_log,version,deleted,created_at,updated_at FROM collect_task WHERE deleted=false AND (cron_expr IS NOT NULL)
2026-08-20 23:17:11.814 DEBUG 54479 --- [   scheduling-1] c.p.d.m.CollectTaskMapper.selectList     : ==> Parameters: 
2026-08-20 23:17:11.815 DEBUG 54479 --- [   scheduling-1] c.p.d.m.CollectTaskMapper.selectList     : <==      Total: 3
2026-08-20 23:17:32.358 DEBUG 54479 --- [   scheduling-1] c.p.i.m.IntelPushRuleMapper.selectList   : ==>  Preparing: SELECT id,rule_name,tags_filter,importance_filter,target_roles,channel,silent_period,status,version,deleted,created_at,updated_at FROM intel_push_rule WHERE deleted=false AND (status = ?)
2026-08-20 23:17:32.358 DEBUG 54479 --- [   scheduling-1] c.p.i.m.IntelPushRuleMapper.selectList   : ==> Parameters: active(String)
2026-08-20 23:17:32.358 DEBUG 54479 --- [   scheduling-1] c.p.i.m.IntelPushRuleMapper.selectList   : <==      Total: 3
2026-08-20 23:17:32.359 DEBUG 54479 --- [   scheduling-1] c.p.i.mapper.IntelNewsMapper.selectList  : ==>  Preparing: SELECT id,source_code,title,content,region_code,normalized_tags,importance,published_at,push_status,version,deleted,created_at,updated_at FROM intel_news WHERE deleted=false AND (push_status = ? AND importance = ?)
2026-08-20 23:17:32.359 DEBUG 54479 --- [   scheduling-1] c.p.i.mapper.IntelNewsMapper.selectList  : ==> Parameters: none(String), high(String)
2026-08-20 23:17:32.359 DEBUG 54479 --- [   scheduling-1] c.p.i.mapper.IntelNewsMapper.selectList  : <==      Total: 0
2026-08-20 23:17:32.360 DEBUG 54479 --- [   scheduling-1] c.p.i.mapper.IntelNewsMapper.selectList  : ==>  Preparing: SELECT id,source_code,title,content,region_code,normalized_tags,importance,published_at,push_status,version,deleted,created_at,updated_at FROM intel_news WHERE deleted=false AND (push_status = ? AND importance = ?)
2026-08-20 23:17:32.360 DEBUG 54479 --- [   scheduling-1] c.p.i.mapper.IntelNewsMapper.selectList  : ==> Parameters: none(String), medium(String)
2026-08-20 23:17:32.364 DEBUG 54479 --- [   scheduling-1] c.p.i.mapper.IntelNewsMapper.selectList  : <==      Total: 6
2026-08-20 23:17:32.365 DEBUG 54479 --- [   scheduling-1] c.p.i.mapper.IntelNewsMapper.selectList  : ==>  Preparing: SELECT id,source_code,title,content,region_code,normalized_tags,importance,published_at,push_status,version,deleted,created_at,updated_at FROM intel_news WHERE deleted=false AND (push_status = ? AND importance = ?)
2026-08-20 23:17:32.365 DEBUG 54479 --- [   scheduling-1] c.p.i.mapper.IntelNewsMapper.selectList  : ==> Parameters: none(String), high(String)
2026-08-20 23:17:32.365 DEBUG 54479 --- [   scheduling-1] c.p.i.mapper.IntelNewsMapper.selectList  : <==      Total: 0
2026-08-20 23:17:32.365  INFO 54479 --- [   scheduling-1] com.ptidss.intel.service.IntelService    : 情报推送执行完成：匹配情报 0 条，派发消息 0 条
2026-08-20 23:18:02.366 DEBUG 54479 --- [   scheduling-1] c.p.i.m.IntelPushRuleMapper.selectList   : ==>  Preparing: SELECT id,rule_name,tags_filter,importance_filter,target_roles,channel,silent_period,status,version,deleted,created_at,updated_at FROM intel_push_rule WHERE deleted=false AND (status = ?)
2026-08-20 23:18:02.366 DEBUG 54479 --- [   scheduling-1] c.p.i.m.IntelPushRuleMapper.selectList   : ==> Parameters: active(String)
2026-08-20 23:18:02.366 DEBUG 54479 --- [   scheduling-1] c.p.i.m.IntelPushRuleMapper.selectList   : <==      Total: 3
2026-08-20 23:18:02.366 DEBUG 54479 --- [   scheduling-1] c.p.i.mapper.IntelNewsMapper.selectList  : ==>  Preparing: SELECT id,source_code,title,content,region_code,normalized_tags,importance,published_at,push_status,version,deleted,created_at,updated_at FROM intel_news WHERE deleted=false AND (push_status = ? AND importance = ?)
2026-08-20 23:18:02.366 DEBUG 54479 --- [   scheduling-1] c.p.i.mapper.IntelNewsMapper.selectList  : ==> Parameters: none(String), high(String)
2026-08-20 23:18:02.367 DEBUG 54479 --- [   scheduling-1] c.p.i.mapper.IntelNewsMapper.selectList  : <==      Total: 0
2026-08-20 23:18:02.367 DEBUG 54479 --- [   scheduling-1] c.p.i.mapper.IntelNewsMapper.selectList  : ==>  Preparing: SELECT id,source_code,title,content,region_code,normalized_tags,importance,published_at,push_status,version,deleted,created_at,updated_at FROM intel_news WHERE deleted=false AND (push_status = ? AND importance = ?)
2026-08-20 23:18:02.367 DEBUG 54479 --- [   scheduling-1] c.p.i.mapper.IntelNewsMapper.selectList  : ==> Parameters: none(String), medium(String)
2026-08-20 23:18:02.367 DEBUG 54479 --- [   scheduling-1] c.p.i.mapper.IntelNewsMapper.selectList  : <==      Total: 6
2026-08-20 23:18:02.367 DEBUG 54479 --- [   scheduling-1] c.p.i.mapper.IntelNewsMapper.selectList  : ==>  Preparing: SELECT id,source_code,title,content,region_code,normalized_tags,importance,published_at,push_status,version,deleted,created_at,updated_at FROM intel_news WHERE deleted=false AND (push_status = ? AND importance = ?)
2026-08-20 23:18:02.367 DEBUG 54479 --- [   scheduling-1] c.p.i.mapper.IntelNewsMapper.selectList  : ==> Parameters: none(String), high(String)
2026-08-20 23:18:02.368 DEBUG 54479 --- [   scheduling-1] c.p.i.mapper.IntelNewsMapper.selectList  : <==      Total: 0
2026-08-20 23:18:02.368  INFO 54479 --- [   scheduling-1] com.ptidss.intel.service.IntelService    : 情报推送执行完成：匹配情报 0 条，派发消息 0 条
2026-08-20 23:18:11.816 DEBUG 54479 --- [   scheduling-1] c.p.d.m.CollectTaskMapper.selectList     : ==>  Preparing: SELECT id,source_id,task_type,cron_expr,last_run_time,last_status,records_count,error_log,version,deleted,created_at,updated_at FROM collect_task WHERE deleted=false AND (cron_expr IS NOT NULL)
2026-08-20 23:18:11.816 DEBUG 54479 --- [   scheduling-1] c.p.d.m.CollectTaskMapper.selectList     : ==> Parameters: 
2026-08-20 23:18:11.817 DEBUG 54479 --- [   scheduling-1] c.p.d.m.CollectTaskMapper.selectList     : <==      Total: 3
2026-08-20 23:18:32.369 DEBUG 54479 --- [   scheduling-1] c.p.i.m.IntelPushRuleMapper.selectList   : ==>  Preparing: SELECT id,rule_name,tags_filter,importance_filter,target_roles,channel,silent_period,status,version,deleted,created_at,updated_at FROM intel_push_rule WHERE deleted=false AND (status = ?)
2026-08-20 23:18:32.369 DEBUG 54479 --- [   scheduling-1] c.p.i.m.IntelPushRuleMapper.selectList   : ==> Parameters: active(String)
2026-08-20 23:18:32.369 DEBUG 54479 --- [   scheduling-1] c.p.i.m.IntelPushRuleMapper.selectList   : <==      Total: 3
2026-08-20 23:18:32.370 DEBUG 54479 --- [   scheduling-1] c.p.i.mapper.IntelNewsMapper.selectList  : ==>  Preparing: SELECT id,source_code,title,content,region_code,normalized_tags,importance,published_at,push_status,version,deleted,created_at,updated_at FROM intel_news WHERE deleted=false AND (push_status = ? AND importance = ?)
2026-08-20 23:18:32.370 DEBUG 54479 --- [   scheduling-1] c.p.i.mapper.IntelNewsMapper.selectList  : ==> Parameters: none(String), high(String)
2026-08-20 23:18:32.370 DEBUG 54479 --- [   scheduling-1] c.p.i.mapper.IntelNewsMapper.selectList  : <==      Total: 0
2026-08-20 23:18:32.371 DEBUG 54479 --- [   scheduling-1] c.p.i.mapper.IntelNewsMapper.selectList  : ==>  Preparing: SELECT id,source_code,title,content,region_code,normalized_tags,importance,published_at,push_status,version,deleted,created_at,updated_at FROM intel_news WHERE deleted=false AND (push_status = ? AND importance = ?)
2026-08-20 23:18:32.371 DEBUG 54479 --- [   scheduling-1] c.p.i.mapper.IntelNewsMapper.selectList  : ==> Parameters: none(String), medium(String)
2026-08-20 23:18:32.371 DEBUG 54479 --- [   scheduling-1] c.p.i.mapper.IntelNewsMapper.selectList  : <==      Total: 6
2026-08-20 23:18:32.372 DEBUG 54479 --- [   scheduling-1] c.p.i.mapper.IntelNewsMapper.selectList  : ==>  Preparing: SELECT id,source_code,title,content,region_code,normalized_tags,importance,published_at,push_status,version,deleted,created_at,updated_at FROM intel_news WHERE deleted=false AND (push_status = ? AND importance = ?)
2026-08-20 23:18:32.372 DEBUG 54479 --- [   scheduling-1] c.p.i.mapper.IntelNewsMapper.selectList  : ==> Parameters: none(String), high(String)
2026-08-20 23:18:32.372 DEBUG 54479 --- [   scheduling-1] c.p.i.mapper.IntelNewsMapper.selectList  : <==      Total: 0
2026-08-20 23:18:32.372  INFO 54479 --- [   scheduling-1] com.ptidss.intel.service.IntelService    : 情报推送执行完成：匹配情报 0 条，派发消息 0 条
2026-08-20 23:19:02.373 DEBUG 54479 --- [   scheduling-1] c.p.i.m.IntelPushRuleMapper.selectList   : ==>  Preparing: SELECT id,rule_name,tags_filter,importance_filter,target_roles,channel,silent_period,status,version,deleted,created_at,updated_at FROM intel_push_rule WHERE deleted=false AND (status = ?)
2026-08-20 23:19:02.373 DEBUG 54479 --- [   scheduling-1] c.p.i.m.IntelPushRuleMapper.selectList   : ==> Parameters: active(String)
2026-08-20 23:19:02.373 DEBUG 54479 --- [   scheduling-1] c.p.i.m.IntelPushRuleMapper.selectList   : <==      Total: 3
2026-08-20 23:19:02.373 DEBUG 54479 --- [   scheduling-1] c.p.i.mapper.IntelNewsMapper.selectList  : ==>  Preparing: SELECT id,source_code,title,content,region_code,normalized_tags,importance,published_at,push_status,version,deleted,created_at,updated_at FROM intel_news WHERE deleted=false AND (push_status = ? AND importance = ?)
2026-08-20 23:19:02.374 DEBUG 54479 --- [   scheduling-1] c.p.i.mapper.IntelNewsMapper.selectList  : ==> Parameters: none(String), high(String)
2026-08-20 23:19:02.374 DEBUG 54479 --- [   scheduling-1] c.p.i.mapper.IntelNewsMapper.selectList  : <==      Total: 0
2026-08-20 23:19:02.374 DEBUG 54479 --- [   scheduling-1] c.p.i.mapper.IntelNewsMapper.selectList  : ==>  Preparing: SELECT id,source_code,title,content,region_code,normalized_tags,importance,published_at,push_status,version,deleted,created_at,updated_at FROM intel_news WHERE deleted=false AND (push_status = ? AND importance = ?)
2026-08-20 23:19:02.374 DEBUG 54479 --- [   scheduling-1] c.p.i.mapper.IntelNewsMapper.selectList  : ==> Parameters: none(String), medium(String)
2026-08-20 23:19:02.374 DEBUG 54479 --- [   scheduling-1] c.p.i.mapper.IntelNewsMapper.selectList  : <==      Total: 6
2026-08-20 23:19:02.375 DEBUG 54479 --- [   scheduling-1] c.p.i.mapper.IntelNewsMapper.selectList  : ==>  Preparing: SELECT id,source_code,title,content,region_code,normalized_tags,importance,published_at,push_status,version,deleted,created_at,updated_at FROM intel_news WHERE deleted=false AND (push_status = ? AND importance = ?)
2026-08-20 23:19:02.375 DEBUG 54479 --- [   scheduling-1] c.p.i.mapper.IntelNewsMapper.selectList  : ==> Parameters: none(String), high(String)
2026-08-20 23:19:02.375 DEBUG 54479 --- [   scheduling-1] c.p.i.mapper.IntelNewsMapper.selectList  : <==      Total: 0
2026-08-20 23:19:02.375  INFO 54479 --- [   scheduling-1] com.ptidss.intel.service.IntelService    : 情报推送执行完成：匹配情报 0 条，派发消息 0 条
2026-08-20 23:19:11.817 DEBUG 54479 --- [   scheduling-1] c.p.d.m.CollectTaskMapper.selectList     : ==>  Preparing: SELECT id,source_id,task_type,cron_expr,last_run_time,last_status,records_count,error_log,version,deleted,created_at,updated_at FROM collect_task WHERE deleted=false AND (cron_expr IS NOT NULL)
2026-08-20 23:19:11.818 DEBUG 54479 --- [   scheduling-1] c.p.d.m.CollectTaskMapper.selectList     : ==> Parameters: 
2026-08-20 23:19:11.818 DEBUG 54479 --- [   scheduling-1] c.p.d.m.CollectTaskMapper.selectList     : <==      Total: 3
2026-08-20 23:19:32.376 DEBUG 54479 --- [   scheduling-1] c.p.i.m.IntelPushRuleMapper.selectList   : ==>  Preparing: SELECT id,rule_name,tags_filter,importance_filter,target_roles,channel,silent_period,status,version,deleted,created_at,updated_at FROM intel_push_rule WHERE deleted=false AND (status = ?)
2026-08-20 23:19:32.376 DEBUG 54479 --- [   scheduling-1] c.p.i.m.IntelPushRuleMapper.selectList   : ==> Parameters: active(String)
2026-08-20 23:19:32.376 DEBUG 54479 --- [   scheduling-1] c.p.i.m.IntelPushRuleMapper.selectList   : <==      Total: 3
2026-08-20 23:19:32.377 DEBUG 54479 --- [   scheduling-1] c.p.i.mapper.IntelNewsMapper.selectList  : ==>  Preparing: SELECT id,source_code,title,content,region_code,normalized_tags,importance,published_at,push_status,version,deleted,created_at,updated_at FROM intel_news WHERE deleted=false AND (push_status = ? AND importance = ?)
2026-08-20 23:19:32.377 DEBUG 54479 --- [   scheduling-1] c.p.i.mapper.IntelNewsMapper.selectList  : ==> Parameters: none(String), high(String)
2026-08-20 23:19:32.377 DEBUG 54479 --- [   scheduling-1] c.p.i.mapper.IntelNewsMapper.selectList  : <==      Total: 0
2026-08-20 23:19:32.377 DEBUG 54479 --- [   scheduling-1] c.p.i.mapper.IntelNewsMapper.selectList  : ==>  Preparing: SELECT id,source_code,title,content,region_code,normalized_tags,importance,published_at,push_status,version,deleted,created_at,updated_at FROM intel_news WHERE deleted=false AND (push_status = ? AND importance = ?)
2026-08-20 23:19:32.377 DEBUG 54479 --- [   scheduling-1] c.p.i.mapper.IntelNewsMapper.selectList  : ==> Parameters: none(String), medium(String)
2026-08-20 23:19:32.378 DEBUG 54479 --- [   scheduling-1] c.p.i.mapper.IntelNewsMapper.selectList  : <==      Total: 6
2026-08-20 23:19:32.378 DEBUG 54479 --- [   scheduling-1] c.p.i.mapper.IntelNewsMapper.selectList  : ==>  Preparing: SELECT id,source_code,title,content,region_code,normalized_tags,importance,published_at,push_status,version,deleted,created_at,updated_at FROM intel_news WHERE deleted=false AND (push_status = ? AND importance = ?)
2026-08-20 23:19:32.378 DEBUG 54479 --- [   scheduling-1] c.p.i.mapper.IntelNewsMapper.selectList  : ==> Parameters: none(String), high(String)
2026-08-20 23:19:32.378 DEBUG 54479 --- [   scheduling-1] c.p.i.mapper.IntelNewsMapper.selectList  : <==      Total: 0
2026-08-20 23:19:32.378  INFO 54479 --- [   scheduling-1] com.ptidss.intel.service.IntelService    : 情报推送执行完成：匹配情报 0 条，派发消息 0 条
2026-08-20 23:20:02.380 DEBUG 54479 --- [   scheduling-1] c.p.i.m.IntelPushRuleMapper.selectList   : ==>  Preparing: SELECT id,rule_name,tags_filter,importance_filter,target_roles,channel,silent_period,status,version,deleted,created_at,updated_at FROM intel_push_rule WHERE deleted=false AND (status = ?)
2026-08-20 23:20:02.380 DEBUG 54479 --- [   scheduling-1] c.p.i.m.IntelPushRuleMapper.selectList   : ==> Parameters: active(String)
2026-08-20 23:20:02.381 DEBUG 54479 --- [   scheduling-1] c.p.i.m.IntelPushRuleMapper.selectList   : <==      Total: 3
2026-08-20 23:20:02.382 DEBUG 54479 --- [   scheduling-1] c.p.i.mapper.IntelNewsMapper.selectList  : ==>  Preparing: SELECT id,source_code,title,content,region_code,normalized_tags,importance,published_at,push_status,version,deleted,created_at,updated_at FROM intel_news WHERE deleted=false AND (push_status = ? AND importance = ?)
2026-08-20 23:20:02.383 DEBUG 54479 --- [   scheduling-1] c.p.i.mapper.IntelNewsMapper.selectList  : ==> Parameters: none(String), high(String)
2026-08-20 23:20:02.383 DEBUG 54479 --- [   scheduling-1] c.p.i.mapper.IntelNewsMapper.selectList  : <==      Total: 0
2026-08-20 23:20:02.384 DEBUG 54479 --- [   scheduling-1] c.p.i.mapper.IntelNewsMapper.selectList  : ==>  Preparing: SELECT id,source_code,title,content,region_code,normalized_tags,importance,published_at,push_status,version,deleted,created_at,updated_at FROM intel_news WHERE deleted=false AND (push_status = ? AND importance = ?)
2026-08-20 23:20:02.385 DEBUG 54479 --- [   scheduling-1] c.p.i.mapper.IntelNewsMapper.selectList  : ==> Parameters: none(String), medium(String)
2026-08-20 23:20:02.386 DEBUG 54479 --- [   scheduling-1] c.p.i.mapper.IntelNewsMapper.selectList  : <==      Total: 6
2026-08-20 23:20:02.387 DEBUG 54479 --- [   scheduling-1] c.p.i.mapper.IntelNewsMapper.selectList  : ==>  Preparing: SELECT id,source_code,title,content,region_code,normalized_tags,importance,published_at,push_status,version,deleted,created_at,updated_at FROM intel_news WHERE deleted=false AND (push_status = ? AND importance = ?)
2026-08-20 23:20:02.387 DEBUG 54479 --- [   scheduling-1] c.p.i.mapper.IntelNewsMapper.selectList  : ==> Parameters: none(String), high(String)
2026-08-20 23:20:02.387 DEBUG 54479 --- [   scheduling-1] c.p.i.mapper.IntelNewsMapper.selectList  : <==      Total: 0
2026-08-20 23:20:02.387  INFO 54479 --- [   scheduling-1] com.ptidss.intel.service.IntelService    : 情报推送执行完成：匹配情报 0 条，派发消息 0 条
2026-08-20 23:20:11.819 DEBUG 54479 --- [   scheduling-1] c.p.d.m.CollectTaskMapper.selectList     : ==>  Preparing: SELECT id,source_id,task_type,cron_expr,last_run_time,last_status,records_count,error_log,version,deleted,created_at,updated_at FROM collect_task WHERE deleted=false AND (cron_expr IS NOT NULL)
2026-08-20 23:20:11.819 DEBUG 54479 --- [   scheduling-1] c.p.d.m.CollectTaskMapper.selectList     : ==> Parameters: 
2026-08-20 23:20:11.820 DEBUG 54479 --- [   scheduling-1] c.p.d.m.CollectTaskMapper.selectList     : <==      Total: 3
2026-08-20 23:20:32.388 DEBUG 54479 --- [   scheduling-1] c.p.i.m.IntelPushRuleMapper.selectList   : ==>  Preparing: SELECT id,rule_name,tags_filter,importance_filter,target_roles,channel,silent_period,status,version,deleted,created_at,updated_at FROM intel_push_rule WHERE deleted=false AND (status = ?)
2026-08-20 23:20:32.388 DEBUG 54479 --- [   scheduling-1] c.p.i.m.IntelPushRuleMapper.selectList   : ==> Parameters: active(String)
2026-08-20 23:20:32.389 DEBUG 54479 --- [   scheduling-1] c.p.i.m.IntelPushRuleMapper.selectList   : <==      Total: 3
2026-08-20 23:20:32.389 DEBUG 54479 --- [   scheduling-1] c.p.i.mapper.IntelNewsMapper.selectList  : ==>  Preparing: SELECT id,source_code,title,content,region_code,normalized_tags,importance,published_at,push_status,version,deleted,created_at,updated_at FROM intel_news WHERE deleted=false AND (push_status = ? AND importance = ?)
2026-08-20 23:20:32.389 DEBUG 54479 --- [   scheduling-1] c.p.i.mapper.IntelNewsMapper.selectList  : ==> Parameters: none(String), high(String)
2026-08-20 23:20:32.390 DEBUG 54479 --- [   scheduling-1] c.p.i.mapper.IntelNewsMapper.selectList  : <==      Total: 0
2026-08-20 23:20:32.390 DEBUG 54479 --- [   scheduling-1] c.p.i.mapper.IntelNewsMapper.selectList  : ==>  Preparing: SELECT id,source_code,title,content,region_code,normalized_tags,importance,published_at,push_status,version,deleted,created_at,updated_at FROM intel_news WHERE deleted=false AND (push_status = ? AND importance = ?)
2026-08-20 23:20:32.390 DEBUG 54479 --- [   scheduling-1] c.p.i.mapper.IntelNewsMapper.selectList  : ==> Parameters: none(String), medium(String)
2026-08-20 23:20:32.390 DEBUG 54479 --- [   scheduling-1] c.p.i.mapper.IntelNewsMapper.selectList  : <==      Total: 6
2026-08-20 23:20:32.391 DEBUG 54479 --- [   scheduling-1] c.p.i.mapper.IntelNewsMapper.selectList  : ==>  Preparing: SELECT id,source_code,title,content,region_code,normalized_tags,importance,published_at,push_status,version,deleted,created_at,updated_at FROM intel_news WHERE deleted=false AND (push_status = ? AND importance = ?)
2026-08-20 23:20:32.391 DEBUG 54479 --- [   scheduling-1] c.p.i.mapper.IntelNewsMapper.selectList  : ==> Parameters: none(String), high(String)
2026-08-20 23:20:32.391 DEBUG 54479 --- [   scheduling-1] c.p.i.mapper.IntelNewsMapper.selectList  : <==      Total: 0
2026-08-20 23:20:32.391  INFO 54479 --- [   scheduling-1] com.ptidss.intel.service.IntelService    : 情报推送执行完成：匹配情报 0 条，派发消息 0 条
2026-08-20 23:21:02.392 DEBUG 54479 --- [   scheduling-1] c.p.i.m.IntelPushRuleMapper.selectList   : ==>  Preparing: SELECT id,rule_name,tags_filter,importance_filter,target_roles,channel,silent_period,status,version,deleted,created_at,updated_at FROM intel_push_rule WHERE deleted=false AND (status = ?)
2026-08-20 23:21:02.392 DEBUG 54479 --- [   scheduling-1] c.p.i.m.IntelPushRuleMapper.selectList   : ==> Parameters: active(String)
2026-08-20 23:21:02.393 DEBUG 54479 --- [   scheduling-1] c.p.i.m.IntelPushRuleMapper.selectList   : <==      Total: 3
2026-08-20 23:21:02.393 DEBUG 54479 --- [   scheduling-1] c.p.i.mapper.IntelNewsMapper.selectList  : ==>  Preparing: SELECT id,source_code,title,content,region_code,normalized_tags,importance,published_at,push_status,version,deleted,created_at,updated_at FROM intel_news WHERE deleted=false AND (push_status = ? AND importance = ?)
2026-08-20 23:21:02.393 DEBUG 54479 --- [   scheduling-1] c.p.i.mapper.IntelNewsMapper.selectList  : ==> Parameters: none(String), high(String)
2026-08-20 23:21:02.393 DEBUG 54479 --- [   scheduling-1] c.p.i.mapper.IntelNewsMapper.selectList  : <==      Total: 0
2026-08-20 23:21:02.394 DEBUG 54479 --- [   scheduling-1] c.p.i.mapper.IntelNewsMapper.selectList  : ==>  Preparing: SELECT id,source_code,title,content,region_code,normalized_tags,importance,published_at,push_status,version,deleted,created_at,updated_at FROM intel_news WHERE deleted=false AND (push_status = ? AND importance = ?)
2026-08-20 23:21:02.394 DEBUG 54479 --- [   scheduling-1] c.p.i.mapper.IntelNewsMapper.selectList  : ==> Parameters: none(String), medium(String)
2026-08-20 23:21:02.394 DEBUG 54479 --- [   scheduling-1] c.p.i.mapper.IntelNewsMapper.selectList  : <==      Total: 6
2026-08-20 23:21:02.394 DEBUG 54479 --- [   scheduling-1] c.p.i.mapper.IntelNewsMapper.selectList  : ==>  Preparing: SELECT id,source_code,title,content,region_code,normalized_tags,importance,published_at,push_status,version,deleted,created_at,updated_at FROM intel_news WHERE deleted=false AND (push_status = ? AND importance = ?)
2026-08-20 23:21:02.394 DEBUG 54479 --- [   scheduling-1] c.p.i.mapper.IntelNewsMapper.selectList  : ==> Parameters: none(String), high(String)
2026-08-20 23:21:02.395 DEBUG 54479 --- [   scheduling-1] c.p.i.mapper.IntelNewsMapper.selectList  : <==      Total: 0
2026-08-20 23:21:02.395  INFO 54479 --- [   scheduling-1] com.ptidss.intel.service.IntelService    : 情报推送执行完成：匹配情报 0 条，派发消息 0 条
2026-08-20 23:21:11.821 DEBUG 54479 --- [   scheduling-1] c.p.d.m.CollectTaskMapper.selectList     : ==>  Preparing: SELECT id,source_id,task_type,cron_expr,last_run_time,last_status,records_count,error_log,version,deleted,created_at,updated_at FROM collect_task WHERE deleted=false AND (cron_expr IS NOT NULL)
2026-08-20 23:21:11.821 DEBUG 54479 --- [   scheduling-1] c.p.d.m.CollectTaskMapper.selectList     : ==> Parameters: 
2026-08-20 23:21:11.821 DEBUG 54479 --- [   scheduling-1] c.p.d.m.CollectTaskMapper.selectList     : <==      Total: 3
2026-08-20 23:21:32.396 DEBUG 54479 --- [   scheduling-1] c.p.i.m.IntelPushRuleMapper.selectList   : ==>  Preparing: SELECT id,rule_name,tags_filter,importance_filter,target_roles,channel,silent_period,status,version,deleted,created_at,updated_at FROM intel_push_rule WHERE deleted=false AND (status = ?)
2026-08-20 23:21:32.396 DEBUG 54479 --- [   scheduling-1] c.p.i.m.IntelPushRuleMapper.selectList   : ==> Parameters: active(String)
2026-08-20 23:21:32.396 DEBUG 54479 --- [   scheduling-1] c.p.i.m.IntelPushRuleMapper.selectList   : <==      Total: 3
2026-08-20 23:21:32.397 DEBUG 54479 --- [   scheduling-1] c.p.i.mapper.IntelNewsMapper.selectList  : ==>  Preparing: SELECT id,source_code,title,content,region_code,normalized_tags,importance,published_at,push_status,version,deleted,created_at,updated_at FROM intel_news WHERE deleted=false AND (push_status = ? AND importance = ?)
2026-08-20 23:21:32.397 DEBUG 54479 --- [   scheduling-1] c.p.i.mapper.IntelNewsMapper.selectList  : ==> Parameters: none(String), high(String)
2026-08-20 23:21:32.397 DEBUG 54479 --- [   scheduling-1] c.p.i.mapper.IntelNewsMapper.selectList  : <==      Total: 0
2026-08-20 23:21:32.398 DEBUG 54479 --- [   scheduling-1] c.p.i.mapper.IntelNewsMapper.selectList  : ==>  Preparing: SELECT id,source_code,title,content,region_code,normalized_tags,importance,published_at,push_status,version,deleted,created_at,updated_at FROM intel_news WHERE deleted=false AND (push_status = ? AND importance = ?)
2026-08-20 23:21:32.398 DEBUG 54479 --- [   scheduling-1] c.p.i.mapper.IntelNewsMapper.selectList  : ==> Parameters: none(String), medium(String)
2026-08-20 23:21:32.398 DEBUG 54479 --- [   scheduling-1] c.p.i.mapper.IntelNewsMapper.selectList  : <==      Total: 6
2026-08-20 23:21:32.399 DEBUG 54479 --- [   scheduling-1] c.p.i.mapper.IntelNewsMapper.selectList  : ==>  Preparing: SELECT id,source_code,title,content,region_code,normalized_tags,importance,published_at,push_status,version,deleted,created_at,updated_at FROM intel_news WHERE deleted=false AND (push_status = ? AND importance = ?)
2026-08-20 23:21:32.399 DEBUG 54479 --- [   scheduling-1] c.p.i.mapper.IntelNewsMapper.selectList  : ==> Parameters: none(String), high(String)
2026-08-20 23:21:32.399 DEBUG 54479 --- [   scheduling-1] c.p.i.mapper.IntelNewsMapper.selectList  : <==      Total: 0
2026-08-20 23:21:32.399  INFO 54479 --- [   scheduling-1] com.ptidss.intel.service.IntelService    : 情报推送执行完成：匹配情报 0 条，派发消息 0 条
2026-08-20 23:22:02.400 DEBUG 54479 --- [   scheduling-1] c.p.i.m.IntelPushRuleMapper.selectList   : ==>  Preparing: SELECT id,rule_name,tags_filter,importance_filter,target_roles,channel,silent_period,status,version,deleted,created_at,updated_at FROM intel_push_rule WHERE deleted=false AND (status = ?)
2026-08-20 23:22:02.400 DEBUG 54479 --- [   scheduling-1] c.p.i.m.IntelPushRuleMapper.selectList   : ==> Parameters: active(String)
2026-08-20 23:22:02.400 DEBUG 54479 --- [   scheduling-1] c.p.i.m.IntelPushRuleMapper.selectList   : <==      Total: 3
2026-08-20 23:22:02.401 DEBUG 54479 --- [   scheduling-1] c.p.i.mapper.IntelNewsMapper.selectList  : ==>  Preparing: SELECT id,source_code,title,content,region_code,normalized_tags,importance,published_at,push_status,version,deleted,created_at,updated_at FROM intel_news WHERE deleted=false AND (push_status = ? AND importance = ?)
2026-08-20 23:22:02.401 DEBUG 54479 --- [   scheduling-1] c.p.i.mapper.IntelNewsMapper.selectList  : ==> Parameters: none(String), high(String)
2026-08-20 23:22:02.401 DEBUG 54479 --- [   scheduling-1] c.p.i.mapper.IntelNewsMapper.selectList  : <==      Total: 0
2026-08-20 23:22:02.402 DEBUG 54479 --- [   scheduling-1] c.p.i.mapper.IntelNewsMapper.selectList  : ==>  Preparing: SELECT id,source_code,title,content,region_code,normalized_tags,importance,published_at,push_status,version,deleted,created_at,updated_at FROM intel_news WHERE deleted=false AND (push_status = ? AND importance = ?)
2026-08-20 23:22:02.402 DEBUG 54479 --- [   scheduling-1] c.p.i.mapper.IntelNewsMapper.selectList  : ==> Parameters: none(String), medium(String)
2026-08-20 23:22:02.402 DEBUG 54479 --- [   scheduling-1] c.p.i.mapper.IntelNewsMapper.selectList  : <==      Total: 6
2026-08-20 23:22:02.402 DEBUG 54479 --- [   scheduling-1] c.p.i.mapper.IntelNewsMapper.selectList  : ==>  Preparing: SELECT id,source_code,title,content,region_code,normalized_tags,importance,published_at,push_status,version,deleted,created_at,updated_at FROM intel_news WHERE deleted=false AND (push_status = ? AND importance = ?)
2026-08-20 23:22:02.402 DEBUG 54479 --- [   scheduling-1] c.p.i.mapper.IntelNewsMapper.selectList  : ==> Parameters: none(String), high(String)
2026-08-20 23:22:02.403 DEBUG 54479 --- [   scheduling-1] c.p.i.mapper.IntelNewsMapper.selectList  : <==      Total: 0
2026-08-20 23:22:02.403  INFO 54479 --- [   scheduling-1] com.ptidss.intel.service.IntelService    : 情报推送执行完成：匹配情报 0 条，派发消息 0 条
2026-08-20 23:22:11.822 DEBUG 54479 --- [   scheduling-1] c.p.d.m.CollectTaskMapper.selectList     : ==>  Preparing: SELECT id,source_id,task_type,cron_expr,last_run_time,last_status,records_count,error_log,version,deleted,created_at,updated_at FROM collect_task WHERE deleted=false AND (cron_expr IS NOT NULL)
2026-08-20 23:22:11.822 DEBUG 54479 --- [   scheduling-1] c.p.d.m.CollectTaskMapper.selectList     : ==> Parameters: 
2026-08-20 23:22:11.823 DEBUG 54479 --- [   scheduling-1] c.p.d.m.CollectTaskMapper.selectList     : <==      Total: 3
2026-08-20 23:22:32.406 DEBUG 54479 --- [   scheduling-1] c.p.i.m.IntelPushRuleMapper.selectList   : ==>  Preparing: SELECT id,rule_name,tags_filter,importance_filter,target_roles,channel,silent_period,status,version,deleted,created_at,updated_at FROM intel_push_rule WHERE deleted=false AND (status = ?)
2026-08-20 23:22:32.406 DEBUG 54479 --- [   scheduling-1] c.p.i.m.IntelPushRuleMapper.selectList   : ==> Parameters: active(String)
2026-08-20 23:22:32.406 DEBUG 54479 --- [   scheduling-1] c.p.i.m.IntelPushRuleMapper.selectList   : <==      Total: 3
2026-08-20 23:22:32.407 DEBUG 54479 --- [   scheduling-1] c.p.i.mapper.IntelNewsMapper.selectList  : ==>  Preparing: SELECT id,source_code,title,content,region_code,normalized_tags,importance,published_at,push_status,version,deleted,created_at,updated_at FROM intel_news WHERE deleted=false AND (push_status = ? AND importance = ?)
2026-08-20 23:22:32.407 DEBUG 54479 --- [   scheduling-1] c.p.i.mapper.IntelNewsMapper.selectList  : ==> Parameters: none(String), high(String)
2026-08-20 23:22:32.407 DEBUG 54479 --- [   scheduling-1] c.p.i.mapper.IntelNewsMapper.selectList  : <==      Total: 0
2026-08-20 23:22:32.408 DEBUG 54479 --- [   scheduling-1] c.p.i.mapper.IntelNewsMapper.selectList  : ==>  Preparing: SELECT id,source_code,title,content,region_code,normalized_tags,importance,published_at,push_status,version,deleted,created_at,updated_at FROM intel_news WHERE deleted=false AND (push_status = ? AND importance = ?)
2026-08-20 23:22:32.408 DEBUG 54479 --- [   scheduling-1] c.p.i.mapper.IntelNewsMapper.selectList  : ==> Parameters: none(String), medium(String)
2026-08-20 23:22:32.408 DEBUG 54479 --- [   scheduling-1] c.p.i.mapper.IntelNewsMapper.selectList  : <==      Total: 6
2026-08-20 23:22:32.409 DEBUG 54479 --- [   scheduling-1] c.p.i.mapper.IntelNewsMapper.selectList  : ==>  Preparing: SELECT id,source_code,title,content,region_code,normalized_tags,importance,published_at,push_status,version,deleted,created_at,updated_at FROM intel_news WHERE deleted=false AND (push_status = ? AND importance = ?)
2026-08-20 23:22:32.409 DEBUG 54479 --- [   scheduling-1] c.p.i.mapper.IntelNewsMapper.selectList  : ==> Parameters: none(String), high(String)
2026-08-20 23:22:32.409 DEBUG 54479 --- [   scheduling-1] c.p.i.mapper.IntelNewsMapper.selectList  : <==      Total: 0
2026-08-20 23:22:32.409  INFO 54479 --- [   scheduling-1] com.ptidss.intel.service.IntelService    : 情报推送执行完成：匹配情报 0 条，派发消息 0 条
2026-08-20 23:23:02.411 DEBUG 54479 --- [   scheduling-1] c.p.i.m.IntelPushRuleMapper.selectList   : ==>  Preparing: SELECT id,rule_name,tags_filter,importance_filter,target_roles,channel,silent_period,status,version,deleted,created_at,updated_at FROM intel_push_rule WHERE deleted=false AND (status = ?)
2026-08-20 23:23:02.411 DEBUG 54479 --- [   scheduling-1] c.p.i.m.IntelPushRuleMapper.selectList   : ==> Parameters: active(String)
2026-08-20 23:23:02.412 DEBUG 54479 --- [   scheduling-1] c.p.i.m.IntelPushRuleMapper.selectList   : <==      Total: 3
2026-08-20 23:23:02.413 DEBUG 54479 --- [   scheduling-1] c.p.i.mapper.IntelNewsMapper.selectList  : ==>  Preparing: SELECT id,source_code,title,content,region_code,normalized_tags,importance,published_at,push_status,version,deleted,created_at,updated_at FROM intel_news WHERE deleted=false AND (push_status = ? AND importance = ?)
2026-08-20 23:23:02.413 DEBUG 54479 --- [   scheduling-1] c.p.i.mapper.IntelNewsMapper.selectList  : ==> Parameters: none(String), high(String)
2026-08-20 23:23:02.413 DEBUG 54479 --- [   scheduling-1] c.p.i.mapper.IntelNewsMapper.selectList  : <==      Total: 0
2026-08-20 23:23:02.415 DEBUG 54479 --- [   scheduling-1] c.p.i.mapper.IntelNewsMapper.selectList  : ==>  Preparing: SELECT id,source_code,title,content,region_code,normalized_tags,importance,published_at,push_status,version,deleted,created_at,updated_at FROM intel_news WHERE deleted=false AND (push_status = ? AND importance = ?)
2026-08-20 23:23:02.415 DEBUG 54479 --- [   scheduling-1] c.p.i.mapper.IntelNewsMapper.selectList  : ==> Parameters: none(String), medium(String)
2026-08-20 23:23:02.416 DEBUG 54479 --- [   scheduling-1] c.p.i.mapper.IntelNewsMapper.selectList  : <==      Total: 6
2026-08-20 23:23:02.418 DEBUG 54479 --- [   scheduling-1] c.p.i.mapper.IntelNewsMapper.selectList  : ==>  Preparing: SELECT id,source_code,title,content,region_code,normalized_tags,importance,published_at,push_status,version,deleted,created_at,updated_at FROM intel_news WHERE deleted=false AND (push_status = ? AND importance = ?)
2026-08-20 23:23:02.418 DEBUG 54479 --- [   scheduling-1] c.p.i.mapper.IntelNewsMapper.selectList  : ==> Parameters: none(String), high(String)
2026-08-20 23:23:02.419 DEBUG 54479 --- [   scheduling-1] c.p.i.mapper.IntelNewsMapper.selectList  : <==      Total: 0
2026-08-20 23:23:02.419  INFO 54479 --- [   scheduling-1] com.ptidss.intel.service.IntelService    : 情报推送执行完成：匹配情报 0 条，派发消息 0 条
2026-08-20 23:23:11.824 DEBUG 54479 --- [   scheduling-1] c.p.d.m.CollectTaskMapper.selectList     : ==>  Preparing: SELECT id,source_id,task_type,cron_expr,last_run_time,last_status,records_count,error_log,version,deleted,created_at,updated_at FROM collect_task WHERE deleted=false AND (cron_expr IS NOT NULL)
2026-08-20 23:23:11.825 DEBUG 54479 --- [   scheduling-1] c.p.d.m.CollectTaskMapper.selectList     : ==> Parameters: 
2026-08-20 23:23:11.825 DEBUG 54479 --- [   scheduling-1] c.p.d.m.CollectTaskMapper.selectList     : <==      Total: 3
2026-08-20 23:23:32.420 DEBUG 54479 --- [   scheduling-1] c.p.i.m.IntelPushRuleMapper.selectList   : ==>  Preparing: SELECT id,rule_name,tags_filter,importance_filter,target_roles,channel,silent_period,status,version,deleted,created_at,updated_at FROM intel_push_rule WHERE deleted=false AND (status = ?)
2026-08-20 23:23:32.420 DEBUG 54479 --- [   scheduling-1] c.p.i.m.IntelPushRuleMapper.selectList   : ==> Parameters: active(String)
2026-08-20 23:23:32.420 DEBUG 54479 --- [   scheduling-1] c.p.i.m.IntelPushRuleMapper.selectList   : <==      Total: 3
2026-08-20 23:23:32.421 DEBUG 54479 --- [   scheduling-1] c.p.i.mapper.IntelNewsMapper.selectList  : ==>  Preparing: SELECT id,source_code,title,content,region_code,normalized_tags,importance,published_at,push_status,version,deleted,created_at,updated_at FROM intel_news WHERE deleted=false AND (push_status = ? AND importance = ?)
2026-08-20 23:23:32.421 DEBUG 54479 --- [   scheduling-1] c.p.i.mapper.IntelNewsMapper.selectList  : ==> Parameters: none(String), high(String)
2026-08-20 23:23:32.421 DEBUG 54479 --- [   scheduling-1] c.p.i.mapper.IntelNewsMapper.selectList  : <==      Total: 0
2026-08-20 23:23:32.421 DEBUG 54479 --- [   scheduling-1] c.p.i.mapper.IntelNewsMapper.selectList  : ==>  Preparing: SELECT id,source_code,title,content,region_code,normalized_tags,importance,published_at,push_status,version,deleted,created_at,updated_at FROM intel_news WHERE deleted=false AND (push_status = ? AND importance = ?)
2026-08-20 23:23:32.421 DEBUG 54479 --- [   scheduling-1] c.p.i.mapper.IntelNewsMapper.selectList  : ==> Parameters: none(String), medium(String)
2026-08-20 23:23:32.422 DEBUG 54479 --- [   scheduling-1] c.p.i.mapper.IntelNewsMapper.selectList  : <==      Total: 6
2026-08-20 23:23:32.422 DEBUG 54479 --- [   scheduling-1] c.p.i.mapper.IntelNewsMapper.selectList  : ==>  Preparing: SELECT id,source_code,title,content,region_code,normalized_tags,importance,published_at,push_status,version,deleted,created_at,updated_at FROM intel_news WHERE deleted=false AND (push_status = ? AND importance = ?)
2026-08-20 23:23:32.422 DEBUG 54479 --- [   scheduling-1] c.p.i.mapper.IntelNewsMapper.selectList  : ==> Parameters: none(String), high(String)
2026-08-20 23:23:32.422 DEBUG 54479 --- [   scheduling-1] c.p.i.mapper.IntelNewsMapper.selectList  : <==      Total: 0
2026-08-20 23:23:32.422  INFO 54479 --- [   scheduling-1] com.ptidss.intel.service.IntelService    : 情报推送执行完成：匹配情报 0 条，派发消息 0 条
2026-08-20 23:24:02.423 DEBUG 54479 --- [   scheduling-1] c.p.i.m.IntelPushRuleMapper.selectList   : ==>  Preparing: SELECT id,rule_name,tags_filter,importance_filter,target_roles,channel,silent_period,status,version,deleted,created_at,updated_at FROM intel_push_rule WHERE deleted=false AND (status = ?)
2026-08-20 23:24:02.423 DEBUG 54479 --- [   scheduling-1] c.p.i.m.IntelPushRuleMapper.selectList   : ==> Parameters: active(String)
2026-08-20 23:24:02.424 DEBUG 54479 --- [   scheduling-1] c.p.i.m.IntelPushRuleMapper.selectList   : <==      Total: 3
2026-08-20 23:24:02.424 DEBUG 54479 --- [   scheduling-1] c.p.i.mapper.IntelNewsMapper.selectList  : ==>  Preparing: SELECT id,source_code,title,content,region_code,normalized_tags,importance,published_at,push_status,version,deleted,created_at,updated_at FROM intel_news WHERE deleted=false AND (push_status = ? AND importance = ?)
2026-08-20 23:24:02.424 DEBUG 54479 --- [   scheduling-1] c.p.i.mapper.IntelNewsMapper.selectList  : ==> Parameters: none(String), high(String)
2026-08-20 23:24:02.424 DEBUG 54479 --- [   scheduling-1] c.p.i.mapper.IntelNewsMapper.selectList  : <==      Total: 0
2026-08-20 23:24:02.424 DEBUG 54479 --- [   scheduling-1] c.p.i.mapper.IntelNewsMapper.selectList  : ==>  Preparing: SELECT id,source_code,title,content,region_code,normalized_tags,importance,published_at,push_status,version,deleted,created_at,updated_at FROM intel_news WHERE deleted=false AND (push_status = ? AND importance = ?)
2026-08-20 23:24:02.424 DEBUG 54479 --- [   scheduling-1] c.p.i.mapper.IntelNewsMapper.selectList  : ==> Parameters: none(String), medium(String)
2026-08-20 23:24:02.425 DEBUG 54479 --- [   scheduling-1] c.p.i.mapper.IntelNewsMapper.selectList  : <==      Total: 6
2026-08-20 23:24:02.425 DEBUG 54479 --- [   scheduling-1] c.p.i.mapper.IntelNewsMapper.selectList  : ==>  Preparing: SELECT id,source_code,title,content,region_code,normalized_tags,importance,published_at,push_status,version,deleted,created_at,updated_at FROM intel_news WHERE deleted=false AND (push_status = ? AND importance = ?)
2026-08-20 23:24:02.425 DEBUG 54479 --- [   scheduling-1] c.p.i.mapper.IntelNewsMapper.selectList  : ==> Parameters: none(String), high(String)
2026-08-20 23:24:02.425 DEBUG 54479 --- [   scheduling-1] c.p.i.mapper.IntelNewsMapper.selectList  : <==      Total: 0
2026-08-20 23:24:02.425  INFO 54479 --- [   scheduling-1] com.ptidss.intel.service.IntelService    : 情报推送执行完成：匹配情报 0 条，派发消息 0 条
2026-08-20 23:24:11.827 DEBUG 54479 --- [   scheduling-1] c.p.d.m.CollectTaskMapper.selectList     : ==>  Preparing: SELECT id,source_id,task_type,cron_expr,last_run_time,last_status,records_count,error_log,version,deleted,created_at,updated_at FROM collect_task WHERE deleted=false AND (cron_expr IS NOT NULL)
2026-08-20 23:24:11.827 DEBUG 54479 --- [   scheduling-1] c.p.d.m.CollectTaskMapper.selectList     : ==> Parameters: 
2026-08-20 23:24:11.827 DEBUG 54479 --- [   scheduling-1] c.p.d.m.CollectTaskMapper.selectList     : <==      Total: 3
2026-08-20 23:24:32.427 DEBUG 54479 --- [   scheduling-1] c.p.i.m.IntelPushRuleMapper.selectList   : ==>  Preparing: SELECT id,rule_name,tags_filter,importance_filter,target_roles,channel,silent_period,status,version,deleted,created_at,updated_at FROM intel_push_rule WHERE deleted=false AND (status = ?)
2026-08-20 23:24:32.427 DEBUG 54479 --- [   scheduling-1] c.p.i.m.IntelPushRuleMapper.selectList   : ==> Parameters: active(String)
2026-08-20 23:24:32.428 DEBUG 54479 --- [   scheduling-1] c.p.i.m.IntelPushRuleMapper.selectList   : <==      Total: 3
2026-08-20 23:24:32.429 DEBUG 54479 --- [   scheduling-1] c.p.i.mapper.IntelNewsMapper.selectList  : ==>  Preparing: SELECT id,source_code,title,content,region_code,normalized_tags,importance,published_at,push_status,version,deleted,created_at,updated_at FROM intel_news WHERE deleted=false AND (push_status = ? AND importance = ?)
2026-08-20 23:24:32.429 DEBUG 54479 --- [   scheduling-1] c.p.i.mapper.IntelNewsMapper.selectList  : ==> Parameters: none(String), high(String)
2026-08-20 23:24:32.430 DEBUG 54479 --- [   scheduling-1] c.p.i.mapper.IntelNewsMapper.selectList  : <==      Total: 0
2026-08-20 23:24:32.431 DEBUG 54479 --- [   scheduling-1] c.p.i.mapper.IntelNewsMapper.selectList  : ==>  Preparing: SELECT id,source_code,title,content,region_code,normalized_tags,importance,published_at,push_status,version,deleted,created_at,updated_at FROM intel_news WHERE deleted=false AND (push_status = ? AND importance = ?)
2026-08-20 23:24:32.431 DEBUG 54479 --- [   scheduling-1] c.p.i.mapper.IntelNewsMapper.selectList  : ==> Parameters: none(String), medium(String)
2026-08-20 23:24:32.432 DEBUG 54479 --- [   scheduling-1] c.p.i.mapper.IntelNewsMapper.selectList  : <==      Total: 6
2026-08-20 23:24:32.433 DEBUG 54479 --- [   scheduling-1] c.p.i.mapper.IntelNewsMapper.selectList  : ==>  Preparing: SELECT id,source_code,title,content,region_code,normalized_tags,importance,published_at,push_status,version,deleted,created_at,updated_at FROM intel_news WHERE deleted=false AND (push_status = ? AND importance = ?)
2026-08-20 23:24:32.433 DEBUG 54479 --- [   scheduling-1] c.p.i.mapper.IntelNewsMapper.selectList  : ==> Parameters: none(String), high(String)
2026-08-20 23:24:32.433 DEBUG 54479 --- [   scheduling-1] c.p.i.mapper.IntelNewsMapper.selectList  : <==      Total: 0
2026-08-20 23:24:32.433  INFO 54479 --- [   scheduling-1] com.ptidss.intel.service.IntelService    : 情报推送执行完成：匹配情报 0 条，派发消息 0 条
2026-08-20 23:25:02.434 DEBUG 54479 --- [   scheduling-1] c.p.i.m.IntelPushRuleMapper.selectList   : ==>  Preparing: SELECT id,rule_name,tags_filter,importance_filter,target_roles,channel,silent_period,status,version,deleted,created_at,updated_at FROM intel_push_rule WHERE deleted=false AND (status = ?)
2026-08-20 23:25:02.434 DEBUG 54479 --- [   scheduling-1] c.p.i.m.IntelPushRuleMapper.selectList   : ==> Parameters: active(String)
2026-08-20 23:25:02.435 DEBUG 54479 --- [   scheduling-1] c.p.i.m.IntelPushRuleMapper.selectList   : <==      Total: 3
2026-08-20 23:25:02.435 DEBUG 54479 --- [   scheduling-1] c.p.i.mapper.IntelNewsMapper.selectList  : ==>  Preparing: SELECT id,source_code,title,content,region_code,normalized_tags,importance,published_at,push_status,version,deleted,created_at,updated_at FROM intel_news WHERE deleted=false AND (push_status = ? AND importance = ?)
2026-08-20 23:25:02.435 DEBUG 54479 --- [   scheduling-1] c.p.i.mapper.IntelNewsMapper.selectList  : ==> Parameters: none(String), high(String)
2026-08-20 23:25:02.435 DEBUG 54479 --- [   scheduling-1] c.p.i.mapper.IntelNewsMapper.selectList  : <==      Total: 0
2026-08-20 23:25:02.436 DEBUG 54479 --- [   scheduling-1] c.p.i.mapper.IntelNewsMapper.selectList  : ==>  Preparing: SELECT id,source_code,title,content,region_code,normalized_tags,importance,published_at,push_status,version,deleted,created_at,updated_at FROM intel_news WHERE deleted=false AND (push_status = ? AND importance = ?)
2026-08-20 23:25:02.436 DEBUG 54479 --- [   scheduling-1] c.p.i.mapper.IntelNewsMapper.selectList  : ==> Parameters: none(String), medium(String)
2026-08-20 23:25:02.436 DEBUG 54479 --- [   scheduling-1] c.p.i.mapper.IntelNewsMapper.selectList  : <==      Total: 6
2026-08-20 23:25:02.437 DEBUG 54479 --- [   scheduling-1] c.p.i.mapper.IntelNewsMapper.selectList  : ==>  Preparing: SELECT id,source_code,title,content,region_code,normalized_tags,importance,published_at,push_status,version,deleted,created_at,updated_at FROM intel_news WHERE deleted=false AND (push_status = ? AND importance = ?)
2026-08-20 23:25:02.437 DEBUG 54479 --- [   scheduling-1] c.p.i.mapper.IntelNewsMapper.selectList  : ==> Parameters: none(String), high(String)
2026-08-20 23:25:02.437 DEBUG 54479 --- [   scheduling-1] c.p.i.mapper.IntelNewsMapper.selectList  : <==      Total: 0
2026-08-20 23:25:02.437  INFO 54479 --- [   scheduling-1] com.ptidss.intel.service.IntelService    : 情报推送执行完成：匹配情报 0 条，派发消息 0 条
2026-08-20 23:25:11.830 DEBUG 54479 --- [   scheduling-1] c.p.d.m.CollectTaskMapper.selectList     : ==>  Preparing: SELECT id,source_id,task_type,cron_expr,last_run_time,last_status,records_count,error_log,version,deleted,created_at,updated_at FROM collect_task WHERE deleted=false AND (cron_expr IS NOT NULL)
2026-08-20 23:25:11.830 DEBUG 54479 --- [   scheduling-1] c.p.d.m.CollectTaskMapper.selectList     : ==> Parameters: 
2026-08-20 23:25:11.831 DEBUG 54479 --- [   scheduling-1] c.p.d.m.CollectTaskMapper.selectList     : <==      Total: 3
2026-08-20 23:25:32.438 DEBUG 54479 --- [   scheduling-1] c.p.i.m.IntelPushRuleMapper.selectList   : ==>  Preparing: SELECT id,rule_name,tags_filter,importance_filter,target_roles,channel,silent_period,status,version,deleted,created_at,updated_at FROM intel_push_rule WHERE deleted=false AND (status = ?)
2026-08-20 23:25:32.438 DEBUG 54479 --- [   scheduling-1] c.p.i.m.IntelPushRuleMapper.selectList   : ==> Parameters: active(String)
2026-08-20 23:25:32.438 DEBUG 54479 --- [   scheduling-1] c.p.i.m.IntelPushRuleMapper.selectList   : <==      Total: 3
2026-08-20 23:25:32.438 DEBUG 54479 --- [   scheduling-1] c.p.i.mapper.IntelNewsMapper.selectList  : ==>  Preparing: SELECT id,source_code,title,content,region_code,normalized_tags,importance,published_at,push_status,version,deleted,created_at,updated_at FROM intel_news WHERE deleted=false AND (push_status = ? AND importance = ?)
2026-08-20 23:25:32.438 DEBUG 54479 --- [   scheduling-1] c.p.i.mapper.IntelNewsMapper.selectList  : ==> Parameters: none(String), high(String)
2026-08-20 23:25:32.439 DEBUG 54479 --- [   scheduling-1] c.p.i.mapper.IntelNewsMapper.selectList  : <==      Total: 0
2026-08-20 23:25:32.439 DEBUG 54479 --- [   scheduling-1] c.p.i.mapper.IntelNewsMapper.selectList  : ==>  Preparing: SELECT id,source_code,title,content,region_code,normalized_tags,importance,published_at,push_status,version,deleted,created_at,updated_at FROM intel_news WHERE deleted=false AND (push_status = ? AND importance = ?)
2026-08-20 23:25:32.439 DEBUG 54479 --- [   scheduling-1] c.p.i.mapper.IntelNewsMapper.selectList  : ==> Parameters: none(String), medium(String)
2026-08-20 23:25:32.439 DEBUG 54479 --- [   scheduling-1] c.p.i.mapper.IntelNewsMapper.selectList  : <==      Total: 6
2026-08-20 23:25:32.440 DEBUG 54479 --- [   scheduling-1] c.p.i.mapper.IntelNewsMapper.selectList  : ==>  Preparing: SELECT id,source_code,title,content,region_code,normalized_tags,importance,published_at,push_status,version,deleted,created_at,updated_at FROM intel_news WHERE deleted=false AND (push_status = ? AND importance = ?)
2026-08-20 23:25:32.440 DEBUG 54479 --- [   scheduling-1] c.p.i.mapper.IntelNewsMapper.selectList  : ==> Parameters: none(String), high(String)
2026-08-20 23:25:32.440 DEBUG 54479 --- [   scheduling-1] c.p.i.mapper.IntelNewsMapper.selectList  : <==      Total: 0
2026-08-20 23:25:32.440  INFO 54479 --- [   scheduling-1] com.ptidss.intel.service.IntelService    : 情报推送执行完成：匹配情报 0 条，派发消息 0 条
2026-08-20 23:26:02.442 DEBUG 54479 --- [   scheduling-1] c.p.i.m.IntelPushRuleMapper.selectList   : ==>  Preparing: SELECT id,rule_name,tags_filter,importance_filter,target_roles,channel,silent_period,status,version,deleted,created_at,updated_at FROM intel_push_rule WHERE deleted=false AND (status = ?)
2026-08-20 23:26:02.442 DEBUG 54479 --- [   scheduling-1] c.p.i.m.IntelPushRuleMapper.selectList   : ==> Parameters: active(String)
2026-08-20 23:26:02.443 DEBUG 54479 --- [   scheduling-1] c.p.i.m.IntelPushRuleMapper.selectList   : <==      Total: 3
2026-08-20 23:26:02.444 DEBUG 54479 --- [   scheduling-1] c.p.i.mapper.IntelNewsMapper.selectList  : ==>  Preparing: SELECT id,source_code,title,content,region_code,normalized_tags,importance,published_at,push_status,version,deleted,created_at,updated_at FROM intel_news WHERE deleted=false AND (push_status = ? AND importance = ?)
2026-08-20 23:26:02.445 DEBUG 54479 --- [   scheduling-1] c.p.i.mapper.IntelNewsMapper.selectList  : ==> Parameters: none(String), high(String)
2026-08-20 23:26:02.445 DEBUG 54479 --- [   scheduling-1] c.p.i.mapper.IntelNewsMapper.selectList  : <==      Total: 0
2026-08-20 23:26:02.446 DEBUG 54479 --- [   scheduling-1] c.p.i.mapper.IntelNewsMapper.selectList  : ==>  Preparing: SELECT id,source_code,title,content,region_code,normalized_tags,importance,published_at,push_status,version,deleted,created_at,updated_at FROM intel_news WHERE deleted=false AND (push_status = ? AND importance = ?)
2026-08-20 23:26:02.446 DEBUG 54479 --- [   scheduling-1] c.p.i.mapper.IntelNewsMapper.selectList  : ==> Parameters: none(String), medium(String)
2026-08-20 23:26:02.447 DEBUG 54479 --- [   scheduling-1] c.p.i.mapper.IntelNewsMapper.selectList  : <==      Total: 6
2026-08-20 23:26:02.448 DEBUG 54479 --- [   scheduling-1] c.p.i.mapper.IntelNewsMapper.selectList  : ==>  Preparing: SELECT id,source_code,title,content,region_code,normalized_tags,importance,published_at,push_status,version,deleted,created_at,updated_at FROM intel_news WHERE deleted=false AND (push_status = ? AND importance = ?)
2026-08-20 23:26:02.448 DEBUG 54479 --- [   scheduling-1] c.p.i.mapper.IntelNewsMapper.selectList  : ==> Parameters: none(String), high(String)
2026-08-20 23:26:02.449 DEBUG 54479 --- [   scheduling-1] c.p.i.mapper.IntelNewsMapper.selectList  : <==      Total: 0
2026-08-20 23:26:02.449  INFO 54479 --- [   scheduling-1] com.ptidss.intel.service.IntelService    : 情报推送执行完成：匹配情报 0 条，派发消息 0 条
2026-08-20 23:26:11.833 DEBUG 54479 --- [   scheduling-1] c.p.d.m.CollectTaskMapper.selectList     : ==>  Preparing: SELECT id,source_id,task_type,cron_expr,last_run_time,last_status,records_count,error_log,version,deleted,created_at,updated_at FROM collect_task WHERE deleted=false AND (cron_expr IS NOT NULL)
2026-08-20 23:26:11.833 DEBUG 54479 --- [   scheduling-1] c.p.d.m.CollectTaskMapper.selectList     : ==> Parameters: 
2026-08-20 23:26:11.833 DEBUG 54479 --- [   scheduling-1] c.p.d.m.CollectTaskMapper.selectList     : <==      Total: 3
2026-08-20 23:26:32.450 DEBUG 54479 --- [   scheduling-1] c.p.i.m.IntelPushRuleMapper.selectList   : ==>  Preparing: SELECT id,rule_name,tags_filter,importance_filter,target_roles,channel,silent_period,status,version,deleted,created_at,updated_at FROM intel_push_rule WHERE deleted=false AND (status = ?)
2026-08-20 23:26:32.450 DEBUG 54479 --- [   scheduling-1] c.p.i.m.IntelPushRuleMapper.selectList   : ==> Parameters: active(String)
2026-08-20 23:26:32.450 DEBUG 54479 --- [   scheduling-1] c.p.i.m.IntelPushRuleMapper.selectList   : <==      Total: 3
2026-08-20 23:26:32.451 DEBUG 54479 --- [   scheduling-1] c.p.i.mapper.IntelNewsMapper.selectList  : ==>  Preparing: SELECT id,source_code,title,content,region_code,normalized_tags,importance,published_at,push_status,version,deleted,created_at,updated_at FROM intel_news WHERE deleted=false AND (push_status = ? AND importance = ?)
2026-08-20 23:26:32.451 DEBUG 54479 --- [   scheduling-1] c.p.i.mapper.IntelNewsMapper.selectList  : ==> Parameters: none(String), high(String)
2026-08-20 23:26:32.451 DEBUG 54479 --- [   scheduling-1] c.p.i.mapper.IntelNewsMapper.selectList  : <==      Total: 0
2026-08-20 23:26:32.451 DEBUG 54479 --- [   scheduling-1] c.p.i.mapper.IntelNewsMapper.selectList  : ==>  Preparing: SELECT id,source_code,title,content,region_code,normalized_tags,importance,published_at,push_status,version,deleted,created_at,updated_at FROM intel_news WHERE deleted=false AND (push_status = ? AND importance = ?)
2026-08-20 23:26:32.451 DEBUG 54479 --- [   scheduling-1] c.p.i.mapper.IntelNewsMapper.selectList  : ==> Parameters: none(String), medium(String)
2026-08-20 23:26:32.452 DEBUG 54479 --- [   scheduling-1] c.p.i.mapper.IntelNewsMapper.selectList  : <==      Total: 6
2026-08-20 23:26:32.452 DEBUG 54479 --- [   scheduling-1] c.p.i.mapper.IntelNewsMapper.selectList  : ==>  Preparing: SELECT id,source_code,title,content,region_code,normalized_tags,importance,published_at,push_status,version,deleted,created_at,updated_at FROM intel_news WHERE deleted=false AND (push_status = ? AND importance = ?)
2026-08-20 23:26:32.452 DEBUG 54479 --- [   scheduling-1] c.p.i.mapper.IntelNewsMapper.selectList  : ==> Parameters: none(String), high(String)
2026-08-20 23:26:32.452 DEBUG 54479 --- [   scheduling-1] c.p.i.mapper.IntelNewsMapper.selectList  : <==      Total: 0
2026-08-20 23:26:32.452  INFO 54479 --- [   scheduling-1] com.ptidss.intel.service.IntelService    : 情报推送执行完成：匹配情报 0 条，派发消息 0 条
2026-08-20 23:27:02.453 DEBUG 54479 --- [   scheduling-1] c.p.i.m.IntelPushRuleMapper.selectList   : ==>  Preparing: SELECT id,rule_name,tags_filter,importance_filter,target_roles,channel,silent_period,status,version,deleted,created_at,updated_at FROM intel_push_rule WHERE deleted=false AND (status = ?)
2026-08-20 23:27:02.453 DEBUG 54479 --- [   scheduling-1] c.p.i.m.IntelPushRuleMapper.selectList   : ==> Parameters: active(String)
2026-08-20 23:27:02.454 DEBUG 54479 --- [   scheduling-1] c.p.i.m.IntelPushRuleMapper.selectList   : <==      Total: 3
2026-08-20 23:27:02.454 DEBUG 54479 --- [   scheduling-1] c.p.i.mapper.IntelNewsMapper.selectList  : ==>  Preparing: SELECT id,source_code,title,content,region_code,normalized_tags,importance,published_at,push_status,version,deleted,created_at,updated_at FROM intel_news WHERE deleted=false AND (push_status = ? AND importance = ?)
2026-08-20 23:27:02.454 DEBUG 54479 --- [   scheduling-1] c.p.i.mapper.IntelNewsMapper.selectList  : ==> Parameters: none(String), high(String)
2026-08-20 23:27:02.454 DEBUG 54479 --- [   scheduling-1] c.p.i.mapper.IntelNewsMapper.selectList  : <==      Total: 0
2026-08-20 23:27:02.455 DEBUG 54479 --- [   scheduling-1] c.p.i.mapper.IntelNewsMapper.selectList  : ==>  Preparing: SELECT id,source_code,title,content,region_code,normalized_tags,importance,published_at,push_status,version,deleted,created_at,updated_at FROM intel_news WHERE deleted=false AND (push_status = ? AND importance = ?)
2026-08-20 23:27:02.455 DEBUG 54479 --- [   scheduling-1] c.p.i.mapper.IntelNewsMapper.selectList  : ==> Parameters: none(String), medium(String)
2026-08-20 23:27:02.455 DEBUG 54479 --- [   scheduling-1] c.p.i.mapper.IntelNewsMapper.selectList  : <==      Total: 6
2026-08-20 23:27:02.456 DEBUG 54479 --- [   scheduling-1] c.p.i.mapper.IntelNewsMapper.selectList  : ==>  Preparing: SELECT id,source_code,title,content,region_code,normalized_tags,importance,published_at,push_status,version,deleted,created_at,updated_at FROM intel_news WHERE deleted=false AND (push_status = ? AND importance = ?)
2026-08-20 23:27:02.456 DEBUG 54479 --- [   scheduling-1] c.p.i.mapper.IntelNewsMapper.selectList  : ==> Parameters: none(String), high(String)
2026-08-20 23:27:02.456 DEBUG 54479 --- [   scheduling-1] c.p.i.mapper.IntelNewsMapper.selectList  : <==      Total: 0
2026-08-20 23:27:02.456  INFO 54479 --- [   scheduling-1] com.ptidss.intel.service.IntelService    : 情报推送执行完成：匹配情报 0 条，派发消息 0 条
2026-08-20 23:27:11.834 DEBUG 54479 --- [   scheduling-1] c.p.d.m.CollectTaskMapper.selectList     : ==>  Preparing: SELECT id,source_id,task_type,cron_expr,last_run_time,last_status,records_count,error_log,version,deleted,created_at,updated_at FROM collect_task WHERE deleted=false AND (cron_expr IS NOT NULL)
2026-08-20 23:27:11.834 DEBUG 54479 --- [   scheduling-1] c.p.d.m.CollectTaskMapper.selectList     : ==> Parameters: 
2026-08-20 23:27:11.835 DEBUG 54479 --- [   scheduling-1] c.p.d.m.CollectTaskMapper.selectList     : <==      Total: 3
2026-08-20 23:27:23.342  INFO 54479 --- [ionShutdownHook] com.zaxxer.hikari.HikariDataSource       : HikariPool-1 - Shutdown initiated...
2026-08-20 23:27:23.343  INFO 54479 --- [ionShutdownHook] com.zaxxer.hikari.HikariDataSource       : HikariPool-1 - Shutdown completed.
